[     121ms] [LOG] %c🌀 @strudel/core loaded 🌀 background-color: black;color:white;border-radius:15px @ http://localhost:5199/node_modules/.vite/deps/@strudel_web.js?v=271342c3:10
[     137ms] [VERBOSE] [DOM] Password field is not contained in a form: (More info: https://goo.gl/9p2vKq) %o @ http://localhost:5199/:0
[    4827ms] [LOG] %c[eval] code updated background-color: black;color:white;border-radius:15px @ http://localhost:5199/node_modules/.vite/deps/@strudel_web.js?v=271342c3:10
[    4827ms] [LOG] %c[cyclist] start background-color: black;color:white;border-radius:15px @ http://localhost:5199/node_modules/.vite/deps/@strudel_web.js?v=271342c3:10
[   10224ms] [LOG] %c[eval] code updated background-color: black;color:white;border-radius:15px @ http://localhost:5199/node_modules/.vite/deps/@strudel_web.js?v=271342c3:10
[   10239ms] [LOG] %c[getTrigger] error: sound RolandTR909_hh not found! Is it loaded? background-color: black;color:white;border-radius:15px @ http://localhost:5199/node_modules/.vite/deps/@strudel_web.js?v=271342c3:10
[   10337ms] [LOG] %c[getTrigger] error: sound RolandTR909_oh not found! Is it loaded? background-color: black;color:white;border-radius:15px @ http://localhost:5199/node_modules/.vite/deps/@strudel_web.js?v=271342c3:10
[   10338ms] [LOG] %c[getTrigger] error: sound RolandTR909_hh not found! Is it loaded? background-color: black;color:white;border-radius:15px @ http://localhost:5199/node_modules/.vite/deps/@strudel_web.js?v=271342c3:10
[   10538ms] [LOG] %c[getTrigger] error: sound RolandTR909_cp not found! Is it loaded? background-color: black;color:white;border-radius:15px @ http://localhost:5199/node_modules/.vite/deps/@strudel_web.js?v=271342c3:10
[   10538ms] [LOG] %c[getTrigger] error: sound RolandTR909_hh not found! Is it loaded? background-color: black;color:white;border-radius:15px @ http://localhost:5199/node_modules/.vite/deps/@strudel_web.js?v=271342c3:10
[   10739ms] [LOG] %c[getTrigger] error: sound RolandTR909_oh not found! Is it loaded? background-color: black;color:white;border-radius:15px @ http://localhost:5199/node_modules/.vite/deps/@strudel_web.js?v=271342c3:10
[   10739ms] [LOG] %c[getTrigger] error: sound RolandTR909_hh not found! Is it loaded? background-color: black;color:white;border-radius:15px @ http://localhost:5199/node_modules/.vite/deps/@strudel_web.js?v=271342c3:10
[   11238ms] [LOG] %c[getTrigger] error: sound RolandTR909_oh not found! Is it loaded? background-color: black;color:white;border-radius:15px @ http://localhost:5199/node_modules/.vite/deps/@strudel_web.js?v=271342c3:10
[   11238ms] [LOG] %c[getTrigger] error: sound RolandTR909_hh not found! Is it loaded? background-color: black;color:white;border-radius:15px @ http://localhost:5199/node_modules/.vite/deps/@strudel_web.js?v=271342c3:10
[   11437ms] [LOG] %c[getTrigger] error: sound RolandTR909_cp not found! Is it loaded? background-color: black;color:white;border-radius:15px @ http://localhost:5199/node_modules/.vite/deps/@strudel_web.js?v=271342c3:10
[   11437ms] [LOG] %c[getTrigger] error: sound RolandTR909_hh not found! Is it loaded? background-color: black;color:white;border-radius:15px @ http://localhost:5199/node_modules/.vite/deps/@strudel_web.js?v=271342c3:10
[   11637ms] [LOG] %c[getTrigger] error: sound RolandTR909_oh not found! Is it loaded? background-color: black;color:white;border-radius:15px @ http://localhost:5199/node_modules/.vite/deps/@strudel_web.js?v=271342c3:10
[   11637ms] [LOG] %c[getTrigger] error: sound RolandTR909_hh not found! Is it loaded? background-color: black;color:white;border-radius:15px @ http://localhost:5199/node_modules/.vite/deps/@strudel_web.js?v=271342c3:10
[   11939ms] [LOG] %c[getTrigger] error: sound RolandTR909_bd not found! Is it loaded? background-color: black;color:white;border-radius:15px @ http://localhost:5199/node_modules/.vite/deps/@strudel_web.js?v=271342c3:10
[   11939ms] [LOG] %c[getTrigger] error: sound RolandTR909_hh not found! Is it loaded? background-color: black;color:white;border-radius:15px @ http://localhost:5199/node_modules/.vite/deps/@strudel_web.js?v=271342c3:10
[   12138ms] [LOG] %c[getTrigger] error: sound RolandTR909_oh not found! Is it loaded? background-color: black;color:white;border-radius:15px @ http://localhost:5199/node_modules/.vite/deps/@strudel_web.js?v=271342c3:10
[   12138ms] [LOG] %c[getTrigger] error: sound RolandTR909_hh not found! Is it loaded? background-color: black;color:white;border-radius:15px @ http://localhost:5199/node_modules/.vite/deps/@strudel_web.js?v=271342c3:10
[   12152ms] [LOG] %c[eval] code updated background-color: black;color:white;border-radius:15px @ http://localhost:5199/node_modules/.vite/deps/@strudel_web.js?v=271342c3:10
[   12338ms] [LOG] %c[getTrigger] error: sound RolandTR909_hh not found! Is it loaded? background-color: black;color:white;border-radius:15px @ http://localhost:5199/node_modules/.vite/deps/@strudel_web.js?v=271342c3:10
[   12439ms] [LOG] %c[getTrigger] error: sound RolandTR909_cp not found! Is it loaded? background-color: black;color:white;border-radius:15px @ http://localhost:5199/node_modules/.vite/deps/@strudel_web.js?v=271342c3:10
[   12439ms] [LOG] %c[getTrigger] error: sound RolandTR909_hh not found! Is it loaded? background-color: black;color:white;border-radius:15px @ http://localhost:5199/node_modules/.vite/deps/@strudel_web.js?v=271342c3:10
[   12744ms] [LOG] %c[getTrigger] error: sound RolandTR909_oh not found! Is it loaded? background-color: black;color:white;border-radius:15px @ http://localhost:5199/node_modules/.vite/deps/@strudel_web.js?v=271342c3:10
[   12744ms] [LOG] %c[getTrigger] error: sound RolandTR909_hh not found! Is it loaded? background-color: black;color:white;border-radius:15px @ http://localhost:5199/node_modules/.vite/deps/@strudel_web.js?v=271342c3:10
[   13243ms] [LOG] %c[getTrigger] error: sound RolandTR909_oh not found! Is it loaded? background-color: black;color:white;border-radius:15px @ http://localhost:5199/node_modules/.vite/deps/@strudel_web.js?v=271342c3:10
[   13243ms] [LOG] %c[getTrigger] error: sound RolandTR909_hh not found! Is it loaded? background-color: black;color:white;border-radius:15px @ http://localhost:5199/node_modules/.vite/deps/@strudel_web.js?v=271342c3:10
[   13538ms] [LOG] %c[getTrigger] error: sound RolandTR909_cp not found! Is it loaded? background-color: black;color:white;border-radius:15px @ http://localhost:5199/node_modules/.vite/deps/@strudel_web.js?v=271342c3:10
[   13538ms] [LOG] %c[getTrigger] error: sound RolandTR909_hh not found! Is it loaded? background-color: black;color:white;border-radius:15px @ http://localhost:5199/node_modules/.vite/deps/@strudel_web.js?v=271342c3:10
[   13742ms] [LOG] %c[getTrigger] error: sound RolandTR909_oh not found! Is it loaded? background-color: black;color:white;border-radius:15px @ http://localhost:5199/node_modules/.vite/deps/@strudel_web.js?v=271342c3:10
[   13742ms] [LOG] %c[getTrigger] error: sound RolandTR909_hh not found! Is it loaded? background-color: black;color:white;border-radius:15px @ http://localhost:5199/node_modules/.vite/deps/@strudel_web.js?v=271342c3:10
[   14043ms] [LOG] %c[getTrigger] error: sound RolandTR909_bd not found! Is it loaded? background-color: black;color:white;border-radius:15px @ http://localhost:5199/node_modules/.vite/deps/@strudel_web.js?v=271342c3:10
[   14043ms] [LOG] %c[getTrigger] error: sound RolandTR909_hh not found! Is it loaded? background-color: black;color:white;border-radius:15px @ http://localhost:5199/node_modules/.vite/deps/@strudel_web.js?v=271342c3:10
[   14049ms] [LOG] %c[superdough] AudioWorklets loaded background-color: black;color:white;border-radius:15px @ http://localhost:5199/node_modules/.vite/deps/@strudel_web.js?v=271342c3:10
[   14049ms] [LOG] %c[superdough] ready background-color: black;color:white;border-radius:15px @ http://localhost:5199/node_modules/.vite/deps/@strudel_web.js?v=271342c3:10
[   14241ms] [LOG] %c[getTrigger] error: sound RolandTR909_hh not found! Is it loaded? background-color: black;color:white;border-radius:15px @ http://localhost:5199/node_modules/.vite/deps/@strudel_web.js?v=271342c3:10
[   14293ms] [LOG] %c[eval] code updated background-color: black;color:white;border-radius:15px @ http://localhost:5199/node_modules/.vite/deps/@strudel_web.js?v=271342c3:10
[   14337ms] [LOG] %c[getTrigger] error: sound RolandTR909_oh not found! Is it loaded? background-color: black;color:white;border-radius:15px @ http://localhost:5199/node_modules/.vite/deps/@strudel_web.js?v=271342c3:10
[   14337ms] [LOG] %c[getTrigger] error: sound RolandTR909_hh not found! Is it loaded? background-color: black;color:white;border-radius:15px @ http://localhost:5199/node_modules/.vite/deps/@strudel_web.js?v=271342c3:10
[   14538ms] [LOG] %c[getTrigger] error: sound RolandTR909_cp not found! Is it loaded? background-color: black;color:white;border-radius:15px @ http://localhost:5199/node_modules/.vite/deps/@strudel_web.js?v=271342c3:10
[   14538ms] [LOG] %c[getTrigger] error: sound RolandTR909_hh not found! Is it loaded? background-color: black;color:white;border-radius:15px @ http://localhost:5199/node_modules/.vite/deps/@strudel_web.js?v=271342c3:10
[   14838ms] [LOG] %c[getTrigger] error: sound RolandTR909_oh not found! Is it loaded? background-color: black;color:white;border-radius:15px @ http://localhost:5199/node_modules/.vite/deps/@strudel_web.js?v=271342c3:10
[   14838ms] [LOG] %c[getTrigger] error: sound RolandTR909_hh not found! Is it loaded? background-color: black;color:white;border-radius:15px @ http://localhost:5199/node_modules/.vite/deps/@strudel_web.js?v=271342c3:10
[   15338ms] [LOG] %c[getTrigger] error: sound RolandTR909_oh not found! Is it loaded? background-color: black;color:white;border-radius:15px @ http://localhost:5199/node_modules/.vite/deps/@strudel_web.js?v=271342c3:10
[   15338ms] [LOG] %c[getTrigger] error: sound RolandTR909_hh not found! Is it loaded? background-color: black;color:white;border-radius:15px @ http://localhost:5199/node_modules/.vite/deps/@strudel_web.js?v=271342c3:10
[   15538ms] [LOG] %c[getTrigger] error: sound RolandTR909_cp not found! Is it loaded? background-color: black;color:white;border-radius:15px @ http://localhost:5199/node_modules/.vite/deps/@strudel_web.js?v=271342c3:10
[   15538ms] [LOG] %c[getTrigger] error: sound RolandTR909_hh not found! Is it loaded? background-color: black;color:white;border-radius:15px @ http://localhost:5199/node_modules/.vite/deps/@strudel_web.js?v=271342c3:10
[   15743ms] [LOG] %c[getTrigger] error: sound RolandTR909_oh not found! Is it loaded? background-color: black;color:white;border-radius:15px @ http://localhost:5199/node_modules/.vite/deps/@strudel_web.js?v=271342c3:10
[   15743ms] [LOG] %c[getTrigger] error: sound RolandTR909_hh not found! Is it loaded? background-color: black;color:white;border-radius:15px @ http://localhost:5199/node_modules/.vite/deps/@strudel_web.js?v=271342c3:10
[   16039ms] [LOG] %c[getTrigger] error: sound RolandTR909_bd not found! Is it loaded? background-color: black;color:white;border-radius:15px @ http://localhost:5199/node_modules/.vite/deps/@strudel_web.js?v=271342c3:10
[   16039ms] [LOG] %c[getTrigger] error: sound RolandTR909_hh not found! Is it loaded? background-color: black;color:white;border-radius:15px @ http://localhost:5199/node_modules/.vite/deps/@strudel_web.js?v=271342c3:10
[   16236ms] [LOG] %c[eval] code updated background-color: black;color:white;border-radius:15px @ http://localhost:5199/node_modules/.vite/deps/@strudel_web.js?v=271342c3:10
[   16237ms] [LOG] %c[getTrigger] error: sound RolandTR909_oh not found! Is it loaded? background-color: black;color:white;border-radius:15px @ http://localhost:5199/node_modules/.vite/deps/@strudel_web.js?v=271342c3:10
[   16237ms] [LOG] %c[getTrigger] error: sound RolandTR909_hh not found! Is it loaded? background-color: black;color:white;border-radius:15px @ http://localhost:5199/node_modules/.vite/deps/@strudel_web.js?v=271342c3:10
[   16439ms] [LOG] %c[getTrigger] error: sound RolandTR909_bd not found! Is it loaded? background-color: black;color:white;border-radius:15px @ http://localhost:5199/node_modules/.vite/deps/@strudel_web.js?v=271342c3:10
[   16439ms] [LOG] %c[getTrigger] error: sound RolandTR909_cp not found! Is it loaded? background-color: black;color:white;border-radius:15px @ http://localhost:5199/node_modules/.vite/deps/@strudel_web.js?v=271342c3:10
[   16439ms] [LOG] %c[getTrigger] error: sound RolandTR909_hh not found! Is it loaded? background-color: black;color:white;border-radius:15px @ http://localhost:5199/node_modules/.vite/deps/@strudel_web.js?v=271342c3:10
[   16737ms] [LOG] %c[getTrigger] error: sound RolandTR909_oh not found! Is it loaded? background-color: black;color:white;border-radius:15px @ http://localhost:5199/node_modules/.vite/deps/@strudel_web.js?v=271342c3:10
[   16738ms] [LOG] %c[getTrigger] error: sound RolandTR909_hh not found! Is it loaded? background-color: black;color:white;border-radius:15px @ http://localhost:5199/node_modules/.vite/deps/@strudel_web.js?v=271342c3:10
[   16939ms] [LOG] %c[getTrigger] error: sound RolandTR909_bd not found! Is it loaded? background-color: black;color:white;border-radius:15px @ http://localhost:5199/node_modules/.vite/deps/@strudel_web.js?v=271342c3:10
[   16939ms] [LOG] %c[getTrigger] error: sound RolandTR909_hh not found! Is it loaded? background-color: black;color:white;border-radius:15px @ http://localhost:5199/node_modules/.vite/deps/@strudel_web.js?v=271342c3:10
[   17138ms] [LOG] %c[getTrigger] error: sound RolandTR909_oh not found! Is it loaded? background-color: black;color:white;border-radius:15px @ http://localhost:5199/node_modules/.vite/deps/@strudel_web.js?v=271342c3:10
[   17138ms] [LOG] %c[getTrigger] error: sound RolandTR909_hh not found! Is it loaded? background-color: black;color:white;border-radius:15px @ http://localhost:5199/node_modules/.vite/deps/@strudel_web.js?v=271342c3:10
[   17438ms] [LOG] %c[getTrigger] error: sound RolandTR909_bd not found! Is it loaded? background-color: black;color:white;border-radius:15px @ http://localhost:5199/node_modules/.vite/deps/@strudel_web.js?v=271342c3:10
[   17438ms] [LOG] %c[getTrigger] error: sound RolandTR909_cp not found! Is it loaded? background-color: black;color:white;border-radius:15px @ http://localhost:5199/node_modules/.vite/deps/@strudel_web.js?v=271342c3:10
[   17438ms] [LOG] %c[getTrigger] error: sound RolandTR909_hh not found! Is it loaded? background-color: black;color:white;border-radius:15px @ http://localhost:5199/node_modules/.vite/deps/@strudel_web.js?v=271342c3:10
[   17638ms] [LOG] %c[getTrigger] error: sound RolandTR909_oh not found! Is it loaded? background-color: black;color:white;border-radius:15px @ http://localhost:5199/node_modules/.vite/deps/@strudel_web.js?v=271342c3:10
[   17638ms] [LOG] %c[getTrigger] error: sound RolandTR909_hh not found! Is it loaded? background-color: black;color:white;border-radius:15px @ http://localhost:5199/node_modules/.vite/deps/@strudel_web.js?v=271342c3:10
[   17843ms] [LOG] %c[getTrigger] error: sound RolandTR909_bd not found! Is it loaded? background-color: black;color:white;border-radius:15px @ http://localhost:5199/node_modules/.vite/deps/@strudel_web.js?v=271342c3:10
[   17843ms] [LOG] %c[getTrigger] error: sound RolandTR909_hh not found! Is it loaded? background-color: black;color:white;border-radius:15px @ http://localhost:5199/node_modules/.vite/deps/@strudel_web.js?v=271342c3:10
[   18138ms] [LOG] %c[getTrigger] error: sound RolandTR909_oh not found! Is it loaded? background-color: black;color:white;border-radius:15px @ http://localhost:5199/node_modules/.vite/deps/@strudel_web.js?v=271342c3:10
[   18138ms] [LOG] %c[getTrigger] error: sound RolandTR909_hh not found! Is it loaded? background-color: black;color:white;border-radius:15px @ http://localhost:5199/node_modules/.vite/deps/@strudel_web.js?v=271342c3:10
[   18338ms] [LOG] %c[getTrigger] error: sound RolandTR909_bd not found! Is it loaded? background-color: black;color:white;border-radius:15px @ http://localhost:5199/node_modules/.vite/deps/@strudel_web.js?v=271342c3:10
[   18338ms] [LOG] %c[getTrigger] error: sound RolandTR909_cp not found! Is it loaded? background-color: black;color:white;border-radius:15px @ http://localhost:5199/node_modules/.vite/deps/@strudel_web.js?v=271342c3:10
[   18338ms] [LOG] %c[getTrigger] error: sound RolandTR909_hh not found! Is it loaded? background-color: black;color:white;border-radius:15px @ http://localhost:5199/node_modules/.vite/deps/@strudel_web.js?v=271342c3:10
[   18538ms] [LOG] %c[getTrigger] error: sound RolandTR909_oh not found! Is it loaded? background-color: black;color:white;border-radius:15px @ http://localhost:5199/node_modules/.vite/deps/@strudel_web.js?v=271342c3:10
[   18538ms] [LOG] %c[getTrigger] error: sound RolandTR909_hh not found! Is it loaded? background-color: black;color:white;border-radius:15px @ http://localhost:5199/node_modules/.vite/deps/@strudel_web.js?v=271342c3:10
[   18839ms] [LOG] %c[getTrigger] error: sound RolandTR909_bd not found! Is it loaded? background-color: black;color:white;border-radius:15px @ http://localhost:5199/node_modules/.vite/deps/@strudel_web.js?v=271342c3:10
[   18839ms] [LOG] %c[getTrigger] error: sound RolandTR909_hh not found! Is it loaded? background-color: black;color:white;border-radius:15px @ http://localhost:5199/node_modules/.vite/deps/@strudel_web.js?v=271342c3:10
[   19038ms] [LOG] %c[getTrigger] error: sound RolandTR909_oh not found! Is it loaded? background-color: black;color:white;border-radius:15px @ http://localhost:5199/node_modules/.vite/deps/@strudel_web.js?v=271342c3:10
[   19039ms] [LOG] %c[getTrigger] error: sound RolandTR909_hh not found! Is it loaded? background-color: black;color:white;border-radius:15px @ http://localhost:5199/node_modules/.vite/deps/@strudel_web.js?v=271342c3:10
[   19238ms] [LOG] %c[getTrigger] error: sound RolandTR909_bd not found! Is it loaded? background-color: black;color:white;border-radius:15px @ http://localhost:5199/node_modules/.vite/deps/@strudel_web.js?v=271342c3:10
[   19238ms] [LOG] %c[getTrigger] error: sound RolandTR909_cp not found! Is it loaded? background-color: black;color:white;border-radius:15px @ http://localhost:5199/node_modules/.vite/deps/@strudel_web.js?v=271342c3:10
[   19238ms] [LOG] %c[getTrigger] error: sound RolandTR909_hh not found! Is it loaded? background-color: black;color:white;border-radius:15px @ http://localhost:5199/node_modules/.vite/deps/@strudel_web.js?v=271342c3:10
[   19538ms] [LOG] %c[getTrigger] error: sound RolandTR909_oh not found! Is it loaded? background-color: black;color:white;border-radius:15px @ http://localhost:5199/node_modules/.vite/deps/@strudel_web.js?v=271342c3:10
[   19538ms] [LOG] %c[getTrigger] error: sound RolandTR909_hh not found! Is it loaded? background-color: black;color:white;border-radius:15px @ http://localhost:5199/node_modules/.vite/deps/@strudel_web.js?v=271342c3:10
[   19739ms] [LOG] %c[getTrigger] error: sound RolandTR909_bd not found! Is it loaded? background-color: black;color:white;border-radius:15px @ http://localhost:5199/node_modules/.vite/deps/@strudel_web.js?v=271342c3:10
[   19739ms] [LOG] %c[getTrigger] error: sound RolandTR909_hh not found! Is it loaded? background-color: black;color:white;border-radius:15px @ http://localhost:5199/node_modules/.vite/deps/@strudel_web.js?v=271342c3:10
[   19944ms] [LOG] %c[getTrigger] error: sound RolandTR909_oh not found! Is it loaded? background-color: black;color:white;border-radius:15px @ http://localhost:5199/node_modules/.vite/deps/@strudel_web.js?v=271342c3:10
[   19944ms] [LOG] %c[getTrigger] error: sound RolandTR909_hh not found! Is it loaded? background-color: black;color:white;border-radius:15px @ http://localhost:5199/node_modules/.vite/deps/@strudel_web.js?v=271342c3:10
[   20239ms] [LOG] %c[getTrigger] error: sound RolandTR909_bd not found! Is it loaded? background-color: black;color:white;border-radius:15px @ http://localhost:5199/node_modules/.vite/deps/@strudel_web.js?v=271342c3:10
[   20239ms] [LOG] %c[getTrigger] error: sound RolandTR909_cp not found! Is it loaded? background-color: black;color:white;border-radius:15px @ http://localhost:5199/node_modules/.vite/deps/@strudel_web.js?v=271342c3:10
[   20239ms] [LOG] %c[getTrigger] error: sound RolandTR909_hh not found! Is it loaded? background-color: black;color:white;border-radius:15px @ http://localhost:5199/node_modules/.vite/deps/@strudel_web.js?v=271342c3:10
[   20444ms] [LOG] %c[getTrigger] error: sound RolandTR909_oh not found! Is it loaded? background-color: black;color:white;border-radius:15px @ http://localhost:5199/node_modules/.vite/deps/@strudel_web.js?v=271342c3:10
[   20444ms] [LOG] %c[getTrigger] error: sound RolandTR909_hh not found! Is it loaded? background-color: black;color:white;border-radius:15px @ http://localhost:5199/node_modules/.vite/deps/@strudel_web.js?v=271342c3:10
[   20639ms] [LOG] %c[getTrigger] error: sound RolandTR909_bd not found! Is it loaded? background-color: black;color:white;border-radius:15px @ http://localhost:5199/node_modules/.vite/deps/@strudel_web.js?v=271342c3:10
[   20639ms] [LOG] %c[getTrigger] error: sound RolandTR909_hh not found! Is it loaded? background-color: black;color:white;border-radius:15px @ http://localhost:5199/node_modules/.vite/deps/@strudel_web.js?v=271342c3:10
[   20942ms] [LOG] %c[getTrigger] error: sound RolandTR909_oh not found! Is it loaded? background-color: black;color:white;border-radius:15px @ http://localhost:5199/node_modules/.vite/deps/@strudel_web.js?v=271342c3:10
[   20942ms] [LOG] %c[getTrigger] error: sound RolandTR909_hh not found! Is it loaded? background-color: black;color:white;border-radius:15px @ http://localhost:5199/node_modules/.vite/deps/@strudel_web.js?v=271342c3:10
[   21138ms] [LOG] %c[getTrigger] error: sound RolandTR909_bd not found! Is it loaded? background-color: black;color:white;border-radius:15px @ http://localhost:5199/node_modules/.vite/deps/@strudel_web.js?v=271342c3:10
[   21138ms] [LOG] %c[getTrigger] error: sound RolandTR909_cp not found! Is it loaded? background-color: black;color:white;border-radius:15px @ http://localhost:5199/node_modules/.vite/deps/@strudel_web.js?v=271342c3:10
[   21138ms] [LOG] %c[getTrigger] error: sound RolandTR909_hh not found! Is it loaded? background-color: black;color:white;border-radius:15px @ http://localhost:5199/node_modules/.vite/deps/@strudel_web.js?v=271342c3:10
[   21338ms] [LOG] %c[getTrigger] error: sound RolandTR909_oh not found! Is it loaded? background-color: black;color:white;border-radius:15px @ http://localhost:5199/node_modules/.vite/deps/@strudel_web.js?v=271342c3:10
[   21338ms] [LOG] %c[getTrigger] error: sound RolandTR909_hh not found! Is it loaded? background-color: black;color:white;border-radius:15px @ http://localhost:5199/node_modules/.vite/deps/@strudel_web.js?v=271342c3:10
[   21639ms] [LOG] %c[getTrigger] error: sound RolandTR909_bd not found! Is it loaded? background-color: black;color:white;border-radius:15px @ http://localhost:5199/node_modules/.vite/deps/@strudel_web.js?v=271342c3:10
[   21639ms] [LOG] %c[getTrigger] error: sound RolandTR909_hh not found! Is it loaded? background-color: black;color:white;border-radius:15px @ http://localhost:5199/node_modules/.vite/deps/@strudel_web.js?v=271342c3:10
[   21837ms] [LOG] %c[getTrigger] error: sound RolandTR909_oh not found! Is it loaded? background-color: black;color:white;border-radius:15px @ http://localhost:5199/node_modules/.vite/deps/@strudel_web.js?v=271342c3:10
[   21837ms] [LOG] %c[getTrigger] error: sound RolandTR909_hh not found! Is it loaded? background-color: black;color:white;border-radius:15px @ http://localhost:5199/node_modules/.vite/deps/@strudel_web.js?v=271342c3:10
[   21866ms] [LOG] %c[eval] code updated background-color: black;color:white;border-radius:15px @ http://localhost:5199/node_modules/.vite/deps/@strudel_web.js?v=271342c3:10
[   21937ms] [LOG] %c[getTrigger] error: sound RolandTR909_hh not found! Is it loaded? background-color: black;color:white;border-radius:15px @ http://localhost:5199/node_modules/.vite/deps/@strudel_web.js?v=271342c3:10
[   22037ms] [LOG] %c[getTrigger] error: sound RolandTR909_bd not found! Is it loaded? background-color: black;color:white;border-radius:15px @ http://localhost:5199/node_modules/.vite/deps/@strudel_web.js?v=271342c3:10
[   22038ms] [LOG] %c[getTrigger] error: sound RolandTR909_cp not found! Is it loaded? background-color: black;color:white;border-radius:15px @ http://localhost:5199/node_modules/.vite/deps/@strudel_web.js?v=271342c3:10
[   22038ms] [LOG] %c[getTrigger] error: sound RolandTR909_hh not found! Is it loaded? background-color: black;color:white;border-radius:15px @ http://localhost:5199/node_modules/.vite/deps/@strudel_web.js?v=271342c3:10
[   22338ms] [LOG] %c[getTrigger] error: sound RolandTR909_oh not found! Is it loaded? background-color: black;color:white;border-radius:15px @ http://localhost:5199/node_modules/.vite/deps/@strudel_web.js?v=271342c3:10
[   22338ms] [LOG] %c[getTrigger] error: sound RolandTR909_hh not found! Is it loaded? background-color: black;color:white;border-radius:15px @ http://localhost:5199/node_modules/.vite/deps/@strudel_web.js?v=271342c3:10
[   22545ms] [LOG] %c[getTrigger] error: sound RolandTR909_bd not found! Is it loaded? background-color: black;color:white;border-radius:15px @ http://localhost:5199/node_modules/.vite/deps/@strudel_web.js?v=271342c3:10
[   22546ms] [LOG] %c[getTrigger] error: sound RolandTR909_hh not found! Is it loaded? background-color: black;color:white;border-radius:15px @ http://localhost:5199/node_modules/.vite/deps/@strudel_web.js?v=271342c3:10
[   22837ms] [LOG] %c[getTrigger] error: sound RolandTR909_oh not found! Is it loaded? background-color: black;color:white;border-radius:15px @ http://localhost:5199/node_modules/.vite/deps/@strudel_web.js?v=271342c3:10
[   22838ms] [LOG] %c[getTrigger] error: sound RolandTR909_hh not found! Is it loaded? background-color: black;color:white;border-radius:15px @ http://localhost:5199/node_modules/.vite/deps/@strudel_web.js?v=271342c3:10
[   23046ms] [LOG] %c[getTrigger] error: sound RolandTR909_bd not found! Is it loaded? background-color: black;color:white;border-radius:15px @ http://localhost:5199/node_modules/.vite/deps/@strudel_web.js?v=271342c3:10
[   23046ms] [LOG] %c[getTrigger] error: sound RolandTR909_cp not found! Is it loaded? background-color: black;color:white;border-radius:15px @ http://localhost:5199/node_modules/.vite/deps/@strudel_web.js?v=271342c3:10
[   23046ms] [LOG] %c[getTrigger] error: sound RolandTR909_hh not found! Is it loaded? background-color: black;color:white;border-radius:15px @ http://localhost:5199/node_modules/.vite/deps/@strudel_web.js?v=271342c3:10
[   23238ms] [LOG] %c[getTrigger] error: sound RolandTR909_oh not found! Is it loaded? background-color: black;color:white;border-radius:15px @ http://localhost:5199/node_modules/.vite/deps/@strudel_web.js?v=271342c3:10
[   23238ms] [LOG] %c[getTrigger] error: sound RolandTR909_hh not found! Is it loaded? background-color: black;color:white;border-radius:15px @ http://localhost:5199/node_modules/.vite/deps/@strudel_web.js?v=271342c3:10
[   23544ms] [LOG] %c[getTrigger] error: sound RolandTR909_bd not found! Is it loaded? background-color: black;color:white;border-radius:15px @ http://localhost:5199/node_modules/.vite/deps/@strudel_web.js?v=271342c3:10
[   23544ms] [LOG] %c[getTrigger] error: sound RolandTR909_hh not found! Is it loaded? background-color: black;color:white;border-radius:15px @ http://localhost:5199/node_modules/.vite/deps/@strudel_web.js?v=271342c3:10
[   23737ms] [LOG] %c[eval] code updated background-color: black;color:white;border-radius:15px @ http://localhost:5199/node_modules/.vite/deps/@strudel_web.js?v=271342c3:10
[   23937ms] [LOG] %c[getTrigger] error: sound RolandTR909_bd not found! Is it loaded? background-color: black;color:white;border-radius:15px @ http://localhost:5199/node_modules/.vite/deps/@strudel_web.js?v=271342c3:10
[   24938ms] [LOG] %c[getTrigger] error: sound RolandTR909_bd not found! Is it loaded? background-color: black;color:white;border-radius:15px @ http://localhost:5199/node_modules/.vite/deps/@strudel_web.js?v=271342c3:10
[   25610ms] [LOG] %c[eval] code updated background-color: black;color:white;border-radius:15px @ http://localhost:5199/node_modules/.vite/deps/@strudel_web.js?v=271342c3:10
[   27237ms] [LOG] %c[getTrigger] error: sound RolandTR909_bd not found! Is it loaded? background-color: black;color:white;border-radius:15px @ http://localhost:5199/node_modules/.vite/deps/@strudel_web.js?v=271342c3:10
[   27490ms] [LOG] %c[eval] code updated background-color: black;color:white;border-radius:15px @ http://localhost:5199/node_modules/.vite/deps/@strudel_web.js?v=271342c3:10
[   27737ms] [LOG] %c[getTrigger] error: sound RolandTR909_bd not found! Is it loaded? background-color: black;color:white;border-radius:15px @ http://localhost:5199/node_modules/.vite/deps/@strudel_web.js?v=271342c3:10
[   28037ms] [LOG] %c[getTrigger] error: sound RolandTR909_hh not found! Is it loaded? background-color: black;color:white;border-radius:15px @ http://localhost:5199/node_modules/.vite/deps/@strudel_web.js?v=271342c3:10
[   28238ms] [LOG] %c[getTrigger] error: sound RolandTR909_bd not found! Is it loaded? background-color: black;color:white;border-radius:15px @ http://localhost:5199/node_modules/.vite/deps/@strudel_web.js?v=271342c3:10
[   28738ms] [LOG] %c[getTrigger] error: sound RolandTR909_hh not found! Is it loaded? background-color: black;color:white;border-radius:15px @ http://localhost:5199/node_modules/.vite/deps/@strudel_web.js?v=271342c3:10
[   28967ms] [LOG] %c[eval] code updated background-color: black;color:white;border-radius:15px @ http://localhost:5199/node_modules/.vite/deps/@strudel_web.js?v=271342c3:10
[   29139ms] [LOG] %c[getTrigger] error: sound RolandTR909_bd not found! Is it loaded? background-color: black;color:white;border-radius:15px @ http://localhost:5199/node_modules/.vite/deps/@strudel_web.js?v=271342c3:10
[   29438ms] [LOG] %c[getTrigger] error: sound RolandTR909_hh not found! Is it loaded? background-color: black;color:white;border-radius:15px @ http://localhost:5199/node_modules/.vite/deps/@strudel_web.js?v=271342c3:10
[   29638ms] [LOG] %c[getTrigger] error: sound RolandTR909_bd not found! Is it loaded? background-color: black;color:white;border-radius:15px @ http://localhost:5199/node_modules/.vite/deps/@strudel_web.js?v=271342c3:10
[   30139ms] [LOG] %c[getTrigger] error: sound RolandTR909_hh not found! Is it loaded? background-color: black;color:white;border-radius:15px @ http://localhost:5199/node_modules/.vite/deps/@strudel_web.js?v=271342c3:10
[   30387ms] [LOG] %c[eval] code updated background-color: black;color:white;border-radius:15px @ http://localhost:5199/node_modules/.vite/deps/@strudel_web.js?v=271342c3:10
[   30838ms] [LOG] %c[getTrigger] error: sound RolandTR909_bd not found! Is it loaded? background-color: black;color:white;border-radius:15px @ http://localhost:5199/node_modules/.vite/deps/@strudel_web.js?v=271342c3:10
[   30838ms] [LOG] %c[getTrigger] error: sound RolandTR909_hh not found! Is it loaded? background-color: black;color:white;border-radius:15px @ http://localhost:5199/node_modules/.vite/deps/@strudel_web.js?v=271342c3:10
[   31538ms] [LOG] %c[getTrigger] error: sound RolandTR909_bd not found! Is it loaded? background-color: black;color:white;border-radius:15px @ http://localhost:5199/node_modules/.vite/deps/@strudel_web.js?v=271342c3:10
[   31539ms] [LOG] %c[getTrigger] error: sound RolandTR909_hh not found! Is it loaded? background-color: black;color:white;border-radius:15px @ http://localhost:5199/node_modules/.vite/deps/@strudel_web.js?v=271342c3:10
[   31781ms] [LOG] %c[eval] code updated background-color: black;color:white;border-radius:15px @ http://localhost:5199/node_modules/.vite/deps/@strudel_web.js?v=271342c3:10
[   32238ms] [LOG] %c[getTrigger] error: sound RolandTR909_hh not found! Is it loaded? background-color: black;color:white;border-radius:15px @ http://localhost:5199/node_modules/.vite/deps/@strudel_web.js?v=271342c3:10
[   32938ms] [LOG] %c[getTrigger] error: sound RolandTR909_bd not found! Is it loaded? background-color: black;color:white;border-radius:15px @ http://localhost:5199/node_modules/.vite/deps/@strudel_web.js?v=271342c3:10
[   32938ms] [LOG] %c[getTrigger] error: sound RolandTR909_hh not found! Is it loaded? background-color: black;color:white;border-radius:15px @ http://localhost:5199/node_modules/.vite/deps/@strudel_web.js?v=271342c3:10
[   33195ms] [LOG] %c[eval] code updated background-color: black;color:white;border-radius:15px @ http://localhost:5199/node_modules/.vite/deps/@strudel_web.js?v=271342c3:10
[   33648ms] [LOG] %c[getTrigger] error: sound RolandTR909_hh not found! Is it loaded? background-color: black;color:white;border-radius:15px @ http://localhost:5199/node_modules/.vite/deps/@strudel_web.js?v=271342c3:10
[   34338ms] [LOG] %c[getTrigger] error: sound RolandTR909_bd not found! Is it loaded? background-color: black;color:white;border-radius:15px @ http://localhost:5199/node_modules/.vite/deps/@strudel_web.js?v=271342c3:10
[   34338ms] [LOG] %c[getTrigger] error: sound RolandTR909_hh not found! Is it loaded? background-color: black;color:white;border-radius:15px @ http://localhost:5199/node_modules/.vite/deps/@strudel_web.js?v=271342c3:10
[   35738ms] [LOG] %c[getTrigger] error: sound RolandTR909_bd not found! Is it loaded? background-color: black;color:white;border-radius:15px @ http://localhost:5199/node_modules/.vite/deps/@strudel_web.js?v=271342c3:10
[   35739ms] [LOG] %c[getTrigger] error: sound RolandTR909_hh not found! Is it loaded? background-color: black;color:white;border-radius:15px @ http://localhost:5199/node_modules/.vite/deps/@strudel_web.js?v=271342c3:10
[   36017ms] [LOG] %c[eval] code updated background-color: black;color:white;border-radius:15px @ http://localhost:5199/node_modules/.vite/deps/@strudel_web.js?v=271342c3:10
[   36438ms] [LOG] %c[getTrigger] error: sound RolandTR909_hh not found! Is it loaded? background-color: black;color:white;border-radius:15px @ http://localhost:5199/node_modules/.vite/deps/@strudel_web.js?v=271342c3:10
[   37141ms] [LOG] %c[getTrigger] error: sound RolandTR909_bd not found! Is it loaded? background-color: black;color:white;border-radius:15px @ http://localhost:5199/node_modules/.vite/deps/@strudel_web.js?v=271342c3:10
[   37141ms] [LOG] %c[getTrigger] error: sound RolandTR909_hh not found! Is it loaded? background-color: black;color:white;border-radius:15px @ http://localhost:5199/node_modules/.vite/deps/@strudel_web.js?v=271342c3:10
[   38640ms] [LOG] %c[getTrigger] error: sound RolandTR909_bd not found! Is it loaded? background-color: black;color:white;border-radius:15px @ http://localhost:5199/node_modules/.vite/deps/@strudel_web.js?v=271342c3:10
[   38640ms] [LOG] %c[getTrigger] error: sound RolandTR909_hh not found! Is it loaded? background-color: black;color:white;border-radius:15px @ http://localhost:5199/node_modules/.vite/deps/@strudel_web.js?v=271342c3:10
[   38842ms] [LOG] %c[eval] code updated background-color: black;color:white;border-radius:15px @ http://localhost:5199/node_modules/.vite/deps/@strudel_web.js?v=271342c3:10
[   39337ms] [LOG] %c[getTrigger] error: sound RolandTR909_hh not found! Is it loaded? background-color: black;color:white;border-radius:15px @ http://localhost:5199/node_modules/.vite/deps/@strudel_web.js?v=271342c3:10
[   40037ms] [LOG] %c[getTrigger] error: sound RolandTR909_bd not found! Is it loaded? background-color: black;color:white;border-radius:15px @ http://localhost:5199/node_modules/.vite/deps/@strudel_web.js?v=271342c3:10
[   40037ms] [LOG] %c[getTrigger] error: sound RolandTR909_hh not found! Is it loaded? background-color: black;color:white;border-radius:15px @ http://localhost:5199/node_modules/.vite/deps/@strudel_web.js?v=271342c3:10
[   41439ms] [LOG] %c[getTrigger] error: sound RolandTR909_bd not found! Is it loaded? background-color: black;color:white;border-radius:15px @ http://localhost:5199/node_modules/.vite/deps/@strudel_web.js?v=271342c3:10
[   41439ms] [LOG] %c[getTrigger] error: sound RolandTR909_hh not found! Is it loaded? background-color: black;color:white;border-radius:15px @ http://localhost:5199/node_modules/.vite/deps/@strudel_web.js?v=271342c3:10
[   41669ms] [LOG] %c[eval] code updated background-color: black;color:white;border-radius:15px @ http://localhost:5199/node_modules/.vite/deps/@strudel_web.js?v=271342c3:10
[   42139ms] [LOG] %c[getTrigger] error: sound RolandTR909_bd not found! Is it loaded? background-color: black;color:white;border-radius:15px @ http://localhost:5199/node_modules/.vite/deps/@strudel_web.js?v=271342c3:10
[   42139ms] [LOG] %c[getTrigger] error: sound RolandTR909_hh not found! Is it loaded? background-color: black;color:white;border-radius:15px @ http://localhost:5199/node_modules/.vite/deps/@strudel_web.js?v=271342c3:10
[   42839ms] [LOG] %c[getTrigger] error: sound RolandTR909_bd not found! Is it loaded? background-color: black;color:white;border-radius:15px @ http://localhost:5199/node_modules/.vite/deps/@strudel_web.js?v=271342c3:10
[   42839ms] [LOG] %c[getTrigger] error: sound RolandTR909_hh not found! Is it loaded? background-color: black;color:white;border-radius:15px @ http://localhost:5199/node_modules/.vite/deps/@strudel_web.js?v=271342c3:10
[   43539ms] [LOG] %c[getTrigger] error: sound RolandTR909_bd not found! Is it loaded? background-color: black;color:white;border-radius:15px @ http://localhost:5199/node_modules/.vite/deps/@strudel_web.js?v=271342c3:10
[   43539ms] [LOG] %c[getTrigger] error: sound RolandTR909_hh not found! Is it loaded? background-color: black;color:white;border-radius:15px @ http://localhost:5199/node_modules/.vite/deps/@strudel_web.js?v=271342c3:10
[   44239ms] [LOG] %c[getTrigger] error: sound RolandTR909_bd not found! Is it loaded? background-color: black;color:white;border-radius:15px @ http://localhost:5199/node_modules/.vite/deps/@strudel_web.js?v=271342c3:10
[   44239ms] [LOG] %c[getTrigger] error: sound RolandTR909_hh not found! Is it loaded? background-color: black;color:white;border-radius:15px @ http://localhost:5199/node_modules/.vite/deps/@strudel_web.js?v=271342c3:10
[   44490ms] [LOG] %c[eval] code updated background-color: black;color:white;border-radius:15px @ http://localhost:5199/node_modules/.vite/deps/@strudel_web.js?v=271342c3:10
[   44938ms] [LOG] %c[getTrigger] error: sound RolandTR909_hh not found! Is it loaded? background-color: black;color:white;border-radius:15px @ http://localhost:5199/node_modules/.vite/deps/@strudel_web.js?v=271342c3:10
[   45638ms] [LOG] %c[getTrigger] error: sound RolandTR909_bd not found! Is it loaded? background-color: black;color:white;border-radius:15px @ http://localhost:5199/node_modules/.vite/deps/@strudel_web.js?v=271342c3:10
[   45639ms] [LOG] %c[getTrigger] error: sound RolandTR909_hh not found! Is it loaded? background-color: black;color:white;border-radius:15px @ http://localhost:5199/node_modules/.vite/deps/@strudel_web.js?v=271342c3:10
[   47039ms] [LOG] %c[getTrigger] error: sound RolandTR909_bd not found! Is it loaded? background-color: black;color:white;border-radius:15px @ http://localhost:5199/node_modules/.vite/deps/@strudel_web.js?v=271342c3:10
[   47039ms] [LOG] %c[getTrigger] error: sound RolandTR909_hh not found! Is it loaded? background-color: black;color:white;border-radius:15px @ http://localhost:5199/node_modules/.vite/deps/@strudel_web.js?v=271342c3:10
[   47317ms] [LOG] %c[eval] code updated background-color: black;color:white;border-radius:15px @ http://localhost:5199/node_modules/.vite/deps/@strudel_web.js?v=271342c3:10
[   47738ms] [LOG] %c[getTrigger] error: sound RolandTR909_hh not found! Is it loaded? background-color: black;color:white;border-radius:15px @ http://localhost:5199/node_modules/.vite/deps/@strudel_web.js?v=271342c3:10
[   48438ms] [LOG] %c[getTrigger] error: sound RolandTR909_bd not found! Is it loaded? background-color: black;color:white;border-radius:15px @ http://localhost:5199/node_modules/.vite/deps/@strudel_web.js?v=271342c3:10
[   48438ms] [LOG] %c[getTrigger] error: sound RolandTR909_hh not found! Is it loaded? background-color: black;color:white;border-radius:15px @ http://localhost:5199/node_modules/.vite/deps/@strudel_web.js?v=271342c3:10
[   48727ms] [LOG] %c[eval] code updated background-color: black;color:white;border-radius:15px @ http://localhost:5199/node_modules/.vite/deps/@strudel_web.js?v=271342c3:10
[   49138ms] [LOG] %c[getTrigger] error: sound RolandTR909_bd not found! Is it loaded? background-color: black;color:white;border-radius:15px @ http://localhost:5199/node_modules/.vite/deps/@strudel_web.js?v=271342c3:10
[   49138ms] [LOG] %c[getTrigger] error: sound RolandTR909_hh not found! Is it loaded? background-color: black;color:white;border-radius:15px @ http://localhost:5199/node_modules/.vite/deps/@strudel_web.js?v=271342c3:10
[   49938ms] [LOG] %c[getTrigger] error: sound RolandTR909_bd not found! Is it loaded? background-color: black;color:white;border-radius:15px @ http://localhost:5199/node_modules/.vite/deps/@strudel_web.js?v=271342c3:10
[   49938ms] [LOG] %c[getTrigger] error: sound RolandTR909_hh not found! Is it loaded? background-color: black;color:white;border-radius:15px @ http://localhost:5199/node_modules/.vite/deps/@strudel_web.js?v=271342c3:10
[   50638ms] [LOG] %c[getTrigger] error: sound RolandTR909_bd not found! Is it loaded? background-color: black;color:white;border-radius:15px @ http://localhost:5199/node_modules/.vite/deps/@strudel_web.js?v=271342c3:10
[   50638ms] [LOG] %c[getTrigger] error: sound RolandTR909_hh not found! Is it loaded? background-color: black;color:white;border-radius:15px @ http://localhost:5199/node_modules/.vite/deps/@strudel_web.js?v=271342c3:10
[   51338ms] [LOG] %c[getTrigger] error: sound RolandTR909_bd not found! Is it loaded? background-color: black;color:white;border-radius:15px @ http://localhost:5199/node_modules/.vite/deps/@strudel_web.js?v=271342c3:10
[   51339ms] [LOG] %c[getTrigger] error: sound RolandTR909_hh not found! Is it loaded? background-color: black;color:white;border-radius:15px @ http://localhost:5199/node_modules/.vite/deps/@strudel_web.js?v=271342c3:10
[   51552ms] [LOG] %c[eval] code updated background-color: black;color:white;border-radius:15px @ http://localhost:5199/node_modules/.vite/deps/@strudel_web.js?v=271342c3:10
[   52037ms] [LOG] %c[getTrigger] error: sound RolandTR909_bd not found! Is it loaded? background-color: black;color:white;border-radius:15px @ http://localhost:5199/node_modules/.vite/deps/@strudel_web.js?v=271342c3:10
[   52961ms] [LOG] %c[eval] code updated background-color: black;color:white;border-radius:15px @ http://localhost:5199/node_modules/.vite/deps/@strudel_web.js?v=271342c3:10
[   54138ms] [LOG] %c[getTrigger] error: sound RolandTR909_bd not found! Is it loaded? background-color: black;color:white;border-radius:15px @ http://localhost:5199/node_modules/.vite/deps/@strudel_web.js?v=271342c3:10
[   54369ms] [LOG] %c[eval] code updated background-color: black;color:white;border-radius:15px @ http://localhost:5199/node_modules/.vite/deps/@strudel_web.js?v=271342c3:10
[   55537ms] [LOG] %c[getTrigger] error: sound RolandTR909_bd not found! Is it loaded? background-color: black;color:white;border-radius:15px @ http://localhost:5199/node_modules/.vite/deps/@strudel_web.js?v=271342c3:10
[   55784ms] [LOG] %c[eval] code updated background-color: black;color:white;border-radius:15px @ http://localhost:5199/node_modules/.vite/deps/@strudel_web.js?v=271342c3:10
[   57153ms] [LOG] %c[getTrigger] error: sound RolandTR909_bd not found! Is it loaded? background-color: black;color:white;border-radius:15px @ http://localhost:5199/node_modules/.vite/deps/@strudel_web.js?v=271342c3:10
[   57395ms] [LOG] %c[eval] code updated background-color: black;color:white;border-radius:15px @ http://localhost:5199/node_modules/.vite/deps/@strudel_web.js?v=271342c3:10
[   58038ms] [LOG] %c[getTrigger] error: sound RolandTR909_bd not found! Is it loaded? background-color: black;color:white;border-radius:15px @ http://localhost:5199/node_modules/.vite/deps/@strudel_web.js?v=271342c3:10
[   59238ms] [LOG] %c[eval] code updated background-color: black;color:white;border-radius:15px @ http://localhost:5199/node_modules/.vite/deps/@strudel_web.js?v=271342c3:10
[   59637ms] [LOG] %c[getTrigger] error: sound RolandTR909_bd not found! Is it loaded? background-color: black;color:white;border-radius:15px @ http://localhost:5199/node_modules/.vite/deps/@strudel_web.js?v=271342c3:10
[   60837ms] [LOG] %c[getTrigger] error: sound RolandTR909_bd not found! Is it loaded? background-color: black;color:white;border-radius:15px @ http://localhost:5199/node_modules/.vite/deps/@strudel_web.js?v=271342c3:10
[   62137ms] [LOG] %c[getTrigger] error: sound RolandTR909_bd not found! Is it loaded? background-color: black;color:white;border-radius:15px @ http://localhost:5199/node_modules/.vite/deps/@strudel_web.js?v=271342c3:10
[   62989ms] [LOG] %c[eval] code updated background-color: black;color:white;border-radius:15px @ http://localhost:5199/node_modules/.vite/deps/@strudel_web.js?v=271342c3:10
[   63337ms] [LOG] %c[getTrigger] error: sound RolandTR909_hh not found! Is it loaded? background-color: black;color:white;border-radius:15px @ http://localhost:5199/node_modules/.vite/deps/@strudel_web.js?v=271342c3:10
[   63937ms] [LOG] %c[getTrigger] error: sound RolandTR909_bd not found! Is it loaded? background-color: black;color:white;border-radius:15px @ http://localhost:5199/node_modules/.vite/deps/@strudel_web.js?v=271342c3:10
[   64338ms] [LOG] %c[getTrigger] error: sound RolandTR909_hh not found! Is it loaded? background-color: black;color:white;border-radius:15px @ http://localhost:5199/node_modules/.vite/deps/@strudel_web.js?v=271342c3:10
[   64638ms] [LOG] %c[getTrigger] error: sound RolandTR909_bd not found! Is it loaded? background-color: black;color:white;border-radius:15px @ http://localhost:5199/node_modules/.vite/deps/@strudel_web.js?v=271342c3:10
[   64638ms] [LOG] %c[getTrigger] error: sound RolandTR909_hh not found! Is it loaded? background-color: black;color:white;border-radius:15px @ http://localhost:5199/node_modules/.vite/deps/@strudel_web.js?v=271342c3:10
[   64861ms] [LOG] %c[eval] code updated background-color: black;color:white;border-radius:15px @ http://localhost:5199/node_modules/.vite/deps/@strudel_web.js?v=271342c3:10
[   65238ms] [LOG] %c[getTrigger] error: sound RolandTR909_hh not found! Is it loaded? background-color: black;color:white;border-radius:15px @ http://localhost:5199/node_modules/.vite/deps/@strudel_web.js?v=271342c3:10
[   65837ms] [LOG] %c[getTrigger] error: sound RolandTR909_bd not found! Is it loaded? background-color: black;color:white;border-radius:15px @ http://localhost:5199/node_modules/.vite/deps/@strudel_web.js?v=271342c3:10
[   66138ms] [LOG] %c[getTrigger] error: sound RolandTR909_hh not found! Is it loaded? background-color: black;color:white;border-radius:15px @ http://localhost:5199/node_modules/.vite/deps/@strudel_web.js?v=271342c3:10
[   66538ms] [LOG] %c[getTrigger] error: sound RolandTR909_bd not found! Is it loaded? background-color: black;color:white;border-radius:15px @ http://localhost:5199/node_modules/.vite/deps/@strudel_web.js?v=271342c3:10
[   66538ms] [LOG] %c[getTrigger] error: sound RolandTR909_hh not found! Is it loaded? background-color: black;color:white;border-radius:15px @ http://localhost:5199/node_modules/.vite/deps/@strudel_web.js?v=271342c3:10
[   67637ms] [LOG] %c[getTrigger] error: sound RolandTR909_bd not found! Is it loaded? background-color: black;color:white;border-radius:15px @ http://localhost:5199/node_modules/.vite/deps/@strudel_web.js?v=271342c3:10
[   68037ms] [LOG] %c[getTrigger] error: sound RolandTR909_hh not found! Is it loaded? background-color: black;color:white;border-radius:15px @ http://localhost:5199/node_modules/.vite/deps/@strudel_web.js?v=271342c3:10
[   68337ms] [LOG] %c[getTrigger] error: sound RolandTR909_bd not found! Is it loaded? background-color: black;color:white;border-radius:15px @ http://localhost:5199/node_modules/.vite/deps/@strudel_web.js?v=271342c3:10
[   68337ms] [LOG] %c[getTrigger] error: sound RolandTR909_hh not found! Is it loaded? background-color: black;color:white;border-radius:15px @ http://localhost:5199/node_modules/.vite/deps/@strudel_web.js?v=271342c3:10
[   69538ms] [LOG] %c[getTrigger] error: sound RolandTR909_bd not found! Is it loaded? background-color: black;color:white;border-radius:15px @ http://localhost:5199/node_modules/.vite/deps/@strudel_web.js?v=271342c3:10
[   69938ms] [LOG] %c[getTrigger] error: sound RolandTR909_hh not found! Is it loaded? background-color: black;color:white;border-radius:15px @ http://localhost:5199/node_modules/.vite/deps/@strudel_web.js?v=271342c3:10
[   70239ms] [LOG] %c[getTrigger] error: sound RolandTR909_bd not found! Is it loaded? background-color: black;color:white;border-radius:15px @ http://localhost:5199/node_modules/.vite/deps/@strudel_web.js?v=271342c3:10
[   70239ms] [LOG] %c[getTrigger] error: sound RolandTR909_hh not found! Is it loaded? background-color: black;color:white;border-radius:15px @ http://localhost:5199/node_modules/.vite/deps/@strudel_web.js?v=271342c3:10
[   70487ms] [LOG] %c[eval] code updated background-color: black;color:white;border-radius:15px @ http://localhost:5199/node_modules/.vite/deps/@strudel_web.js?v=271342c3:10
[   70837ms] [LOG] %c[getTrigger] error: sound RolandTR909_hh not found! Is it loaded? background-color: black;color:white;border-radius:15px @ http://localhost:5199/node_modules/.vite/deps/@strudel_web.js?v=271342c3:10
[   71437ms] [LOG] %c[getTrigger] error: sound RolandTR909_bd not found! Is it loaded? background-color: black;color:white;border-radius:15px @ http://localhost:5199/node_modules/.vite/deps/@strudel_web.js?v=271342c3:10
[   71837ms] [LOG] %c[getTrigger] error: sound RolandTR909_hh not found! Is it loaded? background-color: black;color:white;border-radius:15px @ http://localhost:5199/node_modules/.vite/deps/@strudel_web.js?v=271342c3:10
[   72138ms] [LOG] %c[getTrigger] error: sound RolandTR909_bd not found! Is it loaded? background-color: black;color:white;border-radius:15px @ http://localhost:5199/node_modules/.vite/deps/@strudel_web.js?v=271342c3:10
[   72139ms] [LOG] %c[getTrigger] error: sound RolandTR909_hh not found! Is it loaded? background-color: black;color:white;border-radius:15px @ http://localhost:5199/node_modules/.vite/deps/@strudel_web.js?v=271342c3:10
[   72380ms] [LOG] %c[eval] code updated background-color: black;color:white;border-radius:15px @ http://localhost:5199/node_modules/.vite/deps/@strudel_web.js?v=271342c3:10
[   72538ms] [LOG] %c[getTrigger] error: sound RolandTR909_cp not found! Is it loaded? background-color: black;color:white;border-radius:15px @ http://localhost:5199/node_modules/.vite/deps/@strudel_web.js?v=271342c3:10
[   72737ms] [LOG] %c[getTrigger] error: sound RolandTR909_hh not found! Is it loaded? background-color: black;color:white;border-radius:15px @ http://localhost:5199/node_modules/.vite/deps/@strudel_web.js?v=271342c3:10
[   73337ms] [LOG] %c[getTrigger] error: sound RolandTR909_bd not found! Is it loaded? background-color: black;color:white;border-radius:15px @ http://localhost:5199/node_modules/.vite/deps/@strudel_web.js?v=271342c3:10
[   73638ms] [LOG] %c[getTrigger] error: sound RolandTR909_hh not found! Is it loaded? background-color: black;color:white;border-radius:15px @ http://localhost:5199/node_modules/.vite/deps/@strudel_web.js?v=271342c3:10
[   74038ms] [LOG] %c[getTrigger] error: sound RolandTR909_bd not found! Is it loaded? background-color: black;color:white;border-radius:15px @ http://localhost:5199/node_modules/.vite/deps/@strudel_web.js?v=271342c3:10
[   74038ms] [LOG] %c[getTrigger] error: sound RolandTR909_hh not found! Is it loaded? background-color: black;color:white;border-radius:15px @ http://localhost:5199/node_modules/.vite/deps/@strudel_web.js?v=271342c3:10
[   74241ms] [LOG] %c[eval] code updated background-color: black;color:white;border-radius:15px @ http://localhost:5199/node_modules/.vite/deps/@strudel_web.js?v=271342c3:10
[   74638ms] [LOG] %c[getTrigger] error: sound RolandTR909_hh not found! Is it loaded? background-color: black;color:white;border-radius:15px @ http://localhost:5199/node_modules/.vite/deps/@strudel_web.js?v=271342c3:10
[   75138ms] [LOG] %c[getTrigger] error: sound RolandTR909_bd not found! Is it loaded? background-color: black;color:white;border-radius:15px @ http://localhost:5199/node_modules/.vite/deps/@strudel_web.js?v=271342c3:10
[   75438ms] [LOG] %c[getTrigger] error: sound RolandTR909_cp not found! Is it loaded? background-color: black;color:white;border-radius:15px @ http://localhost:5199/node_modules/.vite/deps/@strudel_web.js?v=271342c3:10
[   75538ms] [LOG] %c[getTrigger] error: sound RolandTR909_hh not found! Is it loaded? background-color: black;color:white;border-radius:15px @ http://localhost:5199/node_modules/.vite/deps/@strudel_web.js?v=271342c3:10
[   75838ms] [LOG] %c[getTrigger] error: sound RolandTR909_bd not found! Is it loaded? background-color: black;color:white;border-radius:15px @ http://localhost:5199/node_modules/.vite/deps/@strudel_web.js?v=271342c3:10
[   75838ms] [LOG] %c[getTrigger] error: sound RolandTR909_hh not found! Is it loaded? background-color: black;color:white;border-radius:15px @ http://localhost:5199/node_modules/.vite/deps/@strudel_web.js?v=271342c3:10
[   76338ms] [LOG] %c[getTrigger] error: sound RolandTR909_cp not found! Is it loaded? background-color: black;color:white;border-radius:15px @ http://localhost:5199/node_modules/.vite/deps/@strudel_web.js?v=271342c3:10
[   76538ms] [LOG] %c[getTrigger] error: sound RolandTR909_hh not found! Is it loaded? background-color: black;color:white;border-radius:15px @ http://localhost:5199/node_modules/.vite/deps/@strudel_web.js?v=271342c3:10
[   77039ms] [LOG] %c[getTrigger] error: sound RolandTR909_bd not found! Is it loaded? background-color: black;color:white;border-radius:15px @ http://localhost:5199/node_modules/.vite/deps/@strudel_web.js?v=271342c3:10
[   77240ms] [LOG] %c[getTrigger] error: sound RolandTR909_cp not found! Is it loaded? background-color: black;color:white;border-radius:15px @ http://localhost:5199/node_modules/.vite/deps/@strudel_web.js?v=271342c3:10
[   77439ms] [LOG] %c[getTrigger] error: sound RolandTR909_hh not found! Is it loaded? background-color: black;color:white;border-radius:15px @ http://localhost:5199/node_modules/.vite/deps/@strudel_web.js?v=271342c3:10
[   77739ms] [LOG] %c[getTrigger] error: sound RolandTR909_bd not found! Is it loaded? background-color: black;color:white;border-radius:15px @ http://localhost:5199/node_modules/.vite/deps/@strudel_web.js?v=271342c3:10
[   77739ms] [LOG] %c[getTrigger] error: sound RolandTR909_hh not found! Is it loaded? background-color: black;color:white;border-radius:15px @ http://localhost:5199/node_modules/.vite/deps/@strudel_web.js?v=271342c3:10
[   77985ms] [LOG] %c[eval] code updated background-color: black;color:white;border-radius:15px @ http://localhost:5199/node_modules/.vite/deps/@strudel_web.js?v=271342c3:10
[   79639ms] [LOG] %c[getTrigger] error: sound RolandTR909_bd not found! Is it loaded? background-color: black;color:white;border-radius:15px @ http://localhost:5199/node_modules/.vite/deps/@strudel_web.js?v=271342c3:10
[   79861ms] [LOG] %c[eval] code updated background-color: black;color:white;border-radius:15px @ http://localhost:5199/node_modules/.vite/deps/@strudel_web.js?v=271342c3:10
[   80538ms] [LOG] %c[getTrigger] error: sound RolandTR909_bd not found! Is it loaded? background-color: black;color:white;border-radius:15px @ http://localhost:5199/node_modules/.vite/deps/@strudel_web.js?v=271342c3:10
[   81538ms] [LOG] %c[getTrigger] error: sound RolandTR909_bd not found! Is it loaded? background-color: black;color:white;border-radius:15px @ http://localhost:5199/node_modules/.vite/deps/@strudel_web.js?v=271342c3:10
[   83340ms] [LOG] %c[getTrigger] error: sound RolandTR909_bd not found! Is it loaded? background-color: black;color:white;border-radius:15px @ http://localhost:5199/node_modules/.vite/deps/@strudel_web.js?v=271342c3:10
[   83611ms] [LOG] %c[eval] code updated background-color: black;color:white;border-radius:15px @ http://localhost:5199/node_modules/.vite/deps/@strudel_web.js?v=271342c3:10
[   85239ms] [LOG] %c[getTrigger] error: sound RolandTR909_bd not found! Is it loaded? background-color: black;color:white;border-radius:15px @ http://localhost:5199/node_modules/.vite/deps/@strudel_web.js?v=271342c3:10
[   85489ms] [LOG] %c[eval] code updated background-color: black;color:white;border-radius:15px @ http://localhost:5199/node_modules/.vite/deps/@strudel_web.js?v=271342c3:10
[   85738ms] [LOG] %c[getTrigger] error: sound RolandTR808_sd not found! Is it loaded? background-color: black;color:white;border-radius:15px @ http://localhost:5199/node_modules/.vite/deps/@strudel_web.js?v=271342c3:10
[   86141ms] [LOG] %c[getTrigger] error: sound RolandTR909_bd not found! Is it loaded? background-color: black;color:white;border-radius:15px @ http://localhost:5199/node_modules/.vite/deps/@strudel_web.js?v=271342c3:10
[   86639ms] [LOG] %c[getTrigger] error: sound RolandTR808_sd not found! Is it loaded? background-color: black;color:white;border-radius:15px @ http://localhost:5199/node_modules/.vite/deps/@strudel_web.js?v=271342c3:10
[   87139ms] [LOG] %c[getTrigger] error: sound RolandTR909_bd not found! Is it loaded? background-color: black;color:white;border-radius:15px @ http://localhost:5199/node_modules/.vite/deps/@strudel_web.js?v=271342c3:10
[   87367ms] [LOG] %c[eval] code updated background-color: black;color:white;border-radius:15px @ http://localhost:5199/node_modules/.vite/deps/@strudel_web.js?v=271342c3:10
[   87540ms] [LOG] %c[getTrigger] error: sound RolandTR808_sd not found! Is it loaded? background-color: black;color:white;border-radius:15px @ http://localhost:5199/node_modules/.vite/deps/@strudel_web.js?v=271342c3:10
[   88039ms] [LOG] %c[getTrigger] error: sound RolandTR808_rim not found! Is it loaded? background-color: black;color:white;border-radius:15px @ http://localhost:5199/node_modules/.vite/deps/@strudel_web.js?v=271342c3:10
[   88539ms] [LOG] %c[getTrigger] error: sound RolandTR808_sd not found! Is it loaded? background-color: black;color:white;border-radius:15px @ http://localhost:5199/node_modules/.vite/deps/@strudel_web.js?v=271342c3:10
[   88738ms] [LOG] %c[getTrigger] error: sound RolandTR909_bd not found! Is it loaded? background-color: black;color:white;border-radius:15px @ http://localhost:5199/node_modules/.vite/deps/@strudel_web.js?v=271342c3:10
[   89038ms] [LOG] %c[getTrigger] error: sound RolandTR808_rim not found! Is it loaded? background-color: black;color:white;border-radius:15px @ http://localhost:5199/node_modules/.vite/deps/@strudel_web.js?v=271342c3:10
[   89239ms] [LOG] %c[eval] code updated background-color: black;color:white;border-radius:15px @ http://localhost:5199/node_modules/.vite/deps/@strudel_web.js?v=271342c3:10
[  213069ms] [LOG] %c🌀 @strudel/core loaded 🌀 background-color: black;color:white;border-radius:15px @ http://localhost:5199/node_modules/.vite/deps/@strudel_web.js?v=271342c3:10
[  213145ms] [VERBOSE] [DOM] Password field is not contained in a form: (More info: https://goo.gl/9p2vKq) %o @ http://localhost:5199/:0
[  486132ms] [LOG] %c[eval] code updated background-color: black;color:white;border-radius:15px @ http://localhost:5199/node_modules/.vite/deps/@strudel_web.js?v=271342c3:10
[  486132ms] [LOG] %c[cyclist] start background-color: black;color:white;border-radius:15px @ http://localhost:5199/node_modules/.vite/deps/@strudel_web.js?v=271342c3:10
[  494204ms] [LOG] %c[eval] code updated background-color: black;color:white;border-radius:15px @ http://localhost:5199/node_modules/.vite/deps/@strudel_web.js?v=271342c3:10
[  494640ms] [LOG] %c[getTrigger] error: sound RolandTR909_cp not found! Is it loaded? background-color: black;color:white;border-radius:15px @ http://localhost:5199/node_modules/.vite/deps/@strudel_web.js?v=271342c3:10
[  499037ms] [LOG] %c[superdough] AudioWorklets loaded background-color: black;color:white;border-radius:15px @ http://localhost:5199/node_modules/.vite/deps/@strudel_web.js?v=271342c3:10
[  499037ms] [LOG] %c[superdough] ready background-color: black;color:white;border-radius:15px @ http://localhost:5199/node_modules/.vite/deps/@strudel_web.js?v=271342c3:10
[  500740ms] [LOG] %c[getTrigger] error: sound RolandTR909_cp not found! Is it loaded? background-color: black;color:white;border-radius:15px @ http://localhost:5199/node_modules/.vite/deps/@strudel_web.js?v=271342c3:10
[  501440ms] [LOG] %c[getTrigger] error: sound RolandTR909_bd not found! Is it loaded? background-color: black;color:white;border-radius:15px @ http://localhost:5199/node_modules/.vite/deps/@strudel_web.js?v=271342c3:10
[  502040ms] [LOG] %c[getTrigger] error: sound RolandTR909_cp not found! Is it loaded? background-color: black;color:white;border-radius:15px @ http://localhost:5199/node_modules/.vite/deps/@strudel_web.js?v=271342c3:10
[  503440ms] [LOG] %c[getTrigger] error: sound RolandTR909_cp not found! Is it loaded? background-color: black;color:white;border-radius:15px @ http://localhost:5199/node_modules/.vite/deps/@strudel_web.js?v=271342c3:10
[  504040ms] [LOG] %c[getTrigger] error: sound RolandTR909_bd not found! Is it loaded? background-color: black;color:white;border-radius:15px @ http://localhost:5199/node_modules/.vite/deps/@strudel_web.js?v=271342c3:10
[  504286ms] [LOG] %c[eval] code updated background-color: black;color:white;border-radius:15px @ http://localhost:5199/node_modules/.vite/deps/@strudel_web.js?v=271342c3:10
[  504640ms] [LOG] %c[getTrigger] error: sound RolandTR909_cp not found! Is it loaded? background-color: black;color:white;border-radius:15px @ http://localhost:5199/node_modules/.vite/deps/@strudel_web.js?v=271342c3:10
[  506040ms] [LOG] %c[getTrigger] error: sound RolandTR909_bd not found! Is it loaded? background-color: black;color:white;border-radius:15px @ http://localhost:5199/node_modules/.vite/deps/@strudel_web.js?v=271342c3:10
[  506229ms] [LOG] %c[eval] code updated background-color: black;color:white;border-radius:15px @ http://localhost:5199/node_modules/.vite/deps/@strudel_web.js?v=271342c3:10
[  506439ms] [LOG] %c[getTrigger] error: sound RolandTR909_cp not found! Is it loaded? background-color: black;color:white;border-radius:15px @ http://localhost:5199/node_modules/.vite/deps/@strudel_web.js?v=271342c3:10
[  506940ms] [LOG] %c[getTrigger] error: sound RolandTR909_bd not found! Is it loaded? background-color: black;color:white;border-radius:15px @ http://localhost:5199/node_modules/.vite/deps/@strudel_web.js?v=271342c3:10
[  507439ms] [LOG] %c[getTrigger] error: sound RolandTR909_cp not found! Is it loaded? background-color: black;color:white;border-radius:15px @ http://localhost:5199/node_modules/.vite/deps/@strudel_web.js?v=271342c3:10
[  507839ms] [LOG] %c[getTrigger] error: sound RolandTR909_bd not found! Is it loaded? background-color: black;color:white;border-radius:15px @ http://localhost:5199/node_modules/.vite/deps/@strudel_web.js?v=271342c3:10
[  508339ms] [LOG] %c[getTrigger] error: sound RolandTR909_cp not found! Is it loaded? background-color: black;color:white;border-radius:15px @ http://localhost:5199/node_modules/.vite/deps/@strudel_web.js?v=271342c3:10
[  508840ms] [LOG] %c[getTrigger] error: sound RolandTR909_bd not found! Is it loaded? background-color: black;color:white;border-radius:15px @ http://localhost:5199/node_modules/.vite/deps/@strudel_web.js?v=271342c3:10
[  509339ms] [LOG] %c[getTrigger] error: sound RolandTR909_cp not found! Is it loaded? background-color: black;color:white;border-radius:15px @ http://localhost:5199/node_modules/.vite/deps/@strudel_web.js?v=271342c3:10
[  509740ms] [LOG] %c[getTrigger] error: sound RolandTR909_bd not found! Is it loaded? background-color: black;color:white;border-radius:15px @ http://localhost:5199/node_modules/.vite/deps/@strudel_web.js?v=271342c3:10
[  509978ms] [LOG] %c[eval] code updated background-color: black;color:white;border-radius:15px @ http://localhost:5199/node_modules/.vite/deps/@strudel_web.js?v=271342c3:10
[  510040ms] [LOG] %c[getTrigger] error: sound RolandTR909_oh not found! Is it loaded? background-color: black;color:white;border-radius:15px @ http://localhost:5199/node_modules/.vite/deps/@strudel_web.js?v=271342c3:10
[  510040ms] [LOG] %c[getTrigger] error: sound RolandTR909_hh not found! Is it loaded? background-color: black;color:white;border-radius:15px @ http://localhost:5199/node_modules/.vite/deps/@strudel_web.js?v=271342c3:10
[  510140ms] [LOG] %c[getTrigger] error: sound RolandTR909_cp not found! Is it loaded? background-color: black;color:white;border-radius:15px @ http://localhost:5199/node_modules/.vite/deps/@strudel_web.js?v=271342c3:10
[  510240ms] [LOG] %c[getTrigger] error: sound RolandTR909_hh not found! Is it loaded? background-color: black;color:white;border-radius:15px @ http://localhost:5199/node_modules/.vite/deps/@strudel_web.js?v=271342c3:10
[  510339ms] [LOG] %c[getTrigger] error: sound RolandTR909_oh not found! Is it loaded? background-color: black;color:white;border-radius:15px @ http://localhost:5199/node_modules/.vite/deps/@strudel_web.js?v=271342c3:10
[  510439ms] [LOG] %c[getTrigger] error: sound RolandTR909_hh not found! Is it loaded? background-color: black;color:white;border-radius:15px @ http://localhost:5199/node_modules/.vite/deps/@strudel_web.js?v=271342c3:10
[  510740ms] [LOG] %c[getTrigger] error: sound RolandTR909_oh not found! Is it loaded? background-color: black;color:white;border-radius:15px @ http://localhost:5199/node_modules/.vite/deps/@strudel_web.js?v=271342c3:10
[  510740ms] [LOG] %c[getTrigger] error: sound RolandTR909_hh not found! Is it loaded? background-color: black;color:white;border-radius:15px @ http://localhost:5199/node_modules/.vite/deps/@strudel_web.js?v=271342c3:10
[  510840ms] [LOG] %c[getTrigger] error: sound RolandTR909_cp not found! Is it loaded? background-color: black;color:white;border-radius:15px @ http://localhost:5199/node_modules/.vite/deps/@strudel_web.js?v=271342c3:10
[  510940ms] [LOG] %c[getTrigger] error: sound RolandTR909_hh not found! Is it loaded? background-color: black;color:white;border-radius:15px @ http://localhost:5199/node_modules/.vite/deps/@strudel_web.js?v=271342c3:10
[  511039ms] [LOG] %c[getTrigger] error: sound RolandTR909_oh not found! Is it loaded? background-color: black;color:white;border-radius:15px @ http://localhost:5199/node_modules/.vite/deps/@strudel_web.js?v=271342c3:10
[  511140ms] [LOG] %c[getTrigger] error: sound RolandTR909_hh not found! Is it loaded? background-color: black;color:white;border-radius:15px @ http://localhost:5199/node_modules/.vite/deps/@strudel_web.js?v=271342c3:10
[  511241ms] [LOG] %c[getTrigger] error: sound RolandTR909_bd not found! Is it loaded? background-color: black;color:white;border-radius:15px @ http://localhost:5199/node_modules/.vite/deps/@strudel_web.js?v=271342c3:10
[  511340ms] [LOG] %c[getTrigger] error: sound RolandTR909_hh not found! Is it loaded? background-color: black;color:white;border-radius:15px @ http://localhost:5199/node_modules/.vite/deps/@strudel_web.js?v=271342c3:10
[  511440ms] [LOG] %c[getTrigger] error: sound RolandTR909_oh not found! Is it loaded? background-color: black;color:white;border-radius:15px @ http://localhost:5199/node_modules/.vite/deps/@strudel_web.js?v=271342c3:10
[  511445ms] [LOG] %c[eval] code updated background-color: black;color:white;border-radius:15px @ http://localhost:5199/node_modules/.vite/deps/@strudel_web.js?v=271342c3:10
[  511540ms] [LOG] %c[getTrigger] error: sound RolandTR909_hh not found! Is it loaded? background-color: black;color:white;border-radius:15px @ http://localhost:5199/node_modules/.vite/deps/@strudel_web.js?v=271342c3:10
[  511640ms] [LOG] %c[getTrigger] error: sound RolandTR909_cp not found! Is it loaded? background-color: black;color:white;border-radius:15px @ http://localhost:5199/node_modules/.vite/deps/@strudel_web.js?v=271342c3:10
[  511840ms] [LOG] %c[getTrigger] error: sound RolandTR909_hh not found! Is it loaded? background-color: black;color:white;border-radius:15px @ http://localhost:5199/node_modules/.vite/deps/@strudel_web.js?v=271342c3:10
[  512039ms] [LOG] %c[getTrigger] error: sound RolandTR909_oh not found! Is it loaded? background-color: black;color:white;border-radius:15px @ http://localhost:5199/node_modules/.vite/deps/@strudel_web.js?v=271342c3:10
[  512140ms] [LOG] %c[getTrigger] error: sound RolandTR909_hh not found! Is it loaded? background-color: black;color:white;border-radius:15px @ http://localhost:5199/node_modules/.vite/deps/@strudel_web.js?v=271342c3:10
[  512640ms] [LOG] %c[getTrigger] error: sound RolandTR909_oh not found! Is it loaded? background-color: black;color:white;border-radius:15px @ http://localhost:5199/node_modules/.vite/deps/@strudel_web.js?v=271342c3:10
[  512840ms] [LOG] %c[getTrigger] error: sound RolandTR909_hh not found! Is it loaded? background-color: black;color:white;border-radius:15px @ http://localhost:5199/node_modules/.vite/deps/@strudel_web.js?v=271342c3:10
[  513040ms] [LOG] %c[getTrigger] error: sound RolandTR909_cp not found! Is it loaded? background-color: black;color:white;border-radius:15px @ http://localhost:5199/node_modules/.vite/deps/@strudel_web.js?v=271342c3:10
[  513140ms] [LOG] %c[getTrigger] error: sound RolandTR909_hh not found! Is it loaded? background-color: black;color:white;border-radius:15px @ http://localhost:5199/node_modules/.vite/deps/@strudel_web.js?v=271342c3:10
[  513340ms] [LOG] %c[getTrigger] error: sound RolandTR909_oh not found! Is it loaded? background-color: black;color:white;border-radius:15px @ http://localhost:5199/node_modules/.vite/deps/@strudel_web.js?v=271342c3:10
[  513558ms] [LOG] %c[getTrigger] error: sound RolandTR909_hh not found! Is it loaded? background-color: black;color:white;border-radius:15px @ http://localhost:5199/node_modules/.vite/deps/@strudel_web.js?v=271342c3:10
[  513640ms] [LOG] %c[getTrigger] error: sound RolandTR909_bd not found! Is it loaded? background-color: black;color:white;border-radius:15px @ http://localhost:5199/node_modules/.vite/deps/@strudel_web.js?v=271342c3:10
[  513840ms] [LOG] %c[getTrigger] error: sound RolandTR909_hh not found! Is it loaded? background-color: black;color:white;border-radius:15px @ http://localhost:5199/node_modules/.vite/deps/@strudel_web.js?v=271342c3:10
[  513878ms] [LOG] %c[eval] code updated background-color: black;color:white;border-radius:15px @ http://localhost:5199/node_modules/.vite/deps/@strudel_web.js?v=271342c3:10
[  513939ms] [LOG] %c[getTrigger] error: sound RolandTR909_oh not found! Is it loaded? background-color: black;color:white;border-radius:15px @ http://localhost:5199/node_modules/.vite/deps/@strudel_web.js?v=271342c3:10
[  514039ms] [LOG] %c[getTrigger] error: sound RolandTR909_hh not found! Is it loaded? background-color: black;color:white;border-radius:15px @ http://localhost:5199/node_modules/.vite/deps/@strudel_web.js?v=271342c3:10
[  514140ms] [LOG] %c[getTrigger] error: sound RolandTR909_cp not found! Is it loaded? background-color: black;color:white;border-radius:15px @ http://localhost:5199/node_modules/.vite/deps/@strudel_web.js?v=271342c3:10
[  514240ms] [LOG] %c[getTrigger] error: sound RolandTR909_hh not found! Is it loaded? background-color: black;color:white;border-radius:15px @ http://localhost:5199/node_modules/.vite/deps/@strudel_web.js?v=271342c3:10
[  514340ms] [LOG] %c[getTrigger] error: sound RolandTR909_oh not found! Is it loaded? background-color: black;color:white;border-radius:15px @ http://localhost:5199/node_modules/.vite/deps/@strudel_web.js?v=271342c3:10
[  514340ms] [LOG] %c[getTrigger] error: sound RolandTR909_hh not found! Is it loaded? background-color: black;color:white;border-radius:15px @ http://localhost:5199/node_modules/.vite/deps/@strudel_web.js?v=271342c3:10
[  514639ms] [LOG] %c[getTrigger] error: sound RolandTR909_oh not found! Is it loaded? background-color: black;color:white;border-radius:15px @ http://localhost:5199/node_modules/.vite/deps/@strudel_web.js?v=271342c3:10
[  514740ms] [LOG] %c[getTrigger] error: sound RolandTR909_hh not found! Is it loaded? background-color: black;color:white;border-radius:15px @ http://localhost:5199/node_modules/.vite/deps/@strudel_web.js?v=271342c3:10
[  514840ms] [LOG] %c[getTrigger] error: sound RolandTR909_cp not found! Is it loaded? background-color: black;color:white;border-radius:15px @ http://localhost:5199/node_modules/.vite/deps/@strudel_web.js?v=271342c3:10
[  514939ms] [LOG] %c[getTrigger] error: sound RolandTR909_hh not found! Is it loaded? background-color: black;color:white;border-radius:15px @ http://localhost:5199/node_modules/.vite/deps/@strudel_web.js?v=271342c3:10
[  515039ms] [LOG] %c[getTrigger] error: sound RolandTR909_oh not found! Is it loaded? background-color: black;color:white;border-radius:15px @ http://localhost:5199/node_modules/.vite/deps/@strudel_web.js?v=271342c3:10
[  515140ms] [LOG] %c[getTrigger] error: sound RolandTR909_hh not found! Is it loaded? background-color: black;color:white;border-radius:15px @ http://localhost:5199/node_modules/.vite/deps/@strudel_web.js?v=271342c3:10
[  515140ms] [LOG] %c[getTrigger] error: sound RolandTR909_bd not found! Is it loaded? background-color: black;color:white;border-radius:15px @ http://localhost:5199/node_modules/.vite/deps/@strudel_web.js?v=271342c3:10
[  515240ms] [LOG] %c[getTrigger] error: sound RolandTR909_hh not found! Is it loaded? background-color: black;color:white;border-radius:15px @ http://localhost:5199/node_modules/.vite/deps/@strudel_web.js?v=271342c3:10
[  515340ms] [LOG] %c[getTrigger] error: sound RolandTR909_oh not found! Is it loaded? background-color: black;color:white;border-radius:15px @ http://localhost:5199/node_modules/.vite/deps/@strudel_web.js?v=271342c3:10
[  515440ms] [LOG] %c[getTrigger] error: sound RolandTR909_hh not found! Is it loaded? background-color: black;color:white;border-radius:15px @ http://localhost:5199/node_modules/.vite/deps/@strudel_web.js?v=271342c3:10
[  515540ms] [LOG] %c[getTrigger] error: sound RolandTR909_cp not found! Is it loaded? background-color: black;color:white;border-radius:15px @ http://localhost:5199/node_modules/.vite/deps/@strudel_web.js?v=271342c3:10
[  515640ms] [LOG] %c[getTrigger] error: sound RolandTR909_hh not found! Is it loaded? background-color: black;color:white;border-radius:15px @ http://localhost:5199/node_modules/.vite/deps/@strudel_web.js?v=271342c3:10
[  515740ms] [LOG] %c[getTrigger] error: sound RolandTR909_oh not found! Is it loaded? background-color: black;color:white;border-radius:15px @ http://localhost:5199/node_modules/.vite/deps/@strudel_web.js?v=271342c3:10
[  515840ms] [LOG] %c[getTrigger] error: sound RolandTR909_hh not found! Is it loaded? background-color: black;color:white;border-radius:15px @ http://localhost:5199/node_modules/.vite/deps/@strudel_web.js?v=271342c3:10
[  516039ms] [LOG] %c[getTrigger] error: sound RolandTR909_oh not found! Is it loaded? background-color: black;color:white;border-radius:15px @ http://localhost:5199/node_modules/.vite/deps/@strudel_web.js?v=271342c3:10
[  516140ms] [LOG] %c[getTrigger] error: sound RolandTR909_hh not found! Is it loaded? background-color: black;color:white;border-radius:15px @ http://localhost:5199/node_modules/.vite/deps/@strudel_web.js?v=271342c3:10
[  516240ms] [LOG] %c[getTrigger] error: sound RolandTR909_cp not found! Is it loaded? background-color: black;color:white;border-radius:15px @ http://localhost:5199/node_modules/.vite/deps/@strudel_web.js?v=271342c3:10
[  516340ms] [LOG] %c[getTrigger] error: sound RolandTR909_hh not found! Is it loaded? background-color: black;color:white;border-radius:15px @ http://localhost:5199/node_modules/.vite/deps/@strudel_web.js?v=271342c3:10
[  516439ms] [LOG] %c[getTrigger] error: sound RolandTR909_oh not found! Is it loaded? background-color: black;color:white;border-radius:15px @ http://localhost:5199/node_modules/.vite/deps/@strudel_web.js?v=271342c3:10
[  516539ms] [LOG] %c[getTrigger] error: sound RolandTR909_hh not found! Is it loaded? background-color: black;color:white;border-radius:15px @ http://localhost:5199/node_modules/.vite/deps/@strudel_web.js?v=271342c3:10
[  516640ms] [LOG] %c[getTrigger] error: sound RolandTR909_bd not found! Is it loaded? background-color: black;color:white;border-radius:15px @ http://localhost:5199/node_modules/.vite/deps/@strudel_web.js?v=271342c3:10
[  516640ms] [LOG] %c[getTrigger] error: sound RolandTR909_hh not found! Is it loaded? background-color: black;color:white;border-radius:15px @ http://localhost:5199/node_modules/.vite/deps/@strudel_web.js?v=271342c3:10
[  516740ms] [LOG] %c[getTrigger] error: sound RolandTR909_oh not found! Is it loaded? background-color: black;color:white;border-radius:15px @ http://localhost:5199/node_modules/.vite/deps/@strudel_web.js?v=271342c3:10
[  516822ms] [LOG] %c[eval] code updated background-color: black;color:white;border-radius:15px @ http://localhost:5199/node_modules/.vite/deps/@strudel_web.js?v=271342c3:10
[  516840ms] [LOG] %c[getTrigger] error: sound RolandTR909_hh not found! Is it loaded? background-color: black;color:white;border-radius:15px @ http://localhost:5199/node_modules/.vite/deps/@strudel_web.js?v=271342c3:10
[  516940ms] [LOG] %c[getTrigger] error: sound RolandTR909_oh not found! Is it loaded? background-color: black;color:white;border-radius:15px @ http://localhost:5199/node_modules/.vite/deps/@strudel_web.js?v=271342c3:10
[  516940ms] [LOG] %c[getTrigger] error: sound RolandTR808_sd not found! Is it loaded? background-color: black;color:white;border-radius:15px @ http://localhost:5199/node_modules/.vite/deps/@strudel_web.js?v=271342c3:10
[  517040ms] [LOG] %c[getTrigger] error: sound RolandTR909_hh not found! Is it loaded? background-color: black;color:white;border-radius:15px @ http://localhost:5199/node_modules/.vite/deps/@strudel_web.js?v=271342c3:10
[  517041ms] [LOG] %c[getTrigger] error: sound RolandTR808_rim not found! Is it loaded? background-color: black;color:white;border-radius:15px @ http://localhost:5199/node_modules/.vite/deps/@strudel_web.js?v=271342c3:10
[  517158ms] [LOG] %c[getTrigger] error: sound RolandTR909_hh not found! Is it loaded? background-color: black;color:white;border-radius:15px @ http://localhost:5199/node_modules/.vite/deps/@strudel_web.js?v=271342c3:10
[  517340ms] [LOG] %c[getTrigger] error: sound RolandTR808_rim not found! Is it loaded? background-color: black;color:white;border-radius:15px @ http://localhost:5199/node_modules/.vite/deps/@strudel_web.js?v=271342c3:10
[  517340ms] [LOG] %c[getTrigger] error: sound RolandTR909_hh not found! Is it loaded? background-color: black;color:white;border-radius:15px @ http://localhost:5199/node_modules/.vite/deps/@strudel_web.js?v=271342c3:10
[  517539ms] [LOG] %c[getTrigger] error: sound RolandTR808_rim not found! Is it loaded? background-color: black;color:white;border-radius:15px @ http://localhost:5199/node_modules/.vite/deps/@strudel_web.js?v=271342c3:10
[  517540ms] [LOG] %c[getTrigger] error: sound RolandTR909_hh not found! Is it loaded? background-color: black;color:white;border-radius:15px @ http://localhost:5199/node_modules/.vite/deps/@strudel_web.js?v=271342c3:10
[  517658ms] [LOG] %c[getTrigger] error: sound RolandTR909_oh not found! Is it loaded? background-color: black;color:white;border-radius:15px @ http://localhost:5199/node_modules/.vite/deps/@strudel_web.js?v=271342c3:10
[  517658ms] [LOG] %c[getTrigger] error: sound RolandTR808_sd not found! Is it loaded? background-color: black;color:white;border-radius:15px @ http://localhost:5199/node_modules/.vite/deps/@strudel_web.js?v=271342c3:10
[  517739ms] [LOG] %c[getTrigger] error: sound RolandTR909_hh not found! Is it loaded? background-color: black;color:white;border-radius:15px @ http://localhost:5199/node_modules/.vite/deps/@strudel_web.js?v=271342c3:10
[  517840ms] [LOG] %c[getTrigger] error: sound RolandTR909_bd not found! Is it loaded? background-color: black;color:white;border-radius:15px @ http://localhost:5199/node_modules/.vite/deps/@strudel_web.js?v=271342c3:10
[  517840ms] [LOG] %c[getTrigger] error: sound RolandTR909_hh not found! Is it loaded? background-color: black;color:white;border-radius:15px @ http://localhost:5199/node_modules/.vite/deps/@strudel_web.js?v=271342c3:10
[  518041ms] [LOG] %c[getTrigger] error: sound RolandTR909_bd not found! Is it loaded? background-color: black;color:white;border-radius:15px @ http://localhost:5199/node_modules/.vite/deps/@strudel_web.js?v=271342c3:10
[  518041ms] [LOG] %c[getTrigger] error: sound RolandTR808_rim not found! Is it loaded? background-color: black;color:white;border-radius:15px @ http://localhost:5199/node_modules/.vite/deps/@strudel_web.js?v=271342c3:10
[  518041ms] [LOG] %c[getTrigger] error: sound RolandTR909_hh not found! Is it loaded? background-color: black;color:white;border-radius:15px @ http://localhost:5199/node_modules/.vite/deps/@strudel_web.js?v=271342c3:10
[  518041ms] [LOG] %c[getTrigger] error: sound RolandTR808_rim not found! Is it loaded? background-color: black;color:white;border-radius:15px @ http://localhost:5199/node_modules/.vite/deps/@strudel_web.js?v=271342c3:10
[  518139ms] [LOG] %c[getTrigger] error: sound RolandTR909_hh not found! Is it loaded? background-color: black;color:white;border-radius:15px @ http://localhost:5199/node_modules/.vite/deps/@strudel_web.js?v=271342c3:10
[  518224ms] [LOG] %c[eval] code updated background-color: black;color:white;border-radius:15px @ http://localhost:5199/node_modules/.vite/deps/@strudel_web.js?v=271342c3:10
[  518240ms] [LOG] %c[getTrigger] error: sound RolandTR909_hh not found! Is it loaded? background-color: black;color:white;border-radius:15px @ http://localhost:5199/node_modules/.vite/deps/@strudel_web.js?v=271342c3:10
[  518340ms] [LOG] %c[getTrigger] error: sound RolandTR909_cp not found! Is it loaded? background-color: black;color:white;border-radius:15px @ http://localhost:5199/node_modules/.vite/deps/@strudel_web.js?v=271342c3:10
[  518440ms] [LOG] %c[getTrigger] error: sound RolandTR909_hh not found! Is it loaded? background-color: black;color:white;border-radius:15px @ http://localhost:5199/node_modules/.vite/deps/@strudel_web.js?v=271342c3:10
[  518540ms] [LOG] %c[getTrigger] error: sound RolandTR909_oh not found! Is it loaded? background-color: black;color:white;border-radius:15px @ http://localhost:5199/node_modules/.vite/deps/@strudel_web.js?v=271342c3:10
[  518639ms] [LOG] %c[getTrigger] error: sound RolandTR909_hh not found! Is it loaded? background-color: black;color:white;border-radius:15px @ http://localhost:5199/node_modules/.vite/deps/@strudel_web.js?v=271342c3:10
[  518740ms] [LOG] %c[getTrigger] error: sound RolandTR909_bd not found! Is it loaded? background-color: black;color:white;border-radius:15px @ http://localhost:5199/node_modules/.vite/deps/@strudel_web.js?v=271342c3:10
[  518840ms] [LOG] %c[getTrigger] error: sound RolandTR909_hh not found! Is it loaded? background-color: black;color:white;border-radius:15px @ http://localhost:5199/node_modules/.vite/deps/@strudel_web.js?v=271342c3:10
[  518840ms] [LOG] %c[getTrigger] error: sound RolandTR909_oh not found! Is it loaded? background-color: black;color:white;border-radius:15px @ http://localhost:5199/node_modules/.vite/deps/@strudel_web.js?v=271342c3:10
[  518939ms] [LOG] %c[getTrigger] error: sound RolandTR909_hh not found! Is it loaded? background-color: black;color:white;border-radius:15px @ http://localhost:5199/node_modules/.vite/deps/@strudel_web.js?v=271342c3:10
[  519040ms] [LOG] %c[getTrigger] error: sound RolandTR909_cp not found! Is it loaded? background-color: black;color:white;border-radius:15px @ http://localhost:5199/node_modules/.vite/deps/@strudel_web.js?v=271342c3:10
[  519139ms] [LOG] %c[getTrigger] error: sound RolandTR909_hh not found! Is it loaded? background-color: black;color:white;border-radius:15px @ http://localhost:5199/node_modules/.vite/deps/@strudel_web.js?v=271342c3:10
[  519239ms] [LOG] %c[getTrigger] error: sound RolandTR909_oh not found! Is it loaded? background-color: black;color:white;border-radius:15px @ http://localhost:5199/node_modules/.vite/deps/@strudel_web.js?v=271342c3:10
[  519339ms] [LOG] %c[getTrigger] error: sound RolandTR909_hh not found! Is it loaded? background-color: black;color:white;border-radius:15px @ http://localhost:5199/node_modules/.vite/deps/@strudel_web.js?v=271342c3:10
[  519440ms] [LOG] %c[getTrigger] error: sound RolandTR909_bd not found! Is it loaded? background-color: black;color:white;border-radius:15px @ http://localhost:5199/node_modules/.vite/deps/@strudel_web.js?v=271342c3:10
[  519539ms] [LOG] %c[getTrigger] error: sound RolandTR909_hh not found! Is it loaded? background-color: black;color:white;border-radius:15px @ http://localhost:5199/node_modules/.vite/deps/@strudel_web.js?v=271342c3:10
[  519633ms] [LOG] %c[eval] code updated background-color: black;color:white;border-radius:15px @ http://localhost:5199/node_modules/.vite/deps/@strudel_web.js?v=271342c3:10
[  519640ms] [LOG] %c[getTrigger] error: sound RolandTR909_hh not found! Is it loaded? background-color: black;color:white;border-radius:15px @ http://localhost:5199/node_modules/.vite/deps/@strudel_web.js?v=271342c3:10
[  519739ms] [LOG] %c[getTrigger] error: sound RolandTR909_oh not found! Is it loaded? background-color: black;color:white;border-radius:15px @ http://localhost:5199/node_modules/.vite/deps/@strudel_web.js?v=271342c3:10
[  519740ms] [LOG] %c[getTrigger] error: sound RolandTR808_sd not found! Is it loaded? background-color: black;color:white;border-radius:15px @ http://localhost:5199/node_modules/.vite/deps/@strudel_web.js?v=271342c3:10
[  519840ms] [LOG] %c[getTrigger] error: sound RolandTR909_hh not found! Is it loaded? background-color: black;color:white;border-radius:15px @ http://localhost:5199/node_modules/.vite/deps/@strudel_web.js?v=271342c3:10
[  519840ms] [LOG] %c[getTrigger] error: sound RolandTR808_rim not found! Is it loaded? background-color: black;color:white;border-radius:15px @ http://localhost:5199/node_modules/.vite/deps/@strudel_web.js?v=271342c3:10
[  519941ms] [LOG] %c[getTrigger] error: sound RolandTR909_hh not found! Is it loaded? background-color: black;color:white;border-radius:15px @ http://localhost:5199/node_modules/.vite/deps/@strudel_web.js?v=271342c3:10
[  520139ms] [LOG] %c[getTrigger] error: sound RolandTR808_rim not found! Is it loaded? background-color: black;color:white;border-radius:15px @ http://localhost:5199/node_modules/.vite/deps/@strudel_web.js?v=271342c3:10
[  520139ms] [LOG] %c[getTrigger] error: sound RolandTR909_hh not found! Is it loaded? background-color: black;color:white;border-radius:15px @ http://localhost:5199/node_modules/.vite/deps/@strudel_web.js?v=271342c3:10
[  520340ms] [LOG] %c[getTrigger] error: sound RolandTR808_rim not found! Is it loaded? background-color: black;color:white;border-radius:15px @ http://localhost:5199/node_modules/.vite/deps/@strudel_web.js?v=271342c3:10
[  520440ms] [LOG] %c[getTrigger] error: sound RolandTR909_hh not found! Is it loaded? background-color: black;color:white;border-radius:15px @ http://localhost:5199/node_modules/.vite/deps/@strudel_web.js?v=271342c3:10
[  520440ms] [LOG] %c[getTrigger] error: sound RolandTR909_oh not found! Is it loaded? background-color: black;color:white;border-radius:15px @ http://localhost:5199/node_modules/.vite/deps/@strudel_web.js?v=271342c3:10
[  520440ms] [LOG] %c[getTrigger] error: sound RolandTR808_sd not found! Is it loaded? background-color: black;color:white;border-radius:15px @ http://localhost:5199/node_modules/.vite/deps/@strudel_web.js?v=271342c3:10
[  520539ms] [LOG] %c[getTrigger] error: sound RolandTR909_hh not found! Is it loaded? background-color: black;color:white;border-radius:15px @ http://localhost:5199/node_modules/.vite/deps/@strudel_web.js?v=271342c3:10
[  520639ms] [LOG] %c[getTrigger] error: sound RolandTR909_bd not found! Is it loaded? background-color: black;color:white;border-radius:15px @ http://localhost:5199/node_modules/.vite/deps/@strudel_web.js?v=271342c3:10
[  520640ms] [LOG] %c[getTrigger] error: sound RolandTR909_hh not found! Is it loaded? background-color: black;color:white;border-radius:15px @ http://localhost:5199/node_modules/.vite/deps/@strudel_web.js?v=271342c3:10
[  520841ms] [LOG] %c[getTrigger] error: sound RolandTR909_bd not found! Is it loaded? background-color: black;color:white;border-radius:15px @ http://localhost:5199/node_modules/.vite/deps/@strudel_web.js?v=271342c3:10
[  520841ms] [LOG] %c[getTrigger] error: sound RolandTR808_rim not found! Is it loaded? background-color: black;color:white;border-radius:15px @ http://localhost:5199/node_modules/.vite/deps/@strudel_web.js?v=271342c3:10
[  520841ms] [LOG] %c[getTrigger] error: sound RolandTR909_hh not found! Is it loaded? background-color: black;color:white;border-radius:15px @ http://localhost:5199/node_modules/.vite/deps/@strudel_web.js?v=271342c3:10
[  520841ms] [LOG] %c[getTrigger] error: sound RolandTR808_rim not found! Is it loaded? background-color: black;color:white;border-radius:15px @ http://localhost:5199/node_modules/.vite/deps/@strudel_web.js?v=271342c3:10
[  520939ms] [LOG] %c[getTrigger] error: sound RolandTR909_hh not found! Is it loaded? background-color: black;color:white;border-radius:15px @ http://localhost:5199/node_modules/.vite/deps/@strudel_web.js?v=271342c3:10
[  521043ms] [LOG] %c[eval] code updated background-color: black;color:white;border-radius:15px @ http://localhost:5199/node_modules/.vite/deps/@strudel_web.js?v=271342c3:10
[  521140ms] [LOG] %c[getTrigger] error: sound RolandTR909_hh not found! Is it loaded? background-color: black;color:white;border-radius:15px @ http://localhost:5199/node_modules/.vite/deps/@strudel_web.js?v=271342c3:10
[  521140ms] [LOG] %c[getTrigger] error: sound RolandTR808_rim not found! Is it loaded? background-color: black;color:white;border-radius:15px @ http://localhost:5199/node_modules/.vite/deps/@strudel_web.js?v=271342c3:10
[  521140ms] [LOG] %c[getTrigger] error: sound RolandTR909_hh not found! Is it loaded? background-color: black;color:white;border-radius:15px @ http://localhost:5199/node_modules/.vite/deps/@strudel_web.js?v=271342c3:10
[  521140ms] [LOG] %c[getTrigger] error: sound RolandTR909_oh not found! Is it loaded? background-color: black;color:white;border-radius:15px @ http://localhost:5199/node_modules/.vite/deps/@strudel_web.js?v=271342c3:10
[  521140ms] [LOG] %c[getTrigger] error: sound RolandTR808_sd not found! Is it loaded? background-color: black;color:white;border-radius:15px @ http://localhost:5199/node_modules/.vite/deps/@strudel_web.js?v=271342c3:10
[  521239ms] [LOG] %c[getTrigger] error: sound RolandTR909_hh not found! Is it loaded? background-color: black;color:white;border-radius:15px @ http://localhost:5199/node_modules/.vite/deps/@strudel_web.js?v=271342c3:10
[  521340ms] [LOG] %c[getTrigger] error: sound RolandTR808_rim not found! Is it loaded? background-color: black;color:white;border-radius:15px @ http://localhost:5199/node_modules/.vite/deps/@strudel_web.js?v=271342c3:10
[  521340ms] [LOG] %c[getTrigger] error: sound RolandTR909_hh not found! Is it loaded? background-color: black;color:white;border-radius:15px @ http://localhost:5199/node_modules/.vite/deps/@strudel_web.js?v=271342c3:10
[  521540ms] [LOG] %c[getTrigger] error: sound RolandTR808_rim not found! Is it loaded? background-color: black;color:white;border-radius:15px @ http://localhost:5199/node_modules/.vite/deps/@strudel_web.js?v=271342c3:10
[  521540ms] [LOG] %c[getTrigger] error: sound RolandTR909_hh not found! Is it loaded? background-color: black;color:white;border-radius:15px @ http://localhost:5199/node_modules/.vite/deps/@strudel_web.js?v=271342c3:10
[  521759ms] [LOG] %c[getTrigger] error: sound RolandTR808_rim not found! Is it loaded? background-color: black;color:white;border-radius:15px @ http://localhost:5199/node_modules/.vite/deps/@strudel_web.js?v=271342c3:10
[  521759ms] [LOG] %c[getTrigger] error: sound RolandTR909_hh not found! Is it loaded? background-color: black;color:white;border-radius:15px @ http://localhost:5199/node_modules/.vite/deps/@strudel_web.js?v=271342c3:10
[  521840ms] [LOG] %c[getTrigger] error: sound RolandTR909_oh not found! Is it loaded? background-color: black;color:white;border-radius:15px @ http://localhost:5199/node_modules/.vite/deps/@strudel_web.js?v=271342c3:10
[  521840ms] [LOG] %c[getTrigger] error: sound RolandTR808_sd not found! Is it loaded? background-color: black;color:white;border-radius:15px @ http://localhost:5199/node_modules/.vite/deps/@strudel_web.js?v=271342c3:10
[  521940ms] [LOG] %c[getTrigger] error: sound RolandTR909_hh not found! Is it loaded? background-color: black;color:white;border-radius:15px @ http://localhost:5199/node_modules/.vite/deps/@strudel_web.js?v=271342c3:10
[  522040ms] [LOG] %c[getTrigger] error: sound RolandTR909_bd not found! Is it loaded? background-color: black;color:white;border-radius:15px @ http://localhost:5199/node_modules/.vite/deps/@strudel_web.js?v=271342c3:10
[  522040ms] [LOG] %c[getTrigger] error: sound RolandTR909_hh not found! Is it loaded? background-color: black;color:white;border-radius:15px @ http://localhost:5199/node_modules/.vite/deps/@strudel_web.js?v=271342c3:10
[  522240ms] [LOG] %c[getTrigger] error: sound RolandTR909_bd not found! Is it loaded? background-color: black;color:white;border-radius:15px @ http://localhost:5199/node_modules/.vite/deps/@strudel_web.js?v=271342c3:10
[  522240ms] [LOG] %c[getTrigger] error: sound RolandTR808_rim not found! Is it loaded? background-color: black;color:white;border-radius:15px @ http://localhost:5199/node_modules/.vite/deps/@strudel_web.js?v=271342c3:10
[  522240ms] [LOG] %c[getTrigger] error: sound RolandTR909_hh not found! Is it loaded? background-color: black;color:white;border-radius:15px @ http://localhost:5199/node_modules/.vite/deps/@strudel_web.js?v=271342c3:10
[  522240ms] [LOG] %c[getTrigger] error: sound RolandTR808_rim not found! Is it loaded? background-color: black;color:white;border-radius:15px @ http://localhost:5199/node_modules/.vite/deps/@strudel_web.js?v=271342c3:10
[  522339ms] [LOG] %c[getTrigger] error: sound RolandTR909_hh not found! Is it loaded? background-color: black;color:white;border-radius:15px @ http://localhost:5199/node_modules/.vite/deps/@strudel_web.js?v=271342c3:10
[  522455ms] [LOG] %c[eval] code updated background-color: black;color:white;border-radius:15px @ http://localhost:5199/node_modules/.vite/deps/@strudel_web.js?v=271342c3:10
[  522538ms] [LOG] %c[getTrigger] error: sound RolandTR909_hh not found! Is it loaded? background-color: black;color:white;border-radius:15px @ http://localhost:5199/node_modules/.vite/deps/@strudel_web.js?v=271342c3:10
[  522639ms] [LOG] %c[getTrigger] error: sound RolandTR909_oh not found! Is it loaded? background-color: black;color:white;border-radius:15px @ http://localhost:5199/node_modules/.vite/deps/@strudel_web.js?v=271342c3:10
[  522639ms] [LOG] %c[getTrigger] error: sound RolandTR808_sd not found! Is it loaded? background-color: black;color:white;border-radius:15px @ http://localhost:5199/node_modules/.vite/deps/@strudel_web.js?v=271342c3:10
[  522639ms] [LOG] %c[getTrigger] error: sound RolandTR909_hh not found! Is it loaded? background-color: black;color:white;border-radius:15px @ http://localhost:5199/node_modules/.vite/deps/@strudel_web.js?v=271342c3:10
[  522738ms] [LOG] %c[getTrigger] error: sound RolandTR808_rim not found! Is it loaded? background-color: black;color:white;border-radius:15px @ http://localhost:5199/node_modules/.vite/deps/@strudel_web.js?v=271342c3:10
[  522738ms] [LOG] %c[getTrigger] error: sound RolandTR909_hh not found! Is it loaded? background-color: black;color:white;border-radius:15px @ http://localhost:5199/node_modules/.vite/deps/@strudel_web.js?v=271342c3:10
[  522938ms] [LOG] %c[getTrigger] error: sound RolandTR808_rim not found! Is it loaded? background-color: black;color:white;border-radius:15px @ http://localhost:5199/node_modules/.vite/deps/@strudel_web.js?v=271342c3:10
[  522938ms] [LOG] %c[getTrigger] error: sound RolandTR909_hh not found! Is it loaded? background-color: black;color:white;border-radius:15px @ http://localhost:5199/node_modules/.vite/deps/@strudel_web.js?v=271342c3:10
[  523138ms] [LOG] %c[getTrigger] error: sound RolandTR808_rim not found! Is it loaded? background-color: black;color:white;border-radius:15px @ http://localhost:5199/node_modules/.vite/deps/@strudel_web.js?v=271342c3:10
[  523240ms] [LOG] %c[getTrigger] error: sound RolandTR909_hh not found! Is it loaded? background-color: black;color:white;border-radius:15px @ http://localhost:5199/node_modules/.vite/deps/@strudel_web.js?v=271342c3:10
[  523337ms] [LOG] %c[getTrigger] error: sound RolandTR909_oh not found! Is it loaded? background-color: black;color:white;border-radius:15px @ http://localhost:5199/node_modules/.vite/deps/@strudel_web.js?v=271342c3:10
[  523337ms] [LOG] %c[getTrigger] error: sound RolandTR808_sd not found! Is it loaded? background-color: black;color:white;border-radius:15px @ http://localhost:5199/node_modules/.vite/deps/@strudel_web.js?v=271342c3:10
[  523337ms] [LOG] %c[getTrigger] error: sound RolandTR909_hh not found! Is it loaded? background-color: black;color:white;border-radius:15px @ http://localhost:5199/node_modules/.vite/deps/@strudel_web.js?v=271342c3:10
[  523437ms] [LOG] %c[getTrigger] error: sound RolandTR909_bd not found! Is it loaded? background-color: black;color:white;border-radius:15px @ http://localhost:5199/node_modules/.vite/deps/@strudel_web.js?v=271342c3:10
[  523437ms] [LOG] %c[getTrigger] error: sound RolandTR909_hh not found! Is it loaded? background-color: black;color:white;border-radius:15px @ http://localhost:5199/node_modules/.vite/deps/@strudel_web.js?v=271342c3:10
[  523637ms] [LOG] %c[getTrigger] error: sound RolandTR909_bd not found! Is it loaded? background-color: black;color:white;border-radius:15px @ http://localhost:5199/node_modules/.vite/deps/@strudel_web.js?v=271342c3:10
[  523637ms] [LOG] %c[getTrigger] error: sound RolandTR808_rim not found! Is it loaded? background-color: black;color:white;border-radius:15px @ http://localhost:5199/node_modules/.vite/deps/@strudel_web.js?v=271342c3:10
[  523637ms] [LOG] %c[getTrigger] error: sound RolandTR909_hh not found! Is it loaded? background-color: black;color:white;border-radius:15px @ http://localhost:5199/node_modules/.vite/deps/@strudel_web.js?v=271342c3:10
[  523637ms] [LOG] %c[getTrigger] error: sound RolandTR808_rim not found! Is it loaded? background-color: black;color:white;border-radius:15px @ http://localhost:5199/node_modules/.vite/deps/@strudel_web.js?v=271342c3:10
[  523737ms] [LOG] %c[getTrigger] error: sound RolandTR909_hh not found! Is it loaded? background-color: black;color:white;border-radius:15px @ http://localhost:5199/node_modules/.vite/deps/@strudel_web.js?v=271342c3:10
[  523864ms] [LOG] %c[eval] code updated background-color: black;color:white;border-radius:15px @ http://localhost:5199/node_modules/.vite/deps/@strudel_web.js?v=271342c3:10
[  523936ms] [LOG] %c[getTrigger] error: sound RolandTR909_hh not found! Is it loaded? background-color: black;color:white;border-radius:15px @ http://localhost:5199/node_modules/.vite/deps/@strudel_web.js?v=271342c3:10
[  524036ms] [LOG] %c[getTrigger] error: sound RolandTR808_rim not found! Is it loaded? background-color: black;color:white;border-radius:15px @ http://localhost:5199/node_modules/.vite/deps/@strudel_web.js?v=271342c3:10
[  524036ms] [LOG] %c[getTrigger] error: sound RolandTR909_hh not found! Is it loaded? background-color: black;color:white;border-radius:15px @ http://localhost:5199/node_modules/.vite/deps/@strudel_web.js?v=271342c3:10
[  524036ms] [LOG] %c[getTrigger] error: sound RolandTR909_oh not found! Is it loaded? background-color: black;color:white;border-radius:15px @ http://localhost:5199/node_modules/.vite/deps/@strudel_web.js?v=271342c3:10
[  524036ms] [LOG] %c[getTrigger] error: sound RolandTR808_sd not found! Is it loaded? background-color: black;color:white;border-radius:15px @ http://localhost:5199/node_modules/.vite/deps/@strudel_web.js?v=271342c3:10
[  524135ms] [LOG] %c[getTrigger] error: sound RolandTR909_hh not found! Is it loaded? background-color: black;color:white;border-radius:15px @ http://localhost:5199/node_modules/.vite/deps/@strudel_web.js?v=271342c3:10
[  524135ms] [LOG] %c[getTrigger] error: sound RolandTR808_rim not found! Is it loaded? background-color: black;color:white;border-radius:15px @ http://localhost:5199/node_modules/.vite/deps/@strudel_web.js?v=271342c3:10
[  524135ms] [LOG] %c[getTrigger] error: sound RolandTR909_hh not found! Is it loaded? background-color: black;color:white;border-radius:15px @ http://localhost:5199/node_modules/.vite/deps/@strudel_web.js?v=271342c3:10
[  524335ms] [LOG] %c[getTrigger] error: sound RolandTR808_rim not found! Is it loaded? background-color: black;color:white;border-radius:15px @ http://localhost:5199/node_modules/.vite/deps/@strudel_web.js?v=271342c3:10
[  524335ms] [LOG] %c[getTrigger] error: sound RolandTR909_hh not found! Is it loaded? background-color: black;color:white;border-radius:15px @ http://localhost:5199/node_modules/.vite/deps/@strudel_web.js?v=271342c3:10
[  524634ms] [LOG] %c[getTrigger] error: sound RolandTR808_rim not found! Is it loaded? background-color: black;color:white;border-radius:15px @ http://localhost:5199/node_modules/.vite/deps/@strudel_web.js?v=271342c3:10
[  524734ms] [LOG] %c[getTrigger] error: sound RolandTR909_hh not found! Is it loaded? background-color: black;color:white;border-radius:15px @ http://localhost:5199/node_modules/.vite/deps/@strudel_web.js?v=271342c3:10
[  524735ms] [LOG] %c[getTrigger] error: sound RolandTR909_oh not found! Is it loaded? background-color: black;color:white;border-radius:15px @ http://localhost:5199/node_modules/.vite/deps/@strudel_web.js?v=271342c3:10
[  524735ms] [LOG] %c[getTrigger] error: sound RolandTR808_sd not found! Is it loaded? background-color: black;color:white;border-radius:15px @ http://localhost:5199/node_modules/.vite/deps/@strudel_web.js?v=271342c3:10
[  524834ms] [LOG] %c[getTrigger] error: sound RolandTR909_hh not found! Is it loaded? background-color: black;color:white;border-radius:15px @ http://localhost:5199/node_modules/.vite/deps/@strudel_web.js?v=271342c3:10
[  524834ms] [LOG] %c[getTrigger] error: sound RolandTR909_bd not found! Is it loaded? background-color: black;color:white;border-radius:15px @ http://localhost:5199/node_modules/.vite/deps/@strudel_web.js?v=271342c3:10
[  524834ms] [LOG] %c[getTrigger] error: sound RolandTR909_hh not found! Is it loaded? background-color: black;color:white;border-radius:15px @ http://localhost:5199/node_modules/.vite/deps/@strudel_web.js?v=271342c3:10
[  525034ms] [LOG] %c[getTrigger] error: sound RolandTR909_bd not found! Is it loaded? background-color: black;color:white;border-radius:15px @ http://localhost:5199/node_modules/.vite/deps/@strudel_web.js?v=271342c3:10
[  525034ms] [LOG] %c[getTrigger] error: sound RolandTR808_rim not found! Is it loaded? background-color: black;color:white;border-radius:15px @ http://localhost:5199/node_modules/.vite/deps/@strudel_web.js?v=271342c3:10
[  525034ms] [LOG] %c[getTrigger] error: sound RolandTR909_hh not found! Is it loaded? background-color: black;color:white;border-radius:15px @ http://localhost:5199/node_modules/.vite/deps/@strudel_web.js?v=271342c3:10
[  525034ms] [LOG] %c[getTrigger] error: sound RolandTR808_rim not found! Is it loaded? background-color: black;color:white;border-radius:15px @ http://localhost:5199/node_modules/.vite/deps/@strudel_web.js?v=271342c3:10
[  525134ms] [LOG] %c[getTrigger] error: sound RolandTR909_hh not found! Is it loaded? background-color: black;color:white;border-radius:15px @ http://localhost:5199/node_modules/.vite/deps/@strudel_web.js?v=271342c3:10
[  525433ms] [LOG] %c[getTrigger] error: sound RolandTR909_oh not found! Is it loaded? background-color: black;color:white;border-radius:15px @ http://localhost:5199/node_modules/.vite/deps/@strudel_web.js?v=271342c3:10
[  525433ms] [LOG] %c[getTrigger] error: sound RolandTR808_sd not found! Is it loaded? background-color: black;color:white;border-radius:15px @ http://localhost:5199/node_modules/.vite/deps/@strudel_web.js?v=271342c3:10
[  525533ms] [LOG] %c[getTrigger] error: sound RolandTR909_hh not found! Is it loaded? background-color: black;color:white;border-radius:15px @ http://localhost:5199/node_modules/.vite/deps/@strudel_web.js?v=271342c3:10
[  525533ms] [LOG] %c[getTrigger] error: sound RolandTR808_rim not found! Is it loaded? background-color: black;color:white;border-radius:15px @ http://localhost:5199/node_modules/.vite/deps/@strudel_web.js?v=271342c3:10
[  525632ms] [LOG] %c[getTrigger] error: sound RolandTR909_hh not found! Is it loaded? background-color: black;color:white;border-radius:15px @ http://localhost:5199/node_modules/.vite/deps/@strudel_web.js?v=271342c3:10
[  525732ms] [LOG] %c[getTrigger] error: sound RolandTR808_rim not found! Is it loaded? background-color: black;color:white;border-radius:15px @ http://localhost:5199/node_modules/.vite/deps/@strudel_web.js?v=271342c3:10
[  525732ms] [LOG] %c[getTrigger] error: sound RolandTR909_hh not found! Is it loaded? background-color: black;color:white;border-radius:15px @ http://localhost:5199/node_modules/.vite/deps/@strudel_web.js?v=271342c3:10
[  526032ms] [LOG] %c[getTrigger] error: sound RolandTR808_rim not found! Is it loaded? background-color: black;color:white;border-radius:15px @ http://localhost:5199/node_modules/.vite/deps/@strudel_web.js?v=271342c3:10
[  526132ms] [LOG] %c[getTrigger] error: sound RolandTR909_hh not found! Is it loaded? background-color: black;color:white;border-radius:15px @ http://localhost:5199/node_modules/.vite/deps/@strudel_web.js?v=271342c3:10
[  526132ms] [LOG] %c[getTrigger] error: sound RolandTR909_oh not found! Is it loaded? background-color: black;color:white;border-radius:15px @ http://localhost:5199/node_modules/.vite/deps/@strudel_web.js?v=271342c3:10
[  526132ms] [LOG] %c[getTrigger] error: sound RolandTR808_sd not found! Is it loaded? background-color: black;color:white;border-radius:15px @ http://localhost:5199/node_modules/.vite/deps/@strudel_web.js?v=271342c3:10
[  526231ms] [LOG] %c[getTrigger] error: sound RolandTR909_hh not found! Is it loaded? background-color: black;color:white;border-radius:15px @ http://localhost:5199/node_modules/.vite/deps/@strudel_web.js?v=271342c3:10
[  526330ms] [LOG] %c[getTrigger] error: sound RolandTR909_bd not found! Is it loaded? background-color: black;color:white;border-radius:15px @ http://localhost:5199/node_modules/.vite/deps/@strudel_web.js?v=271342c3:10
[  526330ms] [LOG] %c[getTrigger] error: sound RolandTR909_hh not found! Is it loaded? background-color: black;color:white;border-radius:15px @ http://localhost:5199/node_modules/.vite/deps/@strudel_web.js?v=271342c3:10
[  526431ms] [LOG] %c[getTrigger] error: sound RolandTR909_bd not found! Is it loaded? background-color: black;color:white;border-radius:15px @ http://localhost:5199/node_modules/.vite/deps/@strudel_web.js?v=271342c3:10
[  526431ms] [LOG] %c[getTrigger] error: sound RolandTR808_rim not found! Is it loaded? background-color: black;color:white;border-radius:15px @ http://localhost:5199/node_modules/.vite/deps/@strudel_web.js?v=271342c3:10
[  526431ms] [LOG] %c[getTrigger] error: sound RolandTR909_hh not found! Is it loaded? background-color: black;color:white;border-radius:15px @ http://localhost:5199/node_modules/.vite/deps/@strudel_web.js?v=271342c3:10
[  526432ms] [LOG] %c[getTrigger] error: sound RolandTR808_rim not found! Is it loaded? background-color: black;color:white;border-radius:15px @ http://localhost:5199/node_modules/.vite/deps/@strudel_web.js?v=271342c3:10
[  526531ms] [LOG] %c[getTrigger] error: sound RolandTR909_hh not found! Is it loaded? background-color: black;color:white;border-radius:15px @ http://localhost:5199/node_modules/.vite/deps/@strudel_web.js?v=271342c3:10
[  526688ms] [LOG] %c[eval] code updated background-color: black;color:white;border-radius:15px @ http://localhost:5199/node_modules/.vite/deps/@strudel_web.js?v=271342c3:10
[  526731ms] [LOG] %c[getTrigger] error: sound RolandTR909_hh not found! Is it loaded? background-color: black;color:white;border-radius:15px @ http://localhost:5199/node_modules/.vite/deps/@strudel_web.js?v=271342c3:10
[  526831ms] [LOG] %c[getTrigger] error: sound RolandTR808_rim not found! Is it loaded? background-color: black;color:white;border-radius:15px @ http://localhost:5199/node_modules/.vite/deps/@strudel_web.js?v=271342c3:10
[  526831ms] [LOG] %c[getTrigger] error: sound RolandTR909_hh not found! Is it loaded? background-color: black;color:white;border-radius:15px @ http://localhost:5199/node_modules/.vite/deps/@strudel_web.js?v=271342c3:10
[  526831ms] [LOG] %c[getTrigger] error: sound RolandTR909_oh not found! Is it loaded? background-color: black;color:white;border-radius:15px @ http://localhost:5199/node_modules/.vite/deps/@strudel_web.js?v=271342c3:10
[  526831ms] [LOG] %c[getTrigger] error: sound RolandTR808_sd not found! Is it loaded? background-color: black;color:white;border-radius:15px @ http://localhost:5199/node_modules/.vite/deps/@strudel_web.js?v=271342c3:10
[  526932ms] [LOG] %c[getTrigger] error: sound RolandTR909_hh not found! Is it loaded? background-color: black;color:white;border-radius:15px @ http://localhost:5199/node_modules/.vite/deps/@strudel_web.js?v=271342c3:10
[  526932ms] [LOG] %c[getTrigger] error: sound RolandTR808_rim not found! Is it loaded? background-color: black;color:white;border-radius:15px @ http://localhost:5199/node_modules/.vite/deps/@strudel_web.js?v=271342c3:10
[  527029ms] [LOG] %c[getTrigger] error: sound RolandTR909_hh not found! Is it loaded? background-color: black;color:white;border-radius:15px @ http://localhost:5199/node_modules/.vite/deps/@strudel_web.js?v=271342c3:10
[  527129ms] [LOG] %c[getTrigger] error: sound RolandTR808_rim not found! Is it loaded? background-color: black;color:white;border-radius:15px @ http://localhost:5199/node_modules/.vite/deps/@strudel_web.js?v=271342c3:10
[  527129ms] [LOG] %c[getTrigger] error: sound RolandTR909_hh not found! Is it loaded? background-color: black;color:white;border-radius:15px @ http://localhost:5199/node_modules/.vite/deps/@strudel_web.js?v=271342c3:10
[  527429ms] [LOG] %c[getTrigger] error: sound RolandTR808_rim not found! Is it loaded? background-color: black;color:white;border-radius:15px @ http://localhost:5199/node_modules/.vite/deps/@strudel_web.js?v=271342c3:10
[  527429ms] [LOG] %c[getTrigger] error: sound RolandTR909_hh not found! Is it loaded? background-color: black;color:white;border-radius:15px @ http://localhost:5199/node_modules/.vite/deps/@strudel_web.js?v=271342c3:10
[  527529ms] [LOG] %c[getTrigger] error: sound RolandTR909_oh not found! Is it loaded? background-color: black;color:white;border-radius:15px @ http://localhost:5199/node_modules/.vite/deps/@strudel_web.js?v=271342c3:10
[  527530ms] [LOG] %c[getTrigger] error: sound RolandTR808_sd not found! Is it loaded? background-color: black;color:white;border-radius:15px @ http://localhost:5199/node_modules/.vite/deps/@strudel_web.js?v=271342c3:10
[  527629ms] [LOG] %c[getTrigger] error: sound RolandTR909_hh not found! Is it loaded? background-color: black;color:white;border-radius:15px @ http://localhost:5199/node_modules/.vite/deps/@strudel_web.js?v=271342c3:10
[  527729ms] [LOG] %c[getTrigger] error: sound RolandTR909_bd not found! Is it loaded? background-color: black;color:white;border-radius:15px @ http://localhost:5199/node_modules/.vite/deps/@strudel_web.js?v=271342c3:10
[  527729ms] [LOG] %c[getTrigger] error: sound RolandTR909_hh not found! Is it loaded? background-color: black;color:white;border-radius:15px @ http://localhost:5199/node_modules/.vite/deps/@strudel_web.js?v=271342c3:10
[  527831ms] [LOG] %c[getTrigger] error: sound RolandTR909_bd not found! Is it loaded? background-color: black;color:white;border-radius:15px @ http://localhost:5199/node_modules/.vite/deps/@strudel_web.js?v=271342c3:10
[  527831ms] [LOG] %c[getTrigger] error: sound RolandTR808_rim not found! Is it loaded? background-color: black;color:white;border-radius:15px @ http://localhost:5199/node_modules/.vite/deps/@strudel_web.js?v=271342c3:10
[  527831ms] [LOG] %c[getTrigger] error: sound RolandTR909_hh not found! Is it loaded? background-color: black;color:white;border-radius:15px @ http://localhost:5199/node_modules/.vite/deps/@strudel_web.js?v=271342c3:10
[  527832ms] [LOG] %c[getTrigger] error: sound RolandTR808_rim not found! Is it loaded? background-color: black;color:white;border-radius:15px @ http://localhost:5199/node_modules/.vite/deps/@strudel_web.js?v=271342c3:10
[  527930ms] [LOG] %c[getTrigger] error: sound RolandTR909_hh not found! Is it loaded? background-color: black;color:white;border-radius:15px @ http://localhost:5199/node_modules/.vite/deps/@strudel_web.js?v=271342c3:10
[  528096ms] [LOG] %c[eval] code updated background-color: black;color:white;border-radius:15px @ http://localhost:5199/node_modules/.vite/deps/@strudel_web.js?v=271342c3:10
[  528129ms] [LOG] %c[getTrigger] error: sound RolandTR909_hh not found! Is it loaded? background-color: black;color:white;border-radius:15px @ http://localhost:5199/node_modules/.vite/deps/@strudel_web.js?v=271342c3:10
[  528228ms] [LOG] %c[getTrigger] error: sound RolandTR909_oh not found! Is it loaded? background-color: black;color:white;border-radius:15px @ http://localhost:5199/node_modules/.vite/deps/@strudel_web.js?v=271342c3:10
[  528228ms] [LOG] %c[getTrigger] error: sound RolandTR808_sd not found! Is it loaded? background-color: black;color:white;border-radius:15px @ http://localhost:5199/node_modules/.vite/deps/@strudel_web.js?v=271342c3:10
[  528328ms] [LOG] %c[getTrigger] error: sound RolandTR909_hh not found! Is it loaded? background-color: black;color:white;border-radius:15px @ http://localhost:5199/node_modules/.vite/deps/@strudel_web.js?v=271342c3:10
[  528328ms] [LOG] %c[getTrigger] error: sound RolandTR808_rim not found! Is it loaded? background-color: black;color:white;border-radius:15px @ http://localhost:5199/node_modules/.vite/deps/@strudel_web.js?v=271342c3:10
[  528427ms] [LOG] %c[getTrigger] error: sound RolandTR909_hh not found! Is it loaded? background-color: black;color:white;border-radius:15px @ http://localhost:5199/node_modules/.vite/deps/@strudel_web.js?v=271342c3:10
[  528627ms] [LOG] %c[getTrigger] error: sound RolandTR808_rim not found! Is it loaded? background-color: black;color:white;border-radius:15px @ http://localhost:5199/node_modules/.vite/deps/@strudel_web.js?v=271342c3:10
[  528627ms] [LOG] %c[getTrigger] error: sound RolandTR909_hh not found! Is it loaded? background-color: black;color:white;border-radius:15px @ http://localhost:5199/node_modules/.vite/deps/@strudel_web.js?v=271342c3:10
[  528827ms] [LOG] %c[getTrigger] error: sound RolandTR808_rim not found! Is it loaded? background-color: black;color:white;border-radius:15px @ http://localhost:5199/node_modules/.vite/deps/@strudel_web.js?v=271342c3:10
[  528827ms] [LOG] %c[getTrigger] error: sound RolandTR909_hh not found! Is it loaded? background-color: black;color:white;border-radius:15px @ http://localhost:5199/node_modules/.vite/deps/@strudel_web.js?v=271342c3:10
[  528928ms] [LOG] %c[getTrigger] error: sound RolandTR909_oh not found! Is it loaded? background-color: black;color:white;border-radius:15px @ http://localhost:5199/node_modules/.vite/deps/@strudel_web.js?v=271342c3:10
[  528928ms] [LOG] %c[getTrigger] error: sound RolandTR808_sd not found! Is it loaded? background-color: black;color:white;border-radius:15px @ http://localhost:5199/node_modules/.vite/deps/@strudel_web.js?v=271342c3:10
[  529027ms] [LOG] %c[getTrigger] error: sound RolandTR909_hh not found! Is it loaded? background-color: black;color:white;border-radius:15px @ http://localhost:5199/node_modules/.vite/deps/@strudel_web.js?v=271342c3:10
[  529126ms] [LOG] %c[getTrigger] error: sound RolandTR909_bd not found! Is it loaded? background-color: black;color:white;border-radius:15px @ http://localhost:5199/node_modules/.vite/deps/@strudel_web.js?v=271342c3:10
[  529127ms] [LOG] %c[getTrigger] error: sound RolandTR909_hh not found! Is it loaded? background-color: black;color:white;border-radius:15px @ http://localhost:5199/node_modules/.vite/deps/@strudel_web.js?v=271342c3:10
[  529327ms] [LOG] %c[getTrigger] error: sound RolandTR909_bd not found! Is it loaded? background-color: black;color:white;border-radius:15px @ http://localhost:5199/node_modules/.vite/deps/@strudel_web.js?v=271342c3:10
[  529327ms] [LOG] %c[getTrigger] error: sound RolandTR808_rim not found! Is it loaded? background-color: black;color:white;border-radius:15px @ http://localhost:5199/node_modules/.vite/deps/@strudel_web.js?v=271342c3:10
[  529327ms] [LOG] %c[getTrigger] error: sound RolandTR909_hh not found! Is it loaded? background-color: black;color:white;border-radius:15px @ http://localhost:5199/node_modules/.vite/deps/@strudel_web.js?v=271342c3:10
[  529327ms] [LOG] %c[getTrigger] error: sound RolandTR808_rim not found! Is it loaded? background-color: black;color:white;border-radius:15px @ http://localhost:5199/node_modules/.vite/deps/@strudel_web.js?v=271342c3:10
[  529327ms] [LOG] %c[getTrigger] error: sound RolandTR909_hh not found! Is it loaded? background-color: black;color:white;border-radius:15px @ http://localhost:5199/node_modules/.vite/deps/@strudel_web.js?v=271342c3:10
[  529504ms] [LOG] %c[eval] code updated background-color: black;color:white;border-radius:15px @ http://localhost:5199/node_modules/.vite/deps/@strudel_web.js?v=271342c3:10
[  529526ms] [LOG] %c[getTrigger] error: sound RolandTR909_hh not found! Is it loaded? background-color: black;color:white;border-radius:15px @ http://localhost:5199/node_modules/.vite/deps/@strudel_web.js?v=271342c3:10
[  529627ms] [LOG] %c[getTrigger] error: sound RolandTR808_rim not found! Is it loaded? background-color: black;color:white;border-radius:15px @ http://localhost:5199/node_modules/.vite/deps/@strudel_web.js?v=271342c3:10
[  529627ms] [LOG] %c[getTrigger] error: sound RolandTR909_hh not found! Is it loaded? background-color: black;color:white;border-radius:15px @ http://localhost:5199/node_modules/.vite/deps/@strudel_web.js?v=271342c3:10
[  529627ms] [LOG] %c[getTrigger] error: sound RolandTR909_oh not found! Is it loaded? background-color: black;color:white;border-radius:15px @ http://localhost:5199/node_modules/.vite/deps/@strudel_web.js?v=271342c3:10
[  529627ms] [LOG] %c[getTrigger] error: sound RolandTR808_sd not found! Is it loaded? background-color: black;color:white;border-radius:15px @ http://localhost:5199/node_modules/.vite/deps/@strudel_web.js?v=271342c3:10
[  529726ms] [LOG] %c[getTrigger] error: sound RolandTR909_hh not found! Is it loaded? background-color: black;color:white;border-radius:15px @ http://localhost:5199/node_modules/.vite/deps/@strudel_web.js?v=271342c3:10
[  529726ms] [LOG] %c[getTrigger] error: sound RolandTR808_rim not found! Is it loaded? background-color: black;color:white;border-radius:15px @ http://localhost:5199/node_modules/.vite/deps/@strudel_web.js?v=271342c3:10
[  529825ms] [LOG] %c[getTrigger] error: sound RolandTR909_hh not found! Is it loaded? background-color: black;color:white;border-radius:15px @ http://localhost:5199/node_modules/.vite/deps/@strudel_web.js?v=271342c3:10
[  530026ms] [LOG] %c[getTrigger] error: sound RolandTR808_rim not found! Is it loaded? background-color: black;color:white;border-radius:15px @ http://localhost:5199/node_modules/.vite/deps/@strudel_web.js?v=271342c3:10
[  530026ms] [LOG] %c[getTrigger] error: sound RolandTR909_hh not found! Is it loaded? background-color: black;color:white;border-radius:15px @ http://localhost:5199/node_modules/.vite/deps/@strudel_web.js?v=271342c3:10
[  530226ms] [LOG] %c[getTrigger] error: sound RolandTR808_rim not found! Is it loaded? background-color: black;color:white;border-radius:15px @ http://localhost:5199/node_modules/.vite/deps/@strudel_web.js?v=271342c3:10
[  530325ms] [LOG] %c[getTrigger] error: sound RolandTR909_hh not found! Is it loaded? background-color: black;color:white;border-radius:15px @ http://localhost:5199/node_modules/.vite/deps/@strudel_web.js?v=271342c3:10
[  530325ms] [LOG] %c[getTrigger] error: sound RolandTR909_oh not found! Is it loaded? background-color: black;color:white;border-radius:15px @ http://localhost:5199/node_modules/.vite/deps/@strudel_web.js?v=271342c3:10
[  530325ms] [LOG] %c[getTrigger] error: sound RolandTR808_sd not found! Is it loaded? background-color: black;color:white;border-radius:15px @ http://localhost:5199/node_modules/.vite/deps/@strudel_web.js?v=271342c3:10
[  530425ms] [LOG] %c[getTrigger] error: sound RolandTR909_hh not found! Is it loaded? background-color: black;color:white;border-radius:15px @ http://localhost:5199/node_modules/.vite/deps/@strudel_web.js?v=271342c3:10
[  530525ms] [LOG] %c[getTrigger] error: sound RolandTR909_bd not found! Is it loaded? background-color: black;color:white;border-radius:15px @ http://localhost:5199/node_modules/.vite/deps/@strudel_web.js?v=271342c3:10
[  530526ms] [LOG] %c[getTrigger] error: sound RolandTR909_hh not found! Is it loaded? background-color: black;color:white;border-radius:15px @ http://localhost:5199/node_modules/.vite/deps/@strudel_web.js?v=271342c3:10
[  530726ms] [LOG] %c[getTrigger] error: sound RolandTR909_bd not found! Is it loaded? background-color: black;color:white;border-radius:15px @ http://localhost:5199/node_modules/.vite/deps/@strudel_web.js?v=271342c3:10
[  530726ms] [LOG] %c[getTrigger] error: sound RolandTR808_rim not found! Is it loaded? background-color: black;color:white;border-radius:15px @ http://localhost:5199/node_modules/.vite/deps/@strudel_web.js?v=271342c3:10
[  530726ms] [LOG] %c[getTrigger] error: sound RolandTR909_hh not found! Is it loaded? background-color: black;color:white;border-radius:15px @ http://localhost:5199/node_modules/.vite/deps/@strudel_web.js?v=271342c3:10
[  530726ms] [LOG] %c[getTrigger] error: sound RolandTR808_rim not found! Is it loaded? background-color: black;color:white;border-radius:15px @ http://localhost:5199/node_modules/.vite/deps/@strudel_web.js?v=271342c3:10
[  530825ms] [LOG] %c[getTrigger] error: sound RolandTR909_hh not found! Is it loaded? background-color: black;color:white;border-radius:15px @ http://localhost:5199/node_modules/.vite/deps/@strudel_web.js?v=271342c3:10
[  530909ms] [LOG] %c[eval] code updated background-color: black;color:white;border-radius:15px @ http://localhost:5199/node_modules/.vite/deps/@strudel_web.js?v=271342c3:10
[  530925ms] [LOG] %c[getTrigger] error: sound RolandTR909_hh not found! Is it loaded? background-color: black;color:white;border-radius:15px @ http://localhost:5199/node_modules/.vite/deps/@strudel_web.js?v=271342c3:10
[  531024ms] [LOG] %c[getTrigger] error: sound RolandTR909_oh not found! Is it loaded? background-color: black;color:white;border-radius:15px @ http://localhost:5199/node_modules/.vite/deps/@strudel_web.js?v=271342c3:10
[  531024ms] [LOG] %c[getTrigger] error: sound RolandTR808_sd not found! Is it loaded? background-color: black;color:white;border-radius:15px @ http://localhost:5199/node_modules/.vite/deps/@strudel_web.js?v=271342c3:10
[  531124ms] [LOG] %c[getTrigger] error: sound RolandTR909_hh not found! Is it loaded? background-color: black;color:white;border-radius:15px @ http://localhost:5199/node_modules/.vite/deps/@strudel_web.js?v=271342c3:10
[  531124ms] [LOG] %c[getTrigger] error: sound RolandTR808_rim not found! Is it loaded? background-color: black;color:white;border-radius:15px @ http://localhost:5199/node_modules/.vite/deps/@strudel_web.js?v=271342c3:10
[  531223ms] [LOG] %c[getTrigger] error: sound RolandTR909_hh not found! Is it loaded? background-color: black;color:white;border-radius:15px @ http://localhost:5199/node_modules/.vite/deps/@strudel_web.js?v=271342c3:10
[  531423ms] [LOG] %c[getTrigger] error: sound RolandTR808_rim not found! Is it loaded? background-color: black;color:white;border-radius:15px @ http://localhost:5199/node_modules/.vite/deps/@strudel_web.js?v=271342c3:10
[  531424ms] [LOG] %c[getTrigger] error: sound RolandTR909_hh not found! Is it loaded? background-color: black;color:white;border-radius:15px @ http://localhost:5199/node_modules/.vite/deps/@strudel_web.js?v=271342c3:10
[  531622ms] [LOG] %c[getTrigger] error: sound RolandTR808_rim not found! Is it loaded? background-color: black;color:white;border-radius:15px @ http://localhost:5199/node_modules/.vite/deps/@strudel_web.js?v=271342c3:10
[  531722ms] [LOG] %c[getTrigger] error: sound RolandTR909_hh not found! Is it loaded? background-color: black;color:white;border-radius:15px @ http://localhost:5199/node_modules/.vite/deps/@strudel_web.js?v=271342c3:10
[  531722ms] [LOG] %c[getTrigger] error: sound RolandTR909_oh not found! Is it loaded? background-color: black;color:white;border-radius:15px @ http://localhost:5199/node_modules/.vite/deps/@strudel_web.js?v=271342c3:10
[  531722ms] [LOG] %c[getTrigger] error: sound RolandTR808_sd not found! Is it loaded? background-color: black;color:white;border-radius:15px @ http://localhost:5199/node_modules/.vite/deps/@strudel_web.js?v=271342c3:10
[  531824ms] [LOG] %c[getTrigger] error: sound RolandTR909_hh not found! Is it loaded? background-color: black;color:white;border-radius:15px @ http://localhost:5199/node_modules/.vite/deps/@strudel_web.js?v=271342c3:10
[  531924ms] [LOG] %c[getTrigger] error: sound RolandTR909_bd not found! Is it loaded? background-color: black;color:white;border-radius:15px @ http://localhost:5199/node_modules/.vite/deps/@strudel_web.js?v=271342c3:10
[  531924ms] [LOG] %c[getTrigger] error: sound RolandTR909_hh not found! Is it loaded? background-color: black;color:white;border-radius:15px @ http://localhost:5199/node_modules/.vite/deps/@strudel_web.js?v=271342c3:10
[  532123ms] [LOG] %c[getTrigger] error: sound RolandTR909_bd not found! Is it loaded? background-color: black;color:white;border-radius:15px @ http://localhost:5199/node_modules/.vite/deps/@strudel_web.js?v=271342c3:10
[  532123ms] [LOG] %c[getTrigger] error: sound RolandTR808_rim not found! Is it loaded? background-color: black;color:white;border-radius:15px @ http://localhost:5199/node_modules/.vite/deps/@strudel_web.js?v=271342c3:10
[  532123ms] [LOG] %c[getTrigger] error: sound RolandTR909_hh not found! Is it loaded? background-color: black;color:white;border-radius:15px @ http://localhost:5199/node_modules/.vite/deps/@strudel_web.js?v=271342c3:10
[  532123ms] [LOG] %c[getTrigger] error: sound RolandTR808_rim not found! Is it loaded? background-color: black;color:white;border-radius:15px @ http://localhost:5199/node_modules/.vite/deps/@strudel_web.js?v=271342c3:10
[  532222ms] [LOG] %c[getTrigger] error: sound RolandTR909_hh not found! Is it loaded? background-color: black;color:white;border-radius:15px @ http://localhost:5199/node_modules/.vite/deps/@strudel_web.js?v=271342c3:10
[  532323ms] [LOG] %c[eval] code updated background-color: black;color:white;border-radius:15px @ http://localhost:5199/node_modules/.vite/deps/@strudel_web.js?v=271342c3:10
[  532325ms] [LOG] %c[getTrigger] error: sound RolandTR909_hh not found! Is it loaded? background-color: black;color:white;border-radius:15px @ http://localhost:5199/node_modules/.vite/deps/@strudel_web.js?v=271342c3:10
[  532424ms] [LOG] %c[getTrigger] error: sound RolandTR808_rim not found! Is it loaded? background-color: black;color:white;border-radius:15px @ http://localhost:5199/node_modules/.vite/deps/@strudel_web.js?v=271342c3:10
[  532424ms] [LOG] %c[getTrigger] error: sound RolandTR909_hh not found! Is it loaded? background-color: black;color:white;border-radius:15px @ http://localhost:5199/node_modules/.vite/deps/@strudel_web.js?v=271342c3:10
[  532424ms] [LOG] %c[getTrigger] error: sound RolandTR909_oh not found! Is it loaded? background-color: black;color:white;border-radius:15px @ http://localhost:5199/node_modules/.vite/deps/@strudel_web.js?v=271342c3:10
[  532424ms] [LOG] %c[getTrigger] error: sound RolandTR808_sd not found! Is it loaded? background-color: black;color:white;border-radius:15px @ http://localhost:5199/node_modules/.vite/deps/@strudel_web.js?v=271342c3:10
[  532522ms] [LOG] %c[getTrigger] error: sound RolandTR909_hh not found! Is it loaded? background-color: black;color:white;border-radius:15px @ http://localhost:5199/node_modules/.vite/deps/@strudel_web.js?v=271342c3:10
[  532621ms] [LOG] %c[getTrigger] error: sound RolandTR808_rim not found! Is it loaded? background-color: black;color:white;border-radius:15px @ http://localhost:5199/node_modules/.vite/deps/@strudel_web.js?v=271342c3:10
[  532622ms] [LOG] %c[getTrigger] error: sound RolandTR909_hh not found! Is it loaded? background-color: black;color:white;border-radius:15px @ http://localhost:5199/node_modules/.vite/deps/@strudel_web.js?v=271342c3:10
[  532822ms] [LOG] %c[getTrigger] error: sound RolandTR808_rim not found! Is it loaded? background-color: black;color:white;border-radius:15px @ http://localhost:5199/node_modules/.vite/deps/@strudel_web.js?v=271342c3:10
[  532822ms] [LOG] %c[getTrigger] error: sound RolandTR909_hh not found! Is it loaded? background-color: black;color:white;border-radius:15px @ http://localhost:5199/node_modules/.vite/deps/@strudel_web.js?v=271342c3:10
[  533022ms] [LOG] %c[getTrigger] error: sound RolandTR808_rim not found! Is it loaded? background-color: black;color:white;border-radius:15px @ http://localhost:5199/node_modules/.vite/deps/@strudel_web.js?v=271342c3:10
[  533121ms] [LOG] %c[getTrigger] error: sound RolandTR909_hh not found! Is it loaded? background-color: black;color:white;border-radius:15px @ http://localhost:5199/node_modules/.vite/deps/@strudel_web.js?v=271342c3:10
[  533122ms] [LOG] %c[getTrigger] error: sound RolandTR909_oh not found! Is it loaded? background-color: black;color:white;border-radius:15px @ http://localhost:5199/node_modules/.vite/deps/@strudel_web.js?v=271342c3:10
[  533122ms] [LOG] %c[getTrigger] error: sound RolandTR808_sd not found! Is it loaded? background-color: black;color:white;border-radius:15px @ http://localhost:5199/node_modules/.vite/deps/@strudel_web.js?v=271342c3:10
[  533221ms] [LOG] %c[getTrigger] error: sound RolandTR909_hh not found! Is it loaded? background-color: black;color:white;border-radius:15px @ http://localhost:5199/node_modules/.vite/deps/@strudel_web.js?v=271342c3:10
[  533321ms] [LOG] %c[getTrigger] error: sound RolandTR909_bd not found! Is it loaded? background-color: black;color:white;border-radius:15px @ http://localhost:5199/node_modules/.vite/deps/@strudel_web.js?v=271342c3:10
[  533321ms] [LOG] %c[getTrigger] error: sound RolandTR909_hh not found! Is it loaded? background-color: black;color:white;border-radius:15px @ http://localhost:5199/node_modules/.vite/deps/@strudel_web.js?v=271342c3:10
[  533522ms] [LOG] %c[getTrigger] error: sound RolandTR909_bd not found! Is it loaded? background-color: black;color:white;border-radius:15px @ http://localhost:5199/node_modules/.vite/deps/@strudel_web.js?v=271342c3:10
[  533522ms] [LOG] %c[getTrigger] error: sound RolandTR808_rim not found! Is it loaded? background-color: black;color:white;border-radius:15px @ http://localhost:5199/node_modules/.vite/deps/@strudel_web.js?v=271342c3:10
[  533522ms] [LOG] %c[getTrigger] error: sound RolandTR909_hh not found! Is it loaded? background-color: black;color:white;border-radius:15px @ http://localhost:5199/node_modules/.vite/deps/@strudel_web.js?v=271342c3:10
[  533522ms] [LOG] %c[getTrigger] error: sound RolandTR808_rim not found! Is it loaded? background-color: black;color:white;border-radius:15px @ http://localhost:5199/node_modules/.vite/deps/@strudel_web.js?v=271342c3:10
[  533620ms] [LOG] %c[getTrigger] error: sound RolandTR909_hh not found! Is it loaded? background-color: black;color:white;border-radius:15px @ http://localhost:5199/node_modules/.vite/deps/@strudel_web.js?v=271342c3:10
[  533735ms] [LOG] %c[eval] code updated background-color: black;color:white;border-radius:15px @ http://localhost:5199/node_modules/.vite/deps/@strudel_web.js?v=271342c3:10
[  533820ms] [LOG] %c[getTrigger] error: sound RolandTR909_hh not found! Is it loaded? background-color: black;color:white;border-radius:15px @ http://localhost:5199/node_modules/.vite/deps/@strudel_web.js?v=271342c3:10
[  533820ms] [LOG] %c[getTrigger] error: sound RolandTR909_oh not found! Is it loaded? background-color: black;color:white;border-radius:15px @ http://localhost:5199/node_modules/.vite/deps/@strudel_web.js?v=271342c3:10
[  533820ms] [LOG] %c[getTrigger] error: sound RolandTR808_sd not found! Is it loaded? background-color: black;color:white;border-radius:15px @ http://localhost:5199/node_modules/.vite/deps/@strudel_web.js?v=271342c3:10
[  533921ms] [LOG] %c[getTrigger] error: sound RolandTR909_hh not found! Is it loaded? background-color: black;color:white;border-radius:15px @ http://localhost:5199/node_modules/.vite/deps/@strudel_web.js?v=271342c3:10
[  534020ms] [LOG] %c[getTrigger] error: sound RolandTR808_rim not found! Is it loaded? background-color: black;color:white;border-radius:15px @ http://localhost:5199/node_modules/.vite/deps/@strudel_web.js?v=271342c3:10
[  534020ms] [LOG] %c[getTrigger] error: sound RolandTR909_hh not found! Is it loaded? background-color: black;color:white;border-radius:15px @ http://localhost:5199/node_modules/.vite/deps/@strudel_web.js?v=271342c3:10
[  534220ms] [LOG] %c[getTrigger] error: sound RolandTR808_rim not found! Is it loaded? background-color: black;color:white;border-radius:15px @ http://localhost:5199/node_modules/.vite/deps/@strudel_web.js?v=271342c3:10
[  534220ms] [LOG] %c[getTrigger] error: sound RolandTR909_hh not found! Is it loaded? background-color: black;color:white;border-radius:15px @ http://localhost:5199/node_modules/.vite/deps/@strudel_web.js?v=271342c3:10
[  534419ms] [LOG] %c[getTrigger] error: sound RolandTR808_rim not found! Is it loaded? background-color: black;color:white;border-radius:15px @ http://localhost:5199/node_modules/.vite/deps/@strudel_web.js?v=271342c3:10
[  534519ms] [LOG] %c[getTrigger] error: sound RolandTR909_hh not found! Is it loaded? background-color: black;color:white;border-radius:15px @ http://localhost:5199/node_modules/.vite/deps/@strudel_web.js?v=271342c3:10
[  534619ms] [LOG] %c[getTrigger] error: sound RolandTR909_oh not found! Is it loaded? background-color: black;color:white;border-radius:15px @ http://localhost:5199/node_modules/.vite/deps/@strudel_web.js?v=271342c3:10
[  534620ms] [LOG] %c[getTrigger] error: sound RolandTR808_sd not found! Is it loaded? background-color: black;color:white;border-radius:15px @ http://localhost:5199/node_modules/.vite/deps/@strudel_web.js?v=271342c3:10
[  534620ms] [LOG] %c[getTrigger] error: sound RolandTR909_hh not found! Is it loaded? background-color: black;color:white;border-radius:15px @ http://localhost:5199/node_modules/.vite/deps/@strudel_web.js?v=271342c3:10
[  534720ms] [LOG] %c[getTrigger] error: sound RolandTR909_bd not found! Is it loaded? background-color: black;color:white;border-radius:15px @ http://localhost:5199/node_modules/.vite/deps/@strudel_web.js?v=271342c3:10
[  534720ms] [LOG] %c[getTrigger] error: sound RolandTR909_hh not found! Is it loaded? background-color: black;color:white;border-radius:15px @ http://localhost:5199/node_modules/.vite/deps/@strudel_web.js?v=271342c3:10
[  534921ms] [LOG] %c[getTrigger] error: sound RolandTR909_bd not found! Is it loaded? background-color: black;color:white;border-radius:15px @ http://localhost:5199/node_modules/.vite/deps/@strudel_web.js?v=271342c3:10
[  534921ms] [LOG] %c[getTrigger] error: sound RolandTR808_rim not found! Is it loaded? background-color: black;color:white;border-radius:15px @ http://localhost:5199/node_modules/.vite/deps/@strudel_web.js?v=271342c3:10
[  534921ms] [LOG] %c[getTrigger] error: sound RolandTR909_hh not found! Is it loaded? background-color: black;color:white;border-radius:15px @ http://localhost:5199/node_modules/.vite/deps/@strudel_web.js?v=271342c3:10
[  534921ms] [LOG] %c[getTrigger] error: sound RolandTR808_rim not found! Is it loaded? background-color: black;color:white;border-radius:15px @ http://localhost:5199/node_modules/.vite/deps/@strudel_web.js?v=271342c3:10
[  535020ms] [LOG] %c[getTrigger] error: sound RolandTR909_hh not found! Is it loaded? background-color: black;color:white;border-radius:15px @ http://localhost:5199/node_modules/.vite/deps/@strudel_web.js?v=271342c3:10
[  535320ms] [LOG] %c[getTrigger] error: sound RolandTR808_rim not found! Is it loaded? background-color: black;color:white;border-radius:15px @ http://localhost:5199/node_modules/.vite/deps/@strudel_web.js?v=271342c3:10
[  535320ms] [LOG] %c[getTrigger] error: sound RolandTR909_hh not found! Is it loaded? background-color: black;color:white;border-radius:15px @ http://localhost:5199/node_modules/.vite/deps/@strudel_web.js?v=271342c3:10
[  535320ms] [LOG] %c[getTrigger] error: sound RolandTR909_oh not found! Is it loaded? background-color: black;color:white;border-radius:15px @ http://localhost:5199/node_modules/.vite/deps/@strudel_web.js?v=271342c3:10
[  535320ms] [LOG] %c[getTrigger] error: sound RolandTR808_sd not found! Is it loaded? background-color: black;color:white;border-radius:15px @ http://localhost:5199/node_modules/.vite/deps/@strudel_web.js?v=271342c3:10
[  535320ms] [LOG] %c[getTrigger] error: sound RolandTR909_hh not found! Is it loaded? background-color: black;color:white;border-radius:15px @ http://localhost:5199/node_modules/.vite/deps/@strudel_web.js?v=271342c3:10
[  535418ms] [LOG] %c[getTrigger] error: sound RolandTR808_rim not found! Is it loaded? background-color: black;color:white;border-radius:15px @ http://localhost:5199/node_modules/.vite/deps/@strudel_web.js?v=271342c3:10
[  535418ms] [LOG] %c[getTrigger] error: sound RolandTR909_hh not found! Is it loaded? background-color: black;color:white;border-radius:15px @ http://localhost:5199/node_modules/.vite/deps/@strudel_web.js?v=271342c3:10
[  535618ms] [LOG] %c[getTrigger] error: sound RolandTR808_rim not found! Is it loaded? background-color: black;color:white;border-radius:15px @ http://localhost:5199/node_modules/.vite/deps/@strudel_web.js?v=271342c3:10
[  535618ms] [LOG] %c[getTrigger] error: sound RolandTR909_hh not found! Is it loaded? background-color: black;color:white;border-radius:15px @ http://localhost:5199/node_modules/.vite/deps/@strudel_web.js?v=271342c3:10
[  535818ms] [LOG] %c[getTrigger] error: sound RolandTR808_rim not found! Is it loaded? background-color: black;color:white;border-radius:15px @ http://localhost:5199/node_modules/.vite/deps/@strudel_web.js?v=271342c3:10
[  535917ms] [LOG] %c[getTrigger] error: sound RolandTR909_hh not found! Is it loaded? background-color: black;color:white;border-radius:15px @ http://localhost:5199/node_modules/.vite/deps/@strudel_web.js?v=271342c3:10
[  536018ms] [LOG] %c[getTrigger] error: sound RolandTR909_oh not found! Is it loaded? background-color: black;color:white;border-radius:15px @ http://localhost:5199/node_modules/.vite/deps/@strudel_web.js?v=271342c3:10
[  536018ms] [LOG] %c[getTrigger] error: sound RolandTR808_sd not found! Is it loaded? background-color: black;color:white;border-radius:15px @ http://localhost:5199/node_modules/.vite/deps/@strudel_web.js?v=271342c3:10
[  536118ms] [LOG] %c[getTrigger] error: sound RolandTR909_hh not found! Is it loaded? background-color: black;color:white;border-radius:15px @ http://localhost:5199/node_modules/.vite/deps/@strudel_web.js?v=271342c3:10
[  536118ms] [LOG] %c[getTrigger] error: sound RolandTR909_bd not found! Is it loaded? background-color: black;color:white;border-radius:15px @ http://localhost:5199/node_modules/.vite/deps/@strudel_web.js?v=271342c3:10
[  536118ms] [LOG] %c[getTrigger] error: sound RolandTR909_hh not found! Is it loaded? background-color: black;color:white;border-radius:15px @ http://localhost:5199/node_modules/.vite/deps/@strudel_web.js?v=271342c3:10
[  536318ms] [LOG] %c[getTrigger] error: sound RolandTR909_bd not found! Is it loaded? background-color: black;color:white;border-radius:15px @ http://localhost:5199/node_modules/.vite/deps/@strudel_web.js?v=271342c3:10
[  536318ms] [LOG] %c[getTrigger] error: sound RolandTR808_rim not found! Is it loaded? background-color: black;color:white;border-radius:15px @ http://localhost:5199/node_modules/.vite/deps/@strudel_web.js?v=271342c3:10
[  536318ms] [LOG] %c[getTrigger] error: sound RolandTR909_hh not found! Is it loaded? background-color: black;color:white;border-radius:15px @ http://localhost:5199/node_modules/.vite/deps/@strudel_web.js?v=271342c3:10
[  536318ms] [LOG] %c[getTrigger] error: sound RolandTR808_rim not found! Is it loaded? background-color: black;color:white;border-radius:15px @ http://localhost:5199/node_modules/.vite/deps/@strudel_web.js?v=271342c3:10
[  536417ms] [LOG] %c[getTrigger] error: sound RolandTR909_hh not found! Is it loaded? background-color: black;color:white;border-radius:15px @ http://localhost:5199/node_modules/.vite/deps/@strudel_web.js?v=271342c3:10
[  536552ms] [LOG] %c[eval] code updated background-color: black;color:white;border-radius:15px @ http://localhost:5199/node_modules/.vite/deps/@strudel_web.js?v=271342c3:10
[  536617ms] [LOG] %c[getTrigger] error: sound RolandTR909_hh not found! Is it loaded? background-color: black;color:white;border-radius:15px @ http://localhost:5199/node_modules/.vite/deps/@strudel_web.js?v=271342c3:10
[  536717ms] [LOG] %c[getTrigger] error: sound RolandTR909_oh not found! Is it loaded? background-color: black;color:white;border-radius:15px @ http://localhost:5199/node_modules/.vite/deps/@strudel_web.js?v=271342c3:10
[  536717ms] [LOG] %c[getTrigger] error: sound RolandTR808_sd not found! Is it loaded? background-color: black;color:white;border-radius:15px @ http://localhost:5199/node_modules/.vite/deps/@strudel_web.js?v=271342c3:10
[  536817ms] [LOG] %c[getTrigger] error: sound RolandTR909_hh not found! Is it loaded? background-color: black;color:white;border-radius:15px @ http://localhost:5199/node_modules/.vite/deps/@strudel_web.js?v=271342c3:10
[  536817ms] [LOG] %c[getTrigger] error: sound RolandTR808_rim not found! Is it loaded? background-color: black;color:white;border-radius:15px @ http://localhost:5199/node_modules/.vite/deps/@strudel_web.js?v=271342c3:10
[  536817ms] [LOG] %c[getTrigger] error: sound RolandTR909_hh not found! Is it loaded? background-color: black;color:white;border-radius:15px @ http://localhost:5199/node_modules/.vite/deps/@strudel_web.js?v=271342c3:10
[  537017ms] [LOG] %c[getTrigger] error: sound RolandTR808_rim not found! Is it loaded? background-color: black;color:white;border-radius:15px @ http://localhost:5199/node_modules/.vite/deps/@strudel_web.js?v=271342c3:10
[  537017ms] [LOG] %c[getTrigger] error: sound RolandTR909_hh not found! Is it loaded? background-color: black;color:white;border-radius:15px @ http://localhost:5199/node_modules/.vite/deps/@strudel_web.js?v=271342c3:10
[  537317ms] [LOG] %c[getTrigger] error: sound RolandTR808_rim not found! Is it loaded? background-color: black;color:white;border-radius:15px @ http://localhost:5199/node_modules/.vite/deps/@strudel_web.js?v=271342c3:10
[  537417ms] [LOG] %c[getTrigger] error: sound RolandTR909_hh not found! Is it loaded? background-color: black;color:white;border-radius:15px @ http://localhost:5199/node_modules/.vite/deps/@strudel_web.js?v=271342c3:10
[  537417ms] [LOG] %c[getTrigger] error: sound RolandTR909_oh not found! Is it loaded? background-color: black;color:white;border-radius:15px @ http://localhost:5199/node_modules/.vite/deps/@strudel_web.js?v=271342c3:10
[  537417ms] [LOG] %c[getTrigger] error: sound RolandTR808_sd not found! Is it loaded? background-color: black;color:white;border-radius:15px @ http://localhost:5199/node_modules/.vite/deps/@strudel_web.js?v=271342c3:10
[  537516ms] [LOG] %c[getTrigger] error: sound RolandTR909_hh not found! Is it loaded? background-color: black;color:white;border-radius:15px @ http://localhost:5199/node_modules/.vite/deps/@strudel_web.js?v=271342c3:10
[  537616ms] [LOG] %c[getTrigger] error: sound RolandTR909_bd not found! Is it loaded? background-color: black;color:white;border-radius:15px @ http://localhost:5199/node_modules/.vite/deps/@strudel_web.js?v=271342c3:10
[  537616ms] [LOG] %c[getTrigger] error: sound RolandTR909_hh not found! Is it loaded? background-color: black;color:white;border-radius:15px @ http://localhost:5199/node_modules/.vite/deps/@strudel_web.js?v=271342c3:10
[  537717ms] [LOG] %c[getTrigger] error: sound RolandTR909_bd not found! Is it loaded? background-color: black;color:white;border-radius:15px @ http://localhost:5199/node_modules/.vite/deps/@strudel_web.js?v=271342c3:10
[  537717ms] [LOG] %c[getTrigger] error: sound RolandTR808_rim not found! Is it loaded? background-color: black;color:white;border-radius:15px @ http://localhost:5199/node_modules/.vite/deps/@strudel_web.js?v=271342c3:10
[  537717ms] [LOG] %c[getTrigger] error: sound RolandTR909_hh not found! Is it loaded? background-color: black;color:white;border-radius:15px @ http://localhost:5199/node_modules/.vite/deps/@strudel_web.js?v=271342c3:10
[  537717ms] [LOG] %c[getTrigger] error: sound RolandTR808_rim not found! Is it loaded? background-color: black;color:white;border-radius:15px @ http://localhost:5199/node_modules/.vite/deps/@strudel_web.js?v=271342c3:10
[  537816ms] [LOG] %c[getTrigger] error: sound RolandTR909_hh not found! Is it loaded? background-color: black;color:white;border-radius:15px @ http://localhost:5199/node_modules/.vite/deps/@strudel_web.js?v=271342c3:10
[  537965ms] [LOG] %c[eval] code updated background-color: black;color:white;border-radius:15px @ http://localhost:5199/node_modules/.vite/deps/@strudel_web.js?v=271342c3:10
[  538016ms] [LOG] %c[getTrigger] error: sound RolandTR909_hh not found! Is it loaded? background-color: black;color:white;border-radius:15px @ http://localhost:5199/node_modules/.vite/deps/@strudel_web.js?v=271342c3:10
[  538116ms] [LOG] %c[getTrigger] error: sound RolandTR808_rim not found! Is it loaded? background-color: black;color:white;border-radius:15px @ http://localhost:5199/node_modules/.vite/deps/@strudel_web.js?v=271342c3:10
[  538116ms] [LOG] %c[getTrigger] error: sound RolandTR909_hh not found! Is it loaded? background-color: black;color:white;border-radius:15px @ http://localhost:5199/node_modules/.vite/deps/@strudel_web.js?v=271342c3:10
[  538116ms] [LOG] %c[getTrigger] error: sound RolandTR909_oh not found! Is it loaded? background-color: black;color:white;border-radius:15px @ http://localhost:5199/node_modules/.vite/deps/@strudel_web.js?v=271342c3:10
[  538116ms] [LOG] %c[getTrigger] error: sound RolandTR808_sd not found! Is it loaded? background-color: black;color:white;border-radius:15px @ http://localhost:5199/node_modules/.vite/deps/@strudel_web.js?v=271342c3:10
[  538216ms] [LOG] %c[getTrigger] error: sound RolandTR909_hh not found! Is it loaded? background-color: black;color:white;border-radius:15px @ http://localhost:5199/node_modules/.vite/deps/@strudel_web.js?v=271342c3:10
[  538216ms] [LOG] %c[getTrigger] error: sound RolandTR808_rim not found! Is it loaded? background-color: black;color:white;border-radius:15px @ http://localhost:5199/node_modules/.vite/deps/@strudel_web.js?v=271342c3:10
[  538315ms] [LOG] %c[getTrigger] error: sound RolandTR909_hh not found! Is it loaded? background-color: black;color:white;border-radius:15px @ http://localhost:5199/node_modules/.vite/deps/@strudel_web.js?v=271342c3:10
[  538415ms] [LOG] %c[getTrigger] error: sound RolandTR808_rim not found! Is it loaded? background-color: black;color:white;border-radius:15px @ http://localhost:5199/node_modules/.vite/deps/@strudel_web.js?v=271342c3:10
[  538415ms] [LOG] %c[getTrigger] error: sound RolandTR909_hh not found! Is it loaded? background-color: black;color:white;border-radius:15px @ http://localhost:5199/node_modules/.vite/deps/@strudel_web.js?v=271342c3:10
[  538715ms] [LOG] %c[getTrigger] error: sound RolandTR808_rim not found! Is it loaded? background-color: black;color:white;border-radius:15px @ http://localhost:5199/node_modules/.vite/deps/@strudel_web.js?v=271342c3:10
[  538715ms] [LOG] %c[getTrigger] error: sound RolandTR909_hh not found! Is it loaded? background-color: black;color:white;border-radius:15px @ http://localhost:5199/node_modules/.vite/deps/@strudel_web.js?v=271342c3:10
[  538816ms] [LOG] %c[getTrigger] error: sound RolandTR909_oh not found! Is it loaded? background-color: black;color:white;border-radius:15px @ http://localhost:5199/node_modules/.vite/deps/@strudel_web.js?v=271342c3:10
[  538817ms] [LOG] %c[getTrigger] error: sound RolandTR808_sd not found! Is it loaded? background-color: black;color:white;border-radius:15px @ http://localhost:5199/node_modules/.vite/deps/@strudel_web.js?v=271342c3:10
[  538915ms] [LOG] %c[getTrigger] error: sound RolandTR909_hh not found! Is it loaded? background-color: black;color:white;border-radius:15px @ http://localhost:5199/node_modules/.vite/deps/@strudel_web.js?v=271342c3:10
[  539015ms] [LOG] %c[getTrigger] error: sound RolandTR909_bd not found! Is it loaded? background-color: black;color:white;border-radius:15px @ http://localhost:5199/node_modules/.vite/deps/@strudel_web.js?v=271342c3:10
[  539015ms] [LOG] %c[getTrigger] error: sound RolandTR909_hh not found! Is it loaded? background-color: black;color:white;border-radius:15px @ http://localhost:5199/node_modules/.vite/deps/@strudel_web.js?v=271342c3:10
[  539115ms] [LOG] %c[getTrigger] error: sound RolandTR909_bd not found! Is it loaded? background-color: black;color:white;border-radius:15px @ http://localhost:5199/node_modules/.vite/deps/@strudel_web.js?v=271342c3:10
[  539115ms] [LOG] %c[getTrigger] error: sound RolandTR808_rim not found! Is it loaded? background-color: black;color:white;border-radius:15px @ http://localhost:5199/node_modules/.vite/deps/@strudel_web.js?v=271342c3:10
[  539115ms] [LOG] %c[getTrigger] error: sound RolandTR909_hh not found! Is it loaded? background-color: black;color:white;border-radius:15px @ http://localhost:5199/node_modules/.vite/deps/@strudel_web.js?v=271342c3:10
[  539115ms] [LOG] %c[getTrigger] error: sound RolandTR808_rim not found! Is it loaded? background-color: black;color:white;border-radius:15px @ http://localhost:5199/node_modules/.vite/deps/@strudel_web.js?v=271342c3:10
[  539214ms] [LOG] %c[getTrigger] error: sound RolandTR909_hh not found! Is it loaded? background-color: black;color:white;border-radius:15px @ http://localhost:5199/node_modules/.vite/deps/@strudel_web.js?v=271342c3:10
[  539515ms] [LOG] %c[getTrigger] error: sound RolandTR909_oh not found! Is it loaded? background-color: black;color:white;border-radius:15px @ http://localhost:5199/node_modules/.vite/deps/@strudel_web.js?v=271342c3:10
[  539515ms] [LOG] %c[getTrigger] error: sound RolandTR808_sd not found! Is it loaded? background-color: black;color:white;border-radius:15px @ http://localhost:5199/node_modules/.vite/deps/@strudel_web.js?v=271342c3:10
[  539614ms] [LOG] %c[getTrigger] error: sound RolandTR909_hh not found! Is it loaded? background-color: black;color:white;border-radius:15px @ http://localhost:5199/node_modules/.vite/deps/@strudel_web.js?v=271342c3:10
[  539614ms] [LOG] %c[getTrigger] error: sound RolandTR808_rim not found! Is it loaded? background-color: black;color:white;border-radius:15px @ http://localhost:5199/node_modules/.vite/deps/@strudel_web.js?v=271342c3:10
[  539714ms] [LOG] %c[getTrigger] error: sound RolandTR909_hh not found! Is it loaded? background-color: black;color:white;border-radius:15px @ http://localhost:5199/node_modules/.vite/deps/@strudel_web.js?v=271342c3:10
[  539815ms] [LOG] %c[getTrigger] error: sound RolandTR808_rim not found! Is it loaded? background-color: black;color:white;border-radius:15px @ http://localhost:5199/node_modules/.vite/deps/@strudel_web.js?v=271342c3:10
[  539815ms] [LOG] %c[getTrigger] error: sound RolandTR909_hh not found! Is it loaded? background-color: black;color:white;border-radius:15px @ http://localhost:5199/node_modules/.vite/deps/@strudel_web.js?v=271342c3:10
[  540115ms] [LOG] %c[getTrigger] error: sound RolandTR808_rim not found! Is it loaded? background-color: black;color:white;border-radius:15px @ http://localhost:5199/node_modules/.vite/deps/@strudel_web.js?v=271342c3:10
[  540115ms] [LOG] %c[getTrigger] error: sound RolandTR909_hh not found! Is it loaded? background-color: black;color:white;border-radius:15px @ http://localhost:5199/node_modules/.vite/deps/@strudel_web.js?v=271342c3:10
[  540214ms] [LOG] %c[getTrigger] error: sound RolandTR909_oh not found! Is it loaded? background-color: black;color:white;border-radius:15px @ http://localhost:5199/node_modules/.vite/deps/@strudel_web.js?v=271342c3:10
[  540214ms] [LOG] %c[getTrigger] error: sound RolandTR808_sd not found! Is it loaded? background-color: black;color:white;border-radius:15px @ http://localhost:5199/node_modules/.vite/deps/@strudel_web.js?v=271342c3:10
[  540314ms] [LOG] %c[getTrigger] error: sound RolandTR909_hh not found! Is it loaded? background-color: black;color:white;border-radius:15px @ http://localhost:5199/node_modules/.vite/deps/@strudel_web.js?v=271342c3:10
[  540413ms] [LOG] %c[getTrigger] error: sound RolandTR909_bd not found! Is it loaded? background-color: black;color:white;border-radius:15px @ http://localhost:5199/node_modules/.vite/deps/@strudel_web.js?v=271342c3:10
[  540413ms] [LOG] %c[getTrigger] error: sound RolandTR909_hh not found! Is it loaded? background-color: black;color:white;border-radius:15px @ http://localhost:5199/node_modules/.vite/deps/@strudel_web.js?v=271342c3:10
[  540614ms] [LOG] %c[getTrigger] error: sound RolandTR909_bd not found! Is it loaded? background-color: black;color:white;border-radius:15px @ http://localhost:5199/node_modules/.vite/deps/@strudel_web.js?v=271342c3:10
[  540614ms] [LOG] %c[getTrigger] error: sound RolandTR808_rim not found! Is it loaded? background-color: black;color:white;border-radius:15px @ http://localhost:5199/node_modules/.vite/deps/@strudel_web.js?v=271342c3:10
[  540614ms] [LOG] %c[getTrigger] error: sound RolandTR909_hh not found! Is it loaded? background-color: black;color:white;border-radius:15px @ http://localhost:5199/node_modules/.vite/deps/@strudel_web.js?v=271342c3:10
[  540614ms] [LOG] %c[getTrigger] error: sound RolandTR808_rim not found! Is it loaded? background-color: black;color:white;border-radius:15px @ http://localhost:5199/node_modules/.vite/deps/@strudel_web.js?v=271342c3:10
[  540615ms] [LOG] %c[getTrigger] error: sound RolandTR909_hh not found! Is it loaded? background-color: black;color:white;border-radius:15px @ http://localhost:5199/node_modules/.vite/deps/@strudel_web.js?v=271342c3:10
[  540914ms] [LOG] %c[getTrigger] error: sound RolandTR808_rim not found! Is it loaded? background-color: black;color:white;border-radius:15px @ http://localhost:5199/node_modules/.vite/deps/@strudel_web.js?v=271342c3:10
[  540914ms] [LOG] %c[getTrigger] error: sound RolandTR909_hh not found! Is it loaded? background-color: black;color:white;border-radius:15px @ http://localhost:5199/node_modules/.vite/deps/@strudel_web.js?v=271342c3:10
[  540914ms] [LOG] %c[getTrigger] error: sound RolandTR909_oh not found! Is it loaded? background-color: black;color:white;border-radius:15px @ http://localhost:5199/node_modules/.vite/deps/@strudel_web.js?v=271342c3:10
[  540914ms] [LOG] %c[getTrigger] error: sound RolandTR808_sd not found! Is it loaded? background-color: black;color:white;border-radius:15px @ http://localhost:5199/node_modules/.vite/deps/@strudel_web.js?v=271342c3:10
[  541014ms] [LOG] %c[getTrigger] error: sound RolandTR909_hh not found! Is it loaded? background-color: black;color:white;border-radius:15px @ http://localhost:5199/node_modules/.vite/deps/@strudel_web.js?v=271342c3:10
[  541014ms] [LOG] %c[getTrigger] error: sound RolandTR808_rim not found! Is it loaded? background-color: black;color:white;border-radius:15px @ http://localhost:5199/node_modules/.vite/deps/@strudel_web.js?v=271342c3:10
[  541114ms] [LOG] %c[getTrigger] error: sound RolandTR909_hh not found! Is it loaded? background-color: black;color:white;border-radius:15px @ http://localhost:5199/node_modules/.vite/deps/@strudel_web.js?v=271342c3:10
[  541314ms] [LOG] %c[getTrigger] error: sound RolandTR808_rim not found! Is it loaded? background-color: black;color:white;border-radius:15px @ http://localhost:5199/node_modules/.vite/deps/@strudel_web.js?v=271342c3:10
[  541314ms] [LOG] %c[getTrigger] error: sound RolandTR909_hh not found! Is it loaded? background-color: black;color:white;border-radius:15px @ http://localhost:5199/node_modules/.vite/deps/@strudel_web.js?v=271342c3:10
[  541513ms] [LOG] %c[getTrigger] error: sound RolandTR808_rim not found! Is it loaded? background-color: black;color:white;border-radius:15px @ http://localhost:5199/node_modules/.vite/deps/@strudel_web.js?v=271342c3:10
[  541514ms] [LOG] %c[getTrigger] error: sound RolandTR909_hh not found! Is it loaded? background-color: black;color:white;border-radius:15px @ http://localhost:5199/node_modules/.vite/deps/@strudel_web.js?v=271342c3:10
[  541613ms] [LOG] %c[getTrigger] error: sound RolandTR909_oh not found! Is it loaded? background-color: black;color:white;border-radius:15px @ http://localhost:5199/node_modules/.vite/deps/@strudel_web.js?v=271342c3:10
[  541613ms] [LOG] %c[getTrigger] error: sound RolandTR808_sd not found! Is it loaded? background-color: black;color:white;border-radius:15px @ http://localhost:5199/node_modules/.vite/deps/@strudel_web.js?v=271342c3:10
[  541713ms] [LOG] %c[getTrigger] error: sound RolandTR909_hh not found! Is it loaded? background-color: black;color:white;border-radius:15px @ http://localhost:5199/node_modules/.vite/deps/@strudel_web.js?v=271342c3:10
[  541818ms] [LOG] %c[getTrigger] error: sound RolandTR909_bd not found! Is it loaded? background-color: black;color:white;border-radius:15px @ http://localhost:5199/node_modules/.vite/deps/@strudel_web.js?v=271342c3:10
[  541818ms] [LOG] %c[getTrigger] error: sound RolandTR909_hh not found! Is it loaded? background-color: black;color:white;border-radius:15px @ http://localhost:5199/node_modules/.vite/deps/@strudel_web.js?v=271342c3:10
[  542019ms] [LOG] %c[getTrigger] error: sound RolandTR909_bd not found! Is it loaded? background-color: black;color:white;border-radius:15px @ http://localhost:5199/node_modules/.vite/deps/@strudel_web.js?v=271342c3:10
[  542019ms] [LOG] %c[getTrigger] error: sound RolandTR808_rim not found! Is it loaded? background-color: black;color:white;border-radius:15px @ http://localhost:5199/node_modules/.vite/deps/@strudel_web.js?v=271342c3:10
[  542019ms] [LOG] %c[getTrigger] error: sound RolandTR909_hh not found! Is it loaded? background-color: black;color:white;border-radius:15px @ http://localhost:5199/node_modules/.vite/deps/@strudel_web.js?v=271342c3:10
[  542019ms] [LOG] %c[getTrigger] error: sound RolandTR808_rim not found! Is it loaded? background-color: black;color:white;border-radius:15px @ http://localhost:5199/node_modules/.vite/deps/@strudel_web.js?v=271342c3:10
[  542112ms] [LOG] %c[getTrigger] error: sound RolandTR909_hh not found! Is it loaded? background-color: black;color:white;border-radius:15px @ http://localhost:5199/node_modules/.vite/deps/@strudel_web.js?v=271342c3:10
[  542195ms] [LOG] %c[eval] code updated background-color: black;color:white;border-radius:15px @ http://localhost:5199/node_modules/.vite/deps/@strudel_web.js?v=271342c3:10
[  542212ms] [LOG] %c[getTrigger] error: sound RolandTR909_hh not found! Is it loaded? background-color: black;color:white;border-radius:15px @ http://localhost:5199/node_modules/.vite/deps/@strudel_web.js?v=271342c3:10
[  542313ms] [LOG] %c[getTrigger] error: sound RolandTR909_oh not found! Is it loaded? background-color: black;color:white;border-radius:15px @ http://localhost:5199/node_modules/.vite/deps/@strudel_web.js?v=271342c3:10
[  542313ms] [LOG] %c[getTrigger] error: sound RolandTR808_sd not found! Is it loaded? background-color: black;color:white;border-radius:15px @ http://localhost:5199/node_modules/.vite/deps/@strudel_web.js?v=271342c3:10
[  542413ms] [LOG] %c[getTrigger] error: sound RolandTR909_hh not found! Is it loaded? background-color: black;color:white;border-radius:15px @ http://localhost:5199/node_modules/.vite/deps/@strudel_web.js?v=271342c3:10
[  542413ms] [LOG] %c[getTrigger] error: sound RolandTR808_rim not found! Is it loaded? background-color: black;color:white;border-radius:15px @ http://localhost:5199/node_modules/.vite/deps/@strudel_web.js?v=271342c3:10
[  542512ms] [LOG] %c[getTrigger] error: sound RolandTR909_hh not found! Is it loaded? background-color: black;color:white;border-radius:15px @ http://localhost:5199/node_modules/.vite/deps/@strudel_web.js?v=271342c3:10
[  542713ms] [LOG] %c[getTrigger] error: sound RolandTR808_rim not found! Is it loaded? background-color: black;color:white;border-radius:15px @ http://localhost:5199/node_modules/.vite/deps/@strudel_web.js?v=271342c3:10
[  542713ms] [LOG] %c[getTrigger] error: sound RolandTR909_hh not found! Is it loaded? background-color: black;color:white;border-radius:15px @ http://localhost:5199/node_modules/.vite/deps/@strudel_web.js?v=271342c3:10
[  542912ms] [LOG] %c[getTrigger] error: sound RolandTR808_rim not found! Is it loaded? background-color: black;color:white;border-radius:15px @ http://localhost:5199/node_modules/.vite/deps/@strudel_web.js?v=271342c3:10
[  543012ms] [LOG] %c[getTrigger] error: sound RolandTR909_hh not found! Is it loaded? background-color: black;color:white;border-radius:15px @ http://localhost:5199/node_modules/.vite/deps/@strudel_web.js?v=271342c3:10
[  543012ms] [LOG] %c[getTrigger] error: sound RolandTR909_oh not found! Is it loaded? background-color: black;color:white;border-radius:15px @ http://localhost:5199/node_modules/.vite/deps/@strudel_web.js?v=271342c3:10
[  543012ms] [LOG] %c[getTrigger] error: sound RolandTR808_sd not found! Is it loaded? background-color: black;color:white;border-radius:15px @ http://localhost:5199/node_modules/.vite/deps/@strudel_web.js?v=271342c3:10
[  543112ms] [LOG] %c[getTrigger] error: sound RolandTR909_hh not found! Is it loaded? background-color: black;color:white;border-radius:15px @ http://localhost:5199/node_modules/.vite/deps/@strudel_web.js?v=271342c3:10
[  543212ms] [LOG] %c[getTrigger] error: sound RolandTR909_bd not found! Is it loaded? background-color: black;color:white;border-radius:15px @ http://localhost:5199/node_modules/.vite/deps/@strudel_web.js?v=271342c3:10
[  543212ms] [LOG] %c[getTrigger] error: sound RolandTR909_hh not found! Is it loaded? background-color: black;color:white;border-radius:15px @ http://localhost:5199/node_modules/.vite/deps/@strudel_web.js?v=271342c3:10
[  543413ms] [LOG] %c[getTrigger] error: sound RolandTR909_bd not found! Is it loaded? background-color: black;color:white;border-radius:15px @ http://localhost:5199/node_modules/.vite/deps/@strudel_web.js?v=271342c3:10
[  543413ms] [LOG] %c[getTrigger] error: sound RolandTR808_rim not found! Is it loaded? background-color: black;color:white;border-radius:15px @ http://localhost:5199/node_modules/.vite/deps/@strudel_web.js?v=271342c3:10
[  543413ms] [LOG] %c[getTrigger] error: sound RolandTR909_hh not found! Is it loaded? background-color: black;color:white;border-radius:15px @ http://localhost:5199/node_modules/.vite/deps/@strudel_web.js?v=271342c3:10
[  543413ms] [LOG] %c[getTrigger] error: sound RolandTR808_rim not found! Is it loaded? background-color: black;color:white;border-radius:15px @ http://localhost:5199/node_modules/.vite/deps/@strudel_web.js?v=271342c3:10
[  543510ms] [LOG] %c[getTrigger] error: sound RolandTR909_hh not found! Is it loaded? background-color: black;color:white;border-radius:15px @ http://localhost:5199/node_modules/.vite/deps/@strudel_web.js?v=271342c3:10
[  543712ms] [LOG] %c[getTrigger] error: sound RolandTR808_rim not found! Is it loaded? background-color: black;color:white;border-radius:15px @ http://localhost:5199/node_modules/.vite/deps/@strudel_web.js?v=271342c3:10
[  543712ms] [LOG] %c[getTrigger] error: sound RolandTR909_hh not found! Is it loaded? background-color: black;color:white;border-radius:15px @ http://localhost:5199/node_modules/.vite/deps/@strudel_web.js?v=271342c3:10
[  543712ms] [LOG] %c[getTrigger] error: sound RolandTR909_oh not found! Is it loaded? background-color: black;color:white;border-radius:15px @ http://localhost:5199/node_modules/.vite/deps/@strudel_web.js?v=271342c3:10
[  543712ms] [LOG] %c[getTrigger] error: sound RolandTR808_sd not found! Is it loaded? background-color: black;color:white;border-radius:15px @ http://localhost:5199/node_modules/.vite/deps/@strudel_web.js?v=271342c3:10
[  543811ms] [LOG] %c[getTrigger] error: sound RolandTR909_hh not found! Is it loaded? background-color: black;color:white;border-radius:15px @ http://localhost:5199/node_modules/.vite/deps/@strudel_web.js?v=271342c3:10
[  543811ms] [LOG] %c[getTrigger] error: sound RolandTR808_rim not found! Is it loaded? background-color: black;color:white;border-radius:15px @ http://localhost:5199/node_modules/.vite/deps/@strudel_web.js?v=271342c3:10
[  543912ms] [LOG] %c[getTrigger] error: sound RolandTR909_hh not found! Is it loaded? background-color: black;color:white;border-radius:15px @ http://localhost:5199/node_modules/.vite/deps/@strudel_web.js?v=271342c3:10
[  544112ms] [LOG] %c[getTrigger] error: sound RolandTR808_rim not found! Is it loaded? background-color: black;color:white;border-radius:15px @ http://localhost:5199/node_modules/.vite/deps/@strudel_web.js?v=271342c3:10
[  544112ms] [LOG] %c[getTrigger] error: sound RolandTR909_hh not found! Is it loaded? background-color: black;color:white;border-radius:15px @ http://localhost:5199/node_modules/.vite/deps/@strudel_web.js?v=271342c3:10
[  544311ms] [LOG] %c[getTrigger] error: sound RolandTR808_rim not found! Is it loaded? background-color: black;color:white;border-radius:15px @ http://localhost:5199/node_modules/.vite/deps/@strudel_web.js?v=271342c3:10
[  544411ms] [LOG] %c[getTrigger] error: sound RolandTR909_hh not found! Is it loaded? background-color: black;color:white;border-radius:15px @ http://localhost:5199/node_modules/.vite/deps/@strudel_web.js?v=271342c3:10
[  544411ms] [LOG] %c[getTrigger] error: sound RolandTR909_oh not found! Is it loaded? background-color: black;color:white;border-radius:15px @ http://localhost:5199/node_modules/.vite/deps/@strudel_web.js?v=271342c3:10
[  544411ms] [LOG] %c[getTrigger] error: sound RolandTR808_sd not found! Is it loaded? background-color: black;color:white;border-radius:15px @ http://localhost:5199/node_modules/.vite/deps/@strudel_web.js?v=271342c3:10
[  544510ms] [LOG] %c[getTrigger] error: sound RolandTR909_hh not found! Is it loaded? background-color: black;color:white;border-radius:15px @ http://localhost:5199/node_modules/.vite/deps/@strudel_web.js?v=271342c3:10
[  544611ms] [LOG] %c[getTrigger] error: sound RolandTR909_bd not found! Is it loaded? background-color: black;color:white;border-radius:15px @ http://localhost:5199/node_modules/.vite/deps/@strudel_web.js?v=271342c3:10
[  544611ms] [LOG] %c[getTrigger] error: sound RolandTR909_hh not found! Is it loaded? background-color: black;color:white;border-radius:15px @ http://localhost:5199/node_modules/.vite/deps/@strudel_web.js?v=271342c3:10
[  544812ms] [LOG] %c[getTrigger] error: sound RolandTR909_bd not found! Is it loaded? background-color: black;color:white;border-radius:15px @ http://localhost:5199/node_modules/.vite/deps/@strudel_web.js?v=271342c3:10
[  544812ms] [LOG] %c[getTrigger] error: sound RolandTR808_rim not found! Is it loaded? background-color: black;color:white;border-radius:15px @ http://localhost:5199/node_modules/.vite/deps/@strudel_web.js?v=271342c3:10
[  544812ms] [LOG] %c[getTrigger] error: sound RolandTR909_hh not found! Is it loaded? background-color: black;color:white;border-radius:15px @ http://localhost:5199/node_modules/.vite/deps/@strudel_web.js?v=271342c3:10
[  544812ms] [LOG] %c[getTrigger] error: sound RolandTR808_rim not found! Is it loaded? background-color: black;color:white;border-radius:15px @ http://localhost:5199/node_modules/.vite/deps/@strudel_web.js?v=271342c3:10
[  544911ms] [LOG] %c[getTrigger] error: sound RolandTR909_hh not found! Is it loaded? background-color: black;color:white;border-radius:15px @ http://localhost:5199/node_modules/.vite/deps/@strudel_web.js?v=271342c3:10
[  545112ms] [LOG] %c[getTrigger] error: sound RolandTR909_oh not found! Is it loaded? background-color: black;color:white;border-radius:15px @ http://localhost:5199/node_modules/.vite/deps/@strudel_web.js?v=271342c3:10
[  545112ms] [LOG] %c[getTrigger] error: sound RolandTR808_sd not found! Is it loaded? background-color: black;color:white;border-radius:15px @ http://localhost:5199/node_modules/.vite/deps/@strudel_web.js?v=271342c3:10
[  545211ms] [LOG] %c[getTrigger] error: sound RolandTR909_hh not found! Is it loaded? background-color: black;color:white;border-radius:15px @ http://localhost:5199/node_modules/.vite/deps/@strudel_web.js?v=271342c3:10
[  545311ms] [LOG] %c[getTrigger] error: sound RolandTR808_rim not found! Is it loaded? background-color: black;color:white;border-radius:15px @ http://localhost:5199/node_modules/.vite/deps/@strudel_web.js?v=271342c3:10
[  545311ms] [LOG] %c[getTrigger] error: sound RolandTR909_hh not found! Is it loaded? background-color: black;color:white;border-radius:15px @ http://localhost:5199/node_modules/.vite/deps/@strudel_web.js?v=271342c3:10
[  545511ms] [LOG] %c[getTrigger] error: sound RolandTR808_rim not found! Is it loaded? background-color: black;color:white;border-radius:15px @ http://localhost:5199/node_modules/.vite/deps/@strudel_web.js?v=271342c3:10
[  545511ms] [LOG] %c[getTrigger] error: sound RolandTR909_hh not found! Is it loaded? background-color: black;color:white;border-radius:15px @ http://localhost:5199/node_modules/.vite/deps/@strudel_web.js?v=271342c3:10
[  545710ms] [LOG] %c[getTrigger] error: sound RolandTR808_rim not found! Is it loaded? background-color: black;color:white;border-radius:15px @ http://localhost:5199/node_modules/.vite/deps/@strudel_web.js?v=271342c3:10
[  545811ms] [LOG] %c[getTrigger] error: sound RolandTR909_hh not found! Is it loaded? background-color: black;color:white;border-radius:15px @ http://localhost:5199/node_modules/.vite/deps/@strudel_web.js?v=271342c3:10
[  545811ms] [LOG] %c[getTrigger] error: sound RolandTR909_oh not found! Is it loaded? background-color: black;color:white;border-radius:15px @ http://localhost:5199/node_modules/.vite/deps/@strudel_web.js?v=271342c3:10
[  545811ms] [LOG] %c[getTrigger] error: sound RolandTR808_sd not found! Is it loaded? background-color: black;color:white;border-radius:15px @ http://localhost:5199/node_modules/.vite/deps/@strudel_web.js?v=271342c3:10
[  545910ms] [LOG] %c[getTrigger] error: sound RolandTR909_hh not found! Is it loaded? background-color: black;color:white;border-radius:15px @ http://localhost:5199/node_modules/.vite/deps/@strudel_web.js?v=271342c3:10
[  546011ms] [LOG] %c[getTrigger] error: sound RolandTR909_bd not found! Is it loaded? background-color: black;color:white;border-radius:15px @ http://localhost:5199/node_modules/.vite/deps/@strudel_web.js?v=271342c3:10
[  546011ms] [LOG] %c[getTrigger] error: sound RolandTR909_hh not found! Is it loaded? background-color: black;color:white;border-radius:15px @ http://localhost:5199/node_modules/.vite/deps/@strudel_web.js?v=271342c3:10
[  546211ms] [LOG] %c[getTrigger] error: sound RolandTR909_bd not found! Is it loaded? background-color: black;color:white;border-radius:15px @ http://localhost:5199/node_modules/.vite/deps/@strudel_web.js?v=271342c3:10
[  546211ms] [LOG] %c[getTrigger] error: sound RolandTR808_rim not found! Is it loaded? background-color: black;color:white;border-radius:15px @ http://localhost:5199/node_modules/.vite/deps/@strudel_web.js?v=271342c3:10
[  546211ms] [LOG] %c[getTrigger] error: sound RolandTR909_hh not found! Is it loaded? background-color: black;color:white;border-radius:15px @ http://localhost:5199/node_modules/.vite/deps/@strudel_web.js?v=271342c3:10
[  546211ms] [LOG] %c[getTrigger] error: sound RolandTR808_rim not found! Is it loaded? background-color: black;color:white;border-radius:15px @ http://localhost:5199/node_modules/.vite/deps/@strudel_web.js?v=271342c3:10
[  546310ms] [LOG] %c[getTrigger] error: sound RolandTR909_hh not found! Is it loaded? background-color: black;color:white;border-radius:15px @ http://localhost:5199/node_modules/.vite/deps/@strudel_web.js?v=271342c3:10
[  546611ms] [LOG] %c[getTrigger] error: sound RolandTR808_rim not found! Is it loaded? background-color: black;color:white;border-radius:15px @ http://localhost:5199/node_modules/.vite/deps/@strudel_web.js?v=271342c3:10
[  546611ms] [LOG] %c[getTrigger] error: sound RolandTR909_hh not found! Is it loaded? background-color: black;color:white;border-radius:15px @ http://localhost:5199/node_modules/.vite/deps/@strudel_web.js?v=271342c3:10
[  546611ms] [LOG] %c[getTrigger] error: sound RolandTR909_oh not found! Is it loaded? background-color: black;color:white;border-radius:15px @ http://localhost:5199/node_modules/.vite/deps/@strudel_web.js?v=271342c3:10
[  546611ms] [LOG] %c[getTrigger] error: sound RolandTR808_sd not found! Is it loaded? background-color: black;color:white;border-radius:15px @ http://localhost:5199/node_modules/.vite/deps/@strudel_web.js?v=271342c3:10
[  546611ms] [LOG] %c[getTrigger] error: sound RolandTR909_hh not found! Is it loaded? background-color: black;color:white;border-radius:15px @ http://localhost:5199/node_modules/.vite/deps/@strudel_web.js?v=271342c3:10
[  546710ms] [LOG] %c[getTrigger] error: sound RolandTR808_rim not found! Is it loaded? background-color: black;color:white;border-radius:15px @ http://localhost:5199/node_modules/.vite/deps/@strudel_web.js?v=271342c3:10
[  546710ms] [LOG] %c[getTrigger] error: sound RolandTR909_hh not found! Is it loaded? background-color: black;color:white;border-radius:15px @ http://localhost:5199/node_modules/.vite/deps/@strudel_web.js?v=271342c3:10
[  546910ms] [LOG] %c[getTrigger] error: sound RolandTR808_rim not found! Is it loaded? background-color: black;color:white;border-radius:15px @ http://localhost:5199/node_modules/.vite/deps/@strudel_web.js?v=271342c3:10
[  546910ms] [LOG] %c[getTrigger] error: sound RolandTR909_hh not found! Is it loaded? background-color: black;color:white;border-radius:15px @ http://localhost:5199/node_modules/.vite/deps/@strudel_web.js?v=271342c3:10
[  547109ms] [LOG] %c[getTrigger] error: sound RolandTR808_rim not found! Is it loaded? background-color: black;color:white;border-radius:15px @ http://localhost:5199/node_modules/.vite/deps/@strudel_web.js?v=271342c3:10
[  547208ms] [LOG] %c[getTrigger] error: sound RolandTR909_hh not found! Is it loaded? background-color: black;color:white;border-radius:15px @ http://localhost:5199/node_modules/.vite/deps/@strudel_web.js?v=271342c3:10
[  547310ms] [LOG] %c[getTrigger] error: sound RolandTR909_oh not found! Is it loaded? background-color: black;color:white;border-radius:15px @ http://localhost:5199/node_modules/.vite/deps/@strudel_web.js?v=271342c3:10
[  547310ms] [LOG] %c[getTrigger] error: sound RolandTR808_sd not found! Is it loaded? background-color: black;color:white;border-radius:15px @ http://localhost:5199/node_modules/.vite/deps/@strudel_web.js?v=271342c3:10
[  547310ms] [LOG] %c[getTrigger] error: sound RolandTR909_hh not found! Is it loaded? background-color: black;color:white;border-radius:15px @ http://localhost:5199/node_modules/.vite/deps/@strudel_web.js?v=271342c3:10
[  547409ms] [LOG] %c[getTrigger] error: sound RolandTR909_bd not found! Is it loaded? background-color: black;color:white;border-radius:15px @ http://localhost:5199/node_modules/.vite/deps/@strudel_web.js?v=271342c3:10
[  547409ms] [LOG] %c[getTrigger] error: sound RolandTR909_hh not found! Is it loaded? background-color: black;color:white;border-radius:15px @ http://localhost:5199/node_modules/.vite/deps/@strudel_web.js?v=271342c3:10
[  547610ms] [LOG] %c[getTrigger] error: sound RolandTR909_bd not found! Is it loaded? background-color: black;color:white;border-radius:15px @ http://localhost:5199/node_modules/.vite/deps/@strudel_web.js?v=271342c3:10
[  547610ms] [LOG] %c[getTrigger] error: sound RolandTR808_rim not found! Is it loaded? background-color: black;color:white;border-radius:15px @ http://localhost:5199/node_modules/.vite/deps/@strudel_web.js?v=271342c3:10
[  547610ms] [LOG] %c[getTrigger] error: sound RolandTR909_hh not found! Is it loaded? background-color: black;color:white;border-radius:15px @ http://localhost:5199/node_modules/.vite/deps/@strudel_web.js?v=271342c3:10
[  547610ms] [LOG] %c[getTrigger] error: sound RolandTR808_rim not found! Is it loaded? background-color: black;color:white;border-radius:15px @ http://localhost:5199/node_modules/.vite/deps/@strudel_web.js?v=271342c3:10
[  547709ms] [LOG] %c[getTrigger] error: sound RolandTR909_hh not found! Is it loaded? background-color: black;color:white;border-radius:15px @ http://localhost:5199/node_modules/.vite/deps/@strudel_web.js?v=271342c3:10
[  547837ms] [LOG] %c[eval] code updated background-color: black;color:white;border-radius:15px @ http://localhost:5199/node_modules/.vite/deps/@strudel_web.js?v=271342c3:10
[  547909ms] [LOG] %c[getTrigger] error: sound RolandTR909_hh not found! Is it loaded? background-color: black;color:white;border-radius:15px @ http://localhost:5199/node_modules/.vite/deps/@strudel_web.js?v=271342c3:10
[  548010ms] [LOG] %c[getTrigger] error: sound RolandTR909_oh not found! Is it loaded? background-color: black;color:white;border-radius:15px @ http://localhost:5199/node_modules/.vite/deps/@strudel_web.js?v=271342c3:10
[  548010ms] [LOG] %c[getTrigger] error: sound RolandTR808_sd not found! Is it loaded? background-color: black;color:white;border-radius:15px @ http://localhost:5199/node_modules/.vite/deps/@strudel_web.js?v=271342c3:10
[  548109ms] [LOG] %c[getTrigger] error: sound RolandTR909_hh not found! Is it loaded? background-color: black;color:white;border-radius:15px @ http://localhost:5199/node_modules/.vite/deps/@strudel_web.js?v=271342c3:10
[  548109ms] [LOG] %c[getTrigger] error: sound RolandTR808_rim not found! Is it loaded? background-color: black;color:white;border-radius:15px @ http://localhost:5199/node_modules/.vite/deps/@strudel_web.js?v=271342c3:10
[  548109ms] [LOG] %c[getTrigger] error: sound RolandTR909_hh not found! Is it loaded? background-color: black;color:white;border-radius:15px @ http://localhost:5199/node_modules/.vite/deps/@strudel_web.js?v=271342c3:10
[  548310ms] [LOG] %c[getTrigger] error: sound RolandTR808_rim not found! Is it loaded? background-color: black;color:white;border-radius:15px @ http://localhost:5199/node_modules/.vite/deps/@strudel_web.js?v=271342c3:10
[  548310ms] [LOG] %c[getTrigger] error: sound RolandTR909_hh not found! Is it loaded? background-color: black;color:white;border-radius:15px @ http://localhost:5199/node_modules/.vite/deps/@strudel_web.js?v=271342c3:10
[  548609ms] [LOG] %c[getTrigger] error: sound RolandTR808_rim not found! Is it loaded? background-color: black;color:white;border-radius:15px @ http://localhost:5199/node_modules/.vite/deps/@strudel_web.js?v=271342c3:10
[  548709ms] [LOG] %c[getTrigger] error: sound RolandTR909_hh not found! Is it loaded? background-color: black;color:white;border-radius:15px @ http://localhost:5199/node_modules/.vite/deps/@strudel_web.js?v=271342c3:10
[  548709ms] [LOG] %c[getTrigger] error: sound RolandTR909_oh not found! Is it loaded? background-color: black;color:white;border-radius:15px @ http://localhost:5199/node_modules/.vite/deps/@strudel_web.js?v=271342c3:10
[  548709ms] [LOG] %c[getTrigger] error: sound RolandTR808_sd not found! Is it loaded? background-color: black;color:white;border-radius:15px @ http://localhost:5199/node_modules/.vite/deps/@strudel_web.js?v=271342c3:10
[  548809ms] [LOG] %c[getTrigger] error: sound RolandTR909_hh not found! Is it loaded? background-color: black;color:white;border-radius:15px @ http://localhost:5199/node_modules/.vite/deps/@strudel_web.js?v=271342c3:10
[  548809ms] [LOG] %c[getTrigger] error: sound RolandTR909_bd not found! Is it loaded? background-color: black;color:white;border-radius:15px @ http://localhost:5199/node_modules/.vite/deps/@strudel_web.js?v=271342c3:10
[  548809ms] [LOG] %c[getTrigger] error: sound RolandTR909_hh not found! Is it loaded? background-color: black;color:white;border-radius:15px @ http://localhost:5199/node_modules/.vite/deps/@strudel_web.js?v=271342c3:10
[  549009ms] [LOG] %c[getTrigger] error: sound RolandTR909_bd not found! Is it loaded? background-color: black;color:white;border-radius:15px @ http://localhost:5199/node_modules/.vite/deps/@strudel_web.js?v=271342c3:10
[  549009ms] [LOG] %c[getTrigger] error: sound RolandTR808_rim not found! Is it loaded? background-color: black;color:white;border-radius:15px @ http://localhost:5199/node_modules/.vite/deps/@strudel_web.js?v=271342c3:10
[  549009ms] [LOG] %c[getTrigger] error: sound RolandTR909_hh not found! Is it loaded? background-color: black;color:white;border-radius:15px @ http://localhost:5199/node_modules/.vite/deps/@strudel_web.js?v=271342c3:10
[  549009ms] [LOG] %c[getTrigger] error: sound RolandTR808_rim not found! Is it loaded? background-color: black;color:white;border-radius:15px @ http://localhost:5199/node_modules/.vite/deps/@strudel_web.js?v=271342c3:10
[  549109ms] [LOG] %c[getTrigger] error: sound RolandTR909_hh not found! Is it loaded? background-color: black;color:white;border-radius:15px @ http://localhost:5199/node_modules/.vite/deps/@strudel_web.js?v=271342c3:10
[  549248ms] [LOG] %c[eval] code updated background-color: black;color:white;border-radius:15px @ http://localhost:5199/node_modules/.vite/deps/@strudel_web.js?v=271342c3:10
[  549309ms] [LOG] %c[getTrigger] error: sound RolandTR909_hh not found! Is it loaded? background-color: black;color:white;border-radius:15px @ http://localhost:5199/node_modules/.vite/deps/@strudel_web.js?v=271342c3:10
[  549409ms] [LOG] %c[getTrigger] error: sound RolandTR808_rim not found! Is it loaded? background-color: black;color:white;border-radius:15px @ http://localhost:5199/node_modules/.vite/deps/@strudel_web.js?v=271342c3:10
[  549409ms] [LOG] %c[getTrigger] error: sound RolandTR909_hh not found! Is it loaded? background-color: black;color:white;border-radius:15px @ http://localhost:5199/node_modules/.vite/deps/@strudel_web.js?v=271342c3:10
[  549409ms] [LOG] %c[getTrigger] error: sound RolandTR909_oh not found! Is it loaded? background-color: black;color:white;border-radius:15px @ http://localhost:5199/node_modules/.vite/deps/@strudel_web.js?v=271342c3:10
[  549409ms] [LOG] %c[getTrigger] error: sound RolandTR808_sd not found! Is it loaded? background-color: black;color:white;border-radius:15px @ http://localhost:5199/node_modules/.vite/deps/@strudel_web.js?v=271342c3:10
[  549508ms] [LOG] %c[getTrigger] error: sound RolandTR909_hh not found! Is it loaded? background-color: black;color:white;border-radius:15px @ http://localhost:5199/node_modules/.vite/deps/@strudel_web.js?v=271342c3:10
[  549509ms] [LOG] %c[getTrigger] error: sound RolandTR808_rim not found! Is it loaded? background-color: black;color:white;border-radius:15px @ http://localhost:5199/node_modules/.vite/deps/@strudel_web.js?v=271342c3:10
[  549609ms] [LOG] %c[getTrigger] error: sound RolandTR909_hh not found! Is it loaded? background-color: black;color:white;border-radius:15px @ http://localhost:5199/node_modules/.vite/deps/@strudel_web.js?v=271342c3:10
[  549709ms] [LOG] %c[getTrigger] error: sound RolandTR808_rim not found! Is it loaded? background-color: black;color:white;border-radius:15px @ http://localhost:5199/node_modules/.vite/deps/@strudel_web.js?v=271342c3:10
[  549709ms] [LOG] %c[getTrigger] error: sound RolandTR909_hh not found! Is it loaded? background-color: black;color:white;border-radius:15px @ http://localhost:5199/node_modules/.vite/deps/@strudel_web.js?v=271342c3:10
[  550009ms] [LOG] %c[getTrigger] error: sound RolandTR808_rim not found! Is it loaded? background-color: black;color:white;border-radius:15px @ http://localhost:5199/node_modules/.vite/deps/@strudel_web.js?v=271342c3:10
[  550108ms] [LOG] %c[getTrigger] error: sound RolandTR909_hh not found! Is it loaded? background-color: black;color:white;border-radius:15px @ http://localhost:5199/node_modules/.vite/deps/@strudel_web.js?v=271342c3:10
[  550108ms] [LOG] %c[getTrigger] error: sound RolandTR909_oh not found! Is it loaded? background-color: black;color:white;border-radius:15px @ http://localhost:5199/node_modules/.vite/deps/@strudel_web.js?v=271342c3:10
[  550108ms] [LOG] %c[getTrigger] error: sound RolandTR808_sd not found! Is it loaded? background-color: black;color:white;border-radius:15px @ http://localhost:5199/node_modules/.vite/deps/@strudel_web.js?v=271342c3:10
[  550208ms] [LOG] %c[getTrigger] error: sound RolandTR909_hh not found! Is it loaded? background-color: black;color:white;border-radius:15px @ http://localhost:5199/node_modules/.vite/deps/@strudel_web.js?v=271342c3:10
[  550359ms] [LOG] %c🌀 @strudel/core loaded 🌀 background-color: black;color:white;border-radius:15px @ http://localhost:5199/node_modules/.vite/deps/@strudel_web.js?v=271342c3:10
[  550383ms] [VERBOSE] [DOM] Password field is not contained in a form: (More info: https://goo.gl/9p2vKq) %o @ http://localhost:5199/:0
[  577663ms] [LOG] %c🌀 @strudel/core loaded 🌀 background-color: black;color:white;border-radius:15px @ http://localhost:5199/node_modules/.vite/deps/@strudel_web.js?v=271342c3:10
[  577681ms] [VERBOSE] [DOM] Password field is not contained in a form: (More info: https://goo.gl/9p2vKq) %o @ http://localhost:5199/:0
[  609279ms] [LOG] %c🌀 @strudel/core loaded 🌀 background-color: black;color:white;border-radius:15px @ http://localhost:5199/node_modules/.vite/deps/@strudel_web.js?v=271342c3:10
[  609297ms] [VERBOSE] [DOM] Password field is not contained in a form: (More info: https://goo.gl/9p2vKq) %o @ http://localhost:5199/:0
[  629942ms] [LOG] %c🌀 @strudel/core loaded 🌀 background-color: black;color:white;border-radius:15px @ http://localhost:5199/node_modules/.vite/deps/@strudel_web.js?v=271342c3:10
[  629960ms] [VERBOSE] [DOM] Password field is not contained in a form: (More info: https://goo.gl/9p2vKq) %o @ http://localhost:5199/:0
[  661254ms] [LOG] %c🌀 @strudel/core loaded 🌀 background-color: black;color:white;border-radius:15px @ http://localhost:5199/node_modules/.vite/deps/@strudel_web.js?v=271342c3:10
[  661272ms] [VERBOSE] [DOM] Password field is not contained in a form: (More info: https://goo.gl/9p2vKq) %o @ http://localhost:5199/:0
[  667384ms] [LOG] %c[eval] code updated background-color: black;color:white;border-radius:15px @ http://localhost:5199/node_modules/.vite/deps/@strudel_web.js?v=271342c3:10
[  667384ms] [LOG] %c[cyclist] start background-color: black;color:white;border-radius:15px @ http://localhost:5199/node_modules/.vite/deps/@strudel_web.js?v=271342c3:10
[  667390ms] [LOG] %c[getTrigger] error: sound RolandTR909_bd not found! Is it loaded? background-color: black;color:white;border-radius:15px @ http://localhost:5199/node_modules/.vite/deps/@strudel_web.js?v=271342c3:10
[  667390ms] [LOG] %c[getTrigger] error: sound RolandTR909_hh not found! Is it loaded? background-color: black;color:white;border-radius:15px @ http://localhost:5199/node_modules/.vite/deps/@strudel_web.js?v=271342c3:10
[  667390ms] [LOG] %c[getTrigger] error: sound RolandTR808_rim not found! Is it loaded? background-color: black;color:white;border-radius:15px @ http://localhost:5199/node_modules/.vite/deps/@strudel_web.js?v=271342c3:10
[  667396ms] [LOG] %c[getTrigger] error: sound RolandTR909_hh not found! Is it loaded? background-color: black;color:white;border-radius:15px @ http://localhost:5199/node_modules/.vite/deps/@strudel_web.js?v=271342c3:10
[  667396ms] [LOG] %c[getTrigger] error: sound RolandTR909_oh not found! Is it loaded? background-color: black;color:white;border-radius:15px @ http://localhost:5199/node_modules/.vite/deps/@strudel_web.js?v=271342c3:10
[  667396ms] [LOG] %c[getTrigger] error: sound RolandTR909_hh not found! Is it loaded? background-color: black;color:white;border-radius:15px @ http://localhost:5199/node_modules/.vite/deps/@strudel_web.js?v=271342c3:10
[  667396ms] [LOG] %c[getTrigger] error: Failed to construct 'AudioWorkletNode': AudioWorkletNode cannot be created: AudioWorklet does not have a valid AudioWorkletGlobalScope. Load a script via audioWorklet.addModule() first. background-color: black;color:white;border-radius:15px @ http://localhost:5199/node_modules/.vite/deps/@strudel_web.js?v=271342c3:10
[  667493ms] [LOG] %c[getTrigger] error: sound RolandTR909_hh not found! Is it loaded? background-color: black;color:white;border-radius:15px @ http://localhost:5199/node_modules/.vite/deps/@strudel_web.js?v=271342c3:10
[  667594ms] [LOG] %c[getTrigger] error: sound RolandTR808_rim not found! Is it loaded? background-color: black;color:white;border-radius:15px @ http://localhost:5199/node_modules/.vite/deps/@strudel_web.js?v=271342c3:10
[  667594ms] [LOG] %c[getTrigger] error: sound RolandTR909_cp not found! Is it loaded? background-color: black;color:white;border-radius:15px @ http://localhost:5199/node_modules/.vite/deps/@strudel_web.js?v=271342c3:10
[  667594ms] [LOG] %c[getTrigger] error: sound RolandTR808_sd not found! Is it loaded? background-color: black;color:white;border-radius:15px @ http://localhost:5199/node_modules/.vite/deps/@strudel_web.js?v=271342c3:10
[  667594ms] [LOG] %c[getTrigger] error: sound RolandTR909_hh not found! Is it loaded? background-color: black;color:white;border-radius:15px @ http://localhost:5199/node_modules/.vite/deps/@strudel_web.js?v=271342c3:10
[  667794ms] [LOG] %c[getTrigger] error: sound RolandTR909_oh not found! Is it loaded? background-color: black;color:white;border-radius:15px @ http://localhost:5199/node_modules/.vite/deps/@strudel_web.js?v=271342c3:10
[  667794ms] [LOG] %c[getTrigger] error: sound RolandTR909_hh not found! Is it loaded? background-color: black;color:white;border-radius:15px @ http://localhost:5199/node_modules/.vite/deps/@strudel_web.js?v=271342c3:10
[  667995ms] [LOG] %c[getTrigger] error: sound RolandTR808_rim not found! Is it loaded? background-color: black;color:white;border-radius:15px @ http://localhost:5199/node_modules/.vite/deps/@strudel_web.js?v=271342c3:10
[  667995ms] [LOG] %c[getTrigger] error: sound RolandTR909_hh not found! Is it loaded? background-color: black;color:white;border-radius:15px @ http://localhost:5199/node_modules/.vite/deps/@strudel_web.js?v=271342c3:10
[  667995ms] [LOG] %c[getTrigger] error: Failed to construct 'AudioWorkletNode': AudioWorkletNode cannot be created: AudioWorklet does not have a valid AudioWorkletGlobalScope. Load a script via audioWorklet.addModule() first. background-color: black;color:white;border-radius:15px @ http://localhost:5199/node_modules/.vite/deps/@strudel_web.js?v=271342c3:10
[  668094ms] [LOG] %c[getTrigger] error: sound RolandTR909_hh not found! Is it loaded? background-color: black;color:white;border-radius:15px @ http://localhost:5199/node_modules/.vite/deps/@strudel_web.js?v=271342c3:10
[  668094ms] [LOG] %c[getTrigger] error: sound RolandTR909_oh not found! Is it loaded? background-color: black;color:white;border-radius:15px @ http://localhost:5199/node_modules/.vite/deps/@strudel_web.js?v=271342c3:10
[  668094ms] [LOG] %c[getTrigger] error: sound RolandTR909_hh not found! Is it loaded? background-color: black;color:white;border-radius:15px @ http://localhost:5199/node_modules/.vite/deps/@strudel_web.js?v=271342c3:10
[  668293ms] [LOG] %c[getTrigger] error: sound RolandTR808_rim not found! Is it loaded? background-color: black;color:white;border-radius:15px @ http://localhost:5199/node_modules/.vite/deps/@strudel_web.js?v=271342c3:10
[  668293ms] [LOG] %c[getTrigger] error: sound RolandTR909_cp not found! Is it loaded? background-color: black;color:white;border-radius:15px @ http://localhost:5199/node_modules/.vite/deps/@strudel_web.js?v=271342c3:10
[  668293ms] [LOG] %c[getTrigger] error: sound RolandTR808_sd not found! Is it loaded? background-color: black;color:white;border-radius:15px @ http://localhost:5199/node_modules/.vite/deps/@strudel_web.js?v=271342c3:10
[  668293ms] [LOG] %c[getTrigger] error: sound RolandTR909_hh not found! Is it loaded? background-color: black;color:white;border-radius:15px @ http://localhost:5199/node_modules/.vite/deps/@strudel_web.js?v=271342c3:10
[  668494ms] [LOG] %c[getTrigger] error: sound RolandTR909_oh not found! Is it loaded? background-color: black;color:white;border-radius:15px @ http://localhost:5199/node_modules/.vite/deps/@strudel_web.js?v=271342c3:10
[  668494ms] [LOG] %c[getTrigger] error: sound RolandTR909_hh not found! Is it loaded? background-color: black;color:white;border-radius:15px @ http://localhost:5199/node_modules/.vite/deps/@strudel_web.js?v=271342c3:10
[  668694ms] [LOG] %c[getTrigger] error: sound RolandTR909_bd not found! Is it loaded? background-color: black;color:white;border-radius:15px @ http://localhost:5199/node_modules/.vite/deps/@strudel_web.js?v=271342c3:10
[  668695ms] [LOG] %c[getTrigger] error: sound RolandTR909_hh not found! Is it loaded? background-color: black;color:white;border-radius:15px @ http://localhost:5199/node_modules/.vite/deps/@strudel_web.js?v=271342c3:10
[  668695ms] [LOG] %c[getTrigger] error: sound RolandTR808_rim not found! Is it loaded? background-color: black;color:white;border-radius:15px @ http://localhost:5199/node_modules/.vite/deps/@strudel_web.js?v=271342c3:10
[  668695ms] [LOG] %c[getTrigger] error: sound RolandTR909_hh not found! Is it loaded? background-color: black;color:white;border-radius:15px @ http://localhost:5199/node_modules/.vite/deps/@strudel_web.js?v=271342c3:10
[  668695ms] [LOG] %c[getTrigger] error: Failed to construct 'AudioWorkletNode': AudioWorkletNode cannot be created: AudioWorklet does not have a valid AudioWorkletGlobalScope. Load a script via audioWorklet.addModule() first. background-color: black;color:white;border-radius:15px @ http://localhost:5199/node_modules/.vite/deps/@strudel_web.js?v=271342c3:10
[  668793ms] [LOG] %c[getTrigger] error: sound RolandTR909_hh not found! Is it loaded? background-color: black;color:white;border-radius:15px @ http://localhost:5199/node_modules/.vite/deps/@strudel_web.js?v=271342c3:10
[  668793ms] [LOG] %c[getTrigger] error: sound RolandTR909_oh not found! Is it loaded? background-color: black;color:white;border-radius:15px @ http://localhost:5199/node_modules/.vite/deps/@strudel_web.js?v=271342c3:10
[  668793ms] [LOG] %c[getTrigger] error: sound RolandTR909_hh not found! Is it loaded? background-color: black;color:white;border-radius:15px @ http://localhost:5199/node_modules/.vite/deps/@strudel_web.js?v=271342c3:10
[  668864ms] [LOG] %c[eval] code updated background-color: black;color:white;border-radius:15px @ http://localhost:5199/node_modules/.vite/deps/@strudel_web.js?v=271342c3:10
[  668893ms] [LOG] %c[getTrigger] error: sound RolandTR909_hh not found! Is it loaded? background-color: black;color:white;border-radius:15px @ http://localhost:5199/node_modules/.vite/deps/@strudel_web.js?v=271342c3:10
[  669193ms] [LOG] %c[getTrigger] error: sound RolandTR808_rim not found! Is it loaded? background-color: black;color:white;border-radius:15px @ http://localhost:5199/node_modules/.vite/deps/@strudel_web.js?v=271342c3:10
[  669193ms] [LOG] %c[getTrigger] error: sound RolandTR909_cp not found! Is it loaded? background-color: black;color:white;border-radius:15px @ http://localhost:5199/node_modules/.vite/deps/@strudel_web.js?v=271342c3:10
[  669193ms] [LOG] %c[getTrigger] error: sound RolandTR808_sd not found! Is it loaded? background-color: black;color:white;border-radius:15px @ http://localhost:5199/node_modules/.vite/deps/@strudel_web.js?v=271342c3:10
[  669193ms] [LOG] %c[getTrigger] error: sound RolandTR909_hh not found! Is it loaded? background-color: black;color:white;border-radius:15px @ http://localhost:5199/node_modules/.vite/deps/@strudel_web.js?v=271342c3:10
[  669493ms] [LOG] %c[getTrigger] error: sound RolandTR909_oh not found! Is it loaded? background-color: black;color:white;border-radius:15px @ http://localhost:5199/node_modules/.vite/deps/@strudel_web.js?v=271342c3:10
[  669493ms] [LOG] %c[getTrigger] error: sound RolandTR909_hh not found! Is it loaded? background-color: black;color:white;border-radius:15px @ http://localhost:5199/node_modules/.vite/deps/@strudel_web.js?v=271342c3:10
[  669794ms] [LOG] %c[getTrigger] error: sound RolandTR808_rim not found! Is it loaded? background-color: black;color:white;border-radius:15px @ http://localhost:5199/node_modules/.vite/deps/@strudel_web.js?v=271342c3:10
[  669794ms] [LOG] %c[getTrigger] error: sound RolandTR909_hh not found! Is it loaded? background-color: black;color:white;border-radius:15px @ http://localhost:5199/node_modules/.vite/deps/@strudel_web.js?v=271342c3:10
[  669794ms] [LOG] %c[getTrigger] error: Failed to construct 'AudioWorkletNode': AudioWorkletNode cannot be created: AudioWorklet does not have a valid AudioWorkletGlobalScope. Load a script via audioWorklet.addModule() first. background-color: black;color:white;border-radius:15px @ http://localhost:5199/node_modules/.vite/deps/@strudel_web.js?v=271342c3:10
[  669894ms] [LOG] %c[getTrigger] error: sound RolandTR909_hh not found! Is it loaded? background-color: black;color:white;border-radius:15px @ http://localhost:5199/node_modules/.vite/deps/@strudel_web.js?v=271342c3:10
[  670192ms] [LOG] %c[getTrigger] error: sound RolandTR909_oh not found! Is it loaded? background-color: black;color:white;border-radius:15px @ http://localhost:5199/node_modules/.vite/deps/@strudel_web.js?v=271342c3:10
[  670192ms] [LOG] %c[getTrigger] error: sound RolandTR909_hh not found! Is it loaded? background-color: black;color:white;border-radius:15px @ http://localhost:5199/node_modules/.vite/deps/@strudel_web.js?v=271342c3:10
[  670492ms] [LOG] %c[getTrigger] error: sound RolandTR808_rim not found! Is it loaded? background-color: black;color:white;border-radius:15px @ http://localhost:5199/node_modules/.vite/deps/@strudel_web.js?v=271342c3:10
[  670492ms] [LOG] %c[getTrigger] error: sound RolandTR909_cp not found! Is it loaded? background-color: black;color:white;border-radius:15px @ http://localhost:5199/node_modules/.vite/deps/@strudel_web.js?v=271342c3:10
[  670492ms] [LOG] %c[getTrigger] error: sound RolandTR909_hh not found! Is it loaded? background-color: black;color:white;border-radius:15px @ http://localhost:5199/node_modules/.vite/deps/@strudel_web.js?v=271342c3:10
[  670492ms] [LOG] %c[getTrigger] error: sound RolandTR808_sd not found! Is it loaded? background-color: black;color:white;border-radius:15px @ http://localhost:5199/node_modules/.vite/deps/@strudel_web.js?v=271342c3:10
[  670593ms] [LOG] %c[getTrigger] error: sound RolandTR909_hh not found! Is it loaded? background-color: black;color:white;border-radius:15px @ http://localhost:5199/node_modules/.vite/deps/@strudel_web.js?v=271342c3:10
[  670794ms] [LOG] %c[getTrigger] error: sound RolandTR909_oh not found! Is it loaded? background-color: black;color:white;border-radius:15px @ http://localhost:5199/node_modules/.vite/deps/@strudel_web.js?v=271342c3:10
[  670794ms] [LOG] %c[getTrigger] error: sound RolandTR909_hh not found! Is it loaded? background-color: black;color:white;border-radius:15px @ http://localhost:5199/node_modules/.vite/deps/@strudel_web.js?v=271342c3:10
[  671193ms] [LOG] %c[getTrigger] error: sound RolandTR909_bd not found! Is it loaded? background-color: black;color:white;border-radius:15px @ http://localhost:5199/node_modules/.vite/deps/@strudel_web.js?v=271342c3:10
[  671193ms] [LOG] %c[getTrigger] error: sound RolandTR909_hh not found! Is it loaded? background-color: black;color:white;border-radius:15px @ http://localhost:5199/node_modules/.vite/deps/@strudel_web.js?v=271342c3:10
[  671193ms] [LOG] %c[getTrigger] error: sound RolandTR808_rim not found! Is it loaded? background-color: black;color:white;border-radius:15px @ http://localhost:5199/node_modules/.vite/deps/@strudel_web.js?v=271342c3:10
[  671193ms] [LOG] %c[getTrigger] error: sound RolandTR909_hh not found! Is it loaded? background-color: black;color:white;border-radius:15px @ http://localhost:5199/node_modules/.vite/deps/@strudel_web.js?v=271342c3:10
[  671193ms] [LOG] %c[getTrigger] error: Failed to construct 'AudioWorkletNode': AudioWorkletNode cannot be created: AudioWorklet does not have a valid AudioWorkletGlobalScope. Load a script via audioWorklet.addModule() first. background-color: black;color:white;border-radius:15px @ http://localhost:5199/node_modules/.vite/deps/@strudel_web.js?v=271342c3:10
[  671293ms] [LOG] %c[getTrigger] error: sound RolandTR909_hh not found! Is it loaded? background-color: black;color:white;border-radius:15px @ http://localhost:5199/node_modules/.vite/deps/@strudel_web.js?v=271342c3:10
[  671405ms] [LOG] %c[eval] code updated background-color: black;color:white;border-radius:15px @ http://localhost:5199/node_modules/.vite/deps/@strudel_web.js?v=271342c3:10
[  671493ms] [LOG] %c[getTrigger] error: sound RolandTR909_oh not found! Is it loaded? background-color: black;color:white;border-radius:15px @ http://localhost:5199/node_modules/.vite/deps/@strudel_web.js?v=271342c3:10
[  671493ms] [LOG] %c[getTrigger] error: sound RolandTR909_hh not found! Is it loaded? background-color: black;color:white;border-radius:15px @ http://localhost:5199/node_modules/.vite/deps/@strudel_web.js?v=271342c3:10
[  671794ms] [LOG] %c[getTrigger] error: sound RolandTR808_rim not found! Is it loaded? background-color: black;color:white;border-radius:15px @ http://localhost:5199/node_modules/.vite/deps/@strudel_web.js?v=271342c3:10
[  671795ms] [LOG] %c[getTrigger] error: sound RolandTR909_cp not found! Is it loaded? background-color: black;color:white;border-radius:15px @ http://localhost:5199/node_modules/.vite/deps/@strudel_web.js?v=271342c3:10
[  671795ms] [LOG] %c[getTrigger] error: sound RolandTR909_hh not found! Is it loaded? background-color: black;color:white;border-radius:15px @ http://localhost:5199/node_modules/.vite/deps/@strudel_web.js?v=271342c3:10
[  671893ms] [LOG] %c[getTrigger] error: sound RolandTR808_sd not found! Is it loaded? background-color: black;color:white;border-radius:15px @ http://localhost:5199/node_modules/.vite/deps/@strudel_web.js?v=271342c3:10
[  671893ms] [LOG] %c[getTrigger] error: sound RolandTR909_hh not found! Is it loaded? background-color: black;color:white;border-radius:15px @ http://localhost:5199/node_modules/.vite/deps/@strudel_web.js?v=271342c3:10
[  672193ms] [LOG] %c[getTrigger] error: sound RolandTR909_oh not found! Is it loaded? background-color: black;color:white;border-radius:15px @ http://localhost:5199/node_modules/.vite/deps/@strudel_web.js?v=271342c3:10
[  672193ms] [LOG] %c[getTrigger] error: sound RolandTR909_hh not found! Is it loaded? background-color: black;color:white;border-radius:15px @ http://localhost:5199/node_modules/.vite/deps/@strudel_web.js?v=271342c3:10
[  672493ms] [LOG] %c[getTrigger] error: sound RolandTR808_rim not found! Is it loaded? background-color: black;color:white;border-radius:15px @ http://localhost:5199/node_modules/.vite/deps/@strudel_web.js?v=271342c3:10
[  672494ms] [LOG] %c[getTrigger] error: sound RolandTR909_hh not found! Is it loaded? background-color: black;color:white;border-radius:15px @ http://localhost:5199/node_modules/.vite/deps/@strudel_web.js?v=271342c3:10
[  672494ms] [LOG] %c[getTrigger] error: Failed to construct 'AudioWorkletNode': AudioWorkletNode cannot be created: AudioWorklet does not have a valid AudioWorkletGlobalScope. Load a script via audioWorklet.addModule() first. background-color: black;color:white;border-radius:15px @ http://localhost:5199/node_modules/.vite/deps/@strudel_web.js?v=271342c3:10
[  672592ms] [LOG] %c[getTrigger] error: sound RolandTR909_hh not found! Is it loaded? background-color: black;color:white;border-radius:15px @ http://localhost:5199/node_modules/.vite/deps/@strudel_web.js?v=271342c3:10
[  672793ms] [LOG] %c[getTrigger] error: sound RolandTR909_oh not found! Is it loaded? background-color: black;color:white;border-radius:15px @ http://localhost:5199/node_modules/.vite/deps/@strudel_web.js?v=271342c3:10
[  672793ms] [LOG] %c[getTrigger] error: sound RolandTR909_hh not found! Is it loaded? background-color: black;color:white;border-radius:15px @ http://localhost:5199/node_modules/.vite/deps/@strudel_web.js?v=271342c3:10
[  673193ms] [LOG] %c[getTrigger] error: sound RolandTR808_rim not found! Is it loaded? background-color: black;color:white;border-radius:15px @ http://localhost:5199/node_modules/.vite/deps/@strudel_web.js?v=271342c3:10
[  673193ms] [LOG] %c[getTrigger] error: sound RolandTR909_cp not found! Is it loaded? background-color: black;color:white;border-radius:15px @ http://localhost:5199/node_modules/.vite/deps/@strudel_web.js?v=271342c3:10
[  673193ms] [LOG] %c[getTrigger] error: sound RolandTR808_sd not found! Is it loaded? background-color: black;color:white;border-radius:15px @ http://localhost:5199/node_modules/.vite/deps/@strudel_web.js?v=271342c3:10
[  673193ms] [LOG] %c[getTrigger] error: sound RolandTR909_hh not found! Is it loaded? background-color: black;color:white;border-radius:15px @ http://localhost:5199/node_modules/.vite/deps/@strudel_web.js?v=271342c3:10
[  673493ms] [LOG] %c[getTrigger] error: sound RolandTR909_oh not found! Is it loaded? background-color: black;color:white;border-radius:15px @ http://localhost:5199/node_modules/.vite/deps/@strudel_web.js?v=271342c3:10
[  673493ms] [LOG] %c[getTrigger] error: sound RolandTR909_hh not found! Is it loaded? background-color: black;color:white;border-radius:15px @ http://localhost:5199/node_modules/.vite/deps/@strudel_web.js?v=271342c3:10
[  673793ms] [LOG] %c[getTrigger] error: sound RolandTR909_bd not found! Is it loaded? background-color: black;color:white;border-radius:15px @ http://localhost:5199/node_modules/.vite/deps/@strudel_web.js?v=271342c3:10
[  673793ms] [LOG] %c[getTrigger] error: sound RolandTR909_hh not found! Is it loaded? background-color: black;color:white;border-radius:15px @ http://localhost:5199/node_modules/.vite/deps/@strudel_web.js?v=271342c3:10
[  673793ms] [LOG] %c[getTrigger] error: sound RolandTR808_rim not found! Is it loaded? background-color: black;color:white;border-radius:15px @ http://localhost:5199/node_modules/.vite/deps/@strudel_web.js?v=271342c3:10
[  673794ms] [LOG] %c[getTrigger] error: sound RolandTR909_hh not found! Is it loaded? background-color: black;color:white;border-radius:15px @ http://localhost:5199/node_modules/.vite/deps/@strudel_web.js?v=271342c3:10
[  673794ms] [LOG] %c[getTrigger] error: Failed to construct 'AudioWorkletNode': AudioWorkletNode cannot be created: AudioWorklet does not have a valid AudioWorkletGlobalScope. Load a script via audioWorklet.addModule() first. background-color: black;color:white;border-radius:15px @ http://localhost:5199/node_modules/.vite/deps/@strudel_web.js?v=271342c3:10
[  673893ms] [LOG] %c[getTrigger] error: sound RolandTR909_hh not found! Is it loaded? background-color: black;color:white;border-radius:15px @ http://localhost:5199/node_modules/.vite/deps/@strudel_web.js?v=271342c3:10
[  674193ms] [LOG] %c[getTrigger] error: sound RolandTR909_oh not found! Is it loaded? background-color: black;color:white;border-radius:15px @ http://localhost:5199/node_modules/.vite/deps/@strudel_web.js?v=271342c3:10
[  674193ms] [LOG] %c[getTrigger] error: sound RolandTR909_hh not found! Is it loaded? background-color: black;color:white;border-radius:15px @ http://localhost:5199/node_modules/.vite/deps/@strudel_web.js?v=271342c3:10
[  674493ms] [LOG] %c[getTrigger] error: sound RolandTR808_rim not found! Is it loaded? background-color: black;color:white;border-radius:15px @ http://localhost:5199/node_modules/.vite/deps/@strudel_web.js?v=271342c3:10
[  674494ms] [LOG] %c[getTrigger] error: sound RolandTR909_cp not found! Is it loaded? background-color: black;color:white;border-radius:15px @ http://localhost:5199/node_modules/.vite/deps/@strudel_web.js?v=271342c3:10
[  674494ms] [LOG] %c[getTrigger] error: sound RolandTR909_hh not found! Is it loaded? background-color: black;color:white;border-radius:15px @ http://localhost:5199/node_modules/.vite/deps/@strudel_web.js?v=271342c3:10
[  674494ms] [LOG] %c[getTrigger] error: sound RolandTR808_sd not found! Is it loaded? background-color: black;color:white;border-radius:15px @ http://localhost:5199/node_modules/.vite/deps/@strudel_web.js?v=271342c3:10
[  674592ms] [LOG] %c[getTrigger] error: sound RolandTR909_hh not found! Is it loaded? background-color: black;color:white;border-radius:15px @ http://localhost:5199/node_modules/.vite/deps/@strudel_web.js?v=271342c3:10
[  674793ms] [LOG] %c[getTrigger] error: sound RolandTR909_oh not found! Is it loaded? background-color: black;color:white;border-radius:15px @ http://localhost:5199/node_modules/.vite/deps/@strudel_web.js?v=271342c3:10
[  674793ms] [LOG] %c[getTrigger] error: sound RolandTR909_hh not found! Is it loaded? background-color: black;color:white;border-radius:15px @ http://localhost:5199/node_modules/.vite/deps/@strudel_web.js?v=271342c3:10
[  675193ms] [LOG] %c[getTrigger] error: sound RolandTR808_rim not found! Is it loaded? background-color: black;color:white;border-radius:15px @ http://localhost:5199/node_modules/.vite/deps/@strudel_web.js?v=271342c3:10
[  675194ms] [LOG] %c[getTrigger] error: sound RolandTR909_hh not found! Is it loaded? background-color: black;color:white;border-radius:15px @ http://localhost:5199/node_modules/.vite/deps/@strudel_web.js?v=271342c3:10
[  675194ms] [LOG] %c[getTrigger] error: Failed to construct 'AudioWorkletNode': AudioWorkletNode cannot be created: AudioWorklet does not have a valid AudioWorkletGlobalScope. Load a script via audioWorklet.addModule() first. background-color: black;color:white;border-radius:15px @ http://localhost:5199/node_modules/.vite/deps/@strudel_web.js?v=271342c3:10
[  675294ms] [LOG] %c[getTrigger] error: sound RolandTR909_hh not found! Is it loaded? background-color: black;color:white;border-radius:15px @ http://localhost:5199/node_modules/.vite/deps/@strudel_web.js?v=271342c3:10
[  675492ms] [LOG] %c[getTrigger] error: sound RolandTR909_oh not found! Is it loaded? background-color: black;color:white;border-radius:15px @ http://localhost:5199/node_modules/.vite/deps/@strudel_web.js?v=271342c3:10
[  675492ms] [LOG] %c[getTrigger] error: sound RolandTR909_hh not found! Is it loaded? background-color: black;color:white;border-radius:15px @ http://localhost:5199/node_modules/.vite/deps/@strudel_web.js?v=271342c3:10
[  675792ms] [LOG] %c[getTrigger] error: sound RolandTR808_rim not found! Is it loaded? background-color: black;color:white;border-radius:15px @ http://localhost:5199/node_modules/.vite/deps/@strudel_web.js?v=271342c3:10
[  675792ms] [LOG] %c[getTrigger] error: sound RolandTR909_cp not found! Is it loaded? background-color: black;color:white;border-radius:15px @ http://localhost:5199/node_modules/.vite/deps/@strudel_web.js?v=271342c3:10
[  675793ms] [LOG] %c[getTrigger] error: sound RolandTR909_hh not found! Is it loaded? background-color: black;color:white;border-radius:15px @ http://localhost:5199/node_modules/.vite/deps/@strudel_web.js?v=271342c3:10
[  675893ms] [LOG] %c[getTrigger] error: sound RolandTR808_sd not found! Is it loaded? background-color: black;color:white;border-radius:15px @ http://localhost:5199/node_modules/.vite/deps/@strudel_web.js?v=271342c3:10
[  675893ms] [LOG] %c[getTrigger] error: sound RolandTR909_hh not found! Is it loaded? background-color: black;color:white;border-radius:15px @ http://localhost:5199/node_modules/.vite/deps/@strudel_web.js?v=271342c3:10
[  676192ms] [LOG] %c[getTrigger] error: sound RolandTR909_oh not found! Is it loaded? background-color: black;color:white;border-radius:15px @ http://localhost:5199/node_modules/.vite/deps/@strudel_web.js?v=271342c3:10
[  676192ms] [LOG] %c[getTrigger] error: sound RolandTR909_hh not found! Is it loaded? background-color: black;color:white;border-radius:15px @ http://localhost:5199/node_modules/.vite/deps/@strudel_web.js?v=271342c3:10
[  676494ms] [LOG] %c[getTrigger] error: sound RolandTR909_bd not found! Is it loaded? background-color: black;color:white;border-radius:15px @ http://localhost:5199/node_modules/.vite/deps/@strudel_web.js?v=271342c3:10
[  676494ms] [LOG] %c[getTrigger] error: sound RolandTR909_hh not found! Is it loaded? background-color: black;color:white;border-radius:15px @ http://localhost:5199/node_modules/.vite/deps/@strudel_web.js?v=271342c3:10
[  676494ms] [LOG] %c[getTrigger] error: sound RolandTR808_rim not found! Is it loaded? background-color: black;color:white;border-radius:15px @ http://localhost:5199/node_modules/.vite/deps/@strudel_web.js?v=271342c3:10
[  676495ms] [LOG] %c[getTrigger] error: sound RolandTR909_hh not found! Is it loaded? background-color: black;color:white;border-radius:15px @ http://localhost:5199/node_modules/.vite/deps/@strudel_web.js?v=271342c3:10
[  676495ms] [LOG] %c[getTrigger] error: Failed to construct 'AudioWorkletNode': AudioWorkletNode cannot be created: AudioWorklet does not have a valid AudioWorkletGlobalScope. Load a script via audioWorklet.addModule() first. background-color: black;color:white;border-radius:15px @ http://localhost:5199/node_modules/.vite/deps/@strudel_web.js?v=271342c3:10
[  676593ms] [LOG] %c[getTrigger] error: sound RolandTR909_hh not found! Is it loaded? background-color: black;color:white;border-radius:15px @ http://localhost:5199/node_modules/.vite/deps/@strudel_web.js?v=271342c3:10
[  676694ms] [LOG] %c[eval] code updated background-color: black;color:white;border-radius:15px @ http://localhost:5199/node_modules/.vite/deps/@strudel_web.js?v=271342c3:10
[  676696ms] [LOG] %c[getTrigger] error: sound RolandTR909_hh not found! Is it loaded? background-color: black;color:white;border-radius:15px @ http://localhost:5199/node_modules/.vite/deps/@strudel_web.js?v=271342c3:10
[  676794ms] [LOG] %c[getTrigger] error: sound RolandTR909_oh not found! Is it loaded? background-color: black;color:white;border-radius:15px @ http://localhost:5199/node_modules/.vite/deps/@strudel_web.js?v=271342c3:10
[  676794ms] [LOG] %c[getTrigger] error: sound RolandTR909_hh not found! Is it loaded? background-color: black;color:white;border-radius:15px @ http://localhost:5199/node_modules/.vite/deps/@strudel_web.js?v=271342c3:10
[  677087ms] [LOG] %c[superdough] AudioWorklets loaded background-color: black;color:white;border-radius:15px @ http://localhost:5199/node_modules/.vite/deps/@strudel_web.js?v=271342c3:10
[  677087ms] [LOG] %c[superdough] ready background-color: black;color:white;border-radius:15px @ http://localhost:5199/node_modules/.vite/deps/@strudel_web.js?v=271342c3:10
[  677092ms] [LOG] %c[getTrigger] error: sound RolandTR909_hh not found! Is it loaded? background-color: black;color:white;border-radius:15px @ http://localhost:5199/node_modules/.vite/deps/@strudel_web.js?v=271342c3:10
[  677193ms] [LOG] %c[getTrigger] error: sound RolandTR808_rim not found! Is it loaded? background-color: black;color:white;border-radius:15px @ http://localhost:5199/node_modules/.vite/deps/@strudel_web.js?v=271342c3:10
[  677193ms] [LOG] %c[getTrigger] error: sound RolandTR909_cp not found! Is it loaded? background-color: black;color:white;border-radius:15px @ http://localhost:5199/node_modules/.vite/deps/@strudel_web.js?v=271342c3:10
[  677193ms] [LOG] %c[getTrigger] error: sound RolandTR808_sd not found! Is it loaded? background-color: black;color:white;border-radius:15px @ http://localhost:5199/node_modules/.vite/deps/@strudel_web.js?v=271342c3:10
[  677193ms] [LOG] %c[getTrigger] error: sound RolandTR909_hh not found! Is it loaded? background-color: black;color:white;border-radius:15px @ http://localhost:5199/node_modules/.vite/deps/@strudel_web.js?v=271342c3:10
[  677492ms] [LOG] %c[getTrigger] error: sound RolandTR909_oh not found! Is it loaded? background-color: black;color:white;border-radius:15px @ http://localhost:5199/node_modules/.vite/deps/@strudel_web.js?v=271342c3:10
[  677493ms] [LOG] %c[getTrigger] error: sound RolandTR909_hh not found! Is it loaded? background-color: black;color:white;border-radius:15px @ http://localhost:5199/node_modules/.vite/deps/@strudel_web.js?v=271342c3:10
[  677892ms] [LOG] %c[getTrigger] error: sound RolandTR808_rim not found! Is it loaded? background-color: black;color:white;border-radius:15px @ http://localhost:5199/node_modules/.vite/deps/@strudel_web.js?v=271342c3:10
[  677892ms] [LOG] %c[getTrigger] error: sound RolandTR909_hh not found! Is it loaded? background-color: black;color:white;border-radius:15px @ http://localhost:5199/node_modules/.vite/deps/@strudel_web.js?v=271342c3:10
[  678192ms] [LOG] %c[getTrigger] error: sound RolandTR909_oh not found! Is it loaded? background-color: black;color:white;border-radius:15px @ http://localhost:5199/node_modules/.vite/deps/@strudel_web.js?v=271342c3:10
[  678192ms] [LOG] %c[getTrigger] error: sound RolandTR909_hh not found! Is it loaded? background-color: black;color:white;border-radius:15px @ http://localhost:5199/node_modules/.vite/deps/@strudel_web.js?v=271342c3:10
[  678493ms] [LOG] %c[getTrigger] error: sound RolandTR808_rim not found! Is it loaded? background-color: black;color:white;border-radius:15px @ http://localhost:5199/node_modules/.vite/deps/@strudel_web.js?v=271342c3:10
[  678493ms] [LOG] %c[getTrigger] error: sound RolandTR909_cp not found! Is it loaded? background-color: black;color:white;border-radius:15px @ http://localhost:5199/node_modules/.vite/deps/@strudel_web.js?v=271342c3:10
[  678493ms] [LOG] %c[getTrigger] error: sound RolandTR909_hh not found! Is it loaded? background-color: black;color:white;border-radius:15px @ http://localhost:5199/node_modules/.vite/deps/@strudel_web.js?v=271342c3:10
[  678592ms] [LOG] %c[getTrigger] error: sound RolandTR808_sd not found! Is it loaded? background-color: black;color:white;border-radius:15px @ http://localhost:5199/node_modules/.vite/deps/@strudel_web.js?v=271342c3:10
[  678592ms] [LOG] %c[getTrigger] error: sound RolandTR909_hh not found! Is it loaded? background-color: black;color:white;border-radius:15px @ http://localhost:5199/node_modules/.vite/deps/@strudel_web.js?v=271342c3:10
[  678901ms] [LOG] %c[getTrigger] error: sound RolandTR909_oh not found! Is it loaded? background-color: black;color:white;border-radius:15px @ http://localhost:5199/node_modules/.vite/deps/@strudel_web.js?v=271342c3:10
[  678901ms] [LOG] %c[getTrigger] error: sound RolandTR909_hh not found! Is it loaded? background-color: black;color:white;border-radius:15px @ http://localhost:5199/node_modules/.vite/deps/@strudel_web.js?v=271342c3:10
[  679192ms] [LOG] %c[getTrigger] error: sound RolandTR909_bd not found! Is it loaded? background-color: black;color:white;border-radius:15px @ http://localhost:5199/node_modules/.vite/deps/@strudel_web.js?v=271342c3:10
[  679193ms] [LOG] %c[getTrigger] error: sound RolandTR909_hh not found! Is it loaded? background-color: black;color:white;border-radius:15px @ http://localhost:5199/node_modules/.vite/deps/@strudel_web.js?v=271342c3:10
[  679193ms] [LOG] %c[getTrigger] error: sound RolandTR808_rim not found! Is it loaded? background-color: black;color:white;border-radius:15px @ http://localhost:5199/node_modules/.vite/deps/@strudel_web.js?v=271342c3:10
[  679193ms] [LOG] %c[getTrigger] error: sound RolandTR909_hh not found! Is it loaded? background-color: black;color:white;border-radius:15px @ http://localhost:5199/node_modules/.vite/deps/@strudel_web.js?v=271342c3:10
[  679437ms] [LOG] %c[eval] code updated background-color: black;color:white;border-radius:15px @ http://localhost:5199/node_modules/.vite/deps/@strudel_web.js?v=271342c3:10
[  679493ms] [LOG] %c[getTrigger] error: sound RolandTR909_hh not found! Is it loaded? background-color: black;color:white;border-radius:15px @ http://localhost:5199/node_modules/.vite/deps/@strudel_web.js?v=271342c3:10
[  679493ms] [LOG] %c[getTrigger] error: sound RolandTR909_oh not found! Is it loaded? background-color: black;color:white;border-radius:15px @ http://localhost:5199/node_modules/.vite/deps/@strudel_web.js?v=271342c3:10
[  679493ms] [LOG] %c[getTrigger] error: sound RolandTR909_hh not found! Is it loaded? background-color: black;color:white;border-radius:15px @ http://localhost:5199/node_modules/.vite/deps/@strudel_web.js?v=271342c3:10
[  679794ms] [LOG] %c[getTrigger] error: sound RolandTR808_rim not found! Is it loaded? background-color: black;color:white;border-radius:15px @ http://localhost:5199/node_modules/.vite/deps/@strudel_web.js?v=271342c3:10
[  679795ms] [LOG] %c[getTrigger] error: sound RolandTR909_cp not found! Is it loaded? background-color: black;color:white;border-radius:15px @ http://localhost:5199/node_modules/.vite/deps/@strudel_web.js?v=271342c3:10
[  679795ms] [LOG] %c[getTrigger] error: sound RolandTR808_sd not found! Is it loaded? background-color: black;color:white;border-radius:15px @ http://localhost:5199/node_modules/.vite/deps/@strudel_web.js?v=271342c3:10
[  679795ms] [LOG] %c[getTrigger] error: sound RolandTR909_hh not found! Is it loaded? background-color: black;color:white;border-radius:15px @ http://localhost:5199/node_modules/.vite/deps/@strudel_web.js?v=271342c3:10
[  679993ms] [LOG] %c[getTrigger] error: sound RolandTR909_oh not found! Is it loaded? background-color: black;color:white;border-radius:15px @ http://localhost:5199/node_modules/.vite/deps/@strudel_web.js?v=271342c3:10
[  679994ms] [LOG] %c[getTrigger] error: sound RolandTR909_hh not found! Is it loaded? background-color: black;color:white;border-radius:15px @ http://localhost:5199/node_modules/.vite/deps/@strudel_web.js?v=271342c3:10
[  680192ms] [LOG] %c[getTrigger] error: sound RolandTR909_bd not found! Is it loaded? background-color: black;color:white;border-radius:15px @ http://localhost:5199/node_modules/.vite/deps/@strudel_web.js?v=271342c3:10
[  680192ms] [LOG] %c[getTrigger] error: sound RolandTR909_hh not found! Is it loaded? background-color: black;color:white;border-radius:15px @ http://localhost:5199/node_modules/.vite/deps/@strudel_web.js?v=271342c3:10
[  680192ms] [LOG] %c[getTrigger] error: sound RolandTR808_rim not found! Is it loaded? background-color: black;color:white;border-radius:15px @ http://localhost:5199/node_modules/.vite/deps/@strudel_web.js?v=271342c3:10
[  680192ms] [LOG] %c[getTrigger] error: sound RolandTR909_hh not found! Is it loaded? background-color: black;color:white;border-radius:15px @ http://localhost:5199/node_modules/.vite/deps/@strudel_web.js?v=271342c3:10
[  680493ms] [LOG] %c[getTrigger] error: sound RolandTR909_oh not found! Is it loaded? background-color: black;color:white;border-radius:15px @ http://localhost:5199/node_modules/.vite/deps/@strudel_web.js?v=271342c3:10
[  680494ms] [LOG] %c[getTrigger] error: sound RolandTR909_hh not found! Is it loaded? background-color: black;color:white;border-radius:15px @ http://localhost:5199/node_modules/.vite/deps/@strudel_web.js?v=271342c3:10
[  680693ms] [LOG] %c[getTrigger] error: sound RolandTR808_rim not found! Is it loaded? background-color: black;color:white;border-radius:15px @ http://localhost:5199/node_modules/.vite/deps/@strudel_web.js?v=271342c3:10
[  680693ms] [LOG] %c[getTrigger] error: sound RolandTR909_cp not found! Is it loaded? background-color: black;color:white;border-radius:15px @ http://localhost:5199/node_modules/.vite/deps/@strudel_web.js?v=271342c3:10
[  680694ms] [LOG] %c[getTrigger] error: sound RolandTR909_hh not found! Is it loaded? background-color: black;color:white;border-radius:15px @ http://localhost:5199/node_modules/.vite/deps/@strudel_web.js?v=271342c3:10
[  680694ms] [LOG] %c[getTrigger] error: sound RolandTR808_sd not found! Is it loaded? background-color: black;color:white;border-radius:15px @ http://localhost:5199/node_modules/.vite/deps/@strudel_web.js?v=271342c3:10
[  680794ms] [LOG] %c[getTrigger] error: sound RolandTR909_hh not found! Is it loaded? background-color: black;color:white;border-radius:15px @ http://localhost:5199/node_modules/.vite/deps/@strudel_web.js?v=271342c3:10
[  680894ms] [LOG] %c[getTrigger] error: sound RolandTR909_oh not found! Is it loaded? background-color: black;color:white;border-radius:15px @ http://localhost:5199/node_modules/.vite/deps/@strudel_web.js?v=271342c3:10
[  680894ms] [LOG] %c[getTrigger] error: sound RolandTR909_hh not found! Is it loaded? background-color: black;color:white;border-radius:15px @ http://localhost:5199/node_modules/.vite/deps/@strudel_web.js?v=271342c3:10
[  681193ms] [LOG] %c[getTrigger] error: sound RolandTR909_bd not found! Is it loaded? background-color: black;color:white;border-radius:15px @ http://localhost:5199/node_modules/.vite/deps/@strudel_web.js?v=271342c3:10
[  681193ms] [LOG] %c[getTrigger] error: sound RolandTR909_hh not found! Is it loaded? background-color: black;color:white;border-radius:15px @ http://localhost:5199/node_modules/.vite/deps/@strudel_web.js?v=271342c3:10
[  681193ms] [LOG] %c[getTrigger] error: sound RolandTR808_rim not found! Is it loaded? background-color: black;color:white;border-radius:15px @ http://localhost:5199/node_modules/.vite/deps/@strudel_web.js?v=271342c3:10
[  681193ms] [LOG] %c[getTrigger] error: sound RolandTR909_hh not found! Is it loaded? background-color: black;color:white;border-radius:15px @ http://localhost:5199/node_modules/.vite/deps/@strudel_web.js?v=271342c3:10
[  681384ms] [LOG] %c[eval] code updated background-color: black;color:white;border-radius:15px @ http://localhost:5199/node_modules/.vite/deps/@strudel_web.js?v=271342c3:10
[  681393ms] [LOG] %c[getTrigger] error: sound RolandTR909_oh not found! Is it loaded? background-color: black;color:white;border-radius:15px @ http://localhost:5199/node_modules/.vite/deps/@strudel_web.js?v=271342c3:10
[  681393ms] [LOG] %c[getTrigger] error: sound RolandTR909_hh not found! Is it loaded? background-color: black;color:white;border-radius:15px @ http://localhost:5199/node_modules/.vite/deps/@strudel_web.js?v=271342c3:10
[  681692ms] [LOG] %c[getTrigger] error: sound RolandTR808_rim not found! Is it loaded? background-color: black;color:white;border-radius:15px @ http://localhost:5199/node_modules/.vite/deps/@strudel_web.js?v=271342c3:10
[  681692ms] [LOG] %c[getTrigger] error: sound RolandTR909_cp not found! Is it loaded? background-color: black;color:white;border-radius:15px @ http://localhost:5199/node_modules/.vite/deps/@strudel_web.js?v=271342c3:10
[  681692ms] [LOG] %c[getTrigger] error: sound RolandTR808_sd not found! Is it loaded? background-color: black;color:white;border-radius:15px @ http://localhost:5199/node_modules/.vite/deps/@strudel_web.js?v=271342c3:10
[  681692ms] [LOG] %c[getTrigger] error: sound RolandTR909_hh not found! Is it loaded? background-color: black;color:white;border-radius:15px @ http://localhost:5199/node_modules/.vite/deps/@strudel_web.js?v=271342c3:10
[  681893ms] [LOG] %c[getTrigger] error: sound RolandTR909_oh not found! Is it loaded? background-color: black;color:white;border-radius:15px @ http://localhost:5199/node_modules/.vite/deps/@strudel_web.js?v=271342c3:10
[  681893ms] [LOG] %c[getTrigger] error: sound RolandTR909_hh not found! Is it loaded? background-color: black;color:white;border-radius:15px @ http://localhost:5199/node_modules/.vite/deps/@strudel_web.js?v=271342c3:10
[  682193ms] [LOG] %c[getTrigger] error: sound RolandTR909_bd not found! Is it loaded? background-color: black;color:white;border-radius:15px @ http://localhost:5199/node_modules/.vite/deps/@strudel_web.js?v=271342c3:10
[  682193ms] [LOG] %c[getTrigger] error: sound RolandTR909_hh not found! Is it loaded? background-color: black;color:white;border-radius:15px @ http://localhost:5199/node_modules/.vite/deps/@strudel_web.js?v=271342c3:10
[  682193ms] [LOG] %c[getTrigger] error: sound RolandTR808_rim not found! Is it loaded? background-color: black;color:white;border-radius:15px @ http://localhost:5199/node_modules/.vite/deps/@strudel_web.js?v=271342c3:10
[  682193ms] [LOG] %c[getTrigger] error: sound RolandTR909_hh not found! Is it loaded? background-color: black;color:white;border-radius:15px @ http://localhost:5199/node_modules/.vite/deps/@strudel_web.js?v=271342c3:10
[  682493ms] [LOG] %c[getTrigger] error: sound RolandTR909_oh not found! Is it loaded? background-color: black;color:white;border-radius:15px @ http://localhost:5199/node_modules/.vite/deps/@strudel_web.js?v=271342c3:10
[  682493ms] [LOG] %c[getTrigger] error: sound RolandTR909_hh not found! Is it loaded? background-color: black;color:white;border-radius:15px @ http://localhost:5199/node_modules/.vite/deps/@strudel_web.js?v=271342c3:10
[  682793ms] [LOG] %c[getTrigger] error: sound RolandTR808_rim not found! Is it loaded? background-color: black;color:white;border-radius:15px @ http://localhost:5199/node_modules/.vite/deps/@strudel_web.js?v=271342c3:10
[  682793ms] [LOG] %c[getTrigger] error: sound RolandTR909_cp not found! Is it loaded? background-color: black;color:white;border-radius:15px @ http://localhost:5199/node_modules/.vite/deps/@strudel_web.js?v=271342c3:10
[  682793ms] [LOG] %c[getTrigger] error: sound RolandTR808_sd not found! Is it loaded? background-color: black;color:white;border-radius:15px @ http://localhost:5199/node_modules/.vite/deps/@strudel_web.js?v=271342c3:10
[  682793ms] [LOG] %c[getTrigger] error: sound RolandTR909_hh not found! Is it loaded? background-color: black;color:white;border-radius:15px @ http://localhost:5199/node_modules/.vite/deps/@strudel_web.js?v=271342c3:10
[  682993ms] [LOG] %c[getTrigger] error: sound RolandTR909_oh not found! Is it loaded? background-color: black;color:white;border-radius:15px @ http://localhost:5199/node_modules/.vite/deps/@strudel_web.js?v=271342c3:10
[  682993ms] [LOG] %c[getTrigger] error: sound RolandTR909_hh not found! Is it loaded? background-color: black;color:white;border-radius:15px @ http://localhost:5199/node_modules/.vite/deps/@strudel_web.js?v=271342c3:10
[  683295ms] [LOG] %c[getTrigger] error: sound RolandTR909_bd not found! Is it loaded? background-color: black;color:white;border-radius:15px @ http://localhost:5199/node_modules/.vite/deps/@strudel_web.js?v=271342c3:10
[  683295ms] [LOG] %c[getTrigger] error: sound RolandTR909_hh not found! Is it loaded? background-color: black;color:white;border-radius:15px @ http://localhost:5199/node_modules/.vite/deps/@strudel_web.js?v=271342c3:10
[  683295ms] [LOG] %c[getTrigger] error: sound RolandTR808_rim not found! Is it loaded? background-color: black;color:white;border-radius:15px @ http://localhost:5199/node_modules/.vite/deps/@strudel_web.js?v=271342c3:10
[  683296ms] [LOG] %c[getTrigger] error: sound RolandTR909_hh not found! Is it loaded? background-color: black;color:white;border-radius:15px @ http://localhost:5199/node_modules/.vite/deps/@strudel_web.js?v=271342c3:10
[  683537ms] [LOG] %c[eval] code updated background-color: black;color:white;border-radius:15px @ http://localhost:5199/node_modules/.vite/deps/@strudel_web.js?v=271342c3:10
[  683592ms] [LOG] %c[getTrigger] error: sound RolandTR909_oh not found! Is it loaded? background-color: black;color:white;border-radius:15px @ http://localhost:5199/node_modules/.vite/deps/@strudel_web.js?v=271342c3:10
[  683592ms] [LOG] %c[getTrigger] error: sound RolandTR909_hh not found! Is it loaded? background-color: black;color:white;border-radius:15px @ http://localhost:5199/node_modules/.vite/deps/@strudel_web.js?v=271342c3:10
[  683892ms] [LOG] %c[getTrigger] error: sound RolandTR808_rim not found! Is it loaded? background-color: black;color:white;border-radius:15px @ http://localhost:5199/node_modules/.vite/deps/@strudel_web.js?v=271342c3:10
[  683892ms] [LOG] %c[getTrigger] error: sound RolandTR909_cp not found! Is it loaded? background-color: black;color:white;border-radius:15px @ http://localhost:5199/node_modules/.vite/deps/@strudel_web.js?v=271342c3:10
[  683892ms] [LOG] %c[getTrigger] error: sound RolandTR808_sd not found! Is it loaded? background-color: black;color:white;border-radius:15px @ http://localhost:5199/node_modules/.vite/deps/@strudel_web.js?v=271342c3:10
[  683892ms] [LOG] %c[getTrigger] error: sound RolandTR909_hh not found! Is it loaded? background-color: black;color:white;border-radius:15px @ http://localhost:5199/node_modules/.vite/deps/@strudel_web.js?v=271342c3:10
[  684292ms] [LOG] %c[getTrigger] error: sound RolandTR909_oh not found! Is it loaded? background-color: black;color:white;border-radius:15px @ http://localhost:5199/node_modules/.vite/deps/@strudel_web.js?v=271342c3:10
[  684293ms] [LOG] %c[getTrigger] error: sound RolandTR909_hh not found! Is it loaded? background-color: black;color:white;border-radius:15px @ http://localhost:5199/node_modules/.vite/deps/@strudel_web.js?v=271342c3:10
[  684593ms] [LOG] %c[getTrigger] error: sound RolandTR808_rim not found! Is it loaded? background-color: black;color:white;border-radius:15px @ http://localhost:5199/node_modules/.vite/deps/@strudel_web.js?v=271342c3:10
[  684594ms] [LOG] %c[getTrigger] error: sound RolandTR909_hh not found! Is it loaded? background-color: black;color:white;border-radius:15px @ http://localhost:5199/node_modules/.vite/deps/@strudel_web.js?v=271342c3:10
[  684894ms] [LOG] %c[getTrigger] error: sound RolandTR909_oh not found! Is it loaded? background-color: black;color:white;border-radius:15px @ http://localhost:5199/node_modules/.vite/deps/@strudel_web.js?v=271342c3:10
[  684894ms] [LOG] %c[getTrigger] error: sound RolandTR909_hh not found! Is it loaded? background-color: black;color:white;border-radius:15px @ http://localhost:5199/node_modules/.vite/deps/@strudel_web.js?v=271342c3:10
[  685294ms] [LOG] %c[getTrigger] error: sound RolandTR808_rim not found! Is it loaded? background-color: black;color:white;border-radius:15px @ http://localhost:5199/node_modules/.vite/deps/@strudel_web.js?v=271342c3:10
[  685295ms] [LOG] %c[getTrigger] error: sound RolandTR909_cp not found! Is it loaded? background-color: black;color:white;border-radius:15px @ http://localhost:5199/node_modules/.vite/deps/@strudel_web.js?v=271342c3:10
[  685295ms] [LOG] %c[getTrigger] error: sound RolandTR808_sd not found! Is it loaded? background-color: black;color:white;border-radius:15px @ http://localhost:5199/node_modules/.vite/deps/@strudel_web.js?v=271342c3:10
[  685295ms] [LOG] %c[getTrigger] error: sound RolandTR909_hh not found! Is it loaded? background-color: black;color:white;border-radius:15px @ http://localhost:5199/node_modules/.vite/deps/@strudel_web.js?v=271342c3:10
[  685593ms] [LOG] %c[getTrigger] error: sound RolandTR909_oh not found! Is it loaded? background-color: black;color:white;border-radius:15px @ http://localhost:5199/node_modules/.vite/deps/@strudel_web.js?v=271342c3:10
[  685593ms] [LOG] %c[getTrigger] error: sound RolandTR909_hh not found! Is it loaded? background-color: black;color:white;border-radius:15px @ http://localhost:5199/node_modules/.vite/deps/@strudel_web.js?v=271342c3:10
[  685894ms] [LOG] %c[getTrigger] error: sound RolandTR909_bd not found! Is it loaded? background-color: black;color:white;border-radius:15px @ http://localhost:5199/node_modules/.vite/deps/@strudel_web.js?v=271342c3:10
[  685894ms] [LOG] %c[getTrigger] error: sound RolandTR909_hh not found! Is it loaded? background-color: black;color:white;border-radius:15px @ http://localhost:5199/node_modules/.vite/deps/@strudel_web.js?v=271342c3:10
[  685894ms] [LOG] %c[getTrigger] error: sound RolandTR808_rim not found! Is it loaded? background-color: black;color:white;border-radius:15px @ http://localhost:5199/node_modules/.vite/deps/@strudel_web.js?v=271342c3:10
[  685894ms] [LOG] %c[getTrigger] error: sound RolandTR909_hh not found! Is it loaded? background-color: black;color:white;border-radius:15px @ http://localhost:5199/node_modules/.vite/deps/@strudel_web.js?v=271342c3:10
[  686293ms] [LOG] %c[getTrigger] error: sound RolandTR909_oh not found! Is it loaded? background-color: black;color:white;border-radius:15px @ http://localhost:5199/node_modules/.vite/deps/@strudel_web.js?v=271342c3:10
[  686293ms] [LOG] %c[getTrigger] error: sound RolandTR909_hh not found! Is it loaded? background-color: black;color:white;border-radius:15px @ http://localhost:5199/node_modules/.vite/deps/@strudel_web.js?v=271342c3:10
[  686592ms] [LOG] %c[getTrigger] error: sound RolandTR808_rim not found! Is it loaded? background-color: black;color:white;border-radius:15px @ http://localhost:5199/node_modules/.vite/deps/@strudel_web.js?v=271342c3:10
[  686592ms] [LOG] %c[getTrigger] error: sound RolandTR909_cp not found! Is it loaded? background-color: black;color:white;border-radius:15px @ http://localhost:5199/node_modules/.vite/deps/@strudel_web.js?v=271342c3:10
[  686592ms] [LOG] %c[getTrigger] error: sound RolandTR909_hh not found! Is it loaded? background-color: black;color:white;border-radius:15px @ http://localhost:5199/node_modules/.vite/deps/@strudel_web.js?v=271342c3:10
[  686592ms] [LOG] %c[getTrigger] error: sound RolandTR808_sd not found! Is it loaded? background-color: black;color:white;border-radius:15px @ http://localhost:5199/node_modules/.vite/deps/@strudel_web.js?v=271342c3:10
[  686693ms] [LOG] %c[getTrigger] error: sound RolandTR909_hh not found! Is it loaded? background-color: black;color:white;border-radius:15px @ http://localhost:5199/node_modules/.vite/deps/@strudel_web.js?v=271342c3:10
[  686893ms] [LOG] %c[getTrigger] error: sound RolandTR909_oh not found! Is it loaded? background-color: black;color:white;border-radius:15px @ http://localhost:5199/node_modules/.vite/deps/@strudel_web.js?v=271342c3:10
[  686893ms] [LOG] %c[getTrigger] error: sound RolandTR909_hh not found! Is it loaded? background-color: black;color:white;border-radius:15px @ http://localhost:5199/node_modules/.vite/deps/@strudel_web.js?v=271342c3:10
[  687305ms] [LOG] %c[getTrigger] error: sound RolandTR808_rim not found! Is it loaded? background-color: black;color:white;border-radius:15px @ http://localhost:5199/node_modules/.vite/deps/@strudel_web.js?v=271342c3:10
[  687305ms] [LOG] %c[getTrigger] error: sound RolandTR909_hh not found! Is it loaded? background-color: black;color:white;border-radius:15px @ http://localhost:5199/node_modules/.vite/deps/@strudel_web.js?v=271342c3:10
[  687593ms] [LOG] %c[getTrigger] error: sound RolandTR909_oh not found! Is it loaded? background-color: black;color:white;border-radius:15px @ http://localhost:5199/node_modules/.vite/deps/@strudel_web.js?v=271342c3:10
[  687593ms] [LOG] %c[getTrigger] error: sound RolandTR909_hh not found! Is it loaded? background-color: black;color:white;border-radius:15px @ http://localhost:5199/node_modules/.vite/deps/@strudel_web.js?v=271342c3:10
[  687894ms] [LOG] %c[getTrigger] error: sound RolandTR808_rim not found! Is it loaded? background-color: black;color:white;border-radius:15px @ http://localhost:5199/node_modules/.vite/deps/@strudel_web.js?v=271342c3:10
[  687894ms] [LOG] %c[getTrigger] error: sound RolandTR909_cp not found! Is it loaded? background-color: black;color:white;border-radius:15px @ http://localhost:5199/node_modules/.vite/deps/@strudel_web.js?v=271342c3:10
[  687894ms] [LOG] %c[getTrigger] error: sound RolandTR808_sd not found! Is it loaded? background-color: black;color:white;border-radius:15px @ http://localhost:5199/node_modules/.vite/deps/@strudel_web.js?v=271342c3:10
[  687894ms] [LOG] %c[getTrigger] error: sound RolandTR909_hh not found! Is it loaded? background-color: black;color:white;border-radius:15px @ http://localhost:5199/node_modules/.vite/deps/@strudel_web.js?v=271342c3:10
[  688293ms] [LOG] %c[getTrigger] error: sound RolandTR909_oh not found! Is it loaded? background-color: black;color:white;border-radius:15px @ http://localhost:5199/node_modules/.vite/deps/@strudel_web.js?v=271342c3:10
[  688294ms] [LOG] %c[getTrigger] error: sound RolandTR909_hh not found! Is it loaded? background-color: black;color:white;border-radius:15px @ http://localhost:5199/node_modules/.vite/deps/@strudel_web.js?v=271342c3:10
[  688593ms] [LOG] %c[getTrigger] error: sound RolandTR909_bd not found! Is it loaded? background-color: black;color:white;border-radius:15px @ http://localhost:5199/node_modules/.vite/deps/@strudel_web.js?v=271342c3:10
[  688593ms] [LOG] %c[getTrigger] error: sound RolandTR909_hh not found! Is it loaded? background-color: black;color:white;border-radius:15px @ http://localhost:5199/node_modules/.vite/deps/@strudel_web.js?v=271342c3:10
[  688593ms] [LOG] %c[getTrigger] error: sound RolandTR808_rim not found! Is it loaded? background-color: black;color:white;border-radius:15px @ http://localhost:5199/node_modules/.vite/deps/@strudel_web.js?v=271342c3:10
[  688593ms] [LOG] %c[getTrigger] error: sound RolandTR909_hh not found! Is it loaded? background-color: black;color:white;border-radius:15px @ http://localhost:5199/node_modules/.vite/deps/@strudel_web.js?v=271342c3:10
[  688809ms] [LOG] %c[eval] code updated background-color: black;color:white;border-radius:15px @ http://localhost:5199/node_modules/.vite/deps/@strudel_web.js?v=271342c3:10
[  688891ms] [LOG] %c[getTrigger] error: sound RolandTR909_oh not found! Is it loaded? background-color: black;color:white;border-radius:15px @ http://localhost:5199/node_modules/.vite/deps/@strudel_web.js?v=271342c3:10
[  688891ms] [LOG] %c[getTrigger] error: sound RolandTR909_hh not found! Is it loaded? background-color: black;color:white;border-radius:15px @ http://localhost:5199/node_modules/.vite/deps/@strudel_web.js?v=271342c3:10
[  689093ms] [LOG] %c[getTrigger] error: sound RolandTR808_rim not found! Is it loaded? background-color: black;color:white;border-radius:15px @ http://localhost:5199/node_modules/.vite/deps/@strudel_web.js?v=271342c3:10
[  689093ms] [LOG] %c[getTrigger] error: sound RolandTR909_cp not found! Is it loaded? background-color: black;color:white;border-radius:15px @ http://localhost:5199/node_modules/.vite/deps/@strudel_web.js?v=271342c3:10
[  689093ms] [LOG] %c[getTrigger] error: sound RolandTR808_sd not found! Is it loaded? background-color: black;color:white;border-radius:15px @ http://localhost:5199/node_modules/.vite/deps/@strudel_web.js?v=271342c3:10
[  689093ms] [LOG] %c[getTrigger] error: sound RolandTR909_hh not found! Is it loaded? background-color: black;color:white;border-radius:15px @ http://localhost:5199/node_modules/.vite/deps/@strudel_web.js?v=271342c3:10
[  689340ms] [LOG] %c🌀 @strudel/core loaded 🌀 background-color: black;color:white;border-radius:15px @ http://localhost:5199/node_modules/.vite/deps/@strudel_web.js?v=271342c3:10
[  689357ms] [VERBOSE] [DOM] Password field is not contained in a form: (More info: https://goo.gl/9p2vKq) %o @ http://localhost:5199/:0
[  690232ms] [LOG] %c[eval] code updated background-color: black;color:white;border-radius:15px @ http://localhost:5199/node_modules/.vite/deps/@strudel_web.js?v=271342c3:10
[  690232ms] [LOG] %c[cyclist] start background-color: black;color:white;border-radius:15px @ http://localhost:5199/node_modules/.vite/deps/@strudel_web.js?v=271342c3:10
[  690238ms] [LOG] %c[getTrigger] error: sound RolandTR909_bd not found! Is it loaded? background-color: black;color:white;border-radius:15px @ http://localhost:5199/node_modules/.vite/deps/@strudel_web.js?v=271342c3:10
[  690238ms] [LOG] %c[getTrigger] error: sound RolandTR909_hh not found! Is it loaded? background-color: black;color:white;border-radius:15px @ http://localhost:5199/node_modules/.vite/deps/@strudel_web.js?v=271342c3:10
[  690238ms] [LOG] %c[getTrigger] error: sound RolandTR808_rim not found! Is it loaded? background-color: black;color:white;border-radius:15px @ http://localhost:5199/node_modules/.vite/deps/@strudel_web.js?v=271342c3:10
[  690250ms] [LOG] %c[getTrigger] error: sound RolandTR909_hh not found! Is it loaded? background-color: black;color:white;border-radius:15px @ http://localhost:5199/node_modules/.vite/deps/@strudel_web.js?v=271342c3:10
[  690250ms] [LOG] %c[getTrigger] error: sound RolandTR909_oh not found! Is it loaded? background-color: black;color:white;border-radius:15px @ http://localhost:5199/node_modules/.vite/deps/@strudel_web.js?v=271342c3:10
[  690250ms] [LOG] %c[getTrigger] error: sound RolandTR909_hh not found! Is it loaded? background-color: black;color:white;border-radius:15px @ http://localhost:5199/node_modules/.vite/deps/@strudel_web.js?v=271342c3:10
[  690250ms] [LOG] %c[getTrigger] error: Failed to construct 'AudioWorkletNode': AudioWorkletNode cannot be created: AudioWorklet does not have a valid AudioWorkletGlobalScope. Load a script via audioWorklet.addModule() first. background-color: black;color:white;border-radius:15px @ http://localhost:5199/node_modules/.vite/deps/@strudel_web.js?v=271342c3:10
[  690341ms] [LOG] %c[getTrigger] error: sound RolandTR909_hh not found! Is it loaded? background-color: black;color:white;border-radius:15px @ http://localhost:5199/node_modules/.vite/deps/@strudel_web.js?v=271342c3:10
[  690442ms] [LOG] %c[getTrigger] error: sound RolandTR808_rim not found! Is it loaded? background-color: black;color:white;border-radius:15px @ http://localhost:5199/node_modules/.vite/deps/@strudel_web.js?v=271342c3:10
[  690442ms] [LOG] %c[getTrigger] error: sound RolandTR909_cp not found! Is it loaded? background-color: black;color:white;border-radius:15px @ http://localhost:5199/node_modules/.vite/deps/@strudel_web.js?v=271342c3:10
[  690442ms] [LOG] %c[getTrigger] error: sound RolandTR808_sd not found! Is it loaded? background-color: black;color:white;border-radius:15px @ http://localhost:5199/node_modules/.vite/deps/@strudel_web.js?v=271342c3:10
[  690442ms] [LOG] %c[getTrigger] error: sound RolandTR909_hh not found! Is it loaded? background-color: black;color:white;border-radius:15px @ http://localhost:5199/node_modules/.vite/deps/@strudel_web.js?v=271342c3:10
[  690641ms] [LOG] %c[getTrigger] error: sound RolandTR909_oh not found! Is it loaded? background-color: black;color:white;border-radius:15px @ http://localhost:5199/node_modules/.vite/deps/@strudel_web.js?v=271342c3:10
[  690641ms] [LOG] %c[getTrigger] error: sound RolandTR909_hh not found! Is it loaded? background-color: black;color:white;border-radius:15px @ http://localhost:5199/node_modules/.vite/deps/@strudel_web.js?v=271342c3:10
[  690843ms] [LOG] %c[getTrigger] error: sound RolandTR808_rim not found! Is it loaded? background-color: black;color:white;border-radius:15px @ http://localhost:5199/node_modules/.vite/deps/@strudel_web.js?v=271342c3:10
[  690843ms] [LOG] %c[getTrigger] error: sound RolandTR909_hh not found! Is it loaded? background-color: black;color:white;border-radius:15px @ http://localhost:5199/node_modules/.vite/deps/@strudel_web.js?v=271342c3:10
[  690844ms] [LOG] %c[getTrigger] error: Failed to construct 'AudioWorkletNode': AudioWorkletNode cannot be created: AudioWorklet does not have a valid AudioWorkletGlobalScope. Load a script via audioWorklet.addModule() first. background-color: black;color:white;border-radius:15px @ http://localhost:5199/node_modules/.vite/deps/@strudel_web.js?v=271342c3:10
[  690944ms] [LOG] %c[getTrigger] error: sound RolandTR909_hh not found! Is it loaded? background-color: black;color:white;border-radius:15px @ http://localhost:5199/node_modules/.vite/deps/@strudel_web.js?v=271342c3:10
[  690944ms] [LOG] %c[getTrigger] error: sound RolandTR909_oh not found! Is it loaded? background-color: black;color:white;border-radius:15px @ http://localhost:5199/node_modules/.vite/deps/@strudel_web.js?v=271342c3:10
[  690944ms] [LOG] %c[getTrigger] error: sound RolandTR909_hh not found! Is it loaded? background-color: black;color:white;border-radius:15px @ http://localhost:5199/node_modules/.vite/deps/@strudel_web.js?v=271342c3:10
[  691141ms] [LOG] %c[getTrigger] error: sound RolandTR808_rim not found! Is it loaded? background-color: black;color:white;border-radius:15px @ http://localhost:5199/node_modules/.vite/deps/@strudel_web.js?v=271342c3:10
[  691141ms] [LOG] %c[getTrigger] error: sound RolandTR909_cp not found! Is it loaded? background-color: black;color:white;border-radius:15px @ http://localhost:5199/node_modules/.vite/deps/@strudel_web.js?v=271342c3:10
[  691141ms] [LOG] %c[getTrigger] error: sound RolandTR808_sd not found! Is it loaded? background-color: black;color:white;border-radius:15px @ http://localhost:5199/node_modules/.vite/deps/@strudel_web.js?v=271342c3:10
[  691141ms] [LOG] %c[getTrigger] error: sound RolandTR909_hh not found! Is it loaded? background-color: black;color:white;border-radius:15px @ http://localhost:5199/node_modules/.vite/deps/@strudel_web.js?v=271342c3:10
[  691343ms] [LOG] %c[getTrigger] error: sound RolandTR909_oh not found! Is it loaded? background-color: black;color:white;border-radius:15px @ http://localhost:5199/node_modules/.vite/deps/@strudel_web.js?v=271342c3:10
[  691343ms] [LOG] %c[getTrigger] error: sound RolandTR909_hh not found! Is it loaded? background-color: black;color:white;border-radius:15px @ http://localhost:5199/node_modules/.vite/deps/@strudel_web.js?v=271342c3:10
[  691542ms] [LOG] %c[getTrigger] error: sound RolandTR909_bd not found! Is it loaded? background-color: black;color:white;border-radius:15px @ http://localhost:5199/node_modules/.vite/deps/@strudel_web.js?v=271342c3:10
[  691542ms] [LOG] %c[getTrigger] error: sound RolandTR909_hh not found! Is it loaded? background-color: black;color:white;border-radius:15px @ http://localhost:5199/node_modules/.vite/deps/@strudel_web.js?v=271342c3:10
[  691542ms] [LOG] %c[getTrigger] error: sound RolandTR808_rim not found! Is it loaded? background-color: black;color:white;border-radius:15px @ http://localhost:5199/node_modules/.vite/deps/@strudel_web.js?v=271342c3:10
[  691542ms] [LOG] %c[getTrigger] error: sound RolandTR909_hh not found! Is it loaded? background-color: black;color:white;border-radius:15px @ http://localhost:5199/node_modules/.vite/deps/@strudel_web.js?v=271342c3:10
[  691542ms] [LOG] %c[getTrigger] error: Failed to construct 'AudioWorkletNode': AudioWorkletNode cannot be created: AudioWorklet does not have a valid AudioWorkletGlobalScope. Load a script via audioWorklet.addModule() first. background-color: black;color:white;border-radius:15px @ http://localhost:5199/node_modules/.vite/deps/@strudel_web.js?v=271342c3:10
[  691641ms] [LOG] %c[getTrigger] error: sound RolandTR909_hh not found! Is it loaded? background-color: black;color:white;border-radius:15px @ http://localhost:5199/node_modules/.vite/deps/@strudel_web.js?v=271342c3:10
[  691641ms] [LOG] %c[getTrigger] error: sound RolandTR909_oh not found! Is it loaded? background-color: black;color:white;border-radius:15px @ http://localhost:5199/node_modules/.vite/deps/@strudel_web.js?v=271342c3:10
[  691641ms] [LOG] %c[getTrigger] error: sound RolandTR909_hh not found! Is it loaded? background-color: black;color:white;border-radius:15px @ http://localhost:5199/node_modules/.vite/deps/@strudel_web.js?v=271342c3:10
[  691709ms] [LOG] %c[eval] code updated background-color: black;color:white;border-radius:15px @ http://localhost:5199/node_modules/.vite/deps/@strudel_web.js?v=271342c3:10
[  691741ms] [LOG] %c[getTrigger] error: sound RolandTR909_hh not found! Is it loaded? background-color: black;color:white;border-radius:15px @ http://localhost:5199/node_modules/.vite/deps/@strudel_web.js?v=271342c3:10
[  691841ms] [LOG] %c[getTrigger] error: sound RolandTR808_rim not found! Is it loaded? background-color: black;color:white;border-radius:15px @ http://localhost:5199/node_modules/.vite/deps/@strudel_web.js?v=271342c3:10
[  691842ms] [LOG] %c[getTrigger] error: sound RolandTR909_cp not found! Is it loaded? background-color: black;color:white;border-radius:15px @ http://localhost:5199/node_modules/.vite/deps/@strudel_web.js?v=271342c3:10
[  691842ms] [LOG] %c[getTrigger] error: sound RolandTR808_sd not found! Is it loaded? background-color: black;color:white;border-radius:15px @ http://localhost:5199/node_modules/.vite/deps/@strudel_web.js?v=271342c3:10
[  691842ms] [LOG] %c[getTrigger] error: sound RolandTR909_hh not found! Is it loaded? background-color: black;color:white;border-radius:15px @ http://localhost:5199/node_modules/.vite/deps/@strudel_web.js?v=271342c3:10
[  692040ms] [LOG] %c[getTrigger] error: sound RolandTR909_oh not found! Is it loaded? background-color: black;color:white;border-radius:15px @ http://localhost:5199/node_modules/.vite/deps/@strudel_web.js?v=271342c3:10
[  692040ms] [LOG] %c[getTrigger] error: sound RolandTR909_hh not found! Is it loaded? background-color: black;color:white;border-radius:15px @ http://localhost:5199/node_modules/.vite/deps/@strudel_web.js?v=271342c3:10
[  692241ms] [LOG] %c[getTrigger] error: sound RolandTR808_rim not found! Is it loaded? background-color: black;color:white;border-radius:15px @ http://localhost:5199/node_modules/.vite/deps/@strudel_web.js?v=271342c3:10
[  692241ms] [LOG] %c[getTrigger] error: sound RolandTR909_hh not found! Is it loaded? background-color: black;color:white;border-radius:15px @ http://localhost:5199/node_modules/.vite/deps/@strudel_web.js?v=271342c3:10
[  692241ms] [LOG] %c[getTrigger] error: Failed to construct 'AudioWorkletNode': AudioWorkletNode cannot be created: AudioWorklet does not have a valid AudioWorkletGlobalScope. Load a script via audioWorklet.addModule() first. background-color: black;color:white;border-radius:15px @ http://localhost:5199/node_modules/.vite/deps/@strudel_web.js?v=271342c3:10
[  692341ms] [LOG] %c[getTrigger] error: sound RolandTR909_hh not found! Is it loaded? background-color: black;color:white;border-radius:15px @ http://localhost:5199/node_modules/.vite/deps/@strudel_web.js?v=271342c3:10
[  692341ms] [LOG] %c[getTrigger] error: sound RolandTR909_oh not found! Is it loaded? background-color: black;color:white;border-radius:15px @ http://localhost:5199/node_modules/.vite/deps/@strudel_web.js?v=271342c3:10
[  692341ms] [LOG] %c[getTrigger] error: sound RolandTR909_hh not found! Is it loaded? background-color: black;color:white;border-radius:15px @ http://localhost:5199/node_modules/.vite/deps/@strudel_web.js?v=271342c3:10
[  692543ms] [LOG] %c[getTrigger] error: sound RolandTR808_rim not found! Is it loaded? background-color: black;color:white;border-radius:15px @ http://localhost:5199/node_modules/.vite/deps/@strudel_web.js?v=271342c3:10
[  692543ms] [LOG] %c[getTrigger] error: sound RolandTR909_cp not found! Is it loaded? background-color: black;color:white;border-radius:15px @ http://localhost:5199/node_modules/.vite/deps/@strudel_web.js?v=271342c3:10
[  692543ms] [LOG] %c[getTrigger] error: sound RolandTR808_sd not found! Is it loaded? background-color: black;color:white;border-radius:15px @ http://localhost:5199/node_modules/.vite/deps/@strudel_web.js?v=271342c3:10
[  692543ms] [LOG] %c[getTrigger] error: sound RolandTR909_hh not found! Is it loaded? background-color: black;color:white;border-radius:15px @ http://localhost:5199/node_modules/.vite/deps/@strudel_web.js?v=271342c3:10
[  692741ms] [LOG] %c[getTrigger] error: sound RolandTR909_oh not found! Is it loaded? background-color: black;color:white;border-radius:15px @ http://localhost:5199/node_modules/.vite/deps/@strudel_web.js?v=271342c3:10
[  692741ms] [LOG] %c[getTrigger] error: sound RolandTR909_hh not found! Is it loaded? background-color: black;color:white;border-radius:15px @ http://localhost:5199/node_modules/.vite/deps/@strudel_web.js?v=271342c3:10
[  692949ms] [LOG] %c[getTrigger] error: sound RolandTR909_bd not found! Is it loaded? background-color: black;color:white;border-radius:15px @ http://localhost:5199/node_modules/.vite/deps/@strudel_web.js?v=271342c3:10
[  692949ms] [LOG] %c[getTrigger] error: sound RolandTR909_hh not found! Is it loaded? background-color: black;color:white;border-radius:15px @ http://localhost:5199/node_modules/.vite/deps/@strudel_web.js?v=271342c3:10
[  692949ms] [LOG] %c[getTrigger] error: sound RolandTR808_rim not found! Is it loaded? background-color: black;color:white;border-radius:15px @ http://localhost:5199/node_modules/.vite/deps/@strudel_web.js?v=271342c3:10
[  692949ms] [LOG] %c[getTrigger] error: sound RolandTR909_hh not found! Is it loaded? background-color: black;color:white;border-radius:15px @ http://localhost:5199/node_modules/.vite/deps/@strudel_web.js?v=271342c3:10
[  692949ms] [LOG] %c[getTrigger] error: Failed to construct 'AudioWorkletNode': AudioWorkletNode cannot be created: AudioWorklet does not have a valid AudioWorkletGlobalScope. Load a script via audioWorklet.addModule() first. background-color: black;color:white;border-radius:15px @ http://localhost:5199/node_modules/.vite/deps/@strudel_web.js?v=271342c3:10
[  693047ms] [LOG] %c[getTrigger] error: sound RolandTR909_hh not found! Is it loaded? background-color: black;color:white;border-radius:15px @ http://localhost:5199/node_modules/.vite/deps/@strudel_web.js?v=271342c3:10
[  693123ms] [LOG] %c[eval] code updated background-color: black;color:white;border-radius:15px @ http://localhost:5199/node_modules/.vite/deps/@strudel_web.js?v=271342c3:10
[  693141ms] [LOG] %c[getTrigger] error: sound RolandTR909_oh not found! Is it loaded? background-color: black;color:white;border-radius:15px @ http://localhost:5199/node_modules/.vite/deps/@strudel_web.js?v=271342c3:10
[  693141ms] [LOG] %c[getTrigger] error: sound RolandTR909_hh not found! Is it loaded? background-color: black;color:white;border-radius:15px @ http://localhost:5199/node_modules/.vite/deps/@strudel_web.js?v=271342c3:10
[  693241ms] [LOG] %c[getTrigger] error: sound RolandTR808_rim not found! Is it loaded? background-color: black;color:white;border-radius:15px @ http://localhost:5199/node_modules/.vite/deps/@strudel_web.js?v=271342c3:10
[  693241ms] [LOG] %c[getTrigger] error: sound RolandTR909_cp not found! Is it loaded? background-color: black;color:white;border-radius:15px @ http://localhost:5199/node_modules/.vite/deps/@strudel_web.js?v=271342c3:10
[  693241ms] [LOG] %c[getTrigger] error: sound RolandTR808_sd not found! Is it loaded? background-color: black;color:white;border-radius:15px @ http://localhost:5199/node_modules/.vite/deps/@strudel_web.js?v=271342c3:10
[  693241ms] [LOG] %c[getTrigger] error: sound RolandTR909_hh not found! Is it loaded? background-color: black;color:white;border-radius:15px @ http://localhost:5199/node_modules/.vite/deps/@strudel_web.js?v=271342c3:10
[  693442ms] [LOG] %c[getTrigger] error: sound RolandTR909_oh not found! Is it loaded? background-color: black;color:white;border-radius:15px @ http://localhost:5199/node_modules/.vite/deps/@strudel_web.js?v=271342c3:10
[  693442ms] [LOG] %c[getTrigger] error: sound RolandTR909_hh not found! Is it loaded? background-color: black;color:white;border-radius:15px @ http://localhost:5199/node_modules/.vite/deps/@strudel_web.js?v=271342c3:10
[  693642ms] [LOG] %c[getTrigger] error: sound RolandTR808_rim not found! Is it loaded? background-color: black;color:white;border-radius:15px @ http://localhost:5199/node_modules/.vite/deps/@strudel_web.js?v=271342c3:10
[  693642ms] [LOG] %c[getTrigger] error: sound RolandTR909_hh not found! Is it loaded? background-color: black;color:white;border-radius:15px @ http://localhost:5199/node_modules/.vite/deps/@strudel_web.js?v=271342c3:10
[  693642ms] [LOG] %c[getTrigger] error: Failed to construct 'AudioWorkletNode': AudioWorkletNode cannot be created: AudioWorklet does not have a valid AudioWorkletGlobalScope. Load a script via audioWorklet.addModule() first. background-color: black;color:white;border-radius:15px @ http://localhost:5199/node_modules/.vite/deps/@strudel_web.js?v=271342c3:10
[  693741ms] [LOG] %c[getTrigger] error: sound RolandTR909_hh not found! Is it loaded? background-color: black;color:white;border-radius:15px @ http://localhost:5199/node_modules/.vite/deps/@strudel_web.js?v=271342c3:10
[  693841ms] [LOG] %c[getTrigger] error: sound RolandTR909_oh not found! Is it loaded? background-color: black;color:white;border-radius:15px @ http://localhost:5199/node_modules/.vite/deps/@strudel_web.js?v=271342c3:10
[  693841ms] [LOG] %c[getTrigger] error: sound RolandTR909_hh not found! Is it loaded? background-color: black;color:white;border-radius:15px @ http://localhost:5199/node_modules/.vite/deps/@strudel_web.js?v=271342c3:10
[  693941ms] [LOG] %c[getTrigger] error: sound RolandTR808_rim not found! Is it loaded? background-color: black;color:white;border-radius:15px @ http://localhost:5199/node_modules/.vite/deps/@strudel_web.js?v=271342c3:10
[  693941ms] [LOG] %c[getTrigger] error: sound RolandTR909_cp not found! Is it loaded? background-color: black;color:white;border-radius:15px @ http://localhost:5199/node_modules/.vite/deps/@strudel_web.js?v=271342c3:10
[  693941ms] [LOG] %c[getTrigger] error: sound RolandTR808_sd not found! Is it loaded? background-color: black;color:white;border-radius:15px @ http://localhost:5199/node_modules/.vite/deps/@strudel_web.js?v=271342c3:10
[  693942ms] [LOG] %c[getTrigger] error: sound RolandTR909_hh not found! Is it loaded? background-color: black;color:white;border-radius:15px @ http://localhost:5199/node_modules/.vite/deps/@strudel_web.js?v=271342c3:10
[  694142ms] [LOG] %c[getTrigger] error: sound RolandTR909_oh not found! Is it loaded? background-color: black;color:white;border-radius:15px @ http://localhost:5199/node_modules/.vite/deps/@strudel_web.js?v=271342c3:10
[  694142ms] [LOG] %c[getTrigger] error: sound RolandTR909_hh not found! Is it loaded? background-color: black;color:white;border-radius:15px @ http://localhost:5199/node_modules/.vite/deps/@strudel_web.js?v=271342c3:10
[  694342ms] [LOG] %c[getTrigger] error: sound RolandTR909_bd not found! Is it loaded? background-color: black;color:white;border-radius:15px @ http://localhost:5199/node_modules/.vite/deps/@strudel_web.js?v=271342c3:10
[  694342ms] [LOG] %c[getTrigger] error: sound RolandTR909_hh not found! Is it loaded? background-color: black;color:white;border-radius:15px @ http://localhost:5199/node_modules/.vite/deps/@strudel_web.js?v=271342c3:10
[  694342ms] [LOG] %c[getTrigger] error: sound RolandTR808_rim not found! Is it loaded? background-color: black;color:white;border-radius:15px @ http://localhost:5199/node_modules/.vite/deps/@strudel_web.js?v=271342c3:10
[  694343ms] [LOG] %c[getTrigger] error: sound RolandTR909_hh not found! Is it loaded? background-color: black;color:white;border-radius:15px @ http://localhost:5199/node_modules/.vite/deps/@strudel_web.js?v=271342c3:10
[  694343ms] [LOG] %c[getTrigger] error: Failed to construct 'AudioWorkletNode': AudioWorkletNode cannot be created: AudioWorklet does not have a valid AudioWorkletGlobalScope. Load a script via audioWorklet.addModule() first. background-color: black;color:white;border-radius:15px @ http://localhost:5199/node_modules/.vite/deps/@strudel_web.js?v=271342c3:10
[  694441ms] [LOG] %c[getTrigger] error: sound RolandTR909_hh not found! Is it loaded? background-color: black;color:white;border-radius:15px @ http://localhost:5199/node_modules/.vite/deps/@strudel_web.js?v=271342c3:10
[  694541ms] [LOG] %c[getTrigger] error: sound RolandTR909_oh not found! Is it loaded? background-color: black;color:white;border-radius:15px @ http://localhost:5199/node_modules/.vite/deps/@strudel_web.js?v=271342c3:10
[  694541ms] [LOG] %c[getTrigger] error: sound RolandTR909_hh not found! Is it loaded? background-color: black;color:white;border-radius:15px @ http://localhost:5199/node_modules/.vite/deps/@strudel_web.js?v=271342c3:10
[  694641ms] [LOG] %c[getTrigger] error: sound RolandTR808_rim not found! Is it loaded? background-color: black;color:white;border-radius:15px @ http://localhost:5199/node_modules/.vite/deps/@strudel_web.js?v=271342c3:10
[  694642ms] [LOG] %c[getTrigger] error: sound RolandTR909_cp not found! Is it loaded? background-color: black;color:white;border-radius:15px @ http://localhost:5199/node_modules/.vite/deps/@strudel_web.js?v=271342c3:10
[  694642ms] [LOG] %c[getTrigger] error: sound RolandTR909_hh not found! Is it loaded? background-color: black;color:white;border-radius:15px @ http://localhost:5199/node_modules/.vite/deps/@strudel_web.js?v=271342c3:10
[  694740ms] [LOG] %c[getTrigger] error: sound RolandTR808_sd not found! Is it loaded? background-color: black;color:white;border-radius:15px @ http://localhost:5199/node_modules/.vite/deps/@strudel_web.js?v=271342c3:10
[  694740ms] [LOG] %c[getTrigger] error: sound RolandTR909_hh not found! Is it loaded? background-color: black;color:white;border-radius:15px @ http://localhost:5199/node_modules/.vite/deps/@strudel_web.js?v=271342c3:10
[  694841ms] [LOG] %c[getTrigger] error: sound RolandTR909_oh not found! Is it loaded? background-color: black;color:white;border-radius:15px @ http://localhost:5199/node_modules/.vite/deps/@strudel_web.js?v=271342c3:10
[  694842ms] [LOG] %c[getTrigger] error: sound RolandTR909_hh not found! Is it loaded? background-color: black;color:white;border-radius:15px @ http://localhost:5199/node_modules/.vite/deps/@strudel_web.js?v=271342c3:10
[  695042ms] [LOG] %c[getTrigger] error: sound RolandTR808_rim not found! Is it loaded? background-color: black;color:white;border-radius:15px @ http://localhost:5199/node_modules/.vite/deps/@strudel_web.js?v=271342c3:10
[  695042ms] [LOG] %c[getTrigger] error: sound RolandTR909_hh not found! Is it loaded? background-color: black;color:white;border-radius:15px @ http://localhost:5199/node_modules/.vite/deps/@strudel_web.js?v=271342c3:10
[  695042ms] [LOG] %c[getTrigger] error: Failed to construct 'AudioWorkletNode': AudioWorkletNode cannot be created: AudioWorklet does not have a valid AudioWorkletGlobalScope. Load a script via audioWorklet.addModule() first. background-color: black;color:white;border-radius:15px @ http://localhost:5199/node_modules/.vite/deps/@strudel_web.js?v=271342c3:10
[  695141ms] [LOG] %c[getTrigger] error: sound RolandTR909_hh not found! Is it loaded? background-color: black;color:white;border-radius:15px @ http://localhost:5199/node_modules/.vite/deps/@strudel_web.js?v=271342c3:10
[  695239ms] [LOG] %c[getTrigger] error: sound RolandTR909_oh not found! Is it loaded? background-color: black;color:white;border-radius:15px @ http://localhost:5199/node_modules/.vite/deps/@strudel_web.js?v=271342c3:10
[  695239ms] [LOG] %c[getTrigger] error: sound RolandTR909_hh not found! Is it loaded? background-color: black;color:white;border-radius:15px @ http://localhost:5199/node_modules/.vite/deps/@strudel_web.js?v=271342c3:10
[  695340ms] [LOG] %c[getTrigger] error: sound RolandTR808_rim not found! Is it loaded? background-color: black;color:white;border-radius:15px @ http://localhost:5199/node_modules/.vite/deps/@strudel_web.js?v=271342c3:10
[  695340ms] [LOG] %c[getTrigger] error: sound RolandTR909_cp not found! Is it loaded? background-color: black;color:white;border-radius:15px @ http://localhost:5199/node_modules/.vite/deps/@strudel_web.js?v=271342c3:10
[  695340ms] [LOG] %c[getTrigger] error: sound RolandTR909_hh not found! Is it loaded? background-color: black;color:white;border-radius:15px @ http://localhost:5199/node_modules/.vite/deps/@strudel_web.js?v=271342c3:10
[  695446ms] [LOG] %c[getTrigger] error: sound RolandTR808_sd not found! Is it loaded? background-color: black;color:white;border-radius:15px @ http://localhost:5199/node_modules/.vite/deps/@strudel_web.js?v=271342c3:10
[  695446ms] [LOG] %c[getTrigger] error: sound RolandTR909_hh not found! Is it loaded? background-color: black;color:white;border-radius:15px @ http://localhost:5199/node_modules/.vite/deps/@strudel_web.js?v=271342c3:10
[  695540ms] [LOG] %c[getTrigger] error: sound RolandTR909_oh not found! Is it loaded? background-color: black;color:white;border-radius:15px @ http://localhost:5199/node_modules/.vite/deps/@strudel_web.js?v=271342c3:10
[  695540ms] [LOG] %c[getTrigger] error: sound RolandTR909_hh not found! Is it loaded? background-color: black;color:white;border-radius:15px @ http://localhost:5199/node_modules/.vite/deps/@strudel_web.js?v=271342c3:10
[  695739ms] [LOG] %c[getTrigger] error: sound RolandTR909_bd not found! Is it loaded? background-color: black;color:white;border-radius:15px @ http://localhost:5199/node_modules/.vite/deps/@strudel_web.js?v=271342c3:10
[  695740ms] [LOG] %c[getTrigger] error: sound RolandTR909_hh not found! Is it loaded? background-color: black;color:white;border-radius:15px @ http://localhost:5199/node_modules/.vite/deps/@strudel_web.js?v=271342c3:10
[  695740ms] [LOG] %c[getTrigger] error: sound RolandTR808_rim not found! Is it loaded? background-color: black;color:white;border-radius:15px @ http://localhost:5199/node_modules/.vite/deps/@strudel_web.js?v=271342c3:10
[  695740ms] [LOG] %c[getTrigger] error: sound RolandTR909_hh not found! Is it loaded? background-color: black;color:white;border-radius:15px @ http://localhost:5199/node_modules/.vite/deps/@strudel_web.js?v=271342c3:10
[  695740ms] [LOG] %c[getTrigger] error: Failed to construct 'AudioWorkletNode': AudioWorkletNode cannot be created: AudioWorklet does not have a valid AudioWorkletGlobalScope. Load a script via audioWorklet.addModule() first. background-color: black;color:white;border-radius:15px @ http://localhost:5199/node_modules/.vite/deps/@strudel_web.js?v=271342c3:10
[  695842ms] [LOG] %c[getTrigger] error: sound RolandTR909_hh not found! Is it loaded? background-color: black;color:white;border-radius:15px @ http://localhost:5199/node_modules/.vite/deps/@strudel_web.js?v=271342c3:10
[  695941ms] [LOG] %c[getTrigger] error: sound RolandTR909_oh not found! Is it loaded? background-color: black;color:white;border-radius:15px @ http://localhost:5199/node_modules/.vite/deps/@strudel_web.js?v=271342c3:10
[  695942ms] [LOG] %c[getTrigger] error: sound RolandTR909_hh not found! Is it loaded? background-color: black;color:white;border-radius:15px @ http://localhost:5199/node_modules/.vite/deps/@strudel_web.js?v=271342c3:10
[  696142ms] [LOG] %c[getTrigger] error: sound RolandTR808_rim not found! Is it loaded? background-color: black;color:white;border-radius:15px @ http://localhost:5199/node_modules/.vite/deps/@strudel_web.js?v=271342c3:10
[  696142ms] [LOG] %c[getTrigger] error: sound RolandTR909_cp not found! Is it loaded? background-color: black;color:white;border-radius:15px @ http://localhost:5199/node_modules/.vite/deps/@strudel_web.js?v=271342c3:10
[  696142ms] [LOG] %c[getTrigger] error: sound RolandTR808_sd not found! Is it loaded? background-color: black;color:white;border-radius:15px @ http://localhost:5199/node_modules/.vite/deps/@strudel_web.js?v=271342c3:10
[  696142ms] [LOG] %c[getTrigger] error: sound RolandTR909_hh not found! Is it loaded? background-color: black;color:white;border-radius:15px @ http://localhost:5199/node_modules/.vite/deps/@strudel_web.js?v=271342c3:10
[  696241ms] [LOG] %c[getTrigger] error: sound RolandTR909_oh not found! Is it loaded? background-color: black;color:white;border-radius:15px @ http://localhost:5199/node_modules/.vite/deps/@strudel_web.js?v=271342c3:10
[  696242ms] [LOG] %c[getTrigger] error: sound RolandTR909_hh not found! Is it loaded? background-color: black;color:white;border-radius:15px @ http://localhost:5199/node_modules/.vite/deps/@strudel_web.js?v=271342c3:10
[  696441ms] [LOG] %c[getTrigger] error: sound RolandTR808_rim not found! Is it loaded? background-color: black;color:white;border-radius:15px @ http://localhost:5199/node_modules/.vite/deps/@strudel_web.js?v=271342c3:10
[  696442ms] [LOG] %c[getTrigger] error: sound RolandTR909_hh not found! Is it loaded? background-color: black;color:white;border-radius:15px @ http://localhost:5199/node_modules/.vite/deps/@strudel_web.js?v=271342c3:10
[  696442ms] [LOG] %c[getTrigger] error: Failed to construct 'AudioWorkletNode': AudioWorkletNode cannot be created: AudioWorklet does not have a valid AudioWorkletGlobalScope. Load a script via audioWorklet.addModule() first. background-color: black;color:white;border-radius:15px @ http://localhost:5199/node_modules/.vite/deps/@strudel_web.js?v=271342c3:10
[  696541ms] [LOG] %c[getTrigger] error: sound RolandTR909_hh not found! Is it loaded? background-color: black;color:white;border-radius:15px @ http://localhost:5199/node_modules/.vite/deps/@strudel_web.js?v=271342c3:10
[  696640ms] [LOG] %c[getTrigger] error: sound RolandTR909_oh not found! Is it loaded? background-color: black;color:white;border-radius:15px @ http://localhost:5199/node_modules/.vite/deps/@strudel_web.js?v=271342c3:10
[  696640ms] [LOG] %c[getTrigger] error: sound RolandTR909_hh not found! Is it loaded? background-color: black;color:white;border-radius:15px @ http://localhost:5199/node_modules/.vite/deps/@strudel_web.js?v=271342c3:10
[  696840ms] [LOG] %c[getTrigger] error: sound RolandTR808_rim not found! Is it loaded? background-color: black;color:white;border-radius:15px @ http://localhost:5199/node_modules/.vite/deps/@strudel_web.js?v=271342c3:10
[  696841ms] [LOG] %c[getTrigger] error: sound RolandTR909_cp not found! Is it loaded? background-color: black;color:white;border-radius:15px @ http://localhost:5199/node_modules/.vite/deps/@strudel_web.js?v=271342c3:10
[  696841ms] [LOG] %c[getTrigger] error: sound RolandTR808_sd not found! Is it loaded? background-color: black;color:white;border-radius:15px @ http://localhost:5199/node_modules/.vite/deps/@strudel_web.js?v=271342c3:10
[  696841ms] [LOG] %c[getTrigger] error: sound RolandTR909_hh not found! Is it loaded? background-color: black;color:white;border-radius:15px @ http://localhost:5199/node_modules/.vite/deps/@strudel_web.js?v=271342c3:10
[  696941ms] [LOG] %c[getTrigger] error: sound RolandTR909_oh not found! Is it loaded? background-color: black;color:white;border-radius:15px @ http://localhost:5199/node_modules/.vite/deps/@strudel_web.js?v=271342c3:10
[  696941ms] [LOG] %c[getTrigger] error: sound RolandTR909_hh not found! Is it loaded? background-color: black;color:white;border-radius:15px @ http://localhost:5199/node_modules/.vite/deps/@strudel_web.js?v=271342c3:10
[  697142ms] [LOG] %c[getTrigger] error: sound RolandTR909_bd not found! Is it loaded? background-color: black;color:white;border-radius:15px @ http://localhost:5199/node_modules/.vite/deps/@strudel_web.js?v=271342c3:10
[  697142ms] [LOG] %c[getTrigger] error: sound RolandTR909_hh not found! Is it loaded? background-color: black;color:white;border-radius:15px @ http://localhost:5199/node_modules/.vite/deps/@strudel_web.js?v=271342c3:10
[  697142ms] [LOG] %c[getTrigger] error: sound RolandTR808_rim not found! Is it loaded? background-color: black;color:white;border-radius:15px @ http://localhost:5199/node_modules/.vite/deps/@strudel_web.js?v=271342c3:10
[  697143ms] [LOG] %c[getTrigger] error: sound RolandTR909_hh not found! Is it loaded? background-color: black;color:white;border-radius:15px @ http://localhost:5199/node_modules/.vite/deps/@strudel_web.js?v=271342c3:10
[  697143ms] [LOG] %c[getTrigger] error: Failed to construct 'AudioWorkletNode': AudioWorkletNode cannot be created: AudioWorklet does not have a valid AudioWorkletGlobalScope. Load a script via audioWorklet.addModule() first. background-color: black;color:white;border-radius:15px @ http://localhost:5199/node_modules/.vite/deps/@strudel_web.js?v=271342c3:10
[  697241ms] [LOG] %c[getTrigger] error: sound RolandTR909_hh not found! Is it loaded? background-color: black;color:white;border-radius:15px @ http://localhost:5199/node_modules/.vite/deps/@strudel_web.js?v=271342c3:10
[  697341ms] [LOG] %c[getTrigger] error: sound RolandTR909_oh not found! Is it loaded? background-color: black;color:white;border-radius:15px @ http://localhost:5199/node_modules/.vite/deps/@strudel_web.js?v=271342c3:10
[  697342ms] [LOG] %c[getTrigger] error: sound RolandTR909_hh not found! Is it loaded? background-color: black;color:white;border-radius:15px @ http://localhost:5199/node_modules/.vite/deps/@strudel_web.js?v=271342c3:10
[  697541ms] [LOG] %c[getTrigger] error: sound RolandTR808_rim not found! Is it loaded? background-color: black;color:white;border-radius:15px @ http://localhost:5199/node_modules/.vite/deps/@strudel_web.js?v=271342c3:10
[  697541ms] [LOG] %c[getTrigger] error: sound RolandTR909_cp not found! Is it loaded? background-color: black;color:white;border-radius:15px @ http://localhost:5199/node_modules/.vite/deps/@strudel_web.js?v=271342c3:10
[  697541ms] [LOG] %c[getTrigger] error: sound RolandTR808_sd not found! Is it loaded? background-color: black;color:white;border-radius:15px @ http://localhost:5199/node_modules/.vite/deps/@strudel_web.js?v=271342c3:10
[  697541ms] [LOG] %c[getTrigger] error: sound RolandTR909_hh not found! Is it loaded? background-color: black;color:white;border-radius:15px @ http://localhost:5199/node_modules/.vite/deps/@strudel_web.js?v=271342c3:10
[  697641ms] [LOG] %c[getTrigger] error: sound RolandTR909_oh not found! Is it loaded? background-color: black;color:white;border-radius:15px @ http://localhost:5199/node_modules/.vite/deps/@strudel_web.js?v=271342c3:10
[  697641ms] [LOG] %c[getTrigger] error: sound RolandTR909_hh not found! Is it loaded? background-color: black;color:white;border-radius:15px @ http://localhost:5199/node_modules/.vite/deps/@strudel_web.js?v=271342c3:10
[  697842ms] [LOG] %c[getTrigger] error: sound RolandTR808_rim not found! Is it loaded? background-color: black;color:white;border-radius:15px @ http://localhost:5199/node_modules/.vite/deps/@strudel_web.js?v=271342c3:10
[  697842ms] [LOG] %c[getTrigger] error: sound RolandTR909_hh not found! Is it loaded? background-color: black;color:white;border-radius:15px @ http://localhost:5199/node_modules/.vite/deps/@strudel_web.js?v=271342c3:10
[  697842ms] [LOG] %c[getTrigger] error: Failed to construct 'AudioWorkletNode': AudioWorkletNode cannot be created: AudioWorklet does not have a valid AudioWorkletGlobalScope. Load a script via audioWorklet.addModule() first. background-color: black;color:white;border-radius:15px @ http://localhost:5199/node_modules/.vite/deps/@strudel_web.js?v=271342c3:10
[  697941ms] [LOG] %c[getTrigger] error: sound RolandTR909_hh not found! Is it loaded? background-color: black;color:white;border-radius:15px @ http://localhost:5199/node_modules/.vite/deps/@strudel_web.js?v=271342c3:10
[  698040ms] [LOG] %c[getTrigger] error: sound RolandTR909_oh not found! Is it loaded? background-color: black;color:white;border-radius:15px @ http://localhost:5199/node_modules/.vite/deps/@strudel_web.js?v=271342c3:10
[  698041ms] [LOG] %c[getTrigger] error: sound RolandTR909_hh not found! Is it loaded? background-color: black;color:white;border-radius:15px @ http://localhost:5199/node_modules/.vite/deps/@strudel_web.js?v=271342c3:10
[  698241ms] [LOG] %c[getTrigger] error: sound RolandTR808_rim not found! Is it loaded? background-color: black;color:white;border-radius:15px @ http://localhost:5199/node_modules/.vite/deps/@strudel_web.js?v=271342c3:10
[  698241ms] [LOG] %c[getTrigger] error: sound RolandTR909_cp not found! Is it loaded? background-color: black;color:white;border-radius:15px @ http://localhost:5199/node_modules/.vite/deps/@strudel_web.js?v=271342c3:10
[  698241ms] [LOG] %c[getTrigger] error: sound RolandTR808_sd not found! Is it loaded? background-color: black;color:white;border-radius:15px @ http://localhost:5199/node_modules/.vite/deps/@strudel_web.js?v=271342c3:10
[  698241ms] [LOG] %c[getTrigger] error: sound RolandTR909_hh not found! Is it loaded? background-color: black;color:white;border-radius:15px @ http://localhost:5199/node_modules/.vite/deps/@strudel_web.js?v=271342c3:10
[  698340ms] [LOG] %c[getTrigger] error: sound RolandTR909_oh not found! Is it loaded? background-color: black;color:white;border-radius:15px @ http://localhost:5199/node_modules/.vite/deps/@strudel_web.js?v=271342c3:10
[  698341ms] [LOG] %c[getTrigger] error: sound RolandTR909_hh not found! Is it loaded? background-color: black;color:white;border-radius:15px @ http://localhost:5199/node_modules/.vite/deps/@strudel_web.js?v=271342c3:10
[  698541ms] [LOG] %c[getTrigger] error: sound RolandTR909_bd not found! Is it loaded? background-color: black;color:white;border-radius:15px @ http://localhost:5199/node_modules/.vite/deps/@strudel_web.js?v=271342c3:10
[  698542ms] [LOG] %c[getTrigger] error: sound RolandTR909_hh not found! Is it loaded? background-color: black;color:white;border-radius:15px @ http://localhost:5199/node_modules/.vite/deps/@strudel_web.js?v=271342c3:10
[  698542ms] [LOG] %c[getTrigger] error: sound RolandTR808_rim not found! Is it loaded? background-color: black;color:white;border-radius:15px @ http://localhost:5199/node_modules/.vite/deps/@strudel_web.js?v=271342c3:10
[  698542ms] [LOG] %c[getTrigger] error: sound RolandTR909_hh not found! Is it loaded? background-color: black;color:white;border-radius:15px @ http://localhost:5199/node_modules/.vite/deps/@strudel_web.js?v=271342c3:10
[  698542ms] [LOG] %c[getTrigger] error: Failed to construct 'AudioWorkletNode': AudioWorkletNode cannot be created: AudioWorklet does not have a valid AudioWorkletGlobalScope. Load a script via audioWorklet.addModule() first. background-color: black;color:white;border-radius:15px @ http://localhost:5199/node_modules/.vite/deps/@strudel_web.js?v=271342c3:10
[  698641ms] [LOG] %c[getTrigger] error: sound RolandTR909_hh not found! Is it loaded? background-color: black;color:white;border-radius:15px @ http://localhost:5199/node_modules/.vite/deps/@strudel_web.js?v=271342c3:10
[  698741ms] [LOG] %c[getTrigger] error: sound RolandTR909_oh not found! Is it loaded? background-color: black;color:white;border-radius:15px @ http://localhost:5199/node_modules/.vite/deps/@strudel_web.js?v=271342c3:10
[  698741ms] [LOG] %c[getTrigger] error: sound RolandTR909_hh not found! Is it loaded? background-color: black;color:white;border-radius:15px @ http://localhost:5199/node_modules/.vite/deps/@strudel_web.js?v=271342c3:10
[  698773ms] [LOG] %c[eval] code updated background-color: black;color:white;border-radius:15px @ http://localhost:5199/node_modules/.vite/deps/@strudel_web.js?v=271342c3:10
[  698842ms] [LOG] %c[getTrigger] error: sound RolandTR909_hh not found! Is it loaded? background-color: black;color:white;border-radius:15px @ http://localhost:5199/node_modules/.vite/deps/@strudel_web.js?v=271342c3:10
[  698941ms] [LOG] %c[getTrigger] error: sound RolandTR808_rim not found! Is it loaded? background-color: black;color:white;border-radius:15px @ http://localhost:5199/node_modules/.vite/deps/@strudel_web.js?v=271342c3:10
[  698941ms] [LOG] %c[getTrigger] error: sound RolandTR909_cp not found! Is it loaded? background-color: black;color:white;border-radius:15px @ http://localhost:5199/node_modules/.vite/deps/@strudel_web.js?v=271342c3:10
[  698941ms] [LOG] %c[getTrigger] error: sound RolandTR808_sd not found! Is it loaded? background-color: black;color:white;border-radius:15px @ http://localhost:5199/node_modules/.vite/deps/@strudel_web.js?v=271342c3:10
[  698941ms] [LOG] %c[getTrigger] error: sound RolandTR909_hh not found! Is it loaded? background-color: black;color:white;border-radius:15px @ http://localhost:5199/node_modules/.vite/deps/@strudel_web.js?v=271342c3:10
[  699140ms] [LOG] %c[getTrigger] error: sound RolandTR909_oh not found! Is it loaded? background-color: black;color:white;border-radius:15px @ http://localhost:5199/node_modules/.vite/deps/@strudel_web.js?v=271342c3:10
[  699140ms] [LOG] %c[getTrigger] error: sound RolandTR909_hh not found! Is it loaded? background-color: black;color:white;border-radius:15px @ http://localhost:5199/node_modules/.vite/deps/@strudel_web.js?v=271342c3:10
[  699241ms] [LOG] %c[getTrigger] error: sound RolandTR808_rim not found! Is it loaded? background-color: black;color:white;border-radius:15px @ http://localhost:5199/node_modules/.vite/deps/@strudel_web.js?v=271342c3:10
[  699241ms] [LOG] %c[getTrigger] error: sound RolandTR909_hh not found! Is it loaded? background-color: black;color:white;border-radius:15px @ http://localhost:5199/node_modules/.vite/deps/@strudel_web.js?v=271342c3:10
[  699241ms] [LOG] %c[getTrigger] error: Failed to construct 'AudioWorkletNode': AudioWorkletNode cannot be created: AudioWorklet does not have a valid AudioWorkletGlobalScope. Load a script via audioWorklet.addModule() first. background-color: black;color:white;border-radius:15px @ http://localhost:5199/node_modules/.vite/deps/@strudel_web.js?v=271342c3:10
[  699340ms] [LOG] %c[getTrigger] error: sound RolandTR909_hh not found! Is it loaded? background-color: black;color:white;border-radius:15px @ http://localhost:5199/node_modules/.vite/deps/@strudel_web.js?v=271342c3:10
[  699440ms] [LOG] %c[getTrigger] error: sound RolandTR909_oh not found! Is it loaded? background-color: black;color:white;border-radius:15px @ http://localhost:5199/node_modules/.vite/deps/@strudel_web.js?v=271342c3:10
[  699440ms] [LOG] %c[getTrigger] error: sound RolandTR909_hh not found! Is it loaded? background-color: black;color:white;border-radius:15px @ http://localhost:5199/node_modules/.vite/deps/@strudel_web.js?v=271342c3:10
[  699642ms] [LOG] %c[getTrigger] error: sound RolandTR808_rim not found! Is it loaded? background-color: black;color:white;border-radius:15px @ http://localhost:5199/node_modules/.vite/deps/@strudel_web.js?v=271342c3:10
[  699642ms] [LOG] %c[getTrigger] error: sound RolandTR909_cp not found! Is it loaded? background-color: black;color:white;border-radius:15px @ http://localhost:5199/node_modules/.vite/deps/@strudel_web.js?v=271342c3:10
[  699642ms] [LOG] %c[getTrigger] error: sound RolandTR808_sd not found! Is it loaded? background-color: black;color:white;border-radius:15px @ http://localhost:5199/node_modules/.vite/deps/@strudel_web.js?v=271342c3:10
[  699642ms] [LOG] %c[getTrigger] error: sound RolandTR909_hh not found! Is it loaded? background-color: black;color:white;border-radius:15px @ http://localhost:5199/node_modules/.vite/deps/@strudel_web.js?v=271342c3:10
[  699840ms] [LOG] %c[getTrigger] error: sound RolandTR909_oh not found! Is it loaded? background-color: black;color:white;border-radius:15px @ http://localhost:5199/node_modules/.vite/deps/@strudel_web.js?v=271342c3:10
[  699841ms] [LOG] %c[getTrigger] error: sound RolandTR909_hh not found! Is it loaded? background-color: black;color:white;border-radius:15px @ http://localhost:5199/node_modules/.vite/deps/@strudel_web.js?v=271342c3:10
[  699942ms] [LOG] %c[getTrigger] error: sound RolandTR909_bd not found! Is it loaded? background-color: black;color:white;border-radius:15px @ http://localhost:5199/node_modules/.vite/deps/@strudel_web.js?v=271342c3:10
[  699942ms] [LOG] %c[getTrigger] error: sound RolandTR909_hh not found! Is it loaded? background-color: black;color:white;border-radius:15px @ http://localhost:5199/node_modules/.vite/deps/@strudel_web.js?v=271342c3:10
[  699942ms] [LOG] %c[getTrigger] error: sound RolandTR808_rim not found! Is it loaded? background-color: black;color:white;border-radius:15px @ http://localhost:5199/node_modules/.vite/deps/@strudel_web.js?v=271342c3:10
[  699943ms] [LOG] %c[getTrigger] error: sound RolandTR909_hh not found! Is it loaded? background-color: black;color:white;border-radius:15px @ http://localhost:5199/node_modules/.vite/deps/@strudel_web.js?v=271342c3:10
[  699943ms] [LOG] %c[getTrigger] error: Failed to construct 'AudioWorkletNode': AudioWorkletNode cannot be created: AudioWorklet does not have a valid AudioWorkletGlobalScope. Load a script via audioWorklet.addModule() first. background-color: black;color:white;border-radius:15px @ http://localhost:5199/node_modules/.vite/deps/@strudel_web.js?v=271342c3:10
[  700041ms] [LOG] %c[getTrigger] error: sound RolandTR909_hh not found! Is it loaded? background-color: black;color:white;border-radius:15px @ http://localhost:5199/node_modules/.vite/deps/@strudel_web.js?v=271342c3:10
[  700141ms] [LOG] %c[getTrigger] error: sound RolandTR909_oh not found! Is it loaded? background-color: black;color:white;border-radius:15px @ http://localhost:5199/node_modules/.vite/deps/@strudel_web.js?v=271342c3:10
[  700141ms] [LOG] %c[getTrigger] error: sound RolandTR909_hh not found! Is it loaded? background-color: black;color:white;border-radius:15px @ http://localhost:5199/node_modules/.vite/deps/@strudel_web.js?v=271342c3:10
[  700269ms] [LOG] %c[superdough] AudioWorklets loaded background-color: black;color:white;border-radius:15px @ http://localhost:5199/node_modules/.vite/deps/@strudel_web.js?v=271342c3:10
[  700270ms] [LOG] %c[superdough] ready background-color: black;color:white;border-radius:15px @ http://localhost:5199/node_modules/.vite/deps/@strudel_web.js?v=271342c3:10
[  700340ms] [LOG] %c[getTrigger] error: sound RolandTR909_hh not found! Is it loaded? background-color: black;color:white;border-radius:15px @ http://localhost:5199/node_modules/.vite/deps/@strudel_web.js?v=271342c3:10
[  700340ms] [LOG] %c[getTrigger] error: sound RolandTR808_rim not found! Is it loaded? background-color: black;color:white;border-radius:15px @ http://localhost:5199/node_modules/.vite/deps/@strudel_web.js?v=271342c3:10
[  700340ms] [LOG] %c[getTrigger] error: sound RolandTR909_cp not found! Is it loaded? background-color: black;color:white;border-radius:15px @ http://localhost:5199/node_modules/.vite/deps/@strudel_web.js?v=271342c3:10
[  700340ms] [LOG] %c[getTrigger] error: sound RolandTR808_sd not found! Is it loaded? background-color: black;color:white;border-radius:15px @ http://localhost:5199/node_modules/.vite/deps/@strudel_web.js?v=271342c3:10
[  700340ms] [LOG] %c[getTrigger] error: sound RolandTR909_hh not found! Is it loaded? background-color: black;color:white;border-radius:15px @ http://localhost:5199/node_modules/.vite/deps/@strudel_web.js?v=271342c3:10
[  700541ms] [LOG] %c[getTrigger] error: sound RolandTR909_oh not found! Is it loaded? background-color: black;color:white;border-radius:15px @ http://localhost:5199/node_modules/.vite/deps/@strudel_web.js?v=271342c3:10
[  700541ms] [LOG] %c[getTrigger] error: sound RolandTR909_hh not found! Is it loaded? background-color: black;color:white;border-radius:15px @ http://localhost:5199/node_modules/.vite/deps/@strudel_web.js?v=271342c3:10
[  700641ms] [LOG] %c[getTrigger] error: sound RolandTR808_rim not found! Is it loaded? background-color: black;color:white;border-radius:15px @ http://localhost:5199/node_modules/.vite/deps/@strudel_web.js?v=271342c3:10
[  700642ms] [LOG] %c[getTrigger] error: sound RolandTR909_hh not found! Is it loaded? background-color: black;color:white;border-radius:15px @ http://localhost:5199/node_modules/.vite/deps/@strudel_web.js?v=271342c3:10
[  700842ms] [LOG] %c[getTrigger] error: sound RolandTR909_oh not found! Is it loaded? background-color: black;color:white;border-radius:15px @ http://localhost:5199/node_modules/.vite/deps/@strudel_web.js?v=271342c3:10
[  700842ms] [LOG] %c[getTrigger] error: sound RolandTR909_hh not found! Is it loaded? background-color: black;color:white;border-radius:15px @ http://localhost:5199/node_modules/.vite/deps/@strudel_web.js?v=271342c3:10
[  701041ms] [LOG] %c[getTrigger] error: sound RolandTR808_rim not found! Is it loaded? background-color: black;color:white;border-radius:15px @ http://localhost:5199/node_modules/.vite/deps/@strudel_web.js?v=271342c3:10
[  701041ms] [LOG] %c[getTrigger] error: sound RolandTR909_cp not found! Is it loaded? background-color: black;color:white;border-radius:15px @ http://localhost:5199/node_modules/.vite/deps/@strudel_web.js?v=271342c3:10
[  701041ms] [LOG] %c[getTrigger] error: sound RolandTR909_hh not found! Is it loaded? background-color: black;color:white;border-radius:15px @ http://localhost:5199/node_modules/.vite/deps/@strudel_web.js?v=271342c3:10
[  701041ms] [LOG] %c[getTrigger] error: sound RolandTR808_sd not found! Is it loaded? background-color: black;color:white;border-radius:15px @ http://localhost:5199/node_modules/.vite/deps/@strudel_web.js?v=271342c3:10
[  701141ms] [LOG] %c[getTrigger] error: sound RolandTR909_hh not found! Is it loaded? background-color: black;color:white;border-radius:15px @ http://localhost:5199/node_modules/.vite/deps/@strudel_web.js?v=271342c3:10
[  701240ms] [LOG] %c[getTrigger] error: sound RolandTR909_oh not found! Is it loaded? background-color: black;color:white;border-radius:15px @ http://localhost:5199/node_modules/.vite/deps/@strudel_web.js?v=271342c3:10
[  701240ms] [LOG] %c[getTrigger] error: sound RolandTR909_hh not found! Is it loaded? background-color: black;color:white;border-radius:15px @ http://localhost:5199/node_modules/.vite/deps/@strudel_web.js?v=271342c3:10
[  701341ms] [LOG] %c[getTrigger] error: sound RolandTR909_bd not found! Is it loaded? background-color: black;color:white;border-radius:15px @ http://localhost:5199/node_modules/.vite/deps/@strudel_web.js?v=271342c3:10
[  701341ms] [LOG] %c[getTrigger] error: sound RolandTR909_hh not found! Is it loaded? background-color: black;color:white;border-radius:15px @ http://localhost:5199/node_modules/.vite/deps/@strudel_web.js?v=271342c3:10
[  701341ms] [LOG] %c[getTrigger] error: sound RolandTR808_rim not found! Is it loaded? background-color: black;color:white;border-radius:15px @ http://localhost:5199/node_modules/.vite/deps/@strudel_web.js?v=271342c3:10
[  701341ms] [LOG] %c[getTrigger] error: sound RolandTR909_hh not found! Is it loaded? background-color: black;color:white;border-radius:15px @ http://localhost:5199/node_modules/.vite/deps/@strudel_web.js?v=271342c3:10
[  701541ms] [LOG] %c[getTrigger] error: sound RolandTR909_oh not found! Is it loaded? background-color: black;color:white;border-radius:15px @ http://localhost:5199/node_modules/.vite/deps/@strudel_web.js?v=271342c3:10
[  701541ms] [LOG] %c[getTrigger] error: sound RolandTR909_hh not found! Is it loaded? background-color: black;color:white;border-radius:15px @ http://localhost:5199/node_modules/.vite/deps/@strudel_web.js?v=271342c3:10
[  701632ms] [LOG] %c[eval] code updated background-color: black;color:white;border-radius:15px @ http://localhost:5199/node_modules/.vite/deps/@strudel_web.js?v=271342c3:10
[  701640ms] [LOG] %c[getTrigger] error: sound RolandTR909_hh not found! Is it loaded? background-color: black;color:white;border-radius:15px @ http://localhost:5199/node_modules/.vite/deps/@strudel_web.js?v=271342c3:10
[  701841ms] [LOG] %c[getTrigger] error: sound RolandTR909_oh not found! Is it loaded? background-color: black;color:white;border-radius:15px @ http://localhost:5199/node_modules/.vite/deps/@strudel_web.js?v=271342c3:10
[  701841ms] [LOG] %c[getTrigger] error: sound RolandTR909_hh not found! Is it loaded? background-color: black;color:white;border-radius:15px @ http://localhost:5199/node_modules/.vite/deps/@strudel_web.js?v=271342c3:10
[  701841ms] [LOG] %c[getTrigger] error: sound RolandTR808_sd not found! Is it loaded? background-color: black;color:white;border-radius:15px @ http://localhost:5199/node_modules/.vite/deps/@strudel_web.js?v=271342c3:10
[  701940ms] [LOG] %c[getTrigger] error: sound RolandTR909_hh not found! Is it loaded? background-color: black;color:white;border-radius:15px @ http://localhost:5199/node_modules/.vite/deps/@strudel_web.js?v=271342c3:10
[  702141ms] [LOG] %c[getTrigger] error: sound RolandTR808_rim not found! Is it loaded? background-color: black;color:white;border-radius:15px @ http://localhost:5199/node_modules/.vite/deps/@strudel_web.js?v=271342c3:10
[  702241ms] [LOG] %c[getTrigger] error: sound RolandTR909_hh not found! Is it loaded? background-color: black;color:white;border-radius:15px @ http://localhost:5199/node_modules/.vite/deps/@strudel_web.js?v=271342c3:10
[  702541ms] [LOG] %c[getTrigger] error: sound RolandTR808_rim not found! Is it loaded? background-color: black;color:white;border-radius:15px @ http://localhost:5199/node_modules/.vite/deps/@strudel_web.js?v=271342c3:10
[  702542ms] [LOG] %c[getTrigger] error: sound RolandTR909_hh not found! Is it loaded? background-color: black;color:white;border-radius:15px @ http://localhost:5199/node_modules/.vite/deps/@strudel_web.js?v=271342c3:10
[  702941ms] [LOG] %c[getTrigger] error: sound RolandTR808_rim not found! Is it loaded? background-color: black;color:white;border-radius:15px @ http://localhost:5199/node_modules/.vite/deps/@strudel_web.js?v=271342c3:10
[  703039ms] [LOG] %c[getTrigger] error: sound RolandTR909_hh not found! Is it loaded? background-color: black;color:white;border-radius:15px @ http://localhost:5199/node_modules/.vite/deps/@strudel_web.js?v=271342c3:10
[  703241ms] [LOG] %c[getTrigger] error: sound RolandTR909_oh not found! Is it loaded? background-color: black;color:white;border-radius:15px @ http://localhost:5199/node_modules/.vite/deps/@strudel_web.js?v=271342c3:10
[  703241ms] [LOG] %c[getTrigger] error: sound RolandTR909_hh not found! Is it loaded? background-color: black;color:white;border-radius:15px @ http://localhost:5199/node_modules/.vite/deps/@strudel_web.js?v=271342c3:10
[  703241ms] [LOG] %c[getTrigger] error: sound RolandTR808_sd not found! Is it loaded? background-color: black;color:white;border-radius:15px @ http://localhost:5199/node_modules/.vite/deps/@strudel_web.js?v=271342c3:10
[  703241ms] [LOG] %c[getTrigger] error: sound RolandTR909_hh not found! Is it loaded? background-color: black;color:white;border-radius:15px @ http://localhost:5199/node_modules/.vite/deps/@strudel_web.js?v=271342c3:10
[  703541ms] [LOG] %c[getTrigger] error: sound RolandTR909_bd not found! Is it loaded? background-color: black;color:white;border-radius:15px @ http://localhost:5199/node_modules/.vite/deps/@strudel_web.js?v=271342c3:10
[  703541ms] [LOG] %c[getTrigger] error: sound RolandTR909_hh not found! Is it loaded? background-color: black;color:white;border-radius:15px @ http://localhost:5199/node_modules/.vite/deps/@strudel_web.js?v=271342c3:10
[  703840ms] [LOG] %c[getTrigger] error: sound RolandTR909_bd not found! Is it loaded? background-color: black;color:white;border-radius:15px @ http://localhost:5199/node_modules/.vite/deps/@strudel_web.js?v=271342c3:10
[  703840ms] [LOG] %c[getTrigger] error: sound RolandTR808_rim not found! Is it loaded? background-color: black;color:white;border-radius:15px @ http://localhost:5199/node_modules/.vite/deps/@strudel_web.js?v=271342c3:10
[  703840ms] [LOG] %c[getTrigger] error: sound RolandTR909_hh not found! Is it loaded? background-color: black;color:white;border-radius:15px @ http://localhost:5199/node_modules/.vite/deps/@strudel_web.js?v=271342c3:10
[  703840ms] [LOG] %c[getTrigger] error: sound RolandTR808_rim not found! Is it loaded? background-color: black;color:white;border-radius:15px @ http://localhost:5199/node_modules/.vite/deps/@strudel_web.js?v=271342c3:10
[  703840ms] [LOG] %c[getTrigger] error: sound RolandTR909_hh not found! Is it loaded? background-color: black;color:white;border-radius:15px @ http://localhost:5199/node_modules/.vite/deps/@strudel_web.js?v=271342c3:10
[  704109ms] [LOG] %c[eval] code updated background-color: black;color:white;border-radius:15px @ http://localhost:5199/node_modules/.vite/deps/@strudel_web.js?v=271342c3:10
[  704140ms] [LOG] %c[getTrigger] error: sound RolandTR909_hh not found! Is it loaded? background-color: black;color:white;border-radius:15px @ http://localhost:5199/node_modules/.vite/deps/@strudel_web.js?v=271342c3:10
[  704241ms] [LOG] %c[getTrigger] error: sound RolandTR909_oh not found! Is it loaded? background-color: black;color:white;border-radius:15px @ http://localhost:5199/node_modules/.vite/deps/@strudel_web.js?v=271342c3:10
[  704241ms] [LOG] %c[getTrigger] error: sound RolandTR909_hh not found! Is it loaded? background-color: black;color:white;border-radius:15px @ http://localhost:5199/node_modules/.vite/deps/@strudel_web.js?v=271342c3:10
[  704540ms] [LOG] %c[getTrigger] error: sound RolandTR808_rim not found! Is it loaded? background-color: black;color:white;border-radius:15px @ http://localhost:5199/node_modules/.vite/deps/@strudel_web.js?v=271342c3:10
[  704541ms] [LOG] %c[getTrigger] error: sound RolandTR909_cp not found! Is it loaded? background-color: black;color:white;border-radius:15px @ http://localhost:5199/node_modules/.vite/deps/@strudel_web.js?v=271342c3:10
[  704541ms] [LOG] %c[getTrigger] error: sound RolandTR909_hh not found! Is it loaded? background-color: black;color:white;border-radius:15px @ http://localhost:5199/node_modules/.vite/deps/@strudel_web.js?v=271342c3:10
[  704541ms] [LOG] %c[getTrigger] error: sound RolandTR808_sd not found! Is it loaded? background-color: black;color:white;border-radius:15px @ http://localhost:5199/node_modules/.vite/deps/@strudel_web.js?v=271342c3:10
[  704640ms] [LOG] %c[getTrigger] error: sound RolandTR909_hh not found! Is it loaded? background-color: black;color:white;border-radius:15px @ http://localhost:5199/node_modules/.vite/deps/@strudel_web.js?v=271342c3:10
[  704840ms] [LOG] %c[getTrigger] error: sound RolandTR909_oh not found! Is it loaded? background-color: black;color:white;border-radius:15px @ http://localhost:5199/node_modules/.vite/deps/@strudel_web.js?v=271342c3:10
[  704841ms] [LOG] %c[getTrigger] error: sound RolandTR909_hh not found! Is it loaded? background-color: black;color:white;border-radius:15px @ http://localhost:5199/node_modules/.vite/deps/@strudel_web.js?v=271342c3:10
[  705241ms] [LOG] %c[getTrigger] error: sound RolandTR909_bd not found! Is it loaded? background-color: black;color:white;border-radius:15px @ http://localhost:5199/node_modules/.vite/deps/@strudel_web.js?v=271342c3:10
[  705241ms] [LOG] %c[getTrigger] error: sound RolandTR909_hh not found! Is it loaded? background-color: black;color:white;border-radius:15px @ http://localhost:5199/node_modules/.vite/deps/@strudel_web.js?v=271342c3:10
[  705241ms] [LOG] %c[getTrigger] error: sound RolandTR808_rim not found! Is it loaded? background-color: black;color:white;border-radius:15px @ http://localhost:5199/node_modules/.vite/deps/@strudel_web.js?v=271342c3:10
[  705242ms] [LOG] %c[getTrigger] error: sound RolandTR909_hh not found! Is it loaded? background-color: black;color:white;border-radius:15px @ http://localhost:5199/node_modules/.vite/deps/@strudel_web.js?v=271342c3:10
[  705541ms] [LOG] %c[getTrigger] error: sound RolandTR909_oh not found! Is it loaded? background-color: black;color:white;border-radius:15px @ http://localhost:5199/node_modules/.vite/deps/@strudel_web.js?v=271342c3:10
[  705541ms] [LOG] %c[getTrigger] error: sound RolandTR909_hh not found! Is it loaded? background-color: black;color:white;border-radius:15px @ http://localhost:5199/node_modules/.vite/deps/@strudel_web.js?v=271342c3:10
[  705841ms] [LOG] %c[getTrigger] error: sound RolandTR808_rim not found! Is it loaded? background-color: black;color:white;border-radius:15px @ http://localhost:5199/node_modules/.vite/deps/@strudel_web.js?v=271342c3:10
[  705841ms] [LOG] %c[getTrigger] error: sound RolandTR909_cp not found! Is it loaded? background-color: black;color:white;border-radius:15px @ http://localhost:5199/node_modules/.vite/deps/@strudel_web.js?v=271342c3:10
[  705841ms] [LOG] %c[getTrigger] error: sound RolandTR909_hh not found! Is it loaded? background-color: black;color:white;border-radius:15px @ http://localhost:5199/node_modules/.vite/deps/@strudel_web.js?v=271342c3:10
[  705941ms] [LOG] %c[getTrigger] error: sound RolandTR808_sd not found! Is it loaded? background-color: black;color:white;border-radius:15px @ http://localhost:5199/node_modules/.vite/deps/@strudel_web.js?v=271342c3:10
[  705941ms] [LOG] %c[getTrigger] error: sound RolandTR909_hh not found! Is it loaded? background-color: black;color:white;border-radius:15px @ http://localhost:5199/node_modules/.vite/deps/@strudel_web.js?v=271342c3:10
[  706240ms] [LOG] %c[getTrigger] error: sound RolandTR909_oh not found! Is it loaded? background-color: black;color:white;border-radius:15px @ http://localhost:5199/node_modules/.vite/deps/@strudel_web.js?v=271342c3:10
[  706241ms] [LOG] %c[getTrigger] error: sound RolandTR909_hh not found! Is it loaded? background-color: black;color:white;border-radius:15px @ http://localhost:5199/node_modules/.vite/deps/@strudel_web.js?v=271342c3:10
[  706540ms] [LOG] %c[getTrigger] error: sound RolandTR909_bd not found! Is it loaded? background-color: black;color:white;border-radius:15px @ http://localhost:5199/node_modules/.vite/deps/@strudel_web.js?v=271342c3:10
[  706540ms] [LOG] %c[getTrigger] error: sound RolandTR909_hh not found! Is it loaded? background-color: black;color:white;border-radius:15px @ http://localhost:5199/node_modules/.vite/deps/@strudel_web.js?v=271342c3:10
[  706540ms] [LOG] %c[getTrigger] error: sound RolandTR808_rim not found! Is it loaded? background-color: black;color:white;border-radius:15px @ http://localhost:5199/node_modules/.vite/deps/@strudel_web.js?v=271342c3:10
[  706540ms] [LOG] %c[getTrigger] error: sound RolandTR909_hh not found! Is it loaded? background-color: black;color:white;border-radius:15px @ http://localhost:5199/node_modules/.vite/deps/@strudel_web.js?v=271342c3:10
[  706779ms] [LOG] %c[eval] code updated background-color: black;color:white;border-radius:15px @ http://localhost:5199/node_modules/.vite/deps/@strudel_web.js?v=271342c3:10
[  706841ms] [LOG] %c[getTrigger] error: sound RolandTR909_oh not found! Is it loaded? background-color: black;color:white;border-radius:15px @ http://localhost:5199/node_modules/.vite/deps/@strudel_web.js?v=271342c3:10
[  706841ms] [LOG] %c[getTrigger] error: sound RolandTR909_hh not found! Is it loaded? background-color: black;color:white;border-radius:15px @ http://localhost:5199/node_modules/.vite/deps/@strudel_web.js?v=271342c3:10
[  707050ms] [LOG] %c[getTrigger] error: sound RolandTR808_rim not found! Is it loaded? background-color: black;color:white;border-radius:15px @ http://localhost:5199/node_modules/.vite/deps/@strudel_web.js?v=271342c3:10
[  707051ms] [LOG] %c[getTrigger] error: sound RolandTR909_cp not found! Is it loaded? background-color: black;color:white;border-radius:15px @ http://localhost:5199/node_modules/.vite/deps/@strudel_web.js?v=271342c3:10
[  707051ms] [LOG] %c[getTrigger] error: sound RolandTR808_sd not found! Is it loaded? background-color: black;color:white;border-radius:15px @ http://localhost:5199/node_modules/.vite/deps/@strudel_web.js?v=271342c3:10
[  707051ms] [LOG] %c[getTrigger] error: sound RolandTR909_hh not found! Is it loaded? background-color: black;color:white;border-radius:15px @ http://localhost:5199/node_modules/.vite/deps/@strudel_web.js?v=271342c3:10
[  707142ms] [LOG] %c[getTrigger] error: sound RolandTR909_oh not found! Is it loaded? background-color: black;color:white;border-radius:15px @ http://localhost:5199/node_modules/.vite/deps/@strudel_web.js?v=271342c3:10
[  707142ms] [LOG] %c[getTrigger] error: sound RolandTR909_hh not found! Is it loaded? background-color: black;color:white;border-radius:15px @ http://localhost:5199/node_modules/.vite/deps/@strudel_web.js?v=271342c3:10
[  707341ms] [LOG] %c[getTrigger] error: sound RolandTR808_rim not found! Is it loaded? background-color: black;color:white;border-radius:15px @ http://localhost:5199/node_modules/.vite/deps/@strudel_web.js?v=271342c3:10
[  707341ms] [LOG] %c[getTrigger] error: sound RolandTR909_hh not found! Is it loaded? background-color: black;color:white;border-radius:15px @ http://localhost:5199/node_modules/.vite/deps/@strudel_web.js?v=271342c3:10
[  707541ms] [LOG] %c[getTrigger] error: sound RolandTR909_oh not found! Is it loaded? background-color: black;color:white;border-radius:15px @ http://localhost:5199/node_modules/.vite/deps/@strudel_web.js?v=271342c3:10
[  707542ms] [LOG] %c[getTrigger] error: sound RolandTR909_hh not found! Is it loaded? background-color: black;color:white;border-radius:15px @ http://localhost:5199/node_modules/.vite/deps/@strudel_web.js?v=271342c3:10
[  707741ms] [LOG] %c[getTrigger] error: sound RolandTR808_rim not found! Is it loaded? background-color: black;color:white;border-radius:15px @ http://localhost:5199/node_modules/.vite/deps/@strudel_web.js?v=271342c3:10
[  707742ms] [LOG] %c[getTrigger] error: sound RolandTR909_cp not found! Is it loaded? background-color: black;color:white;border-radius:15px @ http://localhost:5199/node_modules/.vite/deps/@strudel_web.js?v=271342c3:10
[  707742ms] [LOG] %c[getTrigger] error: sound RolandTR808_sd not found! Is it loaded? background-color: black;color:white;border-radius:15px @ http://localhost:5199/node_modules/.vite/deps/@strudel_web.js?v=271342c3:10
[  707742ms] [LOG] %c[getTrigger] error: sound RolandTR909_hh not found! Is it loaded? background-color: black;color:white;border-radius:15px @ http://localhost:5199/node_modules/.vite/deps/@strudel_web.js?v=271342c3:10
[  707941ms] [LOG] %c[getTrigger] error: sound RolandTR909_oh not found! Is it loaded? background-color: black;color:white;border-radius:15px @ http://localhost:5199/node_modules/.vite/deps/@strudel_web.js?v=271342c3:10
[  707941ms] [LOG] %c[getTrigger] error: sound RolandTR909_hh not found! Is it loaded? background-color: black;color:white;border-radius:15px @ http://localhost:5199/node_modules/.vite/deps/@strudel_web.js?v=271342c3:10
[  708043ms] [LOG] %c[getTrigger] error: sound RolandTR909_bd not found! Is it loaded? background-color: black;color:white;border-radius:15px @ http://localhost:5199/node_modules/.vite/deps/@strudel_web.js?v=271342c3:10
[  708043ms] [LOG] %c[getTrigger] error: sound RolandTR909_hh not found! Is it loaded? background-color: black;color:white;border-radius:15px @ http://localhost:5199/node_modules/.vite/deps/@strudel_web.js?v=271342c3:10
[  708043ms] [LOG] %c[getTrigger] error: sound RolandTR808_rim not found! Is it loaded? background-color: black;color:white;border-radius:15px @ http://localhost:5199/node_modules/.vite/deps/@strudel_web.js?v=271342c3:10
[  708044ms] [LOG] %c[getTrigger] error: sound RolandTR909_hh not found! Is it loaded? background-color: black;color:white;border-radius:15px @ http://localhost:5199/node_modules/.vite/deps/@strudel_web.js?v=271342c3:10
[  708241ms] [LOG] %c[getTrigger] error: sound RolandTR909_oh not found! Is it loaded? background-color: black;color:white;border-radius:15px @ http://localhost:5199/node_modules/.vite/deps/@strudel_web.js?v=271342c3:10
[  708241ms] [LOG] %c[getTrigger] error: sound RolandTR909_hh not found! Is it loaded? background-color: black;color:white;border-radius:15px @ http://localhost:5199/node_modules/.vite/deps/@strudel_web.js?v=271342c3:10
[  708441ms] [LOG] %c[getTrigger] error: sound RolandTR808_rim not found! Is it loaded? background-color: black;color:white;border-radius:15px @ http://localhost:5199/node_modules/.vite/deps/@strudel_web.js?v=271342c3:10
[  708441ms] [LOG] %c[getTrigger] error: sound RolandTR909_cp not found! Is it loaded? background-color: black;color:white;border-radius:15px @ http://localhost:5199/node_modules/.vite/deps/@strudel_web.js?v=271342c3:10
[  708441ms] [LOG] %c[getTrigger] error: sound RolandTR808_sd not found! Is it loaded? background-color: black;color:white;border-radius:15px @ http://localhost:5199/node_modules/.vite/deps/@strudel_web.js?v=271342c3:10
[  708441ms] [LOG] %c[getTrigger] error: sound RolandTR909_hh not found! Is it loaded? background-color: black;color:white;border-radius:15px @ http://localhost:5199/node_modules/.vite/deps/@strudel_web.js?v=271342c3:10
[  708641ms] [LOG] %c[getTrigger] error: sound RolandTR909_oh not found! Is it loaded? background-color: black;color:white;border-radius:15px @ http://localhost:5199/node_modules/.vite/deps/@strudel_web.js?v=271342c3:10
[  708641ms] [LOG] %c[getTrigger] error: sound RolandTR909_hh not found! Is it loaded? background-color: black;color:white;border-radius:15px @ http://localhost:5199/node_modules/.vite/deps/@strudel_web.js?v=271342c3:10
[  708741ms] [LOG] %c[getTrigger] error: sound RolandTR808_rim not found! Is it loaded? background-color: black;color:white;border-radius:15px @ http://localhost:5199/node_modules/.vite/deps/@strudel_web.js?v=271342c3:10
[  708742ms] [LOG] %c[getTrigger] error: sound RolandTR909_hh not found! Is it loaded? background-color: black;color:white;border-radius:15px @ http://localhost:5199/node_modules/.vite/deps/@strudel_web.js?v=271342c3:10
[  708941ms] [LOG] %c[getTrigger] error: sound RolandTR909_oh not found! Is it loaded? background-color: black;color:white;border-radius:15px @ http://localhost:5199/node_modules/.vite/deps/@strudel_web.js?v=271342c3:10
[  708941ms] [LOG] %c[getTrigger] error: sound RolandTR909_hh not found! Is it loaded? background-color: black;color:white;border-radius:15px @ http://localhost:5199/node_modules/.vite/deps/@strudel_web.js?v=271342c3:10
[  709141ms] [LOG] %c[getTrigger] error: sound RolandTR808_rim not found! Is it loaded? background-color: black;color:white;border-radius:15px @ http://localhost:5199/node_modules/.vite/deps/@strudel_web.js?v=271342c3:10
[  709141ms] [LOG] %c[getTrigger] error: sound RolandTR909_cp not found! Is it loaded? background-color: black;color:white;border-radius:15px @ http://localhost:5199/node_modules/.vite/deps/@strudel_web.js?v=271342c3:10
[  709141ms] [LOG] %c[getTrigger] error: sound RolandTR808_sd not found! Is it loaded? background-color: black;color:white;border-radius:15px @ http://localhost:5199/node_modules/.vite/deps/@strudel_web.js?v=271342c3:10
[  709141ms] [LOG] %c[getTrigger] error: sound RolandTR909_hh not found! Is it loaded? background-color: black;color:white;border-radius:15px @ http://localhost:5199/node_modules/.vite/deps/@strudel_web.js?v=271342c3:10
[  709341ms] [LOG] %c[getTrigger] error: sound RolandTR909_oh not found! Is it loaded? background-color: black;color:white;border-radius:15px @ http://localhost:5199/node_modules/.vite/deps/@strudel_web.js?v=271342c3:10
[  709341ms] [LOG] %c[getTrigger] error: sound RolandTR909_hh not found! Is it loaded? background-color: black;color:white;border-radius:15px @ http://localhost:5199/node_modules/.vite/deps/@strudel_web.js?v=271342c3:10
[  709441ms] [LOG] %c[getTrigger] error: sound RolandTR909_bd not found! Is it loaded? background-color: black;color:white;border-radius:15px @ http://localhost:5199/node_modules/.vite/deps/@strudel_web.js?v=271342c3:10
[  709441ms] [LOG] %c[getTrigger] error: sound RolandTR909_hh not found! Is it loaded? background-color: black;color:white;border-radius:15px @ http://localhost:5199/node_modules/.vite/deps/@strudel_web.js?v=271342c3:10
[  709441ms] [LOG] %c[getTrigger] error: sound RolandTR808_rim not found! Is it loaded? background-color: black;color:white;border-radius:15px @ http://localhost:5199/node_modules/.vite/deps/@strudel_web.js?v=271342c3:10
[  709442ms] [LOG] %c[getTrigger] error: sound RolandTR909_hh not found! Is it loaded? background-color: black;color:white;border-radius:15px @ http://localhost:5199/node_modules/.vite/deps/@strudel_web.js?v=271342c3:10
[  709640ms] [LOG] %c[getTrigger] error: sound RolandTR909_oh not found! Is it loaded? background-color: black;color:white;border-radius:15px @ http://localhost:5199/node_modules/.vite/deps/@strudel_web.js?v=271342c3:10
[  709641ms] [LOG] %c[getTrigger] error: sound RolandTR909_hh not found! Is it loaded? background-color: black;color:white;border-radius:15px @ http://localhost:5199/node_modules/.vite/deps/@strudel_web.js?v=271342c3:10
[  709841ms] [LOG] %c[getTrigger] error: sound RolandTR808_rim not found! Is it loaded? background-color: black;color:white;border-radius:15px @ http://localhost:5199/node_modules/.vite/deps/@strudel_web.js?v=271342c3:10
[  709841ms] [LOG] %c[getTrigger] error: sound RolandTR909_cp not found! Is it loaded? background-color: black;color:white;border-radius:15px @ http://localhost:5199/node_modules/.vite/deps/@strudel_web.js?v=271342c3:10
[  709841ms] [LOG] %c[getTrigger] error: sound RolandTR909_hh not found! Is it loaded? background-color: black;color:white;border-radius:15px @ http://localhost:5199/node_modules/.vite/deps/@strudel_web.js?v=271342c3:10
[  709841ms] [LOG] %c[getTrigger] error: sound RolandTR808_sd not found! Is it loaded? background-color: black;color:white;border-radius:15px @ http://localhost:5199/node_modules/.vite/deps/@strudel_web.js?v=271342c3:10
[  709941ms] [LOG] %c[getTrigger] error: sound RolandTR909_hh not found! Is it loaded? background-color: black;color:white;border-radius:15px @ http://localhost:5199/node_modules/.vite/deps/@strudel_web.js?v=271342c3:10
[  710040ms] [LOG] %c[getTrigger] error: sound RolandTR909_oh not found! Is it loaded? background-color: black;color:white;border-radius:15px @ http://localhost:5199/node_modules/.vite/deps/@strudel_web.js?v=271342c3:10
[  710040ms] [LOG] %c[getTrigger] error: sound RolandTR909_hh not found! Is it loaded? background-color: black;color:white;border-radius:15px @ http://localhost:5199/node_modules/.vite/deps/@strudel_web.js?v=271342c3:10
[  710141ms] [LOG] %c[getTrigger] error: sound RolandTR808_rim not found! Is it loaded? background-color: black;color:white;border-radius:15px @ http://localhost:5199/node_modules/.vite/deps/@strudel_web.js?v=271342c3:10
[  710142ms] [LOG] %c[getTrigger] error: sound RolandTR909_hh not found! Is it loaded? background-color: black;color:white;border-radius:15px @ http://localhost:5199/node_modules/.vite/deps/@strudel_web.js?v=271342c3:10
[  710341ms] [LOG] %c[getTrigger] error: sound RolandTR909_oh not found! Is it loaded? background-color: black;color:white;border-radius:15px @ http://localhost:5199/node_modules/.vite/deps/@strudel_web.js?v=271342c3:10
[  710341ms] [LOG] %c[getTrigger] error: sound RolandTR909_hh not found! Is it loaded? background-color: black;color:white;border-radius:15px @ http://localhost:5199/node_modules/.vite/deps/@strudel_web.js?v=271342c3:10
[  710540ms] [LOG] %c[getTrigger] error: sound RolandTR808_rim not found! Is it loaded? background-color: black;color:white;border-radius:15px @ http://localhost:5199/node_modules/.vite/deps/@strudel_web.js?v=271342c3:10
[  710541ms] [LOG] %c[getTrigger] error: sound RolandTR909_cp not found! Is it loaded? background-color: black;color:white;border-radius:15px @ http://localhost:5199/node_modules/.vite/deps/@strudel_web.js?v=271342c3:10
[  710541ms] [LOG] %c[getTrigger] error: sound RolandTR909_hh not found! Is it loaded? background-color: black;color:white;border-radius:15px @ http://localhost:5199/node_modules/.vite/deps/@strudel_web.js?v=271342c3:10
[  710541ms] [LOG] %c[getTrigger] error: sound RolandTR808_sd not found! Is it loaded? background-color: black;color:white;border-radius:15px @ http://localhost:5199/node_modules/.vite/deps/@strudel_web.js?v=271342c3:10
[  710649ms] [LOG] %c[getTrigger] error: sound RolandTR909_hh not found! Is it loaded? background-color: black;color:white;border-radius:15px @ http://localhost:5199/node_modules/.vite/deps/@strudel_web.js?v=271342c3:10
[  710741ms] [LOG] %c[getTrigger] error: sound RolandTR909_oh not found! Is it loaded? background-color: black;color:white;border-radius:15px @ http://localhost:5199/node_modules/.vite/deps/@strudel_web.js?v=271342c3:10
[  710741ms] [LOG] %c[getTrigger] error: sound RolandTR909_hh not found! Is it loaded? background-color: black;color:white;border-radius:15px @ http://localhost:5199/node_modules/.vite/deps/@strudel_web.js?v=271342c3:10
[  710941ms] [LOG] %c[getTrigger] error: sound RolandTR909_bd not found! Is it loaded? background-color: black;color:white;border-radius:15px @ http://localhost:5199/node_modules/.vite/deps/@strudel_web.js?v=271342c3:10
[  710941ms] [LOG] %c[getTrigger] error: sound RolandTR909_hh not found! Is it loaded? background-color: black;color:white;border-radius:15px @ http://localhost:5199/node_modules/.vite/deps/@strudel_web.js?v=271342c3:10
[  710941ms] [LOG] %c[getTrigger] error: sound RolandTR808_rim not found! Is it loaded? background-color: black;color:white;border-radius:15px @ http://localhost:5199/node_modules/.vite/deps/@strudel_web.js?v=271342c3:10
[  710942ms] [LOG] %c[getTrigger] error: sound RolandTR909_hh not found! Is it loaded? background-color: black;color:white;border-radius:15px @ http://localhost:5199/node_modules/.vite/deps/@strudel_web.js?v=271342c3:10
[  711050ms] [LOG] %c[getTrigger] error: sound RolandTR909_oh not found! Is it loaded? background-color: black;color:white;border-radius:15px @ http://localhost:5199/node_modules/.vite/deps/@strudel_web.js?v=271342c3:10
[  711050ms] [LOG] %c[getTrigger] error: sound RolandTR909_hh not found! Is it loaded? background-color: black;color:white;border-radius:15px @ http://localhost:5199/node_modules/.vite/deps/@strudel_web.js?v=271342c3:10
[  711137ms] [LOG] %c[eval] code updated background-color: black;color:white;border-radius:15px @ http://localhost:5199/node_modules/.vite/deps/@strudel_web.js?v=271342c3:10
[  711139ms] [LOG] %c[getTrigger] error: sound RolandTR909_hh not found! Is it loaded? background-color: black;color:white;border-radius:15px @ http://localhost:5199/node_modules/.vite/deps/@strudel_web.js?v=271342c3:10
[  711240ms] [LOG] %c[getTrigger] error: sound RolandTR808_rim not found! Is it loaded? background-color: black;color:white;border-radius:15px @ http://localhost:5199/node_modules/.vite/deps/@strudel_web.js?v=271342c3:10
[  711241ms] [LOG] %c[getTrigger] error: sound RolandTR909_cp not found! Is it loaded? background-color: black;color:white;border-radius:15px @ http://localhost:5199/node_modules/.vite/deps/@strudel_web.js?v=271342c3:10
[  711241ms] [LOG] %c[getTrigger] error: sound RolandTR808_sd not found! Is it loaded? background-color: black;color:white;border-radius:15px @ http://localhost:5199/node_modules/.vite/deps/@strudel_web.js?v=271342c3:10
[  711241ms] [LOG] %c[getTrigger] error: sound RolandTR909_hh not found! Is it loaded? background-color: black;color:white;border-radius:15px @ http://localhost:5199/node_modules/.vite/deps/@strudel_web.js?v=271342c3:10
[  711440ms] [LOG] %c[getTrigger] error: sound RolandTR909_oh not found! Is it loaded? background-color: black;color:white;border-radius:15px @ http://localhost:5199/node_modules/.vite/deps/@strudel_web.js?v=271342c3:10
[  711440ms] [LOG] %c[getTrigger] error: sound RolandTR909_hh not found! Is it loaded? background-color: black;color:white;border-radius:15px @ http://localhost:5199/node_modules/.vite/deps/@strudel_web.js?v=271342c3:10
[  711641ms] [LOG] %c[getTrigger] error: sound RolandTR808_rim not found! Is it loaded? background-color: black;color:white;border-radius:15px @ http://localhost:5199/node_modules/.vite/deps/@strudel_web.js?v=271342c3:10
[  711641ms] [LOG] %c[getTrigger] error: sound RolandTR909_hh not found! Is it loaded? background-color: black;color:white;border-radius:15px @ http://localhost:5199/node_modules/.vite/deps/@strudel_web.js?v=271342c3:10
[  711940ms] [LOG] %c[getTrigger] error: sound RolandTR909_oh not found! Is it loaded? background-color: black;color:white;border-radius:15px @ http://localhost:5199/node_modules/.vite/deps/@strudel_web.js?v=271342c3:10
[  711941ms] [LOG] %c[getTrigger] error: sound RolandTR909_hh not found! Is it loaded? background-color: black;color:white;border-radius:15px @ http://localhost:5199/node_modules/.vite/deps/@strudel_web.js?v=271342c3:10
[  712142ms] [LOG] %c[getTrigger] error: sound RolandTR808_rim not found! Is it loaded? background-color: black;color:white;border-radius:15px @ http://localhost:5199/node_modules/.vite/deps/@strudel_web.js?v=271342c3:10
[  712142ms] [LOG] %c[getTrigger] error: sound RolandTR909_cp not found! Is it loaded? background-color: black;color:white;border-radius:15px @ http://localhost:5199/node_modules/.vite/deps/@strudel_web.js?v=271342c3:10
[  712142ms] [LOG] %c[getTrigger] error: sound RolandTR808_sd not found! Is it loaded? background-color: black;color:white;border-radius:15px @ http://localhost:5199/node_modules/.vite/deps/@strudel_web.js?v=271342c3:10
[  712142ms] [LOG] %c[getTrigger] error: sound RolandTR909_hh not found! Is it loaded? background-color: black;color:white;border-radius:15px @ http://localhost:5199/node_modules/.vite/deps/@strudel_web.js?v=271342c3:10
[  712343ms] [LOG] %c[getTrigger] error: sound RolandTR909_oh not found! Is it loaded? background-color: black;color:white;border-radius:15px @ http://localhost:5199/node_modules/.vite/deps/@strudel_web.js?v=271342c3:10
[  712343ms] [LOG] %c[getTrigger] error: sound RolandTR909_hh not found! Is it loaded? background-color: black;color:white;border-radius:15px @ http://localhost:5199/node_modules/.vite/deps/@strudel_web.js?v=271342c3:10
[  712551ms] [LOG] %c[getTrigger] error: sound RolandTR909_bd not found! Is it loaded? background-color: black;color:white;border-radius:15px @ http://localhost:5199/node_modules/.vite/deps/@strudel_web.js?v=271342c3:10
[  712552ms] [LOG] %c[getTrigger] error: sound RolandTR909_hh not found! Is it loaded? background-color: black;color:white;border-radius:15px @ http://localhost:5199/node_modules/.vite/deps/@strudel_web.js?v=271342c3:10
[  712552ms] [LOG] %c[getTrigger] error: sound RolandTR808_rim not found! Is it loaded? background-color: black;color:white;border-radius:15px @ http://localhost:5199/node_modules/.vite/deps/@strudel_web.js?v=271342c3:10
[  712552ms] [LOG] %c[getTrigger] error: sound RolandTR909_hh not found! Is it loaded? background-color: black;color:white;border-radius:15px @ http://localhost:5199/node_modules/.vite/deps/@strudel_web.js?v=271342c3:10
[  712741ms] [LOG] %c[getTrigger] error: sound RolandTR909_oh not found! Is it loaded? background-color: black;color:white;border-radius:15px @ http://localhost:5199/node_modules/.vite/deps/@strudel_web.js?v=271342c3:10
[  712741ms] [LOG] %c[getTrigger] error: sound RolandTR909_hh not found! Is it loaded? background-color: black;color:white;border-radius:15px @ http://localhost:5199/node_modules/.vite/deps/@strudel_web.js?v=271342c3:10
[  712752ms] [LOG] %c[eval] code updated background-color: black;color:white;border-radius:15px @ http://localhost:5199/node_modules/.vite/deps/@strudel_web.js?v=271342c3:10
[  712841ms] [LOG] %c[getTrigger] error: sound RolandTR909_hh not found! Is it loaded? background-color: black;color:white;border-radius:15px @ http://localhost:5199/node_modules/.vite/deps/@strudel_web.js?v=271342c3:10
[  712942ms] [LOG] %c[getTrigger] error: sound RolandTR808_rim not found! Is it loaded? background-color: black;color:white;border-radius:15px @ http://localhost:5199/node_modules/.vite/deps/@strudel_web.js?v=271342c3:10
[  712942ms] [LOG] %c[getTrigger] error: sound RolandTR909_cp not found! Is it loaded? background-color: black;color:white;border-radius:15px @ http://localhost:5199/node_modules/.vite/deps/@strudel_web.js?v=271342c3:10
[  712942ms] [LOG] %c[getTrigger] error: sound RolandTR808_sd not found! Is it loaded? background-color: black;color:white;border-radius:15px @ http://localhost:5199/node_modules/.vite/deps/@strudel_web.js?v=271342c3:10
[  712942ms] [LOG] %c[getTrigger] error: sound RolandTR909_hh not found! Is it loaded? background-color: black;color:white;border-radius:15px @ http://localhost:5199/node_modules/.vite/deps/@strudel_web.js?v=271342c3:10
[  713041ms] [LOG] %c[getTrigger] error: sound RolandTR909_oh not found! Is it loaded? background-color: black;color:white;border-radius:15px @ http://localhost:5199/node_modules/.vite/deps/@strudel_web.js?v=271342c3:10
[  713042ms] [LOG] %c[getTrigger] error: sound RolandTR909_hh not found! Is it loaded? background-color: black;color:white;border-radius:15px @ http://localhost:5199/node_modules/.vite/deps/@strudel_web.js?v=271342c3:10
[  713241ms] [LOG] %c[getTrigger] error: sound RolandTR808_rim not found! Is it loaded? background-color: black;color:white;border-radius:15px @ http://localhost:5199/node_modules/.vite/deps/@strudel_web.js?v=271342c3:10
[  713241ms] [LOG] %c[getTrigger] error: sound RolandTR909_hh not found! Is it loaded? background-color: black;color:white;border-radius:15px @ http://localhost:5199/node_modules/.vite/deps/@strudel_web.js?v=271342c3:10
[  713441ms] [LOG] %c[getTrigger] error: sound RolandTR909_oh not found! Is it loaded? background-color: black;color:white;border-radius:15px @ http://localhost:5199/node_modules/.vite/deps/@strudel_web.js?v=271342c3:10
[  713441ms] [LOG] %c[getTrigger] error: sound RolandTR909_hh not found! Is it loaded? background-color: black;color:white;border-radius:15px @ http://localhost:5199/node_modules/.vite/deps/@strudel_web.js?v=271342c3:10
[  713641ms] [LOG] %c[getTrigger] error: sound RolandTR808_rim not found! Is it loaded? background-color: black;color:white;border-radius:15px @ http://localhost:5199/node_modules/.vite/deps/@strudel_web.js?v=271342c3:10
[  713641ms] [LOG] %c[getTrigger] error: sound RolandTR909_cp not found! Is it loaded? background-color: black;color:white;border-radius:15px @ http://localhost:5199/node_modules/.vite/deps/@strudel_web.js?v=271342c3:10
[  713641ms] [LOG] %c[getTrigger] error: sound RolandTR808_sd not found! Is it loaded? background-color: black;color:white;border-radius:15px @ http://localhost:5199/node_modules/.vite/deps/@strudel_web.js?v=271342c3:10
[  713641ms] [LOG] %c[getTrigger] error: sound RolandTR909_hh not found! Is it loaded? background-color: black;color:white;border-radius:15px @ http://localhost:5199/node_modules/.vite/deps/@strudel_web.js?v=271342c3:10
[  713742ms] [LOG] %c[getTrigger] error: sound RolandTR909_oh not found! Is it loaded? background-color: black;color:white;border-radius:15px @ http://localhost:5199/node_modules/.vite/deps/@strudel_web.js?v=271342c3:10
[  713742ms] [LOG] %c[getTrigger] error: sound RolandTR909_hh not found! Is it loaded? background-color: black;color:white;border-radius:15px @ http://localhost:5199/node_modules/.vite/deps/@strudel_web.js?v=271342c3:10
[  713941ms] [LOG] %c[getTrigger] error: sound RolandTR909_bd not found! Is it loaded? background-color: black;color:white;border-radius:15px @ http://localhost:5199/node_modules/.vite/deps/@strudel_web.js?v=271342c3:10
[  713942ms] [LOG] %c[getTrigger] error: sound RolandTR909_hh not found! Is it loaded? background-color: black;color:white;border-radius:15px @ http://localhost:5199/node_modules/.vite/deps/@strudel_web.js?v=271342c3:10
[  713942ms] [LOG] %c[getTrigger] error: sound RolandTR808_rim not found! Is it loaded? background-color: black;color:white;border-radius:15px @ http://localhost:5199/node_modules/.vite/deps/@strudel_web.js?v=271342c3:10
[  713942ms] [LOG] %c[getTrigger] error: sound RolandTR909_hh not found! Is it loaded? background-color: black;color:white;border-radius:15px @ http://localhost:5199/node_modules/.vite/deps/@strudel_web.js?v=271342c3:10
[  714151ms] [LOG] %c[getTrigger] error: sound RolandTR909_oh not found! Is it loaded? background-color: black;color:white;border-radius:15px @ http://localhost:5199/node_modules/.vite/deps/@strudel_web.js?v=271342c3:10
[  714151ms] [LOG] %c[getTrigger] error: sound RolandTR909_hh not found! Is it loaded? background-color: black;color:white;border-radius:15px @ http://localhost:5199/node_modules/.vite/deps/@strudel_web.js?v=271342c3:10
[  714340ms] [LOG] %c[getTrigger] error: sound RolandTR808_rim not found! Is it loaded? background-color: black;color:white;border-radius:15px @ http://localhost:5199/node_modules/.vite/deps/@strudel_web.js?v=271342c3:10
[  714340ms] [LOG] %c[getTrigger] error: sound RolandTR909_cp not found! Is it loaded? background-color: black;color:white;border-radius:15px @ http://localhost:5199/node_modules/.vite/deps/@strudel_web.js?v=271342c3:10
[  714340ms] [LOG] %c[getTrigger] error: sound RolandTR808_sd not found! Is it loaded? background-color: black;color:white;border-radius:15px @ http://localhost:5199/node_modules/.vite/deps/@strudel_web.js?v=271342c3:10
[  714340ms] [LOG] %c[getTrigger] error: sound RolandTR909_hh not found! Is it loaded? background-color: black;color:white;border-radius:15px @ http://localhost:5199/node_modules/.vite/deps/@strudel_web.js?v=271342c3:10
[  714540ms] [LOG] %c[getTrigger] error: sound RolandTR909_oh not found! Is it loaded? background-color: black;color:white;border-radius:15px @ http://localhost:5199/node_modules/.vite/deps/@strudel_web.js?v=271342c3:10
[  714540ms] [LOG] %c[getTrigger] error: sound RolandTR909_hh not found! Is it loaded? background-color: black;color:white;border-radius:15px @ http://localhost:5199/node_modules/.vite/deps/@strudel_web.js?v=271342c3:10
[  714650ms] [LOG] %c[getTrigger] error: sound RolandTR808_rim not found! Is it loaded? background-color: black;color:white;border-radius:15px @ http://localhost:5199/node_modules/.vite/deps/@strudel_web.js?v=271342c3:10
[  714650ms] [LOG] %c[getTrigger] error: sound RolandTR909_hh not found! Is it loaded? background-color: black;color:white;border-radius:15px @ http://localhost:5199/node_modules/.vite/deps/@strudel_web.js?v=271342c3:10
[  714840ms] [LOG] %c[getTrigger] error: sound RolandTR909_oh not found! Is it loaded? background-color: black;color:white;border-radius:15px @ http://localhost:5199/node_modules/.vite/deps/@strudel_web.js?v=271342c3:10
[  714840ms] [LOG] %c[getTrigger] error: sound RolandTR909_hh not found! Is it loaded? background-color: black;color:white;border-radius:15px @ http://localhost:5199/node_modules/.vite/deps/@strudel_web.js?v=271342c3:10
[  715040ms] [LOG] %c[getTrigger] error: sound RolandTR808_rim not found! Is it loaded? background-color: black;color:white;border-radius:15px @ http://localhost:5199/node_modules/.vite/deps/@strudel_web.js?v=271342c3:10
[  715040ms] [LOG] %c[getTrigger] error: sound RolandTR909_cp not found! Is it loaded? background-color: black;color:white;border-radius:15px @ http://localhost:5199/node_modules/.vite/deps/@strudel_web.js?v=271342c3:10
[  715040ms] [LOG] %c[getTrigger] error: sound RolandTR808_sd not found! Is it loaded? background-color: black;color:white;border-radius:15px @ http://localhost:5199/node_modules/.vite/deps/@strudel_web.js?v=271342c3:10
[  715040ms] [LOG] %c[getTrigger] error: sound RolandTR909_hh not found! Is it loaded? background-color: black;color:white;border-radius:15px @ http://localhost:5199/node_modules/.vite/deps/@strudel_web.js?v=271342c3:10
[  715240ms] [LOG] %c[getTrigger] error: sound RolandTR909_oh not found! Is it loaded? background-color: black;color:white;border-radius:15px @ http://localhost:5199/node_modules/.vite/deps/@strudel_web.js?v=271342c3:10
[  715241ms] [LOG] %c[getTrigger] error: sound RolandTR909_hh not found! Is it loaded? background-color: black;color:white;border-radius:15px @ http://localhost:5199/node_modules/.vite/deps/@strudel_web.js?v=271342c3:10
[  715342ms] [LOG] %c[getTrigger] error: sound RolandTR909_bd not found! Is it loaded? background-color: black;color:white;border-radius:15px @ http://localhost:5199/node_modules/.vite/deps/@strudel_web.js?v=271342c3:10
[  715342ms] [LOG] %c[getTrigger] error: sound RolandTR909_hh not found! Is it loaded? background-color: black;color:white;border-radius:15px @ http://localhost:5199/node_modules/.vite/deps/@strudel_web.js?v=271342c3:10
[  715342ms] [LOG] %c[getTrigger] error: sound RolandTR808_rim not found! Is it loaded? background-color: black;color:white;border-radius:15px @ http://localhost:5199/node_modules/.vite/deps/@strudel_web.js?v=271342c3:10
[  715342ms] [LOG] %c[getTrigger] error: sound RolandTR909_hh not found! Is it loaded? background-color: black;color:white;border-radius:15px @ http://localhost:5199/node_modules/.vite/deps/@strudel_web.js?v=271342c3:10
[  715541ms] [LOG] %c[getTrigger] error: sound RolandTR909_oh not found! Is it loaded? background-color: black;color:white;border-radius:15px @ http://localhost:5199/node_modules/.vite/deps/@strudel_web.js?v=271342c3:10
[  715541ms] [LOG] %c[getTrigger] error: sound RolandTR909_hh not found! Is it loaded? background-color: black;color:white;border-radius:15px @ http://localhost:5199/node_modules/.vite/deps/@strudel_web.js?v=271342c3:10
[  715741ms] [LOG] %c[getTrigger] error: sound RolandTR808_rim not found! Is it loaded? background-color: black;color:white;border-radius:15px @ http://localhost:5199/node_modules/.vite/deps/@strudel_web.js?v=271342c3:10
[  715741ms] [LOG] %c[getTrigger] error: sound RolandTR909_cp not found! Is it loaded? background-color: black;color:white;border-radius:15px @ http://localhost:5199/node_modules/.vite/deps/@strudel_web.js?v=271342c3:10
[  715741ms] [LOG] %c[getTrigger] error: sound RolandTR909_hh not found! Is it loaded? background-color: black;color:white;border-radius:15px @ http://localhost:5199/node_modules/.vite/deps/@strudel_web.js?v=271342c3:10
[  715741ms] [LOG] %c[getTrigger] error: sound RolandTR808_sd not found! Is it loaded? background-color: black;color:white;border-radius:15px @ http://localhost:5199/node_modules/.vite/deps/@strudel_web.js?v=271342c3:10
[  715840ms] [LOG] %c[getTrigger] error: sound RolandTR909_hh not found! Is it loaded? background-color: black;color:white;border-radius:15px @ http://localhost:5199/node_modules/.vite/deps/@strudel_web.js?v=271342c3:10
[  715941ms] [LOG] %c[getTrigger] error: sound RolandTR909_oh not found! Is it loaded? background-color: black;color:white;border-radius:15px @ http://localhost:5199/node_modules/.vite/deps/@strudel_web.js?v=271342c3:10
[  715941ms] [LOG] %c[getTrigger] error: sound RolandTR909_hh not found! Is it loaded? background-color: black;color:white;border-radius:15px @ http://localhost:5199/node_modules/.vite/deps/@strudel_web.js?v=271342c3:10
[  716040ms] [LOG] %c[getTrigger] error: sound RolandTR808_rim not found! Is it loaded? background-color: black;color:white;border-radius:15px @ http://localhost:5199/node_modules/.vite/deps/@strudel_web.js?v=271342c3:10
[  716041ms] [LOG] %c[getTrigger] error: sound RolandTR909_hh not found! Is it loaded? background-color: black;color:white;border-radius:15px @ http://localhost:5199/node_modules/.vite/deps/@strudel_web.js?v=271342c3:10
[  716240ms] [LOG] %c[getTrigger] error: sound RolandTR909_oh not found! Is it loaded? background-color: black;color:white;border-radius:15px @ http://localhost:5199/node_modules/.vite/deps/@strudel_web.js?v=271342c3:10
[  716240ms] [LOG] %c[getTrigger] error: sound RolandTR909_hh not found! Is it loaded? background-color: black;color:white;border-radius:15px @ http://localhost:5199/node_modules/.vite/deps/@strudel_web.js?v=271342c3:10
[  716440ms] [LOG] %c[getTrigger] error: sound RolandTR808_rim not found! Is it loaded? background-color: black;color:white;border-radius:15px @ http://localhost:5199/node_modules/.vite/deps/@strudel_web.js?v=271342c3:10
[  716441ms] [LOG] %c[getTrigger] error: sound RolandTR909_cp not found! Is it loaded? background-color: black;color:white;border-radius:15px @ http://localhost:5199/node_modules/.vite/deps/@strudel_web.js?v=271342c3:10
[  716441ms] [LOG] %c[getTrigger] error: sound RolandTR909_hh not found! Is it loaded? background-color: black;color:white;border-radius:15px @ http://localhost:5199/node_modules/.vite/deps/@strudel_web.js?v=271342c3:10
[  716441ms] [LOG] %c[getTrigger] error: sound RolandTR808_sd not found! Is it loaded? background-color: black;color:white;border-radius:15px @ http://localhost:5199/node_modules/.vite/deps/@strudel_web.js?v=271342c3:10
[  716541ms] [LOG] %c[getTrigger] error: sound RolandTR909_hh not found! Is it loaded? background-color: black;color:white;border-radius:15px @ http://localhost:5199/node_modules/.vite/deps/@strudel_web.js?v=271342c3:10
[  716640ms] [LOG] %c[getTrigger] error: sound RolandTR909_oh not found! Is it loaded? background-color: black;color:white;border-radius:15px @ http://localhost:5199/node_modules/.vite/deps/@strudel_web.js?v=271342c3:10
[  716640ms] [LOG] %c[getTrigger] error: sound RolandTR909_hh not found! Is it loaded? background-color: black;color:white;border-radius:15px @ http://localhost:5199/node_modules/.vite/deps/@strudel_web.js?v=271342c3:10
[  716740ms] [LOG] %c[getTrigger] error: sound RolandTR909_bd not found! Is it loaded? background-color: black;color:white;border-radius:15px @ http://localhost:5199/node_modules/.vite/deps/@strudel_web.js?v=271342c3:10
[  716740ms] [LOG] %c[getTrigger] error: sound RolandTR909_hh not found! Is it loaded? background-color: black;color:white;border-radius:15px @ http://localhost:5199/node_modules/.vite/deps/@strudel_web.js?v=271342c3:10
[  716740ms] [LOG] %c[getTrigger] error: sound RolandTR808_rim not found! Is it loaded? background-color: black;color:white;border-radius:15px @ http://localhost:5199/node_modules/.vite/deps/@strudel_web.js?v=271342c3:10
[  716740ms] [LOG] %c[getTrigger] error: sound RolandTR909_hh not found! Is it loaded? background-color: black;color:white;border-radius:15px @ http://localhost:5199/node_modules/.vite/deps/@strudel_web.js?v=271342c3:10
[  716939ms] [LOG] %c[getTrigger] error: sound RolandTR909_oh not found! Is it loaded? background-color: black;color:white;border-radius:15px @ http://localhost:5199/node_modules/.vite/deps/@strudel_web.js?v=271342c3:10
[  716939ms] [LOG] %c[getTrigger] error: sound RolandTR909_hh not found! Is it loaded? background-color: black;color:white;border-radius:15px @ http://localhost:5199/node_modules/.vite/deps/@strudel_web.js?v=271342c3:10
[  717140ms] [LOG] %c[getTrigger] error: sound RolandTR808_rim not found! Is it loaded? background-color: black;color:white;border-radius:15px @ http://localhost:5199/node_modules/.vite/deps/@strudel_web.js?v=271342c3:10
[  717141ms] [LOG] %c[getTrigger] error: sound RolandTR909_cp not found! Is it loaded? background-color: black;color:white;border-radius:15px @ http://localhost:5199/node_modules/.vite/deps/@strudel_web.js?v=271342c3:10
[  717141ms] [LOG] %c[getTrigger] error: sound RolandTR808_sd not found! Is it loaded? background-color: black;color:white;border-radius:15px @ http://localhost:5199/node_modules/.vite/deps/@strudel_web.js?v=271342c3:10
[  717141ms] [LOG] %c[getTrigger] error: sound RolandTR909_hh not found! Is it loaded? background-color: black;color:white;border-radius:15px @ http://localhost:5199/node_modules/.vite/deps/@strudel_web.js?v=271342c3:10
[  717341ms] [LOG] %c[getTrigger] error: sound RolandTR909_oh not found! Is it loaded? background-color: black;color:white;border-radius:15px @ http://localhost:5199/node_modules/.vite/deps/@strudel_web.js?v=271342c3:10
[  717341ms] [LOG] %c[getTrigger] error: sound RolandTR909_hh not found! Is it loaded? background-color: black;color:white;border-radius:15px @ http://localhost:5199/node_modules/.vite/deps/@strudel_web.js?v=271342c3:10
[  717540ms] [LOG] %c[getTrigger] error: sound RolandTR808_rim not found! Is it loaded? background-color: black;color:white;border-radius:15px @ http://localhost:5199/node_modules/.vite/deps/@strudel_web.js?v=271342c3:10
[  717541ms] [LOG] %c[getTrigger] error: sound RolandTR909_hh not found! Is it loaded? background-color: black;color:white;border-radius:15px @ http://localhost:5199/node_modules/.vite/deps/@strudel_web.js?v=271342c3:10
[  717640ms] [LOG] %c[getTrigger] error: sound RolandTR909_oh not found! Is it loaded? background-color: black;color:white;border-radius:15px @ http://localhost:5199/node_modules/.vite/deps/@strudel_web.js?v=271342c3:10
[  717640ms] [LOG] %c[getTrigger] error: sound RolandTR909_hh not found! Is it loaded? background-color: black;color:white;border-radius:15px @ http://localhost:5199/node_modules/.vite/deps/@strudel_web.js?v=271342c3:10
[  717841ms] [LOG] %c[getTrigger] error: sound RolandTR808_rim not found! Is it loaded? background-color: black;color:white;border-radius:15px @ http://localhost:5199/node_modules/.vite/deps/@strudel_web.js?v=271342c3:10
[  717841ms] [LOG] %c[getTrigger] error: sound RolandTR909_cp not found! Is it loaded? background-color: black;color:white;border-radius:15px @ http://localhost:5199/node_modules/.vite/deps/@strudel_web.js?v=271342c3:10
[  717841ms] [LOG] %c[getTrigger] error: sound RolandTR808_sd not found! Is it loaded? background-color: black;color:white;border-radius:15px @ http://localhost:5199/node_modules/.vite/deps/@strudel_web.js?v=271342c3:10
[  717842ms] [LOG] %c[getTrigger] error: sound RolandTR909_hh not found! Is it loaded? background-color: black;color:white;border-radius:15px @ http://localhost:5199/node_modules/.vite/deps/@strudel_web.js?v=271342c3:10
[  718040ms] [LOG] %c[getTrigger] error: sound RolandTR909_oh not found! Is it loaded? background-color: black;color:white;border-radius:15px @ http://localhost:5199/node_modules/.vite/deps/@strudel_web.js?v=271342c3:10
[  718041ms] [LOG] %c[getTrigger] error: sound RolandTR909_hh not found! Is it loaded? background-color: black;color:white;border-radius:15px @ http://localhost:5199/node_modules/.vite/deps/@strudel_web.js?v=271342c3:10
[  718252ms] [LOG] %c[getTrigger] error: sound RolandTR909_bd not found! Is it loaded? background-color: black;color:white;border-radius:15px @ http://localhost:5199/node_modules/.vite/deps/@strudel_web.js?v=271342c3:10
[  718253ms] [LOG] %c[getTrigger] error: sound RolandTR909_hh not found! Is it loaded? background-color: black;color:white;border-radius:15px @ http://localhost:5199/node_modules/.vite/deps/@strudel_web.js?v=271342c3:10
[  718253ms] [LOG] %c[getTrigger] error: sound RolandTR808_rim not found! Is it loaded? background-color: black;color:white;border-radius:15px @ http://localhost:5199/node_modules/.vite/deps/@strudel_web.js?v=271342c3:10
[  718253ms] [LOG] %c[getTrigger] error: sound RolandTR909_hh not found! Is it loaded? background-color: black;color:white;border-radius:15px @ http://localhost:5199/node_modules/.vite/deps/@strudel_web.js?v=271342c3:10
[  718339ms] [LOG] %c[getTrigger] error: sound RolandTR909_oh not found! Is it loaded? background-color: black;color:white;border-radius:15px @ http://localhost:5199/node_modules/.vite/deps/@strudel_web.js?v=271342c3:10
[  718339ms] [LOG] %c[getTrigger] error: sound RolandTR909_hh not found! Is it loaded? background-color: black;color:white;border-radius:15px @ http://localhost:5199/node_modules/.vite/deps/@strudel_web.js?v=271342c3:10
[  718541ms] [LOG] %c[getTrigger] error: sound RolandTR808_rim not found! Is it loaded? background-color: black;color:white;border-radius:15px @ http://localhost:5199/node_modules/.vite/deps/@strudel_web.js?v=271342c3:10
[  718542ms] [LOG] %c[getTrigger] error: sound RolandTR909_cp not found! Is it loaded? background-color: black;color:white;border-radius:15px @ http://localhost:5199/node_modules/.vite/deps/@strudel_web.js?v=271342c3:10
[  718542ms] [LOG] %c[getTrigger] error: sound RolandTR808_sd not found! Is it loaded? background-color: black;color:white;border-radius:15px @ http://localhost:5199/node_modules/.vite/deps/@strudel_web.js?v=271342c3:10
[  718542ms] [LOG] %c[getTrigger] error: sound RolandTR909_hh not found! Is it loaded? background-color: black;color:white;border-radius:15px @ http://localhost:5199/node_modules/.vite/deps/@strudel_web.js?v=271342c3:10
[  718751ms] [LOG] %c[getTrigger] error: sound RolandTR909_oh not found! Is it loaded? background-color: black;color:white;border-radius:15px @ http://localhost:5199/node_modules/.vite/deps/@strudel_web.js?v=271342c3:10
[  718751ms] [LOG] %c[getTrigger] error: sound RolandTR909_hh not found! Is it loaded? background-color: black;color:white;border-radius:15px @ http://localhost:5199/node_modules/.vite/deps/@strudel_web.js?v=271342c3:10
[  718940ms] [LOG] %c[getTrigger] error: sound RolandTR808_rim not found! Is it loaded? background-color: black;color:white;border-radius:15px @ http://localhost:5199/node_modules/.vite/deps/@strudel_web.js?v=271342c3:10
[  718941ms] [LOG] %c[getTrigger] error: sound RolandTR909_hh not found! Is it loaded? background-color: black;color:white;border-radius:15px @ http://localhost:5199/node_modules/.vite/deps/@strudel_web.js?v=271342c3:10
[  719040ms] [LOG] %c[getTrigger] error: sound RolandTR909_oh not found! Is it loaded? background-color: black;color:white;border-radius:15px @ http://localhost:5199/node_modules/.vite/deps/@strudel_web.js?v=271342c3:10
[  719040ms] [LOG] %c[getTrigger] error: sound RolandTR909_hh not found! Is it loaded? background-color: black;color:white;border-radius:15px @ http://localhost:5199/node_modules/.vite/deps/@strudel_web.js?v=271342c3:10
[  719240ms] [LOG] %c[getTrigger] error: sound RolandTR808_rim not found! Is it loaded? background-color: black;color:white;border-radius:15px @ http://localhost:5199/node_modules/.vite/deps/@strudel_web.js?v=271342c3:10
[  719240ms] [LOG] %c[getTrigger] error: sound RolandTR909_cp not found! Is it loaded? background-color: black;color:white;border-radius:15px @ http://localhost:5199/node_modules/.vite/deps/@strudel_web.js?v=271342c3:10
[  719240ms] [LOG] %c[getTrigger] error: sound RolandTR808_sd not found! Is it loaded? background-color: black;color:white;border-radius:15px @ http://localhost:5199/node_modules/.vite/deps/@strudel_web.js?v=271342c3:10
[  719240ms] [LOG] %c[getTrigger] error: sound RolandTR909_hh not found! Is it loaded? background-color: black;color:white;border-radius:15px @ http://localhost:5199/node_modules/.vite/deps/@strudel_web.js?v=271342c3:10
[  719441ms] [LOG] %c[getTrigger] error: sound RolandTR909_oh not found! Is it loaded? background-color: black;color:white;border-radius:15px @ http://localhost:5199/node_modules/.vite/deps/@strudel_web.js?v=271342c3:10
[  719441ms] [LOG] %c[getTrigger] error: sound RolandTR909_hh not found! Is it loaded? background-color: black;color:white;border-radius:15px @ http://localhost:5199/node_modules/.vite/deps/@strudel_web.js?v=271342c3:10
[  719641ms] [LOG] %c[getTrigger] error: sound RolandTR909_bd not found! Is it loaded? background-color: black;color:white;border-radius:15px @ http://localhost:5199/node_modules/.vite/deps/@strudel_web.js?v=271342c3:10
[  719641ms] [LOG] %c[getTrigger] error: sound RolandTR909_hh not found! Is it loaded? background-color: black;color:white;border-radius:15px @ http://localhost:5199/node_modules/.vite/deps/@strudel_web.js?v=271342c3:10
[  719641ms] [LOG] %c[getTrigger] error: sound RolandTR808_rim not found! Is it loaded? background-color: black;color:white;border-radius:15px @ http://localhost:5199/node_modules/.vite/deps/@strudel_web.js?v=271342c3:10
[  719642ms] [LOG] %c[getTrigger] error: sound RolandTR909_hh not found! Is it loaded? background-color: black;color:white;border-radius:15px @ http://localhost:5199/node_modules/.vite/deps/@strudel_web.js?v=271342c3:10
[  719742ms] [LOG] %c[getTrigger] error: sound RolandTR909_oh not found! Is it loaded? background-color: black;color:white;border-radius:15px @ http://localhost:5199/node_modules/.vite/deps/@strudel_web.js?v=271342c3:10
[  719742ms] [LOG] %c[getTrigger] error: sound RolandTR909_hh not found! Is it loaded? background-color: black;color:white;border-radius:15px @ http://localhost:5199/node_modules/.vite/deps/@strudel_web.js?v=271342c3:10
[  719859ms] [LOG] %c[eval] code updated background-color: black;color:white;border-radius:15px @ http://localhost:5199/node_modules/.vite/deps/@strudel_web.js?v=271342c3:10
[  719941ms] [LOG] %c[getTrigger] error: sound RolandTR909_hh not found! Is it loaded? background-color: black;color:white;border-radius:15px @ http://localhost:5199/node_modules/.vite/deps/@strudel_web.js?v=271342c3:10
[  719941ms] [LOG] %c[getTrigger] error: sound RolandTR808_rim not found! Is it loaded? background-color: black;color:white;border-radius:15px @ http://localhost:5199/node_modules/.vite/deps/@strudel_web.js?v=271342c3:10
[  719941ms] [LOG] %c[getTrigger] error: sound RolandTR909_cp not found! Is it loaded? background-color: black;color:white;border-radius:15px @ http://localhost:5199/node_modules/.vite/deps/@strudel_web.js?v=271342c3:10
[  719941ms] [LOG] %c[getTrigger] error: sound RolandTR808_sd not found! Is it loaded? background-color: black;color:white;border-radius:15px @ http://localhost:5199/node_modules/.vite/deps/@strudel_web.js?v=271342c3:10
[  719941ms] [LOG] %c[getTrigger] error: sound RolandTR909_hh not found! Is it loaded? background-color: black;color:white;border-radius:15px @ http://localhost:5199/node_modules/.vite/deps/@strudel_web.js?v=271342c3:10
[  720140ms] [LOG] %c[getTrigger] error: sound RolandTR909_oh not found! Is it loaded? background-color: black;color:white;border-radius:15px @ http://localhost:5199/node_modules/.vite/deps/@strudel_web.js?v=271342c3:10
[  720140ms] [LOG] %c[getTrigger] error: sound RolandTR909_hh not found! Is it loaded? background-color: black;color:white;border-radius:15px @ http://localhost:5199/node_modules/.vite/deps/@strudel_web.js?v=271342c3:10
[  720341ms] [LOG] %c[getTrigger] error: sound RolandTR909_bd not found! Is it loaded? background-color: black;color:white;border-radius:15px @ http://localhost:5199/node_modules/.vite/deps/@strudel_web.js?v=271342c3:10
[  720341ms] [LOG] %c[getTrigger] error: sound RolandTR909_hh not found! Is it loaded? background-color: black;color:white;border-radius:15px @ http://localhost:5199/node_modules/.vite/deps/@strudel_web.js?v=271342c3:10
[  720341ms] [LOG] %c[getTrigger] error: sound RolandTR808_rim not found! Is it loaded? background-color: black;color:white;border-radius:15px @ http://localhost:5199/node_modules/.vite/deps/@strudel_web.js?v=271342c3:10
[  720341ms] [LOG] %c[getTrigger] error: sound RolandTR909_hh not found! Is it loaded? background-color: black;color:white;border-radius:15px @ http://localhost:5199/node_modules/.vite/deps/@strudel_web.js?v=271342c3:10
[  720539ms] [LOG] %c[getTrigger] error: sound RolandTR909_oh not found! Is it loaded? background-color: black;color:white;border-radius:15px @ http://localhost:5199/node_modules/.vite/deps/@strudel_web.js?v=271342c3:10
[  720540ms] [LOG] %c[getTrigger] error: sound RolandTR909_hh not found! Is it loaded? background-color: black;color:white;border-radius:15px @ http://localhost:5199/node_modules/.vite/deps/@strudel_web.js?v=271342c3:10
[  720640ms] [LOG] %c[getTrigger] error: sound RolandTR808_rim not found! Is it loaded? background-color: black;color:white;border-radius:15px @ http://localhost:5199/node_modules/.vite/deps/@strudel_web.js?v=271342c3:10
[  720640ms] [LOG] %c[getTrigger] error: sound RolandTR909_cp not found! Is it loaded? background-color: black;color:white;border-radius:15px @ http://localhost:5199/node_modules/.vite/deps/@strudel_web.js?v=271342c3:10
[  720640ms] [LOG] %c[getTrigger] error: sound RolandTR808_sd not found! Is it loaded? background-color: black;color:white;border-radius:15px @ http://localhost:5199/node_modules/.vite/deps/@strudel_web.js?v=271342c3:10
[  720640ms] [LOG] %c[getTrigger] error: sound RolandTR909_hh not found! Is it loaded? background-color: black;color:white;border-radius:15px @ http://localhost:5199/node_modules/.vite/deps/@strudel_web.js?v=271342c3:10
[  720853ms] [LOG] %c[getTrigger] error: sound RolandTR909_oh not found! Is it loaded? background-color: black;color:white;border-radius:15px @ http://localhost:5199/node_modules/.vite/deps/@strudel_web.js?v=271342c3:10
[  720853ms] [LOG] %c[getTrigger] error: sound RolandTR909_hh not found! Is it loaded? background-color: black;color:white;border-radius:15px @ http://localhost:5199/node_modules/.vite/deps/@strudel_web.js?v=271342c3:10
[  721041ms] [LOG] %c[getTrigger] error: sound RolandTR909_bd not found! Is it loaded? background-color: black;color:white;border-radius:15px @ http://localhost:5199/node_modules/.vite/deps/@strudel_web.js?v=271342c3:10
[  721041ms] [LOG] %c[getTrigger] error: sound RolandTR909_hh not found! Is it loaded? background-color: black;color:white;border-radius:15px @ http://localhost:5199/node_modules/.vite/deps/@strudel_web.js?v=271342c3:10
[  721041ms] [LOG] %c[getTrigger] error: sound RolandTR808_rim not found! Is it loaded? background-color: black;color:white;border-radius:15px @ http://localhost:5199/node_modules/.vite/deps/@strudel_web.js?v=271342c3:10
[  721042ms] [LOG] %c[getTrigger] error: sound RolandTR909_hh not found! Is it loaded? background-color: black;color:white;border-radius:15px @ http://localhost:5199/node_modules/.vite/deps/@strudel_web.js?v=271342c3:10
[  721240ms] [LOG] %c[getTrigger] error: sound RolandTR909_oh not found! Is it loaded? background-color: black;color:white;border-radius:15px @ http://localhost:5199/node_modules/.vite/deps/@strudel_web.js?v=271342c3:10
[  721240ms] [LOG] %c[getTrigger] error: sound RolandTR909_hh not found! Is it loaded? background-color: black;color:white;border-radius:15px @ http://localhost:5199/node_modules/.vite/deps/@strudel_web.js?v=271342c3:10
[  721272ms] [LOG] %c[eval] code updated background-color: black;color:white;border-radius:15px @ http://localhost:5199/node_modules/.vite/deps/@strudel_web.js?v=271342c3:10
[  721353ms] [LOG] %c[getTrigger] error: sound RolandTR909_hh not found! Is it loaded? background-color: black;color:white;border-radius:15px @ http://localhost:5199/node_modules/.vite/deps/@strudel_web.js?v=271342c3:10
[  721354ms] [LOG] %c[getTrigger] error: sound RolandTR909_oh not found! Is it loaded? background-color: black;color:white;border-radius:15px @ http://localhost:5199/node_modules/.vite/deps/@strudel_web.js?v=271342c3:10
[  721354ms] [LOG] %c[getTrigger] error: sound RolandTR909_hh not found! Is it loaded? background-color: black;color:white;border-radius:15px @ http://localhost:5199/node_modules/.vite/deps/@strudel_web.js?v=271342c3:10
[  721354ms] [LOG] %c[getTrigger] error: sound RolandTR808_sd not found! Is it loaded? background-color: black;color:white;border-radius:15px @ http://localhost:5199/node_modules/.vite/deps/@strudel_web.js?v=271342c3:10
[  721440ms] [LOG] %c[getTrigger] error: sound RolandTR909_hh not found! Is it loaded? background-color: black;color:white;border-radius:15px @ http://localhost:5199/node_modules/.vite/deps/@strudel_web.js?v=271342c3:10
[  721540ms] [LOG] %c[getTrigger] error: sound RolandTR808_rim not found! Is it loaded? background-color: black;color:white;border-radius:15px @ http://localhost:5199/node_modules/.vite/deps/@strudel_web.js?v=271342c3:10
[  721540ms] [LOG] %c[getTrigger] error: sound RolandTR909_hh not found! Is it loaded? background-color: black;color:white;border-radius:15px @ http://localhost:5199/node_modules/.vite/deps/@strudel_web.js?v=271342c3:10
[  721741ms] [LOG] %c[getTrigger] error: sound RolandTR808_rim not found! Is it loaded? background-color: black;color:white;border-radius:15px @ http://localhost:5199/node_modules/.vite/deps/@strudel_web.js?v=271342c3:10
[  721741ms] [LOG] %c[getTrigger] error: sound RolandTR909_hh not found! Is it loaded? background-color: black;color:white;border-radius:15px @ http://localhost:5199/node_modules/.vite/deps/@strudel_web.js?v=271342c3:10
[  721940ms] [LOG] %c[getTrigger] error: sound RolandTR808_rim not found! Is it loaded? background-color: black;color:white;border-radius:15px @ http://localhost:5199/node_modules/.vite/deps/@strudel_web.js?v=271342c3:10
[  722040ms] [LOG] %c[getTrigger] error: sound RolandTR909_hh not found! Is it loaded? background-color: black;color:white;border-radius:15px @ http://localhost:5199/node_modules/.vite/deps/@strudel_web.js?v=271342c3:10
[  722040ms] [LOG] %c[getTrigger] error: sound RolandTR909_oh not found! Is it loaded? background-color: black;color:white;border-radius:15px @ http://localhost:5199/node_modules/.vite/deps/@strudel_web.js?v=271342c3:10
[  722040ms] [LOG] %c[getTrigger] error: sound RolandTR909_hh not found! Is it loaded? background-color: black;color:white;border-radius:15px @ http://localhost:5199/node_modules/.vite/deps/@strudel_web.js?v=271342c3:10
[  722040ms] [LOG] %c[getTrigger] error: sound RolandTR808_sd not found! Is it loaded? background-color: black;color:white;border-radius:15px @ http://localhost:5199/node_modules/.vite/deps/@strudel_web.js?v=271342c3:10
[  722141ms] [LOG] %c[getTrigger] error: sound RolandTR909_hh not found! Is it loaded? background-color: black;color:white;border-radius:15px @ http://localhost:5199/node_modules/.vite/deps/@strudel_web.js?v=271342c3:10
[  722141ms] [LOG] %c[getTrigger] error: sound RolandTR808_sd not found! Is it loaded? background-color: black;color:white;border-radius:15px @ http://localhost:5199/node_modules/.vite/deps/@strudel_web.js?v=271342c3:10
[  722141ms] [LOG] %c[getTrigger] error: sound RolandTR909_hh not found! Is it loaded? background-color: black;color:white;border-radius:15px @ http://localhost:5199/node_modules/.vite/deps/@strudel_web.js?v=271342c3:10
[  722240ms] [LOG] %c[getTrigger] error: sound RolandTR909_bd not found! Is it loaded? background-color: black;color:white;border-radius:15px @ http://localhost:5199/node_modules/.vite/deps/@strudel_web.js?v=271342c3:10
[  722241ms] [LOG] %c[getTrigger] error: sound RolandTR909_hh not found! Is it loaded? background-color: black;color:white;border-radius:15px @ http://localhost:5199/node_modules/.vite/deps/@strudel_web.js?v=271342c3:10
[  722440ms] [LOG] %c[getTrigger] error: sound RolandTR909_bd not found! Is it loaded? background-color: black;color:white;border-radius:15px @ http://localhost:5199/node_modules/.vite/deps/@strudel_web.js?v=271342c3:10
[  722441ms] [LOG] %c[getTrigger] error: sound RolandTR808_rim not found! Is it loaded? background-color: black;color:white;border-radius:15px @ http://localhost:5199/node_modules/.vite/deps/@strudel_web.js?v=271342c3:10
[  722441ms] [LOG] %c[getTrigger] error: sound RolandTR909_hh not found! Is it loaded? background-color: black;color:white;border-radius:15px @ http://localhost:5199/node_modules/.vite/deps/@strudel_web.js?v=271342c3:10
[  722441ms] [LOG] %c[getTrigger] error: sound RolandTR808_rim not found! Is it loaded? background-color: black;color:white;border-radius:15px @ http://localhost:5199/node_modules/.vite/deps/@strudel_web.js?v=271342c3:10
[  722441ms] [LOG] %c[getTrigger] error: sound RolandTR909_hh not found! Is it loaded? background-color: black;color:white;border-radius:15px @ http://localhost:5199/node_modules/.vite/deps/@strudel_web.js?v=271342c3:10
[  722740ms] [LOG] %c[getTrigger] error: sound RolandTR808_rim not found! Is it loaded? background-color: black;color:white;border-radius:15px @ http://localhost:5199/node_modules/.vite/deps/@strudel_web.js?v=271342c3:10
[  722740ms] [LOG] %c[getTrigger] error: sound RolandTR909_hh not found! Is it loaded? background-color: black;color:white;border-radius:15px @ http://localhost:5199/node_modules/.vite/deps/@strudel_web.js?v=271342c3:10
[  722740ms] [LOG] %c[getTrigger] error: sound RolandTR909_oh not found! Is it loaded? background-color: black;color:white;border-radius:15px @ http://localhost:5199/node_modules/.vite/deps/@strudel_web.js?v=271342c3:10
[  722741ms] [LOG] %c[getTrigger] error: sound RolandTR909_hh not found! Is it loaded? background-color: black;color:white;border-radius:15px @ http://localhost:5199/node_modules/.vite/deps/@strudel_web.js?v=271342c3:10
[  722741ms] [LOG] %c[getTrigger] error: sound RolandTR808_sd not found! Is it loaded? background-color: black;color:white;border-radius:15px @ http://localhost:5199/node_modules/.vite/deps/@strudel_web.js?v=271342c3:10
[  722840ms] [LOG] %c[getTrigger] error: sound RolandTR909_hh not found! Is it loaded? background-color: black;color:white;border-radius:15px @ http://localhost:5199/node_modules/.vite/deps/@strudel_web.js?v=271342c3:10
[  722840ms] [LOG] %c[getTrigger] error: sound RolandTR808_sd not found! Is it loaded? background-color: black;color:white;border-radius:15px @ http://localhost:5199/node_modules/.vite/deps/@strudel_web.js?v=271342c3:10
[  722840ms] [LOG] %c[getTrigger] error: sound RolandTR909_hh not found! Is it loaded? background-color: black;color:white;border-radius:15px @ http://localhost:5199/node_modules/.vite/deps/@strudel_web.js?v=271342c3:10
[  722941ms] [LOG] %c[getTrigger] error: sound RolandTR808_rim not found! Is it loaded? background-color: black;color:white;border-radius:15px @ http://localhost:5199/node_modules/.vite/deps/@strudel_web.js?v=271342c3:10
[  722941ms] [LOG] %c[getTrigger] error: sound RolandTR909_hh not found! Is it loaded? background-color: black;color:white;border-radius:15px @ http://localhost:5199/node_modules/.vite/deps/@strudel_web.js?v=271342c3:10
[  723141ms] [LOG] %c[getTrigger] error: sound RolandTR808_rim not found! Is it loaded? background-color: black;color:white;border-radius:15px @ http://localhost:5199/node_modules/.vite/deps/@strudel_web.js?v=271342c3:10
[  723141ms] [LOG] %c[getTrigger] error: sound RolandTR909_hh not found! Is it loaded? background-color: black;color:white;border-radius:15px @ http://localhost:5199/node_modules/.vite/deps/@strudel_web.js?v=271342c3:10
[  723340ms] [LOG] %c[getTrigger] error: sound RolandTR808_rim not found! Is it loaded? background-color: black;color:white;border-radius:15px @ http://localhost:5199/node_modules/.vite/deps/@strudel_web.js?v=271342c3:10
[  723439ms] [LOG] %c[getTrigger] error: sound RolandTR909_hh not found! Is it loaded? background-color: black;color:white;border-radius:15px @ http://localhost:5199/node_modules/.vite/deps/@strudel_web.js?v=271342c3:10
[  723541ms] [LOG] %c[getTrigger] error: sound RolandTR909_oh not found! Is it loaded? background-color: black;color:white;border-radius:15px @ http://localhost:5199/node_modules/.vite/deps/@strudel_web.js?v=271342c3:10
[  723541ms] [LOG] %c[getTrigger] error: sound RolandTR909_hh not found! Is it loaded? background-color: black;color:white;border-radius:15px @ http://localhost:5199/node_modules/.vite/deps/@strudel_web.js?v=271342c3:10
[  723541ms] [LOG] %c[getTrigger] error: sound RolandTR808_sd not found! Is it loaded? background-color: black;color:white;border-radius:15px @ http://localhost:5199/node_modules/.vite/deps/@strudel_web.js?v=271342c3:10
[  723541ms] [LOG] %c[getTrigger] error: sound RolandTR909_hh not found! Is it loaded? background-color: black;color:white;border-radius:15px @ http://localhost:5199/node_modules/.vite/deps/@strudel_web.js?v=271342c3:10
[  723640ms] [LOG] %c[getTrigger] error: sound RolandTR909_bd not found! Is it loaded? background-color: black;color:white;border-radius:15px @ http://localhost:5199/node_modules/.vite/deps/@strudel_web.js?v=271342c3:10
[  723640ms] [LOG] %c[getTrigger] error: sound RolandTR909_hh not found! Is it loaded? background-color: black;color:white;border-radius:15px @ http://localhost:5199/node_modules/.vite/deps/@strudel_web.js?v=271342c3:10
[  723843ms] [LOG] %c[getTrigger] error: sound RolandTR909_bd not found! Is it loaded? background-color: black;color:white;border-radius:15px @ http://localhost:5199/node_modules/.vite/deps/@strudel_web.js?v=271342c3:10
[  723843ms] [LOG] %c[getTrigger] error: sound RolandTR808_rim not found! Is it loaded? background-color: black;color:white;border-radius:15px @ http://localhost:5199/node_modules/.vite/deps/@strudel_web.js?v=271342c3:10
[  723843ms] [LOG] %c[getTrigger] error: sound RolandTR909_hh not found! Is it loaded? background-color: black;color:white;border-radius:15px @ http://localhost:5199/node_modules/.vite/deps/@strudel_web.js?v=271342c3:10
[  723843ms] [LOG] %c[getTrigger] error: sound RolandTR808_rim not found! Is it loaded? background-color: black;color:white;border-radius:15px @ http://localhost:5199/node_modules/.vite/deps/@strudel_web.js?v=271342c3:10
[  723843ms] [LOG] %c[getTrigger] error: sound RolandTR909_hh not found! Is it loaded? background-color: black;color:white;border-radius:15px @ http://localhost:5199/node_modules/.vite/deps/@strudel_web.js?v=271342c3:10
[  724094ms] [LOG] %c[eval] code updated background-color: black;color:white;border-radius:15px @ http://localhost:5199/node_modules/.vite/deps/@strudel_web.js?v=271342c3:10
[  724140ms] [LOG] %c[getTrigger] error: sound RolandTR909_hh not found! Is it loaded? background-color: black;color:white;border-radius:15px @ http://localhost:5199/node_modules/.vite/deps/@strudel_web.js?v=271342c3:10
[  724241ms] [LOG] %c[getTrigger] error: sound RolandTR909_oh not found! Is it loaded? background-color: black;color:white;border-radius:15px @ http://localhost:5199/node_modules/.vite/deps/@strudel_web.js?v=271342c3:10
[  724241ms] [LOG] %c[getTrigger] error: sound RolandTR909_hh not found! Is it loaded? background-color: black;color:white;border-radius:15px @ http://localhost:5199/node_modules/.vite/deps/@strudel_web.js?v=271342c3:10
[  724241ms] [LOG] %c[getTrigger] error: sound RolandTR808_sd not found! Is it loaded? background-color: black;color:white;border-radius:15px @ http://localhost:5199/node_modules/.vite/deps/@strudel_web.js?v=271342c3:10
[  724241ms] [LOG] %c[getTrigger] error: sound RolandTR909_hh not found! Is it loaded? background-color: black;color:white;border-radius:15px @ http://localhost:5199/node_modules/.vite/deps/@strudel_web.js?v=271342c3:10
[  724341ms] [LOG] %c[getTrigger] error: sound RolandTR808_rim not found! Is it loaded? background-color: black;color:white;border-radius:15px @ http://localhost:5199/node_modules/.vite/deps/@strudel_web.js?v=271342c3:10
[  724341ms] [LOG] %c[getTrigger] error: sound RolandTR909_hh not found! Is it loaded? background-color: black;color:white;border-radius:15px @ http://localhost:5199/node_modules/.vite/deps/@strudel_web.js?v=271342c3:10
[  724541ms] [LOG] %c[getTrigger] error: sound RolandTR808_rim not found! Is it loaded? background-color: black;color:white;border-radius:15px @ http://localhost:5199/node_modules/.vite/deps/@strudel_web.js?v=271342c3:10
[  724541ms] [LOG] %c[getTrigger] error: sound RolandTR909_hh not found! Is it loaded? background-color: black;color:white;border-radius:15px @ http://localhost:5199/node_modules/.vite/deps/@strudel_web.js?v=271342c3:10
[  724740ms] [LOG] %c[getTrigger] error: sound RolandTR808_rim not found! Is it loaded? background-color: black;color:white;border-radius:15px @ http://localhost:5199/node_modules/.vite/deps/@strudel_web.js?v=271342c3:10
[  724840ms] [LOG] %c[getTrigger] error: sound RolandTR909_hh not found! Is it loaded? background-color: black;color:white;border-radius:15px @ http://localhost:5199/node_modules/.vite/deps/@strudel_web.js?v=271342c3:10
[  724956ms] [LOG] %c[getTrigger] error: sound RolandTR909_oh not found! Is it loaded? background-color: black;color:white;border-radius:15px @ http://localhost:5199/node_modules/.vite/deps/@strudel_web.js?v=271342c3:10
[  724956ms] [LOG] %c[getTrigger] error: sound RolandTR909_hh not found! Is it loaded? background-color: black;color:white;border-radius:15px @ http://localhost:5199/node_modules/.vite/deps/@strudel_web.js?v=271342c3:10
[  724956ms] [LOG] %c[getTrigger] error: sound RolandTR808_sd not found! Is it loaded? background-color: black;color:white;border-radius:15px @ http://localhost:5199/node_modules/.vite/deps/@strudel_web.js?v=271342c3:10
[  724956ms] [LOG] %c[getTrigger] error: sound RolandTR909_hh not found! Is it loaded? background-color: black;color:white;border-radius:15px @ http://localhost:5199/node_modules/.vite/deps/@strudel_web.js?v=271342c3:10
[  725039ms] [LOG] %c[getTrigger] error: sound RolandTR909_bd not found! Is it loaded? background-color: black;color:white;border-radius:15px @ http://localhost:5199/node_modules/.vite/deps/@strudel_web.js?v=271342c3:10
[  725040ms] [LOG] %c[getTrigger] error: sound RolandTR909_hh not found! Is it loaded? background-color: black;color:white;border-radius:15px @ http://localhost:5199/node_modules/.vite/deps/@strudel_web.js?v=271342c3:10
[  725241ms] [LOG] %c[getTrigger] error: sound RolandTR909_bd not found! Is it loaded? background-color: black;color:white;border-radius:15px @ http://localhost:5199/node_modules/.vite/deps/@strudel_web.js?v=271342c3:10
[  725241ms] [LOG] %c[getTrigger] error: sound RolandTR808_rim not found! Is it loaded? background-color: black;color:white;border-radius:15px @ http://localhost:5199/node_modules/.vite/deps/@strudel_web.js?v=271342c3:10
[  725241ms] [LOG] %c[getTrigger] error: sound RolandTR909_hh not found! Is it loaded? background-color: black;color:white;border-radius:15px @ http://localhost:5199/node_modules/.vite/deps/@strudel_web.js?v=271342c3:10
[  725241ms] [LOG] %c[getTrigger] error: sound RolandTR808_rim not found! Is it loaded? background-color: black;color:white;border-radius:15px @ http://localhost:5199/node_modules/.vite/deps/@strudel_web.js?v=271342c3:10
[  725241ms] [LOG] %c[getTrigger] error: sound RolandTR909_hh not found! Is it loaded? background-color: black;color:white;border-radius:15px @ http://localhost:5199/node_modules/.vite/deps/@strudel_web.js?v=271342c3:10
[  725505ms] [LOG] %c[eval] code updated background-color: black;color:white;border-radius:15px @ http://localhost:5199/node_modules/.vite/deps/@strudel_web.js?v=271342c3:10
[  725540ms] [LOG] %c[getTrigger] error: sound RolandTR909_hh not found! Is it loaded? background-color: black;color:white;border-radius:15px @ http://localhost:5199/node_modules/.vite/deps/@strudel_web.js?v=271342c3:10
[  725640ms] [LOG] %c[getTrigger] error: sound RolandTR808_rim not found! Is it loaded? background-color: black;color:white;border-radius:15px @ http://localhost:5199/node_modules/.vite/deps/@strudel_web.js?v=271342c3:10
[  725641ms] [LOG] %c[getTrigger] error: sound RolandTR909_hh not found! Is it loaded? background-color: black;color:white;border-radius:15px @ http://localhost:5199/node_modules/.vite/deps/@strudel_web.js?v=271342c3:10
[  725641ms] [LOG] %c[getTrigger] error: sound RolandTR909_oh not found! Is it loaded? background-color: black;color:white;border-radius:15px @ http://localhost:5199/node_modules/.vite/deps/@strudel_web.js?v=271342c3:10
[  725641ms] [LOG] %c[getTrigger] error: sound RolandTR909_hh not found! Is it loaded? background-color: black;color:white;border-radius:15px @ http://localhost:5199/node_modules/.vite/deps/@strudel_web.js?v=271342c3:10
[  725641ms] [LOG] %c[getTrigger] error: sound RolandTR808_sd not found! Is it loaded? background-color: black;color:white;border-radius:15px @ http://localhost:5199/node_modules/.vite/deps/@strudel_web.js?v=271342c3:10
[  725641ms] [LOG] %c[getTrigger] error: sound RolandTR909_hh not found! Is it loaded? background-color: black;color:white;border-radius:15px @ http://localhost:5199/node_modules/.vite/deps/@strudel_web.js?v=271342c3:10
[  725740ms] [LOG] %c[getTrigger] error: sound RolandTR808_rim not found! Is it loaded? background-color: black;color:white;border-radius:15px @ http://localhost:5199/node_modules/.vite/deps/@strudel_web.js?v=271342c3:10
[  725740ms] [LOG] %c[getTrigger] error: sound RolandTR909_hh not found! Is it loaded? background-color: black;color:white;border-radius:15px @ http://localhost:5199/node_modules/.vite/deps/@strudel_web.js?v=271342c3:10
[  725941ms] [LOG] %c[getTrigger] error: sound RolandTR808_rim not found! Is it loaded? background-color: black;color:white;border-radius:15px @ http://localhost:5199/node_modules/.vite/deps/@strudel_web.js?v=271342c3:10
[  725941ms] [LOG] %c[getTrigger] error: sound RolandTR909_hh not found! Is it loaded? background-color: black;color:white;border-radius:15px @ http://localhost:5199/node_modules/.vite/deps/@strudel_web.js?v=271342c3:10
[  726240ms] [LOG] %c[getTrigger] error: sound RolandTR808_rim not found! Is it loaded? background-color: black;color:white;border-radius:15px @ http://localhost:5199/node_modules/.vite/deps/@strudel_web.js?v=271342c3:10
[  726240ms] [LOG] %c[getTrigger] error: sound RolandTR909_hh not found! Is it loaded? background-color: black;color:white;border-radius:15px @ http://localhost:5199/node_modules/.vite/deps/@strudel_web.js?v=271342c3:10
[  726340ms] [LOG] %c[getTrigger] error: sound RolandTR909_oh not found! Is it loaded? background-color: black;color:white;border-radius:15px @ http://localhost:5199/node_modules/.vite/deps/@strudel_web.js?v=271342c3:10
[  726340ms] [LOG] %c[getTrigger] error: sound RolandTR909_hh not found! Is it loaded? background-color: black;color:white;border-radius:15px @ http://localhost:5199/node_modules/.vite/deps/@strudel_web.js?v=271342c3:10
[  726340ms] [LOG] %c[getTrigger] error: sound RolandTR808_sd not found! Is it loaded? background-color: black;color:white;border-radius:15px @ http://localhost:5199/node_modules/.vite/deps/@strudel_web.js?v=271342c3:10
[  726340ms] [LOG] %c[getTrigger] error: sound RolandTR909_hh not found! Is it loaded? background-color: black;color:white;border-radius:15px @ http://localhost:5199/node_modules/.vite/deps/@strudel_web.js?v=271342c3:10
[  726540ms] [LOG] %c[getTrigger] error: sound RolandTR909_bd not found! Is it loaded? background-color: black;color:white;border-radius:15px @ http://localhost:5199/node_modules/.vite/deps/@strudel_web.js?v=271342c3:10
[  726540ms] [LOG] %c[getTrigger] error: sound RolandTR909_hh not found! Is it loaded? background-color: black;color:white;border-radius:15px @ http://localhost:5199/node_modules/.vite/deps/@strudel_web.js?v=271342c3:10
[  726640ms] [LOG] %c[getTrigger] error: sound RolandTR909_bd not found! Is it loaded? background-color: black;color:white;border-radius:15px @ http://localhost:5199/node_modules/.vite/deps/@strudel_web.js?v=271342c3:10
[  726640ms] [LOG] %c[getTrigger] error: sound RolandTR808_rim not found! Is it loaded? background-color: black;color:white;border-radius:15px @ http://localhost:5199/node_modules/.vite/deps/@strudel_web.js?v=271342c3:10
[  726640ms] [LOG] %c[getTrigger] error: sound RolandTR909_hh not found! Is it loaded? background-color: black;color:white;border-radius:15px @ http://localhost:5199/node_modules/.vite/deps/@strudel_web.js?v=271342c3:10
[  726640ms] [LOG] %c[getTrigger] error: sound RolandTR808_rim not found! Is it loaded? background-color: black;color:white;border-radius:15px @ http://localhost:5199/node_modules/.vite/deps/@strudel_web.js?v=271342c3:10
[  726641ms] [LOG] %c[getTrigger] error: sound RolandTR909_hh not found! Is it loaded? background-color: black;color:white;border-radius:15px @ http://localhost:5199/node_modules/.vite/deps/@strudel_web.js?v=271342c3:10
[  727054ms] [LOG] %c[getTrigger] error: sound RolandTR909_oh not found! Is it loaded? background-color: black;color:white;border-radius:15px @ http://localhost:5199/node_modules/.vite/deps/@strudel_web.js?v=271342c3:10
[  727054ms] [LOG] %c[getTrigger] error: sound RolandTR909_hh not found! Is it loaded? background-color: black;color:white;border-radius:15px @ http://localhost:5199/node_modules/.vite/deps/@strudel_web.js?v=271342c3:10
[  727054ms] [LOG] %c[getTrigger] error: sound RolandTR808_sd not found! Is it loaded? background-color: black;color:white;border-radius:15px @ http://localhost:5199/node_modules/.vite/deps/@strudel_web.js?v=271342c3:10
[  727054ms] [LOG] %c[getTrigger] error: sound RolandTR909_hh not found! Is it loaded? background-color: black;color:white;border-radius:15px @ http://localhost:5199/node_modules/.vite/deps/@strudel_web.js?v=271342c3:10
[  727140ms] [LOG] %c[getTrigger] error: sound RolandTR808_rim not found! Is it loaded? background-color: black;color:white;border-radius:15px @ http://localhost:5199/node_modules/.vite/deps/@strudel_web.js?v=271342c3:10
[  727239ms] [LOG] %c[getTrigger] error: sound RolandTR909_hh not found! Is it loaded? background-color: black;color:white;border-radius:15px @ http://localhost:5199/node_modules/.vite/deps/@strudel_web.js?v=271342c3:10
[  727340ms] [LOG] %c[getTrigger] error: sound RolandTR808_rim not found! Is it loaded? background-color: black;color:white;border-radius:15px @ http://localhost:5199/node_modules/.vite/deps/@strudel_web.js?v=271342c3:10
[  727340ms] [LOG] %c[getTrigger] error: sound RolandTR909_hh not found! Is it loaded? background-color: black;color:white;border-radius:15px @ http://localhost:5199/node_modules/.vite/deps/@strudel_web.js?v=271342c3:10
[  727640ms] [LOG] %c[getTrigger] error: sound RolandTR808_rim not found! Is it loaded? background-color: black;color:white;border-radius:15px @ http://localhost:5199/node_modules/.vite/deps/@strudel_web.js?v=271342c3:10
[  727641ms] [LOG] %c[getTrigger] error: sound RolandTR909_hh not found! Is it loaded? background-color: black;color:white;border-radius:15px @ http://localhost:5199/node_modules/.vite/deps/@strudel_web.js?v=271342c3:10
[  727741ms] [LOG] %c[getTrigger] error: sound RolandTR909_oh not found! Is it loaded? background-color: black;color:white;border-radius:15px @ http://localhost:5199/node_modules/.vite/deps/@strudel_web.js?v=271342c3:10
[  727741ms] [LOG] %c[getTrigger] error: sound RolandTR909_hh not found! Is it loaded? background-color: black;color:white;border-radius:15px @ http://localhost:5199/node_modules/.vite/deps/@strudel_web.js?v=271342c3:10
[  727741ms] [LOG] %c[getTrigger] error: sound RolandTR808_sd not found! Is it loaded? background-color: black;color:white;border-radius:15px @ http://localhost:5199/node_modules/.vite/deps/@strudel_web.js?v=271342c3:10
[  727741ms] [LOG] %c[getTrigger] error: sound RolandTR909_hh not found! Is it loaded? background-color: black;color:white;border-radius:15px @ http://localhost:5199/node_modules/.vite/deps/@strudel_web.js?v=271342c3:10
[  727741ms] [LOG] %c[getTrigger] error: sound RolandTR808_sd not found! Is it loaded? background-color: black;color:white;border-radius:15px @ http://localhost:5199/node_modules/.vite/deps/@strudel_web.js?v=271342c3:10
[  727841ms] [LOG] %c[getTrigger] error: sound RolandTR909_hh not found! Is it loaded? background-color: black;color:white;border-radius:15px @ http://localhost:5199/node_modules/.vite/deps/@strudel_web.js?v=271342c3:10
[  727940ms] [LOG] %c[getTrigger] error: sound RolandTR909_bd not found! Is it loaded? background-color: black;color:white;border-radius:15px @ http://localhost:5199/node_modules/.vite/deps/@strudel_web.js?v=271342c3:10
[  727940ms] [LOG] %c[getTrigger] error: sound RolandTR909_hh not found! Is it loaded? background-color: black;color:white;border-radius:15px @ http://localhost:5199/node_modules/.vite/deps/@strudel_web.js?v=271342c3:10
[  728055ms] [LOG] %c[getTrigger] error: sound RolandTR909_bd not found! Is it loaded? background-color: black;color:white;border-radius:15px @ http://localhost:5199/node_modules/.vite/deps/@strudel_web.js?v=271342c3:10
[  728055ms] [LOG] %c[getTrigger] error: sound RolandTR808_rim not found! Is it loaded? background-color: black;color:white;border-radius:15px @ http://localhost:5199/node_modules/.vite/deps/@strudel_web.js?v=271342c3:10
[  728055ms] [LOG] %c[getTrigger] error: sound RolandTR909_hh not found! Is it loaded? background-color: black;color:white;border-radius:15px @ http://localhost:5199/node_modules/.vite/deps/@strudel_web.js?v=271342c3:10
[  728056ms] [LOG] %c[getTrigger] error: sound RolandTR808_rim not found! Is it loaded? background-color: black;color:white;border-radius:15px @ http://localhost:5199/node_modules/.vite/deps/@strudel_web.js?v=271342c3:10
[  728056ms] [LOG] %c[getTrigger] error: sound RolandTR909_hh not found! Is it loaded? background-color: black;color:white;border-radius:15px @ http://localhost:5199/node_modules/.vite/deps/@strudel_web.js?v=271342c3:10
[  728331ms] [LOG] %c[eval] code updated background-color: black;color:white;border-radius:15px @ http://localhost:5199/node_modules/.vite/deps/@strudel_web.js?v=271342c3:10
[  728339ms] [LOG] %c[getTrigger] error: sound RolandTR909_hh not found! Is it loaded? background-color: black;color:white;border-radius:15px @ http://localhost:5199/node_modules/.vite/deps/@strudel_web.js?v=271342c3:10
[  728441ms] [LOG] %c[getTrigger] error: sound RolandTR808_rim not found! Is it loaded? background-color: black;color:white;border-radius:15px @ http://localhost:5199/node_modules/.vite/deps/@strudel_web.js?v=271342c3:10
[  728441ms] [LOG] %c[getTrigger] error: sound RolandTR909_hh not found! Is it loaded? background-color: black;color:white;border-radius:15px @ http://localhost:5199/node_modules/.vite/deps/@strudel_web.js?v=271342c3:10
[  728441ms] [LOG] %c[getTrigger] error: sound RolandTR909_oh not found! Is it loaded? background-color: black;color:white;border-radius:15px @ http://localhost:5199/node_modules/.vite/deps/@strudel_web.js?v=271342c3:10
[  728441ms] [LOG] %c[getTrigger] error: sound RolandTR909_hh not found! Is it loaded? background-color: black;color:white;border-radius:15px @ http://localhost:5199/node_modules/.vite/deps/@strudel_web.js?v=271342c3:10
[  728441ms] [LOG] %c[getTrigger] error: sound RolandTR808_sd not found! Is it loaded? background-color: black;color:white;border-radius:15px @ http://localhost:5199/node_modules/.vite/deps/@strudel_web.js?v=271342c3:10
[  728441ms] [LOG] %c[getTrigger] error: sound RolandTR909_hh not found! Is it loaded? background-color: black;color:white;border-radius:15px @ http://localhost:5199/node_modules/.vite/deps/@strudel_web.js?v=271342c3:10
[  728441ms] [LOG] %c[getTrigger] error: sound RolandTR808_sd not found! Is it loaded? background-color: black;color:white;border-radius:15px @ http://localhost:5199/node_modules/.vite/deps/@strudel_web.js?v=271342c3:10
[  728554ms] [LOG] %c[getTrigger] error: sound RolandTR909_hh not found! Is it loaded? background-color: black;color:white;border-radius:15px @ http://localhost:5199/node_modules/.vite/deps/@strudel_web.js?v=271342c3:10
[  728554ms] [LOG] %c[getTrigger] error: sound RolandTR808_rim not found! Is it loaded? background-color: black;color:white;border-radius:15px @ http://localhost:5199/node_modules/.vite/deps/@strudel_web.js?v=271342c3:10
[  728639ms] [LOG] %c[getTrigger] error: sound RolandTR909_hh not found! Is it loaded? background-color: black;color:white;border-radius:15px @ http://localhost:5199/node_modules/.vite/deps/@strudel_web.js?v=271342c3:10
[  728740ms] [LOG] %c[getTrigger] error: sound RolandTR808_rim not found! Is it loaded? background-color: black;color:white;border-radius:15px @ http://localhost:5199/node_modules/.vite/deps/@strudel_web.js?v=271342c3:10
[  728740ms] [LOG] %c[getTrigger] error: sound RolandTR909_hh not found! Is it loaded? background-color: black;color:white;border-radius:15px @ http://localhost:5199/node_modules/.vite/deps/@strudel_web.js?v=271342c3:10
[  729041ms] [LOG] %c[getTrigger] error: sound RolandTR808_rim not found! Is it loaded? background-color: black;color:white;border-radius:15px @ http://localhost:5199/node_modules/.vite/deps/@strudel_web.js?v=271342c3:10
[  729041ms] [LOG] %c[getTrigger] error: sound RolandTR909_hh not found! Is it loaded? background-color: black;color:white;border-radius:15px @ http://localhost:5199/node_modules/.vite/deps/@strudel_web.js?v=271342c3:10
[  729140ms] [LOG] %c[getTrigger] error: sound RolandTR909_oh not found! Is it loaded? background-color: black;color:white;border-radius:15px @ http://localhost:5199/node_modules/.vite/deps/@strudel_web.js?v=271342c3:10
[  729140ms] [LOG] %c[getTrigger] error: sound RolandTR909_hh not found! Is it loaded? background-color: black;color:white;border-radius:15px @ http://localhost:5199/node_modules/.vite/deps/@strudel_web.js?v=271342c3:10
[  729140ms] [LOG] %c[getTrigger] error: sound RolandTR808_sd not found! Is it loaded? background-color: black;color:white;border-radius:15px @ http://localhost:5199/node_modules/.vite/deps/@strudel_web.js?v=271342c3:10
[  729240ms] [LOG] %c[getTrigger] error: sound RolandTR909_hh not found! Is it loaded? background-color: black;color:white;border-radius:15px @ http://localhost:5199/node_modules/.vite/deps/@strudel_web.js?v=271342c3:10
[  729340ms] [LOG] %c[getTrigger] error: sound RolandTR909_bd not found! Is it loaded? background-color: black;color:white;border-radius:15px @ http://localhost:5199/node_modules/.vite/deps/@strudel_web.js?v=271342c3:10
[  729340ms] [LOG] %c[getTrigger] error: sound RolandTR909_hh not found! Is it loaded? background-color: black;color:white;border-radius:15px @ http://localhost:5199/node_modules/.vite/deps/@strudel_web.js?v=271342c3:10
[  729540ms] [LOG] %c[getTrigger] error: sound RolandTR909_bd not found! Is it loaded? background-color: black;color:white;border-radius:15px @ http://localhost:5199/node_modules/.vite/deps/@strudel_web.js?v=271342c3:10
[  729540ms] [LOG] %c[getTrigger] error: sound RolandTR808_rim not found! Is it loaded? background-color: black;color:white;border-radius:15px @ http://localhost:5199/node_modules/.vite/deps/@strudel_web.js?v=271342c3:10
[  729540ms] [LOG] %c[getTrigger] error: sound RolandTR909_hh not found! Is it loaded? background-color: black;color:white;border-radius:15px @ http://localhost:5199/node_modules/.vite/deps/@strudel_web.js?v=271342c3:10
[  729540ms] [LOG] %c[getTrigger] error: sound RolandTR808_rim not found! Is it loaded? background-color: black;color:white;border-radius:15px @ http://localhost:5199/node_modules/.vite/deps/@strudel_web.js?v=271342c3:10
[  729541ms] [LOG] %c[getTrigger] error: sound RolandTR909_hh not found! Is it loaded? background-color: black;color:white;border-radius:15px @ http://localhost:5199/node_modules/.vite/deps/@strudel_web.js?v=271342c3:10
[  729840ms] [LOG] %c[getTrigger] error: sound RolandTR909_oh not found! Is it loaded? background-color: black;color:white;border-radius:15px @ http://localhost:5199/node_modules/.vite/deps/@strudel_web.js?v=271342c3:10
[  729840ms] [LOG] %c[getTrigger] error: sound RolandTR909_hh not found! Is it loaded? background-color: black;color:white;border-radius:15px @ http://localhost:5199/node_modules/.vite/deps/@strudel_web.js?v=271342c3:10
[  729840ms] [LOG] %c[getTrigger] error: sound RolandTR808_sd not found! Is it loaded? background-color: black;color:white;border-radius:15px @ http://localhost:5199/node_modules/.vite/deps/@strudel_web.js?v=271342c3:10
[  729939ms] [LOG] %c[getTrigger] error: sound RolandTR909_hh not found! Is it loaded? background-color: black;color:white;border-radius:15px @ http://localhost:5199/node_modules/.vite/deps/@strudel_web.js?v=271342c3:10
[  729939ms] [LOG] %c[getTrigger] error: sound RolandTR808_rim not found! Is it loaded? background-color: black;color:white;border-radius:15px @ http://localhost:5199/node_modules/.vite/deps/@strudel_web.js?v=271342c3:10
[  730040ms] [LOG] %c[getTrigger] error: sound RolandTR909_hh not found! Is it loaded? background-color: black;color:white;border-radius:15px @ http://localhost:5199/node_modules/.vite/deps/@strudel_web.js?v=271342c3:10
[  730241ms] [LOG] %c[getTrigger] error: sound RolandTR808_rim not found! Is it loaded? background-color: black;color:white;border-radius:15px @ http://localhost:5199/node_modules/.vite/deps/@strudel_web.js?v=271342c3:10
[  730242ms] [LOG] %c[getTrigger] error: sound RolandTR909_hh not found! Is it loaded? background-color: black;color:white;border-radius:15px @ http://localhost:5199/node_modules/.vite/deps/@strudel_web.js?v=271342c3:10
[  730440ms] [LOG] %c[getTrigger] error: sound RolandTR808_rim not found! Is it loaded? background-color: black;color:white;border-radius:15px @ http://localhost:5199/node_modules/.vite/deps/@strudel_web.js?v=271342c3:10
[  730440ms] [LOG] %c[getTrigger] error: sound RolandTR909_hh not found! Is it loaded? background-color: black;color:white;border-radius:15px @ http://localhost:5199/node_modules/.vite/deps/@strudel_web.js?v=271342c3:10
[  730541ms] [LOG] %c[getTrigger] error: sound RolandTR909_oh not found! Is it loaded? background-color: black;color:white;border-radius:15px @ http://localhost:5199/node_modules/.vite/deps/@strudel_web.js?v=271342c3:10
[  730541ms] [LOG] %c[getTrigger] error: sound RolandTR909_hh not found! Is it loaded? background-color: black;color:white;border-radius:15px @ http://localhost:5199/node_modules/.vite/deps/@strudel_web.js?v=271342c3:10
[  730541ms] [LOG] %c[getTrigger] error: sound RolandTR808_sd not found! Is it loaded? background-color: black;color:white;border-radius:15px @ http://localhost:5199/node_modules/.vite/deps/@strudel_web.js?v=271342c3:10
[  730639ms] [LOG] %c[getTrigger] error: sound RolandTR909_hh not found! Is it loaded? background-color: black;color:white;border-radius:15px @ http://localhost:5199/node_modules/.vite/deps/@strudel_web.js?v=271342c3:10
[  730740ms] [LOG] %c[getTrigger] error: sound RolandTR909_bd not found! Is it loaded? background-color: black;color:white;border-radius:15px @ http://localhost:5199/node_modules/.vite/deps/@strudel_web.js?v=271342c3:10
[  730740ms] [LOG] %c[getTrigger] error: sound RolandTR909_hh not found! Is it loaded? background-color: black;color:white;border-radius:15px @ http://localhost:5199/node_modules/.vite/deps/@strudel_web.js?v=271342c3:10
[  730941ms] [LOG] %c[getTrigger] error: sound RolandTR909_bd not found! Is it loaded? background-color: black;color:white;border-radius:15px @ http://localhost:5199/node_modules/.vite/deps/@strudel_web.js?v=271342c3:10
[  730941ms] [LOG] %c[getTrigger] error: sound RolandTR808_rim not found! Is it loaded? background-color: black;color:white;border-radius:15px @ http://localhost:5199/node_modules/.vite/deps/@strudel_web.js?v=271342c3:10
[  730941ms] [LOG] %c[getTrigger] error: sound RolandTR909_hh not found! Is it loaded? background-color: black;color:white;border-radius:15px @ http://localhost:5199/node_modules/.vite/deps/@strudel_web.js?v=271342c3:10
[  730941ms] [LOG] %c[getTrigger] error: sound RolandTR808_rim not found! Is it loaded? background-color: black;color:white;border-radius:15px @ http://localhost:5199/node_modules/.vite/deps/@strudel_web.js?v=271342c3:10
[  730942ms] [LOG] %c[getTrigger] error: sound RolandTR909_hh not found! Is it loaded? background-color: black;color:white;border-radius:15px @ http://localhost:5199/node_modules/.vite/deps/@strudel_web.js?v=271342c3:10
[  731240ms] [LOG] %c[getTrigger] error: sound RolandTR808_rim not found! Is it loaded? background-color: black;color:white;border-radius:15px @ http://localhost:5199/node_modules/.vite/deps/@strudel_web.js?v=271342c3:10
[  731240ms] [LOG] %c[getTrigger] error: sound RolandTR909_hh not found! Is it loaded? background-color: black;color:white;border-radius:15px @ http://localhost:5199/node_modules/.vite/deps/@strudel_web.js?v=271342c3:10
[  731240ms] [LOG] %c[getTrigger] error: sound RolandTR909_oh not found! Is it loaded? background-color: black;color:white;border-radius:15px @ http://localhost:5199/node_modules/.vite/deps/@strudel_web.js?v=271342c3:10
[  731240ms] [LOG] %c[getTrigger] error: sound RolandTR909_hh not found! Is it loaded? background-color: black;color:white;border-radius:15px @ http://localhost:5199/node_modules/.vite/deps/@strudel_web.js?v=271342c3:10
[  731240ms] [LOG] %c[getTrigger] error: sound RolandTR808_sd not found! Is it loaded? background-color: black;color:white;border-radius:15px @ http://localhost:5199/node_modules/.vite/deps/@strudel_web.js?v=271342c3:10
[  731340ms] [LOG] %c[getTrigger] error: sound RolandTR909_hh not found! Is it loaded? background-color: black;color:white;border-radius:15px @ http://localhost:5199/node_modules/.vite/deps/@strudel_web.js?v=271342c3:10
[  731340ms] [LOG] %c[getTrigger] error: sound RolandTR808_rim not found! Is it loaded? background-color: black;color:white;border-radius:15px @ http://localhost:5199/node_modules/.vite/deps/@strudel_web.js?v=271342c3:10
[  731440ms] [LOG] %c[getTrigger] error: sound RolandTR909_hh not found! Is it loaded? background-color: black;color:white;border-radius:15px @ http://localhost:5199/node_modules/.vite/deps/@strudel_web.js?v=271342c3:10
[  731656ms] [LOG] %c[getTrigger] error: sound RolandTR808_rim not found! Is it loaded? background-color: black;color:white;border-radius:15px @ http://localhost:5199/node_modules/.vite/deps/@strudel_web.js?v=271342c3:10
[  731656ms] [LOG] %c[getTrigger] error: sound RolandTR909_hh not found! Is it loaded? background-color: black;color:white;border-radius:15px @ http://localhost:5199/node_modules/.vite/deps/@strudel_web.js?v=271342c3:10
[  731840ms] [LOG] %c[getTrigger] error: sound RolandTR808_rim not found! Is it loaded? background-color: black;color:white;border-radius:15px @ http://localhost:5199/node_modules/.vite/deps/@strudel_web.js?v=271342c3:10
[  731941ms] [LOG] %c[getTrigger] error: sound RolandTR909_hh not found! Is it loaded? background-color: black;color:white;border-radius:15px @ http://localhost:5199/node_modules/.vite/deps/@strudel_web.js?v=271342c3:10
[  731941ms] [LOG] %c[getTrigger] error: sound RolandTR909_oh not found! Is it loaded? background-color: black;color:white;border-radius:15px @ http://localhost:5199/node_modules/.vite/deps/@strudel_web.js?v=271342c3:10
[  731941ms] [LOG] %c[getTrigger] error: sound RolandTR909_hh not found! Is it loaded? background-color: black;color:white;border-radius:15px @ http://localhost:5199/node_modules/.vite/deps/@strudel_web.js?v=271342c3:10
[  731941ms] [LOG] %c[getTrigger] error: sound RolandTR808_sd not found! Is it loaded? background-color: black;color:white;border-radius:15px @ http://localhost:5199/node_modules/.vite/deps/@strudel_web.js?v=271342c3:10
[  732040ms] [LOG] %c[getTrigger] error: sound RolandTR909_hh not found! Is it loaded? background-color: black;color:white;border-radius:15px @ http://localhost:5199/node_modules/.vite/deps/@strudel_web.js?v=271342c3:10
[  732155ms] [LOG] %c[getTrigger] error: sound RolandTR909_bd not found! Is it loaded? background-color: black;color:white;border-radius:15px @ http://localhost:5199/node_modules/.vite/deps/@strudel_web.js?v=271342c3:10
[  732155ms] [LOG] %c[getTrigger] error: sound RolandTR909_hh not found! Is it loaded? background-color: black;color:white;border-radius:15px @ http://localhost:5199/node_modules/.vite/deps/@strudel_web.js?v=271342c3:10
[  732342ms] [LOG] %c[getTrigger] error: sound RolandTR909_bd not found! Is it loaded? background-color: black;color:white;border-radius:15px @ http://localhost:5199/node_modules/.vite/deps/@strudel_web.js?v=271342c3:10
[  732342ms] [LOG] %c[getTrigger] error: sound RolandTR808_rim not found! Is it loaded? background-color: black;color:white;border-radius:15px @ http://localhost:5199/node_modules/.vite/deps/@strudel_web.js?v=271342c3:10
[  732342ms] [LOG] %c[getTrigger] error: sound RolandTR909_hh not found! Is it loaded? background-color: black;color:white;border-radius:15px @ http://localhost:5199/node_modules/.vite/deps/@strudel_web.js?v=271342c3:10
[  732342ms] [LOG] %c[getTrigger] error: sound RolandTR808_rim not found! Is it loaded? background-color: black;color:white;border-radius:15px @ http://localhost:5199/node_modules/.vite/deps/@strudel_web.js?v=271342c3:10
[  732342ms] [LOG] %c[getTrigger] error: sound RolandTR909_hh not found! Is it loaded? background-color: black;color:white;border-radius:15px @ http://localhost:5199/node_modules/.vite/deps/@strudel_web.js?v=271342c3:10
[  732579ms] [LOG] %c[eval] code updated background-color: black;color:white;border-radius:15px @ http://localhost:5199/node_modules/.vite/deps/@strudel_web.js?v=271342c3:10
[  732640ms] [LOG] %c[getTrigger] error: sound RolandTR909_hh not found! Is it loaded? background-color: black;color:white;border-radius:15px @ http://localhost:5199/node_modules/.vite/deps/@strudel_web.js?v=271342c3:10
[  732640ms] [LOG] %c[getTrigger] error: sound RolandTR909_oh not found! Is it loaded? background-color: black;color:white;border-radius:15px @ http://localhost:5199/node_modules/.vite/deps/@strudel_web.js?v=271342c3:10
[  732640ms] [LOG] %c[getTrigger] error: sound RolandTR909_hh not found! Is it loaded? background-color: black;color:white;border-radius:15px @ http://localhost:5199/node_modules/.vite/deps/@strudel_web.js?v=271342c3:10
[  732640ms] [LOG] %c[getTrigger] error: sound RolandTR808_sd not found! Is it loaded? background-color: black;color:white;border-radius:15px @ http://localhost:5199/node_modules/.vite/deps/@strudel_web.js?v=271342c3:10
[  732741ms] [LOG] %c[getTrigger] error: sound RolandTR909_hh not found! Is it loaded? background-color: black;color:white;border-radius:15px @ http://localhost:5199/node_modules/.vite/deps/@strudel_web.js?v=271342c3:10
[  732741ms] [LOG] %c[getTrigger] error: sound RolandTR808_rim not found! Is it loaded? background-color: black;color:white;border-radius:15px @ http://localhost:5199/node_modules/.vite/deps/@strudel_web.js?v=271342c3:10
[  732841ms] [LOG] %c[getTrigger] error: sound RolandTR909_hh not found! Is it loaded? background-color: black;color:white;border-radius:15px @ http://localhost:5199/node_modules/.vite/deps/@strudel_web.js?v=271342c3:10
[  733041ms] [LOG] %c[getTrigger] error: sound RolandTR808_rim not found! Is it loaded? background-color: black;color:white;border-radius:15px @ http://localhost:5199/node_modules/.vite/deps/@strudel_web.js?v=271342c3:10
[  733042ms] [LOG] %c[getTrigger] error: sound RolandTR909_hh not found! Is it loaded? background-color: black;color:white;border-radius:15px @ http://localhost:5199/node_modules/.vite/deps/@strudel_web.js?v=271342c3:10
[  733241ms] [LOG] %c[getTrigger] error: sound RolandTR808_rim not found! Is it loaded? background-color: black;color:white;border-radius:15px @ http://localhost:5199/node_modules/.vite/deps/@strudel_web.js?v=271342c3:10
[  733340ms] [LOG] %c[getTrigger] error: sound RolandTR909_hh not found! Is it loaded? background-color: black;color:white;border-radius:15px @ http://localhost:5199/node_modules/.vite/deps/@strudel_web.js?v=271342c3:10
[  733341ms] [LOG] %c[getTrigger] error: sound RolandTR909_oh not found! Is it loaded? background-color: black;color:white;border-radius:15px @ http://localhost:5199/node_modules/.vite/deps/@strudel_web.js?v=271342c3:10
[  733341ms] [LOG] %c[getTrigger] error: sound RolandTR909_hh not found! Is it loaded? background-color: black;color:white;border-radius:15px @ http://localhost:5199/node_modules/.vite/deps/@strudel_web.js?v=271342c3:10
[  733341ms] [LOG] %c[getTrigger] error: sound RolandTR808_sd not found! Is it loaded? background-color: black;color:white;border-radius:15px @ http://localhost:5199/node_modules/.vite/deps/@strudel_web.js?v=271342c3:10
[  733440ms] [LOG] %c[getTrigger] error: sound RolandTR909_hh not found! Is it loaded? background-color: black;color:white;border-radius:15px @ http://localhost:5199/node_modules/.vite/deps/@strudel_web.js?v=271342c3:10
[  733540ms] [LOG] %c[getTrigger] error: sound RolandTR909_bd not found! Is it loaded? background-color: black;color:white;border-radius:15px @ http://localhost:5199/node_modules/.vite/deps/@strudel_web.js?v=271342c3:10
[  733541ms] [LOG] %c[getTrigger] error: sound RolandTR909_hh not found! Is it loaded? background-color: black;color:white;border-radius:15px @ http://localhost:5199/node_modules/.vite/deps/@strudel_web.js?v=271342c3:10
[  733741ms] [LOG] %c[getTrigger] error: sound RolandTR909_bd not found! Is it loaded? background-color: black;color:white;border-radius:15px @ http://localhost:5199/node_modules/.vite/deps/@strudel_web.js?v=271342c3:10
[  733741ms] [LOG] %c[getTrigger] error: sound RolandTR808_rim not found! Is it loaded? background-color: black;color:white;border-radius:15px @ http://localhost:5199/node_modules/.vite/deps/@strudel_web.js?v=271342c3:10
[  733741ms] [LOG] %c[getTrigger] error: sound RolandTR909_hh not found! Is it loaded? background-color: black;color:white;border-radius:15px @ http://localhost:5199/node_modules/.vite/deps/@strudel_web.js?v=271342c3:10
[  733741ms] [LOG] %c[getTrigger] error: sound RolandTR808_rim not found! Is it loaded? background-color: black;color:white;border-radius:15px @ http://localhost:5199/node_modules/.vite/deps/@strudel_web.js?v=271342c3:10
[  733741ms] [LOG] %c[getTrigger] error: sound RolandTR909_hh not found! Is it loaded? background-color: black;color:white;border-radius:15px @ http://localhost:5199/node_modules/.vite/deps/@strudel_web.js?v=271342c3:10
[  734040ms] [LOG] %c[getTrigger] error: sound RolandTR808_rim not found! Is it loaded? background-color: black;color:white;border-radius:15px @ http://localhost:5199/node_modules/.vite/deps/@strudel_web.js?v=271342c3:10
[  734041ms] [LOG] %c[getTrigger] error: sound RolandTR909_hh not found! Is it loaded? background-color: black;color:white;border-radius:15px @ http://localhost:5199/node_modules/.vite/deps/@strudel_web.js?v=271342c3:10
[  734041ms] [LOG] %c[getTrigger] error: sound RolandTR909_oh not found! Is it loaded? background-color: black;color:white;border-radius:15px @ http://localhost:5199/node_modules/.vite/deps/@strudel_web.js?v=271342c3:10
[  734041ms] [LOG] %c[getTrigger] error: sound RolandTR909_hh not found! Is it loaded? background-color: black;color:white;border-radius:15px @ http://localhost:5199/node_modules/.vite/deps/@strudel_web.js?v=271342c3:10
[  734041ms] [LOG] %c[getTrigger] error: sound RolandTR808_sd not found! Is it loaded? background-color: black;color:white;border-radius:15px @ http://localhost:5199/node_modules/.vite/deps/@strudel_web.js?v=271342c3:10
[  734140ms] [LOG] %c[getTrigger] error: sound RolandTR909_hh not found! Is it loaded? background-color: black;color:white;border-radius:15px @ http://localhost:5199/node_modules/.vite/deps/@strudel_web.js?v=271342c3:10
[  734140ms] [LOG] %c[getTrigger] error: sound RolandTR808_sd not found! Is it loaded? background-color: black;color:white;border-radius:15px @ http://localhost:5199/node_modules/.vite/deps/@strudel_web.js?v=271342c3:10
[  734140ms] [LOG] %c[getTrigger] error: sound RolandTR909_hh not found! Is it loaded? background-color: black;color:white;border-radius:15px @ http://localhost:5199/node_modules/.vite/deps/@strudel_web.js?v=271342c3:10
[  734240ms] [LOG] %c[getTrigger] error: sound RolandTR808_rim not found! Is it loaded? background-color: black;color:white;border-radius:15px @ http://localhost:5199/node_modules/.vite/deps/@strudel_web.js?v=271342c3:10
[  734240ms] [LOG] %c[getTrigger] error: sound RolandTR909_hh not found! Is it loaded? background-color: black;color:white;border-radius:15px @ http://localhost:5199/node_modules/.vite/deps/@strudel_web.js?v=271342c3:10
[  734440ms] [LOG] %c[getTrigger] error: sound RolandTR808_rim not found! Is it loaded? background-color: black;color:white;border-radius:15px @ http://localhost:5199/node_modules/.vite/deps/@strudel_web.js?v=271342c3:10
[  734441ms] [LOG] %c[getTrigger] error: sound RolandTR909_hh not found! Is it loaded? background-color: black;color:white;border-radius:15px @ http://localhost:5199/node_modules/.vite/deps/@strudel_web.js?v=271342c3:10
[  734640ms] [LOG] %c[getTrigger] error: sound RolandTR808_rim not found! Is it loaded? background-color: black;color:white;border-radius:15px @ http://localhost:5199/node_modules/.vite/deps/@strudel_web.js?v=271342c3:10
[  734756ms] [LOG] %c[getTrigger] error: sound RolandTR909_hh not found! Is it loaded? background-color: black;color:white;border-radius:15px @ http://localhost:5199/node_modules/.vite/deps/@strudel_web.js?v=271342c3:10
[  734756ms] [LOG] %c[getTrigger] error: sound RolandTR909_oh not found! Is it loaded? background-color: black;color:white;border-radius:15px @ http://localhost:5199/node_modules/.vite/deps/@strudel_web.js?v=271342c3:10
[  734756ms] [LOG] %c[getTrigger] error: sound RolandTR909_hh not found! Is it loaded? background-color: black;color:white;border-radius:15px @ http://localhost:5199/node_modules/.vite/deps/@strudel_web.js?v=271342c3:10
[  734756ms] [LOG] %c[getTrigger] error: sound RolandTR808_sd not found! Is it loaded? background-color: black;color:white;border-radius:15px @ http://localhost:5199/node_modules/.vite/deps/@strudel_web.js?v=271342c3:10
[  734840ms] [LOG] %c[getTrigger] error: sound RolandTR909_hh not found! Is it loaded? background-color: black;color:white;border-radius:15px @ http://localhost:5199/node_modules/.vite/deps/@strudel_web.js?v=271342c3:10
[  734840ms] [LOG] %c[getTrigger] error: sound RolandTR808_sd not found! Is it loaded? background-color: black;color:white;border-radius:15px @ http://localhost:5199/node_modules/.vite/deps/@strudel_web.js?v=271342c3:10
[  734840ms] [LOG] %c[getTrigger] error: sound RolandTR909_hh not found! Is it loaded? background-color: black;color:white;border-radius:15px @ http://localhost:5199/node_modules/.vite/deps/@strudel_web.js?v=271342c3:10
[  734940ms] [LOG] %c[getTrigger] error: sound RolandTR909_bd not found! Is it loaded? background-color: black;color:white;border-radius:15px @ http://localhost:5199/node_modules/.vite/deps/@strudel_web.js?v=271342c3:10
[  734940ms] [LOG] %c[getTrigger] error: sound RolandTR909_hh not found! Is it loaded? background-color: black;color:white;border-radius:15px @ http://localhost:5199/node_modules/.vite/deps/@strudel_web.js?v=271342c3:10
[  735148ms] [LOG] %c[getTrigger] error: sound RolandTR909_bd not found! Is it loaded? background-color: black;color:white;border-radius:15px @ http://localhost:5199/node_modules/.vite/deps/@strudel_web.js?v=271342c3:10
[  735148ms] [LOG] %c[getTrigger] error: sound RolandTR808_rim not found! Is it loaded? background-color: black;color:white;border-radius:15px @ http://localhost:5199/node_modules/.vite/deps/@strudel_web.js?v=271342c3:10
[  735148ms] [LOG] %c[getTrigger] error: sound RolandTR909_hh not found! Is it loaded? background-color: black;color:white;border-radius:15px @ http://localhost:5199/node_modules/.vite/deps/@strudel_web.js?v=271342c3:10
[  735148ms] [LOG] %c[getTrigger] error: sound RolandTR808_rim not found! Is it loaded? background-color: black;color:white;border-radius:15px @ http://localhost:5199/node_modules/.vite/deps/@strudel_web.js?v=271342c3:10
[  735148ms] [LOG] %c[getTrigger] error: sound RolandTR909_hh not found! Is it loaded? background-color: black;color:white;border-radius:15px @ http://localhost:5199/node_modules/.vite/deps/@strudel_web.js?v=271342c3:10
[  735540ms] [LOG] %c[getTrigger] error: sound RolandTR909_oh not found! Is it loaded? background-color: black;color:white;border-radius:15px @ http://localhost:5199/node_modules/.vite/deps/@strudel_web.js?v=271342c3:10
[  735541ms] [LOG] %c[getTrigger] error: sound RolandTR909_hh not found! Is it loaded? background-color: black;color:white;border-radius:15px @ http://localhost:5199/node_modules/.vite/deps/@strudel_web.js?v=271342c3:10
[  735541ms] [LOG] %c[getTrigger] error: sound RolandTR808_sd not found! Is it loaded? background-color: black;color:white;border-radius:15px @ http://localhost:5199/node_modules/.vite/deps/@strudel_web.js?v=271342c3:10
[  735541ms] [LOG] %c[getTrigger] error: sound RolandTR909_hh not found! Is it loaded? background-color: black;color:white;border-radius:15px @ http://localhost:5199/node_modules/.vite/deps/@strudel_web.js?v=271342c3:10
[  735640ms] [LOG] %c[getTrigger] error: sound RolandTR808_rim not found! Is it loaded? background-color: black;color:white;border-radius:15px @ http://localhost:5199/node_modules/.vite/deps/@strudel_web.js?v=271342c3:10
[  735640ms] [LOG] %c[getTrigger] error: sound RolandTR909_hh not found! Is it loaded? background-color: black;color:white;border-radius:15px @ http://localhost:5199/node_modules/.vite/deps/@strudel_web.js?v=271342c3:10
[  735841ms] [LOG] %c[getTrigger] error: sound RolandTR808_rim not found! Is it loaded? background-color: black;color:white;border-radius:15px @ http://localhost:5199/node_modules/.vite/deps/@strudel_web.js?v=271342c3:10
[  735841ms] [LOG] %c[getTrigger] error: sound RolandTR909_hh not found! Is it loaded? background-color: black;color:white;border-radius:15px @ http://localhost:5199/node_modules/.vite/deps/@strudel_web.js?v=271342c3:10
[  736041ms] [LOG] %c[getTrigger] error: sound RolandTR808_rim not found! Is it loaded? background-color: black;color:white;border-radius:15px @ http://localhost:5199/node_modules/.vite/deps/@strudel_web.js?v=271342c3:10
[  736141ms] [LOG] %c[getTrigger] error: sound RolandTR909_hh not found! Is it loaded? background-color: black;color:white;border-radius:15px @ http://localhost:5199/node_modules/.vite/deps/@strudel_web.js?v=271342c3:10
[  736241ms] [LOG] %c[getTrigger] error: sound RolandTR909_oh not found! Is it loaded? background-color: black;color:white;border-radius:15px @ http://localhost:5199/node_modules/.vite/deps/@strudel_web.js?v=271342c3:10
[  736241ms] [LOG] %c[getTrigger] error: sound RolandTR909_hh not found! Is it loaded? background-color: black;color:white;border-radius:15px @ http://localhost:5199/node_modules/.vite/deps/@strudel_web.js?v=271342c3:10
[  736241ms] [LOG] %c[getTrigger] error: sound RolandTR808_sd not found! Is it loaded? background-color: black;color:white;border-radius:15px @ http://localhost:5199/node_modules/.vite/deps/@strudel_web.js?v=271342c3:10
[  736242ms] [LOG] %c[getTrigger] error: sound RolandTR909_hh not found! Is it loaded? background-color: black;color:white;border-radius:15px @ http://localhost:5199/node_modules/.vite/deps/@strudel_web.js?v=271342c3:10
[  736339ms] [LOG] %c[getTrigger] error: sound RolandTR909_bd not found! Is it loaded? background-color: black;color:white;border-radius:15px @ http://localhost:5199/node_modules/.vite/deps/@strudel_web.js?v=271342c3:10
[  736339ms] [LOG] %c[getTrigger] error: sound RolandTR909_hh not found! Is it loaded? background-color: black;color:white;border-radius:15px @ http://localhost:5199/node_modules/.vite/deps/@strudel_web.js?v=271342c3:10
[  736581ms] [LOG] %c🌀 @strudel/core loaded 🌀 background-color: black;color:white;border-radius:15px @ http://localhost:5199/node_modules/.vite/deps/@strudel_web.js?v=271342c3:10
[  736596ms] [ERROR] FREQUENCY: failed to start ReferenceError: ExportOverlay is not defined
    at <instance_members_initializer> (http://localhost:5199/src/app/Game.ts?t=1786380526121:90:18)
    at new Game (http://localhost:5199/src/app/Game.ts?t=1786380526121:153:13)
    at http://localhost:5199/src/main.ts?t=1786380526121:11:2 @ http://localhost:5199/@vite/client:528
[  741148ms] [LOG] %c🌀 @strudel/core loaded 🌀 background-color: black;color:white;border-radius:15px @ http://localhost:5199/node_modules/.vite/deps/@strudel_web.js?v=271342c3:10
[  741177ms] [VERBOSE] [DOM] Password field is not contained in a form: (More info: https://goo.gl/9p2vKq) %o @ http://localhost:5199/:0
[  742983ms] [LOG] %c[eval] code updated background-color: black;color:white;border-radius:15px @ http://localhost:5199/node_modules/.vite/deps/@strudel_web.js?v=271342c3:10
[  742983ms] [LOG] %c[cyclist] start background-color: black;color:white;border-radius:15px @ http://localhost:5199/node_modules/.vite/deps/@strudel_web.js?v=271342c3:10
[  742988ms] [LOG] %c[getTrigger] error: sound RolandTR909_bd not found! Is it loaded? background-color: black;color:white;border-radius:15px @ http://localhost:5199/node_modules/.vite/deps/@strudel_web.js?v=271342c3:10
[  742988ms] [LOG] %c[getTrigger] error: sound RolandTR909_hh not found! Is it loaded? background-color: black;color:white;border-radius:15px @ http://localhost:5199/node_modules/.vite/deps/@strudel_web.js?v=271342c3:10
[  742988ms] [LOG] %c[getTrigger] error: sound RolandTR808_rim not found! Is it loaded? background-color: black;color:white;border-radius:15px @ http://localhost:5199/node_modules/.vite/deps/@strudel_web.js?v=271342c3:10
[  743003ms] [LOG] %c[getTrigger] error: sound RolandTR909_hh not found! Is it loaded? background-color: black;color:white;border-radius:15px @ http://localhost:5199/node_modules/.vite/deps/@strudel_web.js?v=271342c3:10
[  743003ms] [LOG] %c[getTrigger] error: sound RolandTR909_oh not found! Is it loaded? background-color: black;color:white;border-radius:15px @ http://localhost:5199/node_modules/.vite/deps/@strudel_web.js?v=271342c3:10
[  743003ms] [LOG] %c[getTrigger] error: sound RolandTR909_hh not found! Is it loaded? background-color: black;color:white;border-radius:15px @ http://localhost:5199/node_modules/.vite/deps/@strudel_web.js?v=271342c3:10
[  743003ms] [LOG] %c[getTrigger] error: Failed to construct 'AudioWorkletNode': AudioWorkletNode cannot be created: AudioWorklet does not have a valid AudioWorkletGlobalScope. Load a script via audioWorklet.addModule() first. background-color: black;color:white;border-radius:15px @ http://localhost:5199/node_modules/.vite/deps/@strudel_web.js?v=271342c3:10
[  743091ms] [LOG] %c[getTrigger] error: sound RolandTR909_hh not found! Is it loaded? background-color: black;color:white;border-radius:15px @ http://localhost:5199/node_modules/.vite/deps/@strudel_web.js?v=271342c3:10
[  743191ms] [LOG] %c[getTrigger] error: sound RolandTR808_rim not found! Is it loaded? background-color: black;color:white;border-radius:15px @ http://localhost:5199/node_modules/.vite/deps/@strudel_web.js?v=271342c3:10
[  743192ms] [LOG] %c[getTrigger] error: sound RolandTR909_cp not found! Is it loaded? background-color: black;color:white;border-radius:15px @ http://localhost:5199/node_modules/.vite/deps/@strudel_web.js?v=271342c3:10
[  743192ms] [LOG] %c[getTrigger] error: sound RolandTR808_sd not found! Is it loaded? background-color: black;color:white;border-radius:15px @ http://localhost:5199/node_modules/.vite/deps/@strudel_web.js?v=271342c3:10
[  743192ms] [LOG] %c[getTrigger] error: sound RolandTR909_hh not found! Is it loaded? background-color: black;color:white;border-radius:15px @ http://localhost:5199/node_modules/.vite/deps/@strudel_web.js?v=271342c3:10
[  743393ms] [LOG] %c[getTrigger] error: sound RolandTR909_oh not found! Is it loaded? background-color: black;color:white;border-radius:15px @ http://localhost:5199/node_modules/.vite/deps/@strudel_web.js?v=271342c3:10
[  743393ms] [LOG] %c[getTrigger] error: sound RolandTR909_hh not found! Is it loaded? background-color: black;color:white;border-radius:15px @ http://localhost:5199/node_modules/.vite/deps/@strudel_web.js?v=271342c3:10
[  743592ms] [LOG] %c[getTrigger] error: sound RolandTR808_rim not found! Is it loaded? background-color: black;color:white;border-radius:15px @ http://localhost:5199/node_modules/.vite/deps/@strudel_web.js?v=271342c3:10
[  743592ms] [LOG] %c[getTrigger] error: sound RolandTR909_hh not found! Is it loaded? background-color: black;color:white;border-radius:15px @ http://localhost:5199/node_modules/.vite/deps/@strudel_web.js?v=271342c3:10
[  743592ms] [LOG] %c[getTrigger] error: Failed to construct 'AudioWorkletNode': AudioWorkletNode cannot be created: AudioWorklet does not have a valid AudioWorkletGlobalScope. Load a script via audioWorklet.addModule() first. background-color: black;color:white;border-radius:15px @ http://localhost:5199/node_modules/.vite/deps/@strudel_web.js?v=271342c3:10
[  743691ms] [LOG] %c[getTrigger] error: sound RolandTR909_hh not found! Is it loaded? background-color: black;color:white;border-radius:15px @ http://localhost:5199/node_modules/.vite/deps/@strudel_web.js?v=271342c3:10
[  743691ms] [LOG] %c[getTrigger] error: sound RolandTR909_oh not found! Is it loaded? background-color: black;color:white;border-radius:15px @ http://localhost:5199/node_modules/.vite/deps/@strudel_web.js?v=271342c3:10
[  743692ms] [LOG] %c[getTrigger] error: sound RolandTR909_hh not found! Is it loaded? background-color: black;color:white;border-radius:15px @ http://localhost:5199/node_modules/.vite/deps/@strudel_web.js?v=271342c3:10
[  743890ms] [LOG] %c[getTrigger] error: sound RolandTR808_rim not found! Is it loaded? background-color: black;color:white;border-radius:15px @ http://localhost:5199/node_modules/.vite/deps/@strudel_web.js?v=271342c3:10
[  743890ms] [LOG] %c[getTrigger] error: sound RolandTR909_cp not found! Is it loaded? background-color: black;color:white;border-radius:15px @ http://localhost:5199/node_modules/.vite/deps/@strudel_web.js?v=271342c3:10
[  743891ms] [LOG] %c[getTrigger] error: sound RolandTR808_sd not found! Is it loaded? background-color: black;color:white;border-radius:15px @ http://localhost:5199/node_modules/.vite/deps/@strudel_web.js?v=271342c3:10
[  743891ms] [LOG] %c[getTrigger] error: sound RolandTR909_hh not found! Is it loaded? background-color: black;color:white;border-radius:15px @ http://localhost:5199/node_modules/.vite/deps/@strudel_web.js?v=271342c3:10
[  744092ms] [LOG] %c[getTrigger] error: sound RolandTR909_oh not found! Is it loaded? background-color: black;color:white;border-radius:15px @ http://localhost:5199/node_modules/.vite/deps/@strudel_web.js?v=271342c3:10
[  744092ms] [LOG] %c[getTrigger] error: sound RolandTR909_hh not found! Is it loaded? background-color: black;color:white;border-radius:15px @ http://localhost:5199/node_modules/.vite/deps/@strudel_web.js?v=271342c3:10
[  744292ms] [LOG] %c[getTrigger] error: sound RolandTR909_bd not found! Is it loaded? background-color: black;color:white;border-radius:15px @ http://localhost:5199/node_modules/.vite/deps/@strudel_web.js?v=271342c3:10
[  744292ms] [LOG] %c[getTrigger] error: sound RolandTR909_hh not found! Is it loaded? background-color: black;color:white;border-radius:15px @ http://localhost:5199/node_modules/.vite/deps/@strudel_web.js?v=271342c3:10
[  744292ms] [LOG] %c[getTrigger] error: sound RolandTR808_rim not found! Is it loaded? background-color: black;color:white;border-radius:15px @ http://localhost:5199/node_modules/.vite/deps/@strudel_web.js?v=271342c3:10
[  744292ms] [LOG] %c[getTrigger] error: sound RolandTR909_hh not found! Is it loaded? background-color: black;color:white;border-radius:15px @ http://localhost:5199/node_modules/.vite/deps/@strudel_web.js?v=271342c3:10
[  744292ms] [LOG] %c[getTrigger] error: Failed to construct 'AudioWorkletNode': AudioWorkletNode cannot be created: AudioWorklet does not have a valid AudioWorkletGlobalScope. Load a script via audioWorklet.addModule() first. background-color: black;color:white;border-radius:15px @ http://localhost:5199/node_modules/.vite/deps/@strudel_web.js?v=271342c3:10
[  744391ms] [LOG] %c[getTrigger] error: sound RolandTR909_hh not found! Is it loaded? background-color: black;color:white;border-radius:15px @ http://localhost:5199/node_modules/.vite/deps/@strudel_web.js?v=271342c3:10
[  744391ms] [LOG] %c[getTrigger] error: sound RolandTR909_oh not found! Is it loaded? background-color: black;color:white;border-radius:15px @ http://localhost:5199/node_modules/.vite/deps/@strudel_web.js?v=271342c3:10
[  744391ms] [LOG] %c[getTrigger] error: sound RolandTR909_hh not found! Is it loaded? background-color: black;color:white;border-radius:15px @ http://localhost:5199/node_modules/.vite/deps/@strudel_web.js?v=271342c3:10
[  744461ms] [LOG] %c[eval] code updated background-color: black;color:white;border-radius:15px @ http://localhost:5199/node_modules/.vite/deps/@strudel_web.js?v=271342c3:10
[  744491ms] [LOG] %c[getTrigger] error: sound RolandTR909_hh not found! Is it loaded? background-color: black;color:white;border-radius:15px @ http://localhost:5199/node_modules/.vite/deps/@strudel_web.js?v=271342c3:10
[  744790ms] [LOG] %c[getTrigger] error: sound RolandTR808_rim not found! Is it loaded? background-color: black;color:white;border-radius:15px @ http://localhost:5199/node_modules/.vite/deps/@strudel_web.js?v=271342c3:10
[  744790ms] [LOG] %c[getTrigger] error: sound RolandTR909_cp not found! Is it loaded? background-color: black;color:white;border-radius:15px @ http://localhost:5199/node_modules/.vite/deps/@strudel_web.js?v=271342c3:10
[  744790ms] [LOG] %c[getTrigger] error: sound RolandTR808_sd not found! Is it loaded? background-color: black;color:white;border-radius:15px @ http://localhost:5199/node_modules/.vite/deps/@strudel_web.js?v=271342c3:10
[  744790ms] [LOG] %c[getTrigger] error: sound RolandTR909_hh not found! Is it loaded? background-color: black;color:white;border-radius:15px @ http://localhost:5199/node_modules/.vite/deps/@strudel_web.js?v=271342c3:10
[  745091ms] [LOG] %c[getTrigger] error: sound RolandTR909_oh not found! Is it loaded? background-color: black;color:white;border-radius:15px @ http://localhost:5199/node_modules/.vite/deps/@strudel_web.js?v=271342c3:10
[  745091ms] [LOG] %c[getTrigger] error: sound RolandTR909_hh not found! Is it loaded? background-color: black;color:white;border-radius:15px @ http://localhost:5199/node_modules/.vite/deps/@strudel_web.js?v=271342c3:10
[  745399ms] [LOG] %c[getTrigger] error: sound RolandTR808_rim not found! Is it loaded? background-color: black;color:white;border-radius:15px @ http://localhost:5199/node_modules/.vite/deps/@strudel_web.js?v=271342c3:10
[  745399ms] [LOG] %c[getTrigger] error: sound RolandTR909_hh not found! Is it loaded? background-color: black;color:white;border-radius:15px @ http://localhost:5199/node_modules/.vite/deps/@strudel_web.js?v=271342c3:10
[  745399ms] [LOG] %c[getTrigger] error: Failed to construct 'AudioWorkletNode': AudioWorkletNode cannot be created: AudioWorklet does not have a valid AudioWorkletGlobalScope. Load a script via audioWorklet.addModule() first. background-color: black;color:white;border-radius:15px @ http://localhost:5199/node_modules/.vite/deps/@strudel_web.js?v=271342c3:10
[  745490ms] [LOG] %c[getTrigger] error: sound RolandTR909_hh not found! Is it loaded? background-color: black;color:white;border-radius:15px @ http://localhost:5199/node_modules/.vite/deps/@strudel_web.js?v=271342c3:10
[  745791ms] [LOG] %c[getTrigger] error: sound RolandTR909_oh not found! Is it loaded? background-color: black;color:white;border-radius:15px @ http://localhost:5199/node_modules/.vite/deps/@strudel_web.js?v=271342c3:10
[  745791ms] [LOG] %c[getTrigger] error: sound RolandTR909_hh not found! Is it loaded? background-color: black;color:white;border-radius:15px @ http://localhost:5199/node_modules/.vite/deps/@strudel_web.js?v=271342c3:10
[  746093ms] [LOG] %c[getTrigger] error: sound RolandTR808_rim not found! Is it loaded? background-color: black;color:white;border-radius:15px @ http://localhost:5199/node_modules/.vite/deps/@strudel_web.js?v=271342c3:10
[  746093ms] [LOG] %c[getTrigger] error: sound RolandTR909_cp not found! Is it loaded? background-color: black;color:white;border-radius:15px @ http://localhost:5199/node_modules/.vite/deps/@strudel_web.js?v=271342c3:10
[  746093ms] [LOG] %c[getTrigger] error: sound RolandTR909_hh not found! Is it loaded? background-color: black;color:white;border-radius:15px @ http://localhost:5199/node_modules/.vite/deps/@strudel_web.js?v=271342c3:10
[  746093ms] [LOG] %c[getTrigger] error: sound RolandTR808_sd not found! Is it loaded? background-color: black;color:white;border-radius:15px @ http://localhost:5199/node_modules/.vite/deps/@strudel_web.js?v=271342c3:10
[  746192ms] [LOG] %c[getTrigger] error: sound RolandTR909_hh not found! Is it loaded? background-color: black;color:white;border-radius:15px @ http://localhost:5199/node_modules/.vite/deps/@strudel_web.js?v=271342c3:10
[  746390ms] [LOG] %c[getTrigger] error: sound RolandTR909_oh not found! Is it loaded? background-color: black;color:white;border-radius:15px @ http://localhost:5199/node_modules/.vite/deps/@strudel_web.js?v=271342c3:10
[  746391ms] [LOG] %c[getTrigger] error: sound RolandTR909_hh not found! Is it loaded? background-color: black;color:white;border-radius:15px @ http://localhost:5199/node_modules/.vite/deps/@strudel_web.js?v=271342c3:10
[  746793ms] [LOG] %c[getTrigger] error: sound RolandTR909_bd not found! Is it loaded? background-color: black;color:white;border-radius:15px @ http://localhost:5199/node_modules/.vite/deps/@strudel_web.js?v=271342c3:10
[  746793ms] [LOG] %c[getTrigger] error: sound RolandTR909_hh not found! Is it loaded? background-color: black;color:white;border-radius:15px @ http://localhost:5199/node_modules/.vite/deps/@strudel_web.js?v=271342c3:10
[  746794ms] [LOG] %c[getTrigger] error: sound RolandTR808_rim not found! Is it loaded? background-color: black;color:white;border-radius:15px @ http://localhost:5199/node_modules/.vite/deps/@strudel_web.js?v=271342c3:10
[  746794ms] [LOG] %c[getTrigger] error: sound RolandTR909_hh not found! Is it loaded? background-color: black;color:white;border-radius:15px @ http://localhost:5199/node_modules/.vite/deps/@strudel_web.js?v=271342c3:10
[  746794ms] [LOG] %c[getTrigger] error: Failed to construct 'AudioWorkletNode': AudioWorkletNode cannot be created: AudioWorklet does not have a valid AudioWorkletGlobalScope. Load a script via audioWorklet.addModule() first. background-color: black;color:white;border-radius:15px @ http://localhost:5199/node_modules/.vite/deps/@strudel_web.js?v=271342c3:10
[  746891ms] [LOG] %c[getTrigger] error: sound RolandTR909_hh not found! Is it loaded? background-color: black;color:white;border-radius:15px @ http://localhost:5199/node_modules/.vite/deps/@strudel_web.js?v=271342c3:10
[  747003ms] [LOG] %c[eval] code updated background-color: black;color:white;border-radius:15px @ http://localhost:5199/node_modules/.vite/deps/@strudel_web.js?v=271342c3:10
[  747091ms] [LOG] %c[getTrigger] error: sound RolandTR909_oh not found! Is it loaded? background-color: black;color:white;border-radius:15px @ http://localhost:5199/node_modules/.vite/deps/@strudel_web.js?v=271342c3:10
[  747091ms] [LOG] %c[getTrigger] error: sound RolandTR909_hh not found! Is it loaded? background-color: black;color:white;border-radius:15px @ http://localhost:5199/node_modules/.vite/deps/@strudel_web.js?v=271342c3:10
[  747392ms] [LOG] %c[getTrigger] error: sound RolandTR808_rim not found! Is it loaded? background-color: black;color:white;border-radius:15px @ http://localhost:5199/node_modules/.vite/deps/@strudel_web.js?v=271342c3:10
[  747392ms] [LOG] %c[getTrigger] error: sound RolandTR909_cp not found! Is it loaded? background-color: black;color:white;border-radius:15px @ http://localhost:5199/node_modules/.vite/deps/@strudel_web.js?v=271342c3:10
[  747392ms] [LOG] %c[getTrigger] error: sound RolandTR909_hh not found! Is it loaded? background-color: black;color:white;border-radius:15px @ http://localhost:5199/node_modules/.vite/deps/@strudel_web.js?v=271342c3:10
[  747490ms] [LOG] %c[getTrigger] error: sound RolandTR808_sd not found! Is it loaded? background-color: black;color:white;border-radius:15px @ http://localhost:5199/node_modules/.vite/deps/@strudel_web.js?v=271342c3:10
[  747491ms] [LOG] %c[getTrigger] error: sound RolandTR909_hh not found! Is it loaded? background-color: black;color:white;border-radius:15px @ http://localhost:5199/node_modules/.vite/deps/@strudel_web.js?v=271342c3:10
[  747641ms] [LOG] %c[superdough] AudioWorklets loaded background-color: black;color:white;border-radius:15px @ http://localhost:5199/node_modules/.vite/deps/@strudel_web.js?v=271342c3:10
[  747641ms] [LOG] %c[superdough] ready background-color: black;color:white;border-radius:15px @ http://localhost:5199/node_modules/.vite/deps/@strudel_web.js?v=271342c3:10
[  747690ms] [LOG] %c[getTrigger] error: sound RolandTR909_hh not found! Is it loaded? background-color: black;color:white;border-radius:15px @ http://localhost:5199/node_modules/.vite/deps/@strudel_web.js?v=271342c3:10
[  747790ms] [LOG] %c[getTrigger] error: sound RolandTR909_oh not found! Is it loaded? background-color: black;color:white;border-radius:15px @ http://localhost:5199/node_modules/.vite/deps/@strudel_web.js?v=271342c3:10
[  747790ms] [LOG] %c[getTrigger] error: sound RolandTR909_hh not found! Is it loaded? background-color: black;color:white;border-radius:15px @ http://localhost:5199/node_modules/.vite/deps/@strudel_web.js?v=271342c3:10
[  748093ms] [LOG] %c[getTrigger] error: sound RolandTR808_rim not found! Is it loaded? background-color: black;color:white;border-radius:15px @ http://localhost:5199/node_modules/.vite/deps/@strudel_web.js?v=271342c3:10
[  748094ms] [LOG] %c[getTrigger] error: sound RolandTR909_hh not found! Is it loaded? background-color: black;color:white;border-radius:15px @ http://localhost:5199/node_modules/.vite/deps/@strudel_web.js?v=271342c3:10
[  748391ms] [LOG] %c[getTrigger] error: sound RolandTR909_oh not found! Is it loaded? background-color: black;color:white;border-radius:15px @ http://localhost:5199/node_modules/.vite/deps/@strudel_web.js?v=271342c3:10
[  748391ms] [LOG] %c[getTrigger] error: sound RolandTR909_hh not found! Is it loaded? background-color: black;color:white;border-radius:15px @ http://localhost:5199/node_modules/.vite/deps/@strudel_web.js?v=271342c3:10
[  748792ms] [LOG] %c[getTrigger] error: sound RolandTR808_rim not found! Is it loaded? background-color: black;color:white;border-radius:15px @ http://localhost:5199/node_modules/.vite/deps/@strudel_web.js?v=271342c3:10
[  748792ms] [LOG] %c[getTrigger] error: sound RolandTR909_cp not found! Is it loaded? background-color: black;color:white;border-radius:15px @ http://localhost:5199/node_modules/.vite/deps/@strudel_web.js?v=271342c3:10
[  748792ms] [LOG] %c[getTrigger] error: sound RolandTR808_sd not found! Is it loaded? background-color: black;color:white;border-radius:15px @ http://localhost:5199/node_modules/.vite/deps/@strudel_web.js?v=271342c3:10
[  748792ms] [LOG] %c[getTrigger] error: sound RolandTR909_hh not found! Is it loaded? background-color: black;color:white;border-radius:15px @ http://localhost:5199/node_modules/.vite/deps/@strudel_web.js?v=271342c3:10
[  749090ms] [LOG] %c[getTrigger] error: sound RolandTR909_oh not found! Is it loaded? background-color: black;color:white;border-radius:15px @ http://localhost:5199/node_modules/.vite/deps/@strudel_web.js?v=271342c3:10
[  749090ms] [LOG] %c[getTrigger] error: sound RolandTR909_hh not found! Is it loaded? background-color: black;color:white;border-radius:15px @ http://localhost:5199/node_modules/.vite/deps/@strudel_web.js?v=271342c3:10
[  749391ms] [LOG] %c[getTrigger] error: sound RolandTR909_bd not found! Is it loaded? background-color: black;color:white;border-radius:15px @ http://localhost:5199/node_modules/.vite/deps/@strudel_web.js?v=271342c3:10
[  749391ms] [LOG] %c[getTrigger] error: sound RolandTR909_hh not found! Is it loaded? background-color: black;color:white;border-radius:15px @ http://localhost:5199/node_modules/.vite/deps/@strudel_web.js?v=271342c3:10
[  749391ms] [LOG] %c[getTrigger] error: sound RolandTR808_rim not found! Is it loaded? background-color: black;color:white;border-radius:15px @ http://localhost:5199/node_modules/.vite/deps/@strudel_web.js?v=271342c3:10
[  749391ms] [LOG] %c[getTrigger] error: sound RolandTR909_hh not found! Is it loaded? background-color: black;color:white;border-radius:15px @ http://localhost:5199/node_modules/.vite/deps/@strudel_web.js?v=271342c3:10
[  749655ms] [LOG] %c[eval] code updated background-color: black;color:white;border-radius:15px @ http://localhost:5199/node_modules/.vite/deps/@strudel_web.js?v=271342c3:10
[  749691ms] [LOG] %c[getTrigger] error: sound RolandTR909_hh not found! Is it loaded? background-color: black;color:white;border-radius:15px @ http://localhost:5199/node_modules/.vite/deps/@strudel_web.js?v=271342c3:10
[  750092ms] [LOG] %c[getTrigger] error: sound RolandTR808_rim not found! Is it loaded? background-color: black;color:white;border-radius:15px @ http://localhost:5199/node_modules/.vite/deps/@strudel_web.js?v=271342c3:10
[  750092ms] [LOG] %c[getTrigger] error: sound RolandTR909_hh not found! Is it loaded? background-color: black;color:white;border-radius:15px @ http://localhost:5199/node_modules/.vite/deps/@strudel_web.js?v=271342c3:10
[  750092ms] [LOG] %c[getTrigger] error: sound RolandTR909_oh not found! Is it loaded? background-color: black;color:white;border-radius:15px @ http://localhost:5199/node_modules/.vite/deps/@strudel_web.js?v=271342c3:10
[  750092ms] [LOG] %c[getTrigger] error: sound RolandTR909_hh not found! Is it loaded? background-color: black;color:white;border-radius:15px @ http://localhost:5199/node_modules/.vite/deps/@strudel_web.js?v=271342c3:10
[  750092ms] [LOG] %c[getTrigger] error: sound RolandTR808_sd not found! Is it loaded? background-color: black;color:white;border-radius:15px @ http://localhost:5199/node_modules/.vite/deps/@strudel_web.js?v=271342c3:10
[  750190ms] [LOG] %c[getTrigger] error: sound RolandTR909_hh not found! Is it loaded? background-color: black;color:white;border-radius:15px @ http://localhost:5199/node_modules/.vite/deps/@strudel_web.js?v=271342c3:10
[  750292ms] [LOG] %c[getTrigger] error: sound RolandTR808_rim not found! Is it loaded? background-color: black;color:white;border-radius:15px @ http://localhost:5199/node_modules/.vite/deps/@strudel_web.js?v=271342c3:10
[  750401ms] [LOG] %c[getTrigger] error: sound RolandTR909_hh not found! Is it loaded? background-color: black;color:white;border-radius:15px @ http://localhost:5199/node_modules/.vite/deps/@strudel_web.js?v=271342c3:10
[  750791ms] [LOG] %c[getTrigger] error: sound RolandTR808_rim not found! Is it loaded? background-color: black;color:white;border-radius:15px @ http://localhost:5199/node_modules/.vite/deps/@strudel_web.js?v=271342c3:10
[  750792ms] [LOG] %c[getTrigger] error: sound RolandTR909_hh not found! Is it loaded? background-color: black;color:white;border-radius:15px @ http://localhost:5199/node_modules/.vite/deps/@strudel_web.js?v=271342c3:10
[  751191ms] [LOG] %c[getTrigger] error: sound RolandTR808_rim not found! Is it loaded? background-color: black;color:white;border-radius:15px @ http://localhost:5199/node_modules/.vite/deps/@strudel_web.js?v=271342c3:10
[  751290ms] [LOG] %c[getTrigger] error: sound RolandTR909_hh not found! Is it loaded? background-color: black;color:white;border-radius:15px @ http://localhost:5199/node_modules/.vite/deps/@strudel_web.js?v=271342c3:10
[  751391ms] [LOG] %c[getTrigger] error: sound RolandTR909_oh not found! Is it loaded? background-color: black;color:white;border-radius:15px @ http://localhost:5199/node_modules/.vite/deps/@strudel_web.js?v=271342c3:10
[  751391ms] [LOG] %c[getTrigger] error: sound RolandTR909_hh not found! Is it loaded? background-color: black;color:white;border-radius:15px @ http://localhost:5199/node_modules/.vite/deps/@strudel_web.js?v=271342c3:10
[  751391ms] [LOG] %c[getTrigger] error: sound RolandTR808_sd not found! Is it loaded? background-color: black;color:white;border-radius:15px @ http://localhost:5199/node_modules/.vite/deps/@strudel_web.js?v=271342c3:10
[  751490ms] [LOG] %c[getTrigger] error: sound RolandTR909_hh not found! Is it loaded? background-color: black;color:white;border-radius:15px @ http://localhost:5199/node_modules/.vite/deps/@strudel_web.js?v=271342c3:10
[  751791ms] [LOG] %c[getTrigger] error: sound RolandTR909_bd not found! Is it loaded? background-color: black;color:white;border-radius:15px @ http://localhost:5199/node_modules/.vite/deps/@strudel_web.js?v=271342c3:10
[  751791ms] [LOG] %c[getTrigger] error: sound RolandTR909_hh not found! Is it loaded? background-color: black;color:white;border-radius:15px @ http://localhost:5199/node_modules/.vite/deps/@strudel_web.js?v=271342c3:10
[  752093ms] [LOG] %c[getTrigger] error: sound RolandTR909_bd not found! Is it loaded? background-color: black;color:white;border-radius:15px @ http://localhost:5199/node_modules/.vite/deps/@strudel_web.js?v=271342c3:10
[  752094ms] [LOG] %c[getTrigger] error: sound RolandTR808_rim not found! Is it loaded? background-color: black;color:white;border-radius:15px @ http://localhost:5199/node_modules/.vite/deps/@strudel_web.js?v=271342c3:10
[  752094ms] [LOG] %c[getTrigger] error: sound RolandTR909_hh not found! Is it loaded? background-color: black;color:white;border-radius:15px @ http://localhost:5199/node_modules/.vite/deps/@strudel_web.js?v=271342c3:10
[  752094ms] [LOG] %c[getTrigger] error: sound RolandTR808_rim not found! Is it loaded? background-color: black;color:white;border-radius:15px @ http://localhost:5199/node_modules/.vite/deps/@strudel_web.js?v=271342c3:10
[  752094ms] [LOG] %c[getTrigger] error: sound RolandTR909_hh not found! Is it loaded? background-color: black;color:white;border-radius:15px @ http://localhost:5199/node_modules/.vite/deps/@strudel_web.js?v=271342c3:10
[  752323ms] [LOG] %c[eval] code updated background-color: black;color:white;border-radius:15px @ http://localhost:5199/node_modules/.vite/deps/@strudel_web.js?v=271342c3:10
[  752391ms] [LOG] %c[getTrigger] error: sound RolandTR909_hh not found! Is it loaded? background-color: black;color:white;border-radius:15px @ http://localhost:5199/node_modules/.vite/deps/@strudel_web.js?v=271342c3:10
[  752791ms] [LOG] %c[getTrigger] error: sound RolandTR909_oh not found! Is it loaded? background-color: black;color:white;border-radius:15px @ http://localhost:5199/node_modules/.vite/deps/@strudel_web.js?v=271342c3:10
[  752791ms] [LOG] %c[getTrigger] error: sound RolandTR909_hh not found! Is it loaded? background-color: black;color:white;border-radius:15px @ http://localhost:5199/node_modules/.vite/deps/@strudel_web.js?v=271342c3:10
[  752791ms] [LOG] %c[getTrigger] error: sound RolandTR808_sd not found! Is it loaded? background-color: black;color:white;border-radius:15px @ http://localhost:5199/node_modules/.vite/deps/@strudel_web.js?v=271342c3:10
[  752792ms] [LOG] %c[getTrigger] error: sound RolandTR909_hh not found! Is it loaded? background-color: black;color:white;border-radius:15px @ http://localhost:5199/node_modules/.vite/deps/@strudel_web.js?v=271342c3:10
[  752990ms] [LOG] %c[getTrigger] error: sound RolandTR808_rim not found! Is it loaded? background-color: black;color:white;border-radius:15px @ http://localhost:5199/node_modules/.vite/deps/@strudel_web.js?v=271342c3:10
[  752990ms] [LOG] %c[getTrigger] error: sound RolandTR909_hh not found! Is it loaded? background-color: black;color:white;border-radius:15px @ http://localhost:5199/node_modules/.vite/deps/@strudel_web.js?v=271342c3:10
[  753392ms] [LOG] %c[getTrigger] error: sound RolandTR808_rim not found! Is it loaded? background-color: black;color:white;border-radius:15px @ http://localhost:5199/node_modules/.vite/deps/@strudel_web.js?v=271342c3:10
[  753392ms] [LOG] %c[getTrigger] error: sound RolandTR909_hh not found! Is it loaded? background-color: black;color:white;border-radius:15px @ http://localhost:5199/node_modules/.vite/deps/@strudel_web.js?v=271342c3:10
[  753891ms] [LOG] %c[getTrigger] error: sound RolandTR808_rim not found! Is it loaded? background-color: black;color:white;border-radius:15px @ http://localhost:5199/node_modules/.vite/deps/@strudel_web.js?v=271342c3:10
[  753891ms] [LOG] %c[getTrigger] error: sound RolandTR909_hh not found! Is it loaded? background-color: black;color:white;border-radius:15px @ http://localhost:5199/node_modules/.vite/deps/@strudel_web.js?v=271342c3:10
[  754092ms] [LOG] %c[getTrigger] error: sound RolandTR909_oh not found! Is it loaded? background-color: black;color:white;border-radius:15px @ http://localhost:5199/node_modules/.vite/deps/@strudel_web.js?v=271342c3:10
[  754092ms] [LOG] %c[getTrigger] error: sound RolandTR909_hh not found! Is it loaded? background-color: black;color:white;border-radius:15px @ http://localhost:5199/node_modules/.vite/deps/@strudel_web.js?v=271342c3:10
[  754092ms] [LOG] %c[getTrigger] error: sound RolandTR808_sd not found! Is it loaded? background-color: black;color:white;border-radius:15px @ http://localhost:5199/node_modules/.vite/deps/@strudel_web.js?v=271342c3:10
[  754191ms] [LOG] %c[getTrigger] error: sound RolandTR909_hh not found! Is it loaded? background-color: black;color:white;border-radius:15px @ http://localhost:5199/node_modules/.vite/deps/@strudel_web.js?v=271342c3:10
[  754391ms] [LOG] %c[getTrigger] error: sound RolandTR909_bd not found! Is it loaded? background-color: black;color:white;border-radius:15px @ http://localhost:5199/node_modules/.vite/deps/@strudel_web.js?v=271342c3:10
[  754391ms] [LOG] %c[getTrigger] error: sound RolandTR909_hh not found! Is it loaded? background-color: black;color:white;border-radius:15px @ http://localhost:5199/node_modules/.vite/deps/@strudel_web.js?v=271342c3:10
[  754793ms] [LOG] %c[getTrigger] error: sound RolandTR909_bd not found! Is it loaded? background-color: black;color:white;border-radius:15px @ http://localhost:5199/node_modules/.vite/deps/@strudel_web.js?v=271342c3:10
[  754793ms] [LOG] %c[getTrigger] error: sound RolandTR808_rim not found! Is it loaded? background-color: black;color:white;border-radius:15px @ http://localhost:5199/node_modules/.vite/deps/@strudel_web.js?v=271342c3:10
[  754793ms] [LOG] %c[getTrigger] error: sound RolandTR909_hh not found! Is it loaded? background-color: black;color:white;border-radius:15px @ http://localhost:5199/node_modules/.vite/deps/@strudel_web.js?v=271342c3:10
[  754793ms] [LOG] %c[getTrigger] error: sound RolandTR808_rim not found! Is it loaded? background-color: black;color:white;border-radius:15px @ http://localhost:5199/node_modules/.vite/deps/@strudel_web.js?v=271342c3:10
[  754793ms] [LOG] %c[getTrigger] error: sound RolandTR909_hh not found! Is it loaded? background-color: black;color:white;border-radius:15px @ http://localhost:5199/node_modules/.vite/deps/@strudel_web.js?v=271342c3:10
[  754992ms] [LOG] %c[eval] code updated background-color: black;color:white;border-radius:15px @ http://localhost:5199/node_modules/.vite/deps/@strudel_web.js?v=271342c3:10
[  754993ms] [LOG] %c[getTrigger] error: sound RolandTR909_hh not found! Is it loaded? background-color: black;color:white;border-radius:15px @ http://localhost:5199/node_modules/.vite/deps/@strudel_web.js?v=271342c3:10
[  755292ms] [LOG] %c[getTrigger] error: sound RolandTR808_rim not found! Is it loaded? background-color: black;color:white;border-radius:15px @ http://localhost:5199/node_modules/.vite/deps/@strudel_web.js?v=271342c3:10
[  755292ms] [LOG] %c[getTrigger] error: sound RolandTR909_hh not found! Is it loaded? background-color: black;color:white;border-radius:15px @ http://localhost:5199/node_modules/.vite/deps/@strudel_web.js?v=271342c3:10
[  755292ms] [LOG] %c[getTrigger] error: sound RolandTR909_oh not found! Is it loaded? background-color: black;color:white;border-radius:15px @ http://localhost:5199/node_modules/.vite/deps/@strudel_web.js?v=271342c3:10
[  755292ms] [LOG] %c[getTrigger] error: sound RolandTR909_hh not found! Is it loaded? background-color: black;color:white;border-radius:15px @ http://localhost:5199/node_modules/.vite/deps/@strudel_web.js?v=271342c3:10
[  755292ms] [LOG] %c[getTrigger] error: sound RolandTR808_sd not found! Is it loaded? background-color: black;color:white;border-radius:15px @ http://localhost:5199/node_modules/.vite/deps/@strudel_web.js?v=271342c3:10
[  755292ms] [LOG] %c[getTrigger] error: sound RolandTR909_hh not found! Is it loaded? background-color: black;color:white;border-radius:15px @ http://localhost:5199/node_modules/.vite/deps/@strudel_web.js?v=271342c3:10
[  755292ms] [LOG] %c[getTrigger] error: sound RolandTR808_sd not found! Is it loaded? background-color: black;color:white;border-radius:15px @ http://localhost:5199/node_modules/.vite/deps/@strudel_web.js?v=271342c3:10
[  755392ms] [LOG] %c[getTrigger] error: sound RolandTR909_hh not found! Is it loaded? background-color: black;color:white;border-radius:15px @ http://localhost:5199/node_modules/.vite/deps/@strudel_web.js?v=271342c3:10
[  755392ms] [LOG] %c[getTrigger] error: sound RolandTR808_rim not found! Is it loaded? background-color: black;color:white;border-radius:15px @ http://localhost:5199/node_modules/.vite/deps/@strudel_web.js?v=271342c3:10
[  755491ms] [LOG] %c[getTrigger] error: sound RolandTR909_hh not found! Is it loaded? background-color: black;color:white;border-radius:15px @ http://localhost:5199/node_modules/.vite/deps/@strudel_web.js?v=271342c3:10
[  755792ms] [LOG] %c[getTrigger] error: sound RolandTR808_rim not found! Is it loaded? background-color: black;color:white;border-radius:15px @ http://localhost:5199/node_modules/.vite/deps/@strudel_web.js?v=271342c3:10
[  755793ms] [LOG] %c[getTrigger] error: sound RolandTR909_hh not found! Is it loaded? background-color: black;color:white;border-radius:15px @ http://localhost:5199/node_modules/.vite/deps/@strudel_web.js?v=271342c3:10
[  756102ms] [LOG] %c[getTrigger] error: sound RolandTR808_rim not found! Is it loaded? background-color: black;color:white;border-radius:15px @ http://localhost:5199/node_modules/.vite/deps/@strudel_web.js?v=271342c3:10
[  756103ms] [LOG] %c[getTrigger] error: sound RolandTR909_hh not found! Is it loaded? background-color: black;color:white;border-radius:15px @ http://localhost:5199/node_modules/.vite/deps/@strudel_web.js?v=271342c3:10
[  756191ms] [LOG] %c[getTrigger] error: sound RolandTR909_oh not found! Is it loaded? background-color: black;color:white;border-radius:15px @ http://localhost:5199/node_modules/.vite/deps/@strudel_web.js?v=271342c3:10
[  756192ms] [LOG] %c[getTrigger] error: sound RolandTR909_hh not found! Is it loaded? background-color: black;color:white;border-radius:15px @ http://localhost:5199/node_modules/.vite/deps/@strudel_web.js?v=271342c3:10
[  756192ms] [LOG] %c[getTrigger] error: sound RolandTR808_sd not found! Is it loaded? background-color: black;color:white;border-radius:15px @ http://localhost:5199/node_modules/.vite/deps/@strudel_web.js?v=271342c3:10
[  756292ms] [LOG] %c[getTrigger] error: sound RolandTR909_hh not found! Is it loaded? background-color: black;color:white;border-radius:15px @ http://localhost:5199/node_modules/.vite/deps/@strudel_web.js?v=271342c3:10
[  756491ms] [LOG] %c[getTrigger] error: sound RolandTR909_bd not found! Is it loaded? background-color: black;color:white;border-radius:15px @ http://localhost:5199/node_modules/.vite/deps/@strudel_web.js?v=271342c3:10
[  756491ms] [LOG] %c[getTrigger] error: sound RolandTR909_hh not found! Is it loaded? background-color: black;color:white;border-radius:15px @ http://localhost:5199/node_modules/.vite/deps/@strudel_web.js?v=271342c3:10
[  756691ms] [LOG] %c[getTrigger] error: sound RolandTR909_bd not found! Is it loaded? background-color: black;color:white;border-radius:15px @ http://localhost:5199/node_modules/.vite/deps/@strudel_web.js?v=271342c3:10
[  756691ms] [LOG] %c[getTrigger] error: sound RolandTR808_rim not found! Is it loaded? background-color: black;color:white;border-radius:15px @ http://localhost:5199/node_modules/.vite/deps/@strudel_web.js?v=271342c3:10
[  756691ms] [LOG] %c[getTrigger] error: sound RolandTR909_hh not found! Is it loaded? background-color: black;color:white;border-radius:15px @ http://localhost:5199/node_modules/.vite/deps/@strudel_web.js?v=271342c3:10
[  756691ms] [LOG] %c[getTrigger] error: sound RolandTR808_rim not found! Is it loaded? background-color: black;color:white;border-radius:15px @ http://localhost:5199/node_modules/.vite/deps/@strudel_web.js?v=271342c3:10
[  756691ms] [LOG] %c[getTrigger] error: sound RolandTR909_hh not found! Is it loaded? background-color: black;color:white;border-radius:15px @ http://localhost:5199/node_modules/.vite/deps/@strudel_web.js?v=271342c3:10
[  757191ms] [LOG] %c[getTrigger] error: sound RolandTR909_oh not found! Is it loaded? background-color: black;color:white;border-radius:15px @ http://localhost:5199/node_modules/.vite/deps/@strudel_web.js?v=271342c3:10
[  757191ms] [LOG] %c[getTrigger] error: sound RolandTR909_hh not found! Is it loaded? background-color: black;color:white;border-radius:15px @ http://localhost:5199/node_modules/.vite/deps/@strudel_web.js?v=271342c3:10
[  757191ms] [LOG] %c[getTrigger] error: sound RolandTR808_sd not found! Is it loaded? background-color: black;color:white;border-radius:15px @ http://localhost:5199/node_modules/.vite/deps/@strudel_web.js?v=271342c3:10
[  757192ms] [LOG] %c[getTrigger] error: sound RolandTR909_hh not found! Is it loaded? background-color: black;color:white;border-radius:15px @ http://localhost:5199/node_modules/.vite/deps/@strudel_web.js?v=271342c3:10
[  757291ms] [LOG] %c[getTrigger] error: sound RolandTR808_rim not found! Is it loaded? background-color: black;color:white;border-radius:15px @ http://localhost:5199/node_modules/.vite/deps/@strudel_web.js?v=271342c3:10
[  757390ms] [LOG] %c[getTrigger] error: sound RolandTR909_hh not found! Is it loaded? background-color: black;color:white;border-radius:15px @ http://localhost:5199/node_modules/.vite/deps/@strudel_web.js?v=271342c3:10
[  757603ms] [LOG] %c[getTrigger] error: sound RolandTR808_rim not found! Is it loaded? background-color: black;color:white;border-radius:15px @ http://localhost:5199/node_modules/.vite/deps/@strudel_web.js?v=271342c3:10
[  757603ms] [LOG] %c[getTrigger] error: sound RolandTR909_hh not found! Is it loaded? background-color: black;color:white;border-radius:15px @ http://localhost:5199/node_modules/.vite/deps/@strudel_web.js?v=271342c3:10
[  757891ms] [LOG] %c[getTrigger] error: sound RolandTR808_rim not found! Is it loaded? background-color: black;color:white;border-radius:15px @ http://localhost:5199/node_modules/.vite/deps/@strudel_web.js?v=271342c3:10
[  757991ms] [LOG] %c[getTrigger] error: sound RolandTR909_hh not found! Is it loaded? background-color: black;color:white;border-radius:15px @ http://localhost:5199/node_modules/.vite/deps/@strudel_web.js?v=271342c3:10
[  758091ms] [LOG] %c[getTrigger] error: sound RolandTR909_oh not found! Is it loaded? background-color: black;color:white;border-radius:15px @ http://localhost:5199/node_modules/.vite/deps/@strudel_web.js?v=271342c3:10
[  758092ms] [LOG] %c[getTrigger] error: sound RolandTR909_hh not found! Is it loaded? background-color: black;color:white;border-radius:15px @ http://localhost:5199/node_modules/.vite/deps/@strudel_web.js?v=271342c3:10
[  758092ms] [LOG] %c[getTrigger] error: sound RolandTR808_sd not found! Is it loaded? background-color: black;color:white;border-radius:15px @ http://localhost:5199/node_modules/.vite/deps/@strudel_web.js?v=271342c3:10
[  758190ms] [LOG] %c[getTrigger] error: sound RolandTR909_hh not found! Is it loaded? background-color: black;color:white;border-radius:15px @ http://localhost:5199/node_modules/.vite/deps/@strudel_web.js?v=271342c3:10
[  758291ms] [LOG] %c[getTrigger] error: sound RolandTR909_bd not found! Is it loaded? background-color: black;color:white;border-radius:15px @ http://localhost:5199/node_modules/.vite/deps/@strudel_web.js?v=271342c3:10
[  758291ms] [LOG] %c[getTrigger] error: sound RolandTR909_hh not found! Is it loaded? background-color: black;color:white;border-radius:15px @ http://localhost:5199/node_modules/.vite/deps/@strudel_web.js?v=271342c3:10
[  758592ms] [LOG] %c[getTrigger] error: sound RolandTR909_bd not found! Is it loaded? background-color: black;color:white;border-radius:15px @ http://localhost:5199/node_modules/.vite/deps/@strudel_web.js?v=271342c3:10
[  758592ms] [LOG] %c[getTrigger] error: sound RolandTR808_rim not found! Is it loaded? background-color: black;color:white;border-radius:15px @ http://localhost:5199/node_modules/.vite/deps/@strudel_web.js?v=271342c3:10
[  758593ms] [LOG] %c[getTrigger] error: sound RolandTR909_hh not found! Is it loaded? background-color: black;color:white;border-radius:15px @ http://localhost:5199/node_modules/.vite/deps/@strudel_web.js?v=271342c3:10
[  758593ms] [LOG] %c[getTrigger] error: sound RolandTR808_rim not found! Is it loaded? background-color: black;color:white;border-radius:15px @ http://localhost:5199/node_modules/.vite/deps/@strudel_web.js?v=271342c3:10
[  758593ms] [LOG] %c[getTrigger] error: sound RolandTR909_hh not found! Is it loaded? background-color: black;color:white;border-radius:15px @ http://localhost:5199/node_modules/.vite/deps/@strudel_web.js?v=271342c3:10
[  758791ms] [LOG] %c[eval] code updated background-color: black;color:white;border-radius:15px @ http://localhost:5199/node_modules/.vite/deps/@strudel_web.js?v=271342c3:10
[  758793ms] [LOG] %c[getTrigger] error: sound RolandTR909_hh not found! Is it loaded? background-color: black;color:white;border-radius:15px @ http://localhost:5199/node_modules/.vite/deps/@strudel_web.js?v=271342c3:10
[  759092ms] [LOG] %c[getTrigger] error: sound RolandTR808_rim not found! Is it loaded? background-color: black;color:white;border-radius:15px @ http://localhost:5199/node_modules/.vite/deps/@strudel_web.js?v=271342c3:10
[  759092ms] [LOG] %c[getTrigger] error: sound RolandTR909_hh not found! Is it loaded? background-color: black;color:white;border-radius:15px @ http://localhost:5199/node_modules/.vite/deps/@strudel_web.js?v=271342c3:10
[  759092ms] [LOG] %c[getTrigger] error: sound RolandTR909_oh not found! Is it loaded? background-color: black;color:white;border-radius:15px @ http://localhost:5199/node_modules/.vite/deps/@strudel_web.js?v=271342c3:10
[  759092ms] [LOG] %c[getTrigger] error: sound RolandTR909_hh not found! Is it loaded? background-color: black;color:white;border-radius:15px @ http://localhost:5199/node_modules/.vite/deps/@strudel_web.js?v=271342c3:10
[  759092ms] [LOG] %c[getTrigger] error: sound RolandTR808_sd not found! Is it loaded? background-color: black;color:white;border-radius:15px @ http://localhost:5199/node_modules/.vite/deps/@strudel_web.js?v=271342c3:10
[  759191ms] [LOG] %c[getTrigger] error: sound RolandTR909_hh not found! Is it loaded? background-color: black;color:white;border-radius:15px @ http://localhost:5199/node_modules/.vite/deps/@strudel_web.js?v=271342c3:10
[  759290ms] [LOG] %c[getTrigger] error: sound RolandTR808_rim not found! Is it loaded? background-color: black;color:white;border-radius:15px @ http://localhost:5199/node_modules/.vite/deps/@strudel_web.js?v=271342c3:10
[  759402ms] [LOG] %c[getTrigger] error: sound RolandTR909_hh not found! Is it loaded? background-color: black;color:white;border-radius:15px @ http://localhost:5199/node_modules/.vite/deps/@strudel_web.js?v=271342c3:10
[  759591ms] [LOG] %c[getTrigger] error: sound RolandTR808_rim not found! Is it loaded? background-color: black;color:white;border-radius:15px @ http://localhost:5199/node_modules/.vite/deps/@strudel_web.js?v=271342c3:10
[  759591ms] [LOG] %c[getTrigger] error: sound RolandTR909_hh not found! Is it loaded? background-color: black;color:white;border-radius:15px @ http://localhost:5199/node_modules/.vite/deps/@strudel_web.js?v=271342c3:10
[  759992ms] [LOG] %c[getTrigger] error: sound RolandTR808_rim not found! Is it loaded? background-color: black;color:white;border-radius:15px @ http://localhost:5199/node_modules/.vite/deps/@strudel_web.js?v=271342c3:10
[  759992ms] [LOG] %c[getTrigger] error: sound RolandTR909_hh not found! Is it loaded? background-color: black;color:white;border-radius:15px @ http://localhost:5199/node_modules/.vite/deps/@strudel_web.js?v=271342c3:10
[  760192ms] [LOG] %c[getTrigger] error: sound RolandTR909_oh not found! Is it loaded? background-color: black;color:white;border-radius:15px @ http://localhost:5199/node_modules/.vite/deps/@strudel_web.js?v=271342c3:10
[  760192ms] [LOG] %c[getTrigger] error: sound RolandTR909_hh not found! Is it loaded? background-color: black;color:white;border-radius:15px @ http://localhost:5199/node_modules/.vite/deps/@strudel_web.js?v=271342c3:10
[  760192ms] [LOG] %c[getTrigger] error: sound RolandTR808_sd not found! Is it loaded? background-color: black;color:white;border-radius:15px @ http://localhost:5199/node_modules/.vite/deps/@strudel_web.js?v=271342c3:10
[  760192ms] [LOG] %c[getTrigger] error: sound RolandTR909_hh not found! Is it loaded? background-color: black;color:white;border-radius:15px @ http://localhost:5199/node_modules/.vite/deps/@strudel_web.js?v=271342c3:10
[  760403ms] [LOG] %c[getTrigger] error: sound RolandTR909_bd not found! Is it loaded? background-color: black;color:white;border-radius:15px @ http://localhost:5199/node_modules/.vite/deps/@strudel_web.js?v=271342c3:10
[  760403ms] [LOG] %c[getTrigger] error: sound RolandTR909_hh not found! Is it loaded? background-color: black;color:white;border-radius:15px @ http://localhost:5199/node_modules/.vite/deps/@strudel_web.js?v=271342c3:10
[  760692ms] [LOG] %c[getTrigger] error: sound RolandTR909_bd not found! Is it loaded? background-color: black;color:white;border-radius:15px @ http://localhost:5199/node_modules/.vite/deps/@strudel_web.js?v=271342c3:10
[  760692ms] [LOG] %c[getTrigger] error: sound RolandTR808_rim not found! Is it loaded? background-color: black;color:white;border-radius:15px @ http://localhost:5199/node_modules/.vite/deps/@strudel_web.js?v=271342c3:10
[  760692ms] [LOG] %c[getTrigger] error: sound RolandTR909_hh not found! Is it loaded? background-color: black;color:white;border-radius:15px @ http://localhost:5199/node_modules/.vite/deps/@strudel_web.js?v=271342c3:10
[  760692ms] [LOG] %c[getTrigger] error: sound RolandTR808_rim not found! Is it loaded? background-color: black;color:white;border-radius:15px @ http://localhost:5199/node_modules/.vite/deps/@strudel_web.js?v=271342c3:10
[  760692ms] [LOG] %c[getTrigger] error: sound RolandTR909_hh not found! Is it loaded? background-color: black;color:white;border-radius:15px @ http://localhost:5199/node_modules/.vite/deps/@strudel_web.js?v=271342c3:10
[  760945ms] [LOG] %c[eval] code updated background-color: black;color:white;border-radius:15px @ http://localhost:5199/node_modules/.vite/deps/@strudel_web.js?v=271342c3:10
[  760991ms] [LOG] %c[getTrigger] error: sound RolandTR909_hh not found! Is it loaded? background-color: black;color:white;border-radius:15px @ http://localhost:5199/node_modules/.vite/deps/@strudel_web.js?v=271342c3:10
[  761191ms] [LOG] %c[getTrigger] error: sound RolandTR909_oh not found! Is it loaded? background-color: black;color:white;border-radius:15px @ http://localhost:5199/node_modules/.vite/deps/@strudel_web.js?v=271342c3:10
[  761191ms] [LOG] %c[getTrigger] error: sound RolandTR909_hh not found! Is it loaded? background-color: black;color:white;border-radius:15px @ http://localhost:5199/node_modules/.vite/deps/@strudel_web.js?v=271342c3:10
[  761191ms] [LOG] %c[getTrigger] error: sound RolandTR808_sd not found! Is it loaded? background-color: black;color:white;border-radius:15px @ http://localhost:5199/node_modules/.vite/deps/@strudel_web.js?v=271342c3:10
[  761192ms] [LOG] %c[getTrigger] error: sound RolandTR909_hh not found! Is it loaded? background-color: black;color:white;border-radius:15px @ http://localhost:5199/node_modules/.vite/deps/@strudel_web.js?v=271342c3:10
[  761290ms] [LOG] %c[getTrigger] error: sound RolandTR808_rim not found! Is it loaded? background-color: black;color:white;border-radius:15px @ http://localhost:5199/node_modules/.vite/deps/@strudel_web.js?v=271342c3:10
[  761290ms] [LOG] %c[getTrigger] error: sound RolandTR909_hh not found! Is it loaded? background-color: black;color:white;border-radius:15px @ http://localhost:5199/node_modules/.vite/deps/@strudel_web.js?v=271342c3:10
[  761491ms] [LOG] %c[getTrigger] error: sound RolandTR808_rim not found! Is it loaded? background-color: black;color:white;border-radius:15px @ http://localhost:5199/node_modules/.vite/deps/@strudel_web.js?v=271342c3:10
[  761491ms] [LOG] %c[getTrigger] error: sound RolandTR909_hh not found! Is it loaded? background-color: black;color:white;border-radius:15px @ http://localhost:5199/node_modules/.vite/deps/@strudel_web.js?v=271342c3:10
[  761690ms] [LOG] %c[getTrigger] error: sound RolandTR808_rim not found! Is it loaded? background-color: black;color:white;border-radius:15px @ http://localhost:5199/node_modules/.vite/deps/@strudel_web.js?v=271342c3:10
[  761791ms] [LOG] %c[getTrigger] error: sound RolandTR909_hh not found! Is it loaded? background-color: black;color:white;border-radius:15px @ http://localhost:5199/node_modules/.vite/deps/@strudel_web.js?v=271342c3:10
[  761891ms] [LOG] %c[getTrigger] error: sound RolandTR909_oh not found! Is it loaded? background-color: black;color:white;border-radius:15px @ http://localhost:5199/node_modules/.vite/deps/@strudel_web.js?v=271342c3:10
[  761892ms] [LOG] %c[getTrigger] error: sound RolandTR909_hh not found! Is it loaded? background-color: black;color:white;border-radius:15px @ http://localhost:5199/node_modules/.vite/deps/@strudel_web.js?v=271342c3:10
[  761892ms] [LOG] %c[getTrigger] error: sound RolandTR808_sd not found! Is it loaded? background-color: black;color:white;border-radius:15px @ http://localhost:5199/node_modules/.vite/deps/@strudel_web.js?v=271342c3:10
[  761892ms] [LOG] %c[getTrigger] error: sound RolandTR909_hh not found! Is it loaded? background-color: black;color:white;border-radius:15px @ http://localhost:5199/node_modules/.vite/deps/@strudel_web.js?v=271342c3:10
[  761992ms] [LOG] %c[getTrigger] error: sound RolandTR909_bd not found! Is it loaded? background-color: black;color:white;border-radius:15px @ http://localhost:5199/node_modules/.vite/deps/@strudel_web.js?v=271342c3:10
[  761992ms] [LOG] %c[getTrigger] error: sound RolandTR909_hh not found! Is it loaded? background-color: black;color:white;border-radius:15px @ http://localhost:5199/node_modules/.vite/deps/@strudel_web.js?v=271342c3:10
[  762192ms] [LOG] %c[getTrigger] error: sound RolandTR909_bd not found! Is it loaded? background-color: black;color:white;border-radius:15px @ http://localhost:5199/node_modules/.vite/deps/@strudel_web.js?v=271342c3:10
[  762192ms] [LOG] %c[getTrigger] error: sound RolandTR808_rim not found! Is it loaded? background-color: black;color:white;border-radius:15px @ http://localhost:5199/node_modules/.vite/deps/@strudel_web.js?v=271342c3:10
[  762192ms] [LOG] %c[getTrigger] error: sound RolandTR909_hh not found! Is it loaded? background-color: black;color:white;border-radius:15px @ http://localhost:5199/node_modules/.vite/deps/@strudel_web.js?v=271342c3:10
[  762192ms] [LOG] %c[getTrigger] error: sound RolandTR808_rim not found! Is it loaded? background-color: black;color:white;border-radius:15px @ http://localhost:5199/node_modules/.vite/deps/@strudel_web.js?v=271342c3:10
[  762193ms] [LOG] %c[getTrigger] error: sound RolandTR909_hh not found! Is it loaded? background-color: black;color:white;border-radius:15px @ http://localhost:5199/node_modules/.vite/deps/@strudel_web.js?v=271342c3:10
[  762591ms] [LOG] %c[getTrigger] error: sound RolandTR808_rim not found! Is it loaded? background-color: black;color:white;border-radius:15px @ http://localhost:5199/node_modules/.vite/deps/@strudel_web.js?v=271342c3:10
[  762591ms] [LOG] %c[getTrigger] error: sound RolandTR909_hh not found! Is it loaded? background-color: black;color:white;border-radius:15px @ http://localhost:5199/node_modules/.vite/deps/@strudel_web.js?v=271342c3:10
[  762591ms] [LOG] %c[getTrigger] error: sound RolandTR909_oh not found! Is it loaded? background-color: black;color:white;border-radius:15px @ http://localhost:5199/node_modules/.vite/deps/@strudel_web.js?v=271342c3:10
[  762591ms] [LOG] %c[getTrigger] error: sound RolandTR909_hh not found! Is it loaded? background-color: black;color:white;border-radius:15px @ http://localhost:5199/node_modules/.vite/deps/@strudel_web.js?v=271342c3:10
[  762591ms] [LOG] %c[getTrigger] error: sound RolandTR808_sd not found! Is it loaded? background-color: black;color:white;border-radius:15px @ http://localhost:5199/node_modules/.vite/deps/@strudel_web.js?v=271342c3:10
[  762592ms] [LOG] %c[getTrigger] error: sound RolandTR909_hh not found! Is it loaded? background-color: black;color:white;border-radius:15px @ http://localhost:5199/node_modules/.vite/deps/@strudel_web.js?v=271342c3:10
[  762691ms] [LOG] %c[getTrigger] error: sound RolandTR808_rim not found! Is it loaded? background-color: black;color:white;border-radius:15px @ http://localhost:5199/node_modules/.vite/deps/@strudel_web.js?v=271342c3:10
[  762691ms] [LOG] %c[getTrigger] error: sound RolandTR909_hh not found! Is it loaded? background-color: black;color:white;border-radius:15px @ http://localhost:5199/node_modules/.vite/deps/@strudel_web.js?v=271342c3:10
[  762891ms] [LOG] %c[getTrigger] error: sound RolandTR808_rim not found! Is it loaded? background-color: black;color:white;border-radius:15px @ http://localhost:5199/node_modules/.vite/deps/@strudel_web.js?v=271342c3:10
[  762891ms] [LOG] %c[getTrigger] error: sound RolandTR909_hh not found! Is it loaded? background-color: black;color:white;border-radius:15px @ http://localhost:5199/node_modules/.vite/deps/@strudel_web.js?v=271342c3:10
[  763191ms] [LOG] %c[getTrigger] error: sound RolandTR808_rim not found! Is it loaded? background-color: black;color:white;border-radius:15px @ http://localhost:5199/node_modules/.vite/deps/@strudel_web.js?v=271342c3:10
[  763191ms] [LOG] %c[getTrigger] error: sound RolandTR909_hh not found! Is it loaded? background-color: black;color:white;border-radius:15px @ http://localhost:5199/node_modules/.vite/deps/@strudel_web.js?v=271342c3:10
[  763292ms] [LOG] %c[getTrigger] error: sound RolandTR909_oh not found! Is it loaded? background-color: black;color:white;border-radius:15px @ http://localhost:5199/node_modules/.vite/deps/@strudel_web.js?v=271342c3:10
[  763292ms] [LOG] %c[getTrigger] error: sound RolandTR909_hh not found! Is it loaded? background-color: black;color:white;border-radius:15px @ http://localhost:5199/node_modules/.vite/deps/@strudel_web.js?v=271342c3:10
[  763292ms] [LOG] %c[getTrigger] error: sound RolandTR808_sd not found! Is it loaded? background-color: black;color:white;border-radius:15px @ http://localhost:5199/node_modules/.vite/deps/@strudel_web.js?v=271342c3:10
[  763292ms] [LOG] %c[getTrigger] error: sound RolandTR909_hh not found! Is it loaded? background-color: black;color:white;border-radius:15px @ http://localhost:5199/node_modules/.vite/deps/@strudel_web.js?v=271342c3:10
[  763391ms] [LOG] %c[getTrigger] error: sound RolandTR909_bd not found! Is it loaded? background-color: black;color:white;border-radius:15px @ http://localhost:5199/node_modules/.vite/deps/@strudel_web.js?v=271342c3:10
[  763391ms] [LOG] %c[getTrigger] error: sound RolandTR909_hh not found! Is it loaded? background-color: black;color:white;border-radius:15px @ http://localhost:5199/node_modules/.vite/deps/@strudel_web.js?v=271342c3:10
[  763591ms] [LOG] %c[getTrigger] error: sound RolandTR909_bd not found! Is it loaded? background-color: black;color:white;border-radius:15px @ http://localhost:5199/node_modules/.vite/deps/@strudel_web.js?v=271342c3:10
[  763591ms] [LOG] %c[getTrigger] error: sound RolandTR808_rim not found! Is it loaded? background-color: black;color:white;border-radius:15px @ http://localhost:5199/node_modules/.vite/deps/@strudel_web.js?v=271342c3:10
[  763591ms] [LOG] %c[getTrigger] error: sound RolandTR909_hh not found! Is it loaded? background-color: black;color:white;border-radius:15px @ http://localhost:5199/node_modules/.vite/deps/@strudel_web.js?v=271342c3:10
[  763591ms] [LOG] %c[getTrigger] error: sound RolandTR808_rim not found! Is it loaded? background-color: black;color:white;border-radius:15px @ http://localhost:5199/node_modules/.vite/deps/@strudel_web.js?v=271342c3:10
[  763591ms] [LOG] %c[getTrigger] error: sound RolandTR909_hh not found! Is it loaded? background-color: black;color:white;border-radius:15px @ http://localhost:5199/node_modules/.vite/deps/@strudel_web.js?v=271342c3:10
[  764005ms] [LOG] %c[getTrigger] error: sound RolandTR909_oh not found! Is it loaded? background-color: black;color:white;border-radius:15px @ http://localhost:5199/node_modules/.vite/deps/@strudel_web.js?v=271342c3:10
[  764005ms] [LOG] %c[getTrigger] error: sound RolandTR909_hh not found! Is it loaded? background-color: black;color:white;border-radius:15px @ http://localhost:5199/node_modules/.vite/deps/@strudel_web.js?v=271342c3:10
[  764005ms] [LOG] %c[getTrigger] error: sound RolandTR808_sd not found! Is it loaded? background-color: black;color:white;border-radius:15px @ http://localhost:5199/node_modules/.vite/deps/@strudel_web.js?v=271342c3:10
[  764005ms] [LOG] %c[getTrigger] error: sound RolandTR909_hh not found! Is it loaded? background-color: black;color:white;border-radius:15px @ http://localhost:5199/node_modules/.vite/deps/@strudel_web.js?v=271342c3:10
[  764090ms] [LOG] %c[getTrigger] error: sound RolandTR808_rim not found! Is it loaded? background-color: black;color:white;border-radius:15px @ http://localhost:5199/node_modules/.vite/deps/@strudel_web.js?v=271342c3:10
[  764091ms] [LOG] %c[getTrigger] error: sound RolandTR909_hh not found! Is it loaded? background-color: black;color:white;border-radius:15px @ http://localhost:5199/node_modules/.vite/deps/@strudel_web.js?v=271342c3:10
[  764291ms] [LOG] %c[getTrigger] error: sound RolandTR808_rim not found! Is it loaded? background-color: black;color:white;border-radius:15px @ http://localhost:5199/node_modules/.vite/deps/@strudel_web.js?v=271342c3:10
[  764291ms] [LOG] %c[getTrigger] error: sound RolandTR909_hh not found! Is it loaded? background-color: black;color:white;border-radius:15px @ http://localhost:5199/node_modules/.vite/deps/@strudel_web.js?v=271342c3:10
[  764590ms] [LOG] %c[getTrigger] error: sound RolandTR808_rim not found! Is it loaded? background-color: black;color:white;border-radius:15px @ http://localhost:5199/node_modules/.vite/deps/@strudel_web.js?v=271342c3:10
[  764590ms] [LOG] %c[getTrigger] error: sound RolandTR909_hh not found! Is it loaded? background-color: black;color:white;border-radius:15px @ http://localhost:5199/node_modules/.vite/deps/@strudel_web.js?v=271342c3:10
[  764691ms] [LOG] %c[getTrigger] error: sound RolandTR909_oh not found! Is it loaded? background-color: black;color:white;border-radius:15px @ http://localhost:5199/node_modules/.vite/deps/@strudel_web.js?v=271342c3:10
[  764691ms] [LOG] %c[getTrigger] error: sound RolandTR909_hh not found! Is it loaded? background-color: black;color:white;border-radius:15px @ http://localhost:5199/node_modules/.vite/deps/@strudel_web.js?v=271342c3:10
[  764691ms] [LOG] %c[getTrigger] error: sound RolandTR808_sd not found! Is it loaded? background-color: black;color:white;border-radius:15px @ http://localhost:5199/node_modules/.vite/deps/@strudel_web.js?v=271342c3:10
[  764691ms] [LOG] %c[getTrigger] error: sound RolandTR909_hh not found! Is it loaded? background-color: black;color:white;border-radius:15px @ http://localhost:5199/node_modules/.vite/deps/@strudel_web.js?v=271342c3:10
[  764891ms] [LOG] %c[getTrigger] error: sound RolandTR909_bd not found! Is it loaded? background-color: black;color:white;border-radius:15px @ http://localhost:5199/node_modules/.vite/deps/@strudel_web.js?v=271342c3:10
[  764891ms] [LOG] %c[getTrigger] error: sound RolandTR909_hh not found! Is it loaded? background-color: black;color:white;border-radius:15px @ http://localhost:5199/node_modules/.vite/deps/@strudel_web.js?v=271342c3:10
[  764991ms] [LOG] %c[getTrigger] error: sound RolandTR909_bd not found! Is it loaded? background-color: black;color:white;border-radius:15px @ http://localhost:5199/node_modules/.vite/deps/@strudel_web.js?v=271342c3:10
[  764991ms] [LOG] %c[getTrigger] error: sound RolandTR808_rim not found! Is it loaded? background-color: black;color:white;border-radius:15px @ http://localhost:5199/node_modules/.vite/deps/@strudel_web.js?v=271342c3:10
[  764991ms] [LOG] %c[getTrigger] error: sound RolandTR909_hh not found! Is it loaded? background-color: black;color:white;border-radius:15px @ http://localhost:5199/node_modules/.vite/deps/@strudel_web.js?v=271342c3:10
[  764991ms] [LOG] %c[getTrigger] error: sound RolandTR808_rim not found! Is it loaded? background-color: black;color:white;border-radius:15px @ http://localhost:5199/node_modules/.vite/deps/@strudel_web.js?v=271342c3:10
[  764991ms] [LOG] %c[getTrigger] error: sound RolandTR909_hh not found! Is it loaded? background-color: black;color:white;border-radius:15px @ http://localhost:5199/node_modules/.vite/deps/@strudel_web.js?v=271342c3:10
[  765391ms] [LOG] %c[getTrigger] error: sound RolandTR808_rim not found! Is it loaded? background-color: black;color:white;border-radius:15px @ http://localhost:5199/node_modules/.vite/deps/@strudel_web.js?v=271342c3:10
[  765391ms] [LOG] %c[getTrigger] error: sound RolandTR909_hh not found! Is it loaded? background-color: black;color:white;border-radius:15px @ http://localhost:5199/node_modules/.vite/deps/@strudel_web.js?v=271342c3:10
[  765391ms] [LOG] %c[getTrigger] error: sound RolandTR909_oh not found! Is it loaded? background-color: black;color:white;border-radius:15px @ http://localhost:5199/node_modules/.vite/deps/@strudel_web.js?v=271342c3:10
[  765391ms] [LOG] %c[getTrigger] error: sound RolandTR909_hh not found! Is it loaded? background-color: black;color:white;border-radius:15px @ http://localhost:5199/node_modules/.vite/deps/@strudel_web.js?v=271342c3:10
[  765391ms] [LOG] %c[getTrigger] error: sound RolandTR808_sd not found! Is it loaded? background-color: black;color:white;border-radius:15px @ http://localhost:5199/node_modules/.vite/deps/@strudel_web.js?v=271342c3:10
[  765391ms] [LOG] %c[getTrigger] error: sound RolandTR909_hh not found! Is it loaded? background-color: black;color:white;border-radius:15px @ http://localhost:5199/node_modules/.vite/deps/@strudel_web.js?v=271342c3:10
[  765391ms] [LOG] %c[getTrigger] error: sound RolandTR808_sd not found! Is it loaded? background-color: black;color:white;border-radius:15px @ http://localhost:5199/node_modules/.vite/deps/@strudel_web.js?v=271342c3:10
[  765491ms] [LOG] %c[getTrigger] error: sound RolandTR909_hh not found! Is it loaded? background-color: black;color:white;border-radius:15px @ http://localhost:5199/node_modules/.vite/deps/@strudel_web.js?v=271342c3:10
[  765491ms] [LOG] %c[getTrigger] error: sound RolandTR808_rim not found! Is it loaded? background-color: black;color:white;border-radius:15px @ http://localhost:5199/node_modules/.vite/deps/@strudel_web.js?v=271342c3:10
[  765592ms] [LOG] %c[getTrigger] error: sound RolandTR909_hh not found! Is it loaded? background-color: black;color:white;border-radius:15px @ http://localhost:5199/node_modules/.vite/deps/@strudel_web.js?v=271342c3:10
[  765691ms] [LOG] %c[getTrigger] error: sound RolandTR808_rim not found! Is it loaded? background-color: black;color:white;border-radius:15px @ http://localhost:5199/node_modules/.vite/deps/@strudel_web.js?v=271342c3:10
[  765691ms] [LOG] %c[getTrigger] error: sound RolandTR909_hh not found! Is it loaded? background-color: black;color:white;border-radius:15px @ http://localhost:5199/node_modules/.vite/deps/@strudel_web.js?v=271342c3:10
[  765992ms] [LOG] %c[getTrigger] error: sound RolandTR808_rim not found! Is it loaded? background-color: black;color:white;border-radius:15px @ http://localhost:5199/node_modules/.vite/deps/@strudel_web.js?v=271342c3:10
[  765992ms] [LOG] %c[getTrigger] error: sound RolandTR909_hh not found! Is it loaded? background-color: black;color:white;border-radius:15px @ http://localhost:5199/node_modules/.vite/deps/@strudel_web.js?v=271342c3:10
[  766106ms] [LOG] %c[getTrigger] error: sound RolandTR909_oh not found! Is it loaded? background-color: black;color:white;border-radius:15px @ http://localhost:5199/node_modules/.vite/deps/@strudel_web.js?v=271342c3:10
[  766107ms] [LOG] %c[getTrigger] error: sound RolandTR909_hh not found! Is it loaded? background-color: black;color:white;border-radius:15px @ http://localhost:5199/node_modules/.vite/deps/@strudel_web.js?v=271342c3:10
[  766107ms] [LOG] %c[getTrigger] error: sound RolandTR808_sd not found! Is it loaded? background-color: black;color:white;border-radius:15px @ http://localhost:5199/node_modules/.vite/deps/@strudel_web.js?v=271342c3:10
[  766107ms] [LOG] %c[getTrigger] error: sound RolandTR909_hh not found! Is it loaded? background-color: black;color:white;border-radius:15px @ http://localhost:5199/node_modules/.vite/deps/@strudel_web.js?v=271342c3:10
[  766107ms] [LOG] %c[getTrigger] error: sound RolandTR808_sd not found! Is it loaded? background-color: black;color:white;border-radius:15px @ http://localhost:5199/node_modules/.vite/deps/@strudel_web.js?v=271342c3:10
[  766191ms] [LOG] %c[getTrigger] error: sound RolandTR909_hh not found! Is it loaded? background-color: black;color:white;border-radius:15px @ http://localhost:5199/node_modules/.vite/deps/@strudel_web.js?v=271342c3:10
[  766291ms] [LOG] %c[getTrigger] error: sound RolandTR909_bd not found! Is it loaded? background-color: black;color:white;border-radius:15px @ http://localhost:5199/node_modules/.vite/deps/@strudel_web.js?v=271342c3:10
[  766292ms] [LOG] %c[getTrigger] error: sound RolandTR909_hh not found! Is it loaded? background-color: black;color:white;border-radius:15px @ http://localhost:5199/node_modules/.vite/deps/@strudel_web.js?v=271342c3:10
[  766392ms] [LOG] %c[getTrigger] error: sound RolandTR909_bd not found! Is it loaded? background-color: black;color:white;border-radius:15px @ http://localhost:5199/node_modules/.vite/deps/@strudel_web.js?v=271342c3:10
[  766392ms] [LOG] %c[getTrigger] error: sound RolandTR808_rim not found! Is it loaded? background-color: black;color:white;border-radius:15px @ http://localhost:5199/node_modules/.vite/deps/@strudel_web.js?v=271342c3:10
[  766392ms] [LOG] %c[getTrigger] error: sound RolandTR909_hh not found! Is it loaded? background-color: black;color:white;border-radius:15px @ http://localhost:5199/node_modules/.vite/deps/@strudel_web.js?v=271342c3:10
[  766392ms] [LOG] %c[getTrigger] error: sound RolandTR808_rim not found! Is it loaded? background-color: black;color:white;border-radius:15px @ http://localhost:5199/node_modules/.vite/deps/@strudel_web.js?v=271342c3:10
[  766393ms] [LOG] %c[getTrigger] error: sound RolandTR909_hh not found! Is it loaded? background-color: black;color:white;border-radius:15px @ http://localhost:5199/node_modules/.vite/deps/@strudel_web.js?v=271342c3:10
[  766791ms] [LOG] %c[getTrigger] error: sound RolandTR909_oh not found! Is it loaded? background-color: black;color:white;border-radius:15px @ http://localhost:5199/node_modules/.vite/deps/@strudel_web.js?v=271342c3:10
[  766792ms] [LOG] %c[getTrigger] error: sound RolandTR909_hh not found! Is it loaded? background-color: black;color:white;border-radius:15px @ http://localhost:5199/node_modules/.vite/deps/@strudel_web.js?v=271342c3:10
[  766792ms] [LOG] %c[getTrigger] error: sound RolandTR808_sd not found! Is it loaded? background-color: black;color:white;border-radius:15px @ http://localhost:5199/node_modules/.vite/deps/@strudel_web.js?v=271342c3:10
[  766890ms] [LOG] %c[getTrigger] error: sound RolandTR909_hh not found! Is it loaded? background-color: black;color:white;border-radius:15px @ http://localhost:5199/node_modules/.vite/deps/@strudel_web.js?v=271342c3:10
[  766890ms] [LOG] %c[getTrigger] error: sound RolandTR808_rim not found! Is it loaded? background-color: black;color:white;border-radius:15px @ http://localhost:5199/node_modules/.vite/deps/@strudel_web.js?v=271342c3:10
[  766991ms] [LOG] %c[getTrigger] error: sound RolandTR909_hh not found! Is it loaded? background-color: black;color:white;border-radius:15px @ http://localhost:5199/node_modules/.vite/deps/@strudel_web.js?v=271342c3:10
[  767192ms] [LOG] %c[getTrigger] error: sound RolandTR808_rim not found! Is it loaded? background-color: black;color:white;border-radius:15px @ http://localhost:5199/node_modules/.vite/deps/@strudel_web.js?v=271342c3:10
[  767193ms] [LOG] %c[getTrigger] error: sound RolandTR909_hh not found! Is it loaded? background-color: black;color:white;border-radius:15px @ http://localhost:5199/node_modules/.vite/deps/@strudel_web.js?v=271342c3:10
[  767391ms] [LOG] %c[getTrigger] error: sound RolandTR808_rim not found! Is it loaded? background-color: black;color:white;border-radius:15px @ http://localhost:5199/node_modules/.vite/deps/@strudel_web.js?v=271342c3:10
[  767391ms] [LOG] %c[getTrigger] error: sound RolandTR909_hh not found! Is it loaded? background-color: black;color:white;border-radius:15px @ http://localhost:5199/node_modules/.vite/deps/@strudel_web.js?v=271342c3:10
[  767491ms] [LOG] %c[getTrigger] error: sound RolandTR909_oh not found! Is it loaded? background-color: black;color:white;border-radius:15px @ http://localhost:5199/node_modules/.vite/deps/@strudel_web.js?v=271342c3:10
[  767491ms] [LOG] %c[getTrigger] error: sound RolandTR909_hh not found! Is it loaded? background-color: black;color:white;border-radius:15px @ http://localhost:5199/node_modules/.vite/deps/@strudel_web.js?v=271342c3:10
[  767491ms] [LOG] %c[getTrigger] error: sound RolandTR808_sd not found! Is it loaded? background-color: black;color:white;border-radius:15px @ http://localhost:5199/node_modules/.vite/deps/@strudel_web.js?v=271342c3:10
[  767604ms] [LOG] %c[getTrigger] error: sound RolandTR909_hh not found! Is it loaded? background-color: black;color:white;border-radius:15px @ http://localhost:5199/node_modules/.vite/deps/@strudel_web.js?v=271342c3:10
[  767690ms] [LOG] %c[getTrigger] error: sound RolandTR909_bd not found! Is it loaded? background-color: black;color:white;border-radius:15px @ http://localhost:5199/node_modules/.vite/deps/@strudel_web.js?v=271342c3:10
[  767691ms] [LOG] %c[getTrigger] error: sound RolandTR909_hh not found! Is it loaded? background-color: black;color:white;border-radius:15px @ http://localhost:5199/node_modules/.vite/deps/@strudel_web.js?v=271342c3:10
[  767891ms] [LOG] %c[getTrigger] error: sound RolandTR909_bd not found! Is it loaded? background-color: black;color:white;border-radius:15px @ http://localhost:5199/node_modules/.vite/deps/@strudel_web.js?v=271342c3:10
[  767891ms] [LOG] %c[getTrigger] error: sound RolandTR808_rim not found! Is it loaded? background-color: black;color:white;border-radius:15px @ http://localhost:5199/node_modules/.vite/deps/@strudel_web.js?v=271342c3:10
[  767891ms] [LOG] %c[getTrigger] error: sound RolandTR909_hh not found! Is it loaded? background-color: black;color:white;border-radius:15px @ http://localhost:5199/node_modules/.vite/deps/@strudel_web.js?v=271342c3:10
[  767891ms] [LOG] %c[getTrigger] error: sound RolandTR808_rim not found! Is it loaded? background-color: black;color:white;border-radius:15px @ http://localhost:5199/node_modules/.vite/deps/@strudel_web.js?v=271342c3:10
[  767891ms] [LOG] %c[getTrigger] error: sound RolandTR909_hh not found! Is it loaded? background-color: black;color:white;border-radius:15px @ http://localhost:5199/node_modules/.vite/deps/@strudel_web.js?v=271342c3:10
[  768191ms] [LOG] %c[getTrigger] error: sound RolandTR808_rim not found! Is it loaded? background-color: black;color:white;border-radius:15px @ http://localhost:5199/node_modules/.vite/deps/@strudel_web.js?v=271342c3:10
[  768191ms] [LOG] %c[getTrigger] error: sound RolandTR909_hh not found! Is it loaded? background-color: black;color:white;border-radius:15px @ http://localhost:5199/node_modules/.vite/deps/@strudel_web.js?v=271342c3:10
[  768191ms] [LOG] %c[getTrigger] error: sound RolandTR909_oh not found! Is it loaded? background-color: black;color:white;border-radius:15px @ http://localhost:5199/node_modules/.vite/deps/@strudel_web.js?v=271342c3:10
[  768191ms] [LOG] %c[getTrigger] error: sound RolandTR909_hh not found! Is it loaded? background-color: black;color:white;border-radius:15px @ http://localhost:5199/node_modules/.vite/deps/@strudel_web.js?v=271342c3:10
[  768191ms] [LOG] %c[getTrigger] error: sound RolandTR808_sd not found! Is it loaded? background-color: black;color:white;border-radius:15px @ http://localhost:5199/node_modules/.vite/deps/@strudel_web.js?v=271342c3:10
[  768291ms] [LOG] %c[getTrigger] error: sound RolandTR909_hh not found! Is it loaded? background-color: black;color:white;border-radius:15px @ http://localhost:5199/node_modules/.vite/deps/@strudel_web.js?v=271342c3:10
[  768291ms] [LOG] %c[getTrigger] error: sound RolandTR808_rim not found! Is it loaded? background-color: black;color:white;border-radius:15px @ http://localhost:5199/node_modules/.vite/deps/@strudel_web.js?v=271342c3:10
[  768390ms] [LOG] %c[getTrigger] error: sound RolandTR909_hh not found! Is it loaded? background-color: black;color:white;border-radius:15px @ http://localhost:5199/node_modules/.vite/deps/@strudel_web.js?v=271342c3:10
[  768591ms] [LOG] %c[getTrigger] error: sound RolandTR808_rim not found! Is it loaded? background-color: black;color:white;border-radius:15px @ http://localhost:5199/node_modules/.vite/deps/@strudel_web.js?v=271342c3:10
[  768591ms] [LOG] %c[getTrigger] error: sound RolandTR909_hh not found! Is it loaded? background-color: black;color:white;border-radius:15px @ http://localhost:5199/node_modules/.vite/deps/@strudel_web.js?v=271342c3:10
[  768790ms] [LOG] %c[getTrigger] error: sound RolandTR808_rim not found! Is it loaded? background-color: black;color:white;border-radius:15px @ http://localhost:5199/node_modules/.vite/deps/@strudel_web.js?v=271342c3:10
[  768891ms] [LOG] %c[getTrigger] error: sound RolandTR909_hh not found! Is it loaded? background-color: black;color:white;border-radius:15px @ http://localhost:5199/node_modules/.vite/deps/@strudel_web.js?v=271342c3:10
[  768891ms] [LOG] %c[getTrigger] error: sound RolandTR909_oh not found! Is it loaded? background-color: black;color:white;border-radius:15px @ http://localhost:5199/node_modules/.vite/deps/@strudel_web.js?v=271342c3:10
[  768891ms] [LOG] %c[getTrigger] error: sound RolandTR909_hh not found! Is it loaded? background-color: black;color:white;border-radius:15px @ http://localhost:5199/node_modules/.vite/deps/@strudel_web.js?v=271342c3:10
[  768891ms] [LOG] %c[getTrigger] error: sound RolandTR808_sd not found! Is it loaded? background-color: black;color:white;border-radius:15px @ http://localhost:5199/node_modules/.vite/deps/@strudel_web.js?v=271342c3:10
[  768991ms] [LOG] %c[getTrigger] error: sound RolandTR909_hh not found! Is it loaded? background-color: black;color:white;border-radius:15px @ http://localhost:5199/node_modules/.vite/deps/@strudel_web.js?v=271342c3:10
[  769091ms] [LOG] %c[getTrigger] error: sound RolandTR909_bd not found! Is it loaded? background-color: black;color:white;border-radius:15px @ http://localhost:5199/node_modules/.vite/deps/@strudel_web.js?v=271342c3:10
[  769091ms] [LOG] %c[getTrigger] error: sound RolandTR909_hh not found! Is it loaded? background-color: black;color:white;border-radius:15px @ http://localhost:5199/node_modules/.vite/deps/@strudel_web.js?v=271342c3:10
[  769291ms] [LOG] %c[getTrigger] error: sound RolandTR909_bd not found! Is it loaded? background-color: black;color:white;border-radius:15px @ http://localhost:5199/node_modules/.vite/deps/@strudel_web.js?v=271342c3:10
[  769291ms] [LOG] %c[getTrigger] error: sound RolandTR808_rim not found! Is it loaded? background-color: black;color:white;border-radius:15px @ http://localhost:5199/node_modules/.vite/deps/@strudel_web.js?v=271342c3:10
[  769291ms] [LOG] %c[getTrigger] error: sound RolandTR909_hh not found! Is it loaded? background-color: black;color:white;border-radius:15px @ http://localhost:5199/node_modules/.vite/deps/@strudel_web.js?v=271342c3:10
[  769291ms] [LOG] %c[getTrigger] error: sound RolandTR808_rim not found! Is it loaded? background-color: black;color:white;border-radius:15px @ http://localhost:5199/node_modules/.vite/deps/@strudel_web.js?v=271342c3:10
[  769292ms] [LOG] %c[getTrigger] error: sound RolandTR909_hh not found! Is it loaded? background-color: black;color:white;border-radius:15px @ http://localhost:5199/node_modules/.vite/deps/@strudel_web.js?v=271342c3:10
[  769494ms] [LOG] %c[eval] code updated background-color: black;color:white;border-radius:15px @ http://localhost:5199/node_modules/.vite/deps/@strudel_web.js?v=271342c3:10
[  769591ms] [LOG] %c[getTrigger] error: sound RolandTR909_hh not found! Is it loaded? background-color: black;color:white;border-radius:15px @ http://localhost:5199/node_modules/.vite/deps/@strudel_web.js?v=271342c3:10
[  769591ms] [LOG] %c[getTrigger] error: sound RolandTR909_oh not found! Is it loaded? background-color: black;color:white;border-radius:15px @ http://localhost:5199/node_modules/.vite/deps/@strudel_web.js?v=271342c3:10
[  769591ms] [LOG] %c[getTrigger] error: sound RolandTR909_hh not found! Is it loaded? background-color: black;color:white;border-radius:15px @ http://localhost:5199/node_modules/.vite/deps/@strudel_web.js?v=271342c3:10
[  769591ms] [LOG] %c[getTrigger] error: sound RolandTR808_sd not found! Is it loaded? background-color: black;color:white;border-radius:15px @ http://localhost:5199/node_modules/.vite/deps/@strudel_web.js?v=271342c3:10
[  769690ms] [LOG] %c[getTrigger] error: sound RolandTR909_hh not found! Is it loaded? background-color: black;color:white;border-radius:15px @ http://localhost:5199/node_modules/.vite/deps/@strudel_web.js?v=271342c3:10
[  769690ms] [LOG] %c[getTrigger] error: sound RolandTR808_rim not found! Is it loaded? background-color: black;color:white;border-radius:15px @ http://localhost:5199/node_modules/.vite/deps/@strudel_web.js?v=271342c3:10
[  769790ms] [LOG] %c[getTrigger] error: sound RolandTR909_hh not found! Is it loaded? background-color: black;color:white;border-radius:15px @ http://localhost:5199/node_modules/.vite/deps/@strudel_web.js?v=271342c3:10
[  769991ms] [LOG] %c[getTrigger] error: sound RolandTR808_rim not found! Is it loaded? background-color: black;color:white;border-radius:15px @ http://localhost:5199/node_modules/.vite/deps/@strudel_web.js?v=271342c3:10
[  769991ms] [LOG] %c[getTrigger] error: sound RolandTR909_hh not found! Is it loaded? background-color: black;color:white;border-radius:15px @ http://localhost:5199/node_modules/.vite/deps/@strudel_web.js?v=271342c3:10
[  770208ms] [LOG] %c[getTrigger] error: sound RolandTR808_rim not found! Is it loaded? background-color: black;color:white;border-radius:15px @ http://localhost:5199/node_modules/.vite/deps/@strudel_web.js?v=271342c3:10
[  770291ms] [LOG] %c[getTrigger] error: sound RolandTR909_hh not found! Is it loaded? background-color: black;color:white;border-radius:15px @ http://localhost:5199/node_modules/.vite/deps/@strudel_web.js?v=271342c3:10
[  770291ms] [LOG] %c[getTrigger] error: sound RolandTR909_oh not found! Is it loaded? background-color: black;color:white;border-radius:15px @ http://localhost:5199/node_modules/.vite/deps/@strudel_web.js?v=271342c3:10
[  770291ms] [LOG] %c[getTrigger] error: sound RolandTR909_hh not found! Is it loaded? background-color: black;color:white;border-radius:15px @ http://localhost:5199/node_modules/.vite/deps/@strudel_web.js?v=271342c3:10
[  770291ms] [LOG] %c[getTrigger] error: sound RolandTR808_sd not found! Is it loaded? background-color: black;color:white;border-radius:15px @ http://localhost:5199/node_modules/.vite/deps/@strudel_web.js?v=271342c3:10
[  770390ms] [LOG] %c[getTrigger] error: sound RolandTR909_hh not found! Is it loaded? background-color: black;color:white;border-radius:15px @ http://localhost:5199/node_modules/.vite/deps/@strudel_web.js?v=271342c3:10
[  770491ms] [LOG] %c[getTrigger] error: sound RolandTR909_bd not found! Is it loaded? background-color: black;color:white;border-radius:15px @ http://localhost:5199/node_modules/.vite/deps/@strudel_web.js?v=271342c3:10
[  770491ms] [LOG] %c[getTrigger] error: sound RolandTR909_hh not found! Is it loaded? background-color: black;color:white;border-radius:15px @ http://localhost:5199/node_modules/.vite/deps/@strudel_web.js?v=271342c3:10
[  770706ms] [LOG] %c[getTrigger] error: sound RolandTR909_bd not found! Is it loaded? background-color: black;color:white;border-radius:15px @ http://localhost:5199/node_modules/.vite/deps/@strudel_web.js?v=271342c3:10
[  770706ms] [LOG] %c[getTrigger] error: sound RolandTR808_rim not found! Is it loaded? background-color: black;color:white;border-radius:15px @ http://localhost:5199/node_modules/.vite/deps/@strudel_web.js?v=271342c3:10
[  770706ms] [LOG] %c[getTrigger] error: sound RolandTR909_hh not found! Is it loaded? background-color: black;color:white;border-radius:15px @ http://localhost:5199/node_modules/.vite/deps/@strudel_web.js?v=271342c3:10
[  770706ms] [LOG] %c[getTrigger] error: sound RolandTR808_rim not found! Is it loaded? background-color: black;color:white;border-radius:15px @ http://localhost:5199/node_modules/.vite/deps/@strudel_web.js?v=271342c3:10
[  770707ms] [LOG] %c[getTrigger] error: sound RolandTR909_hh not found! Is it loaded? background-color: black;color:white;border-radius:15px @ http://localhost:5199/node_modules/.vite/deps/@strudel_web.js?v=271342c3:10
[  770991ms] [LOG] %c[getTrigger] error: sound RolandTR808_rim not found! Is it loaded? background-color: black;color:white;border-radius:15px @ http://localhost:5199/node_modules/.vite/deps/@strudel_web.js?v=271342c3:10
[  770991ms] [LOG] %c[getTrigger] error: sound RolandTR909_hh not found! Is it loaded? background-color: black;color:white;border-radius:15px @ http://localhost:5199/node_modules/.vite/deps/@strudel_web.js?v=271342c3:10
[  770991ms] [LOG] %c[getTrigger] error: sound RolandTR909_oh not found! Is it loaded? background-color: black;color:white;border-radius:15px @ http://localhost:5199/node_modules/.vite/deps/@strudel_web.js?v=271342c3:10
[  770991ms] [LOG] %c[getTrigger] error: sound RolandTR909_hh not found! Is it loaded? background-color: black;color:white;border-radius:15px @ http://localhost:5199/node_modules/.vite/deps/@strudel_web.js?v=271342c3:10
[  770991ms] [LOG] %c[getTrigger] error: sound RolandTR808_sd not found! Is it loaded? background-color: black;color:white;border-radius:15px @ http://localhost:5199/node_modules/.vite/deps/@strudel_web.js?v=271342c3:10
[  771091ms] [LOG] %c[getTrigger] error: sound RolandTR909_hh not found! Is it loaded? background-color: black;color:white;border-radius:15px @ http://localhost:5199/node_modules/.vite/deps/@strudel_web.js?v=271342c3:10
[  771091ms] [LOG] %c[getTrigger] error: sound RolandTR808_sd not found! Is it loaded? background-color: black;color:white;border-radius:15px @ http://localhost:5199/node_modules/.vite/deps/@strudel_web.js?v=271342c3:10
[  771091ms] [LOG] %c[getTrigger] error: sound RolandTR909_hh not found! Is it loaded? background-color: black;color:white;border-radius:15px @ http://localhost:5199/node_modules/.vite/deps/@strudel_web.js?v=271342c3:10
[  771206ms] [LOG] %c[getTrigger] error: sound RolandTR808_rim not found! Is it loaded? background-color: black;color:white;border-radius:15px @ http://localhost:5199/node_modules/.vite/deps/@strudel_web.js?v=271342c3:10
[  771206ms] [LOG] %c[getTrigger] error: sound RolandTR909_hh not found! Is it loaded? background-color: black;color:white;border-radius:15px @ http://localhost:5199/node_modules/.vite/deps/@strudel_web.js?v=271342c3:10
[  771391ms] [LOG] %c[getTrigger] error: sound RolandTR808_rim not found! Is it loaded? background-color: black;color:white;border-radius:15px @ http://localhost:5199/node_modules/.vite/deps/@strudel_web.js?v=271342c3:10
[  771391ms] [LOG] %c[getTrigger] error: sound RolandTR909_hh not found! Is it loaded? background-color: black;color:white;border-radius:15px @ http://localhost:5199/node_modules/.vite/deps/@strudel_web.js?v=271342c3:10
[  771590ms] [LOG] %c[getTrigger] error: sound RolandTR808_rim not found! Is it loaded? background-color: black;color:white;border-radius:15px @ http://localhost:5199/node_modules/.vite/deps/@strudel_web.js?v=271342c3:10
[  771691ms] [LOG] %c[getTrigger] error: sound RolandTR909_hh not found! Is it loaded? background-color: black;color:white;border-radius:15px @ http://localhost:5199/node_modules/.vite/deps/@strudel_web.js?v=271342c3:10
[  771691ms] [LOG] %c[getTrigger] error: sound RolandTR909_oh not found! Is it loaded? background-color: black;color:white;border-radius:15px @ http://localhost:5199/node_modules/.vite/deps/@strudel_web.js?v=271342c3:10
[  771691ms] [LOG] %c[getTrigger] error: sound RolandTR909_hh not found! Is it loaded? background-color: black;color:white;border-radius:15px @ http://localhost:5199/node_modules/.vite/deps/@strudel_web.js?v=271342c3:10
[  771691ms] [LOG] %c[getTrigger] error: sound RolandTR808_sd not found! Is it loaded? background-color: black;color:white;border-radius:15px @ http://localhost:5199/node_modules/.vite/deps/@strudel_web.js?v=271342c3:10
[  771790ms] [LOG] %c[getTrigger] error: sound RolandTR909_hh not found! Is it loaded? background-color: black;color:white;border-radius:15px @ http://localhost:5199/node_modules/.vite/deps/@strudel_web.js?v=271342c3:10
[  771790ms] [LOG] %c[getTrigger] error: sound RolandTR808_sd not found! Is it loaded? background-color: black;color:white;border-radius:15px @ http://localhost:5199/node_modules/.vite/deps/@strudel_web.js?v=271342c3:10
[  771790ms] [LOG] %c[getTrigger] error: sound RolandTR909_hh not found! Is it loaded? background-color: black;color:white;border-radius:15px @ http://localhost:5199/node_modules/.vite/deps/@strudel_web.js?v=271342c3:10
[  771891ms] [LOG] %c[getTrigger] error: sound RolandTR909_bd not found! Is it loaded? background-color: black;color:white;border-radius:15px @ http://localhost:5199/node_modules/.vite/deps/@strudel_web.js?v=271342c3:10
[  771891ms] [LOG] %c[getTrigger] error: sound RolandTR909_hh not found! Is it loaded? background-color: black;color:white;border-radius:15px @ http://localhost:5199/node_modules/.vite/deps/@strudel_web.js?v=271342c3:10
[  772093ms] [LOG] %c[getTrigger] error: sound RolandTR909_bd not found! Is it loaded? background-color: black;color:white;border-radius:15px @ http://localhost:5199/node_modules/.vite/deps/@strudel_web.js?v=271342c3:10
[  772093ms] [LOG] %c[getTrigger] error: sound RolandTR808_rim not found! Is it loaded? background-color: black;color:white;border-radius:15px @ http://localhost:5199/node_modules/.vite/deps/@strudel_web.js?v=271342c3:10
[  772093ms] [LOG] %c[getTrigger] error: sound RolandTR909_hh not found! Is it loaded? background-color: black;color:white;border-radius:15px @ http://localhost:5199/node_modules/.vite/deps/@strudel_web.js?v=271342c3:10
[  772093ms] [LOG] %c[getTrigger] error: sound RolandTR808_rim not found! Is it loaded? background-color: black;color:white;border-radius:15px @ http://localhost:5199/node_modules/.vite/deps/@strudel_web.js?v=271342c3:10
[  772094ms] [LOG] %c[getTrigger] error: sound RolandTR909_hh not found! Is it loaded? background-color: black;color:white;border-radius:15px @ http://localhost:5199/node_modules/.vite/deps/@strudel_web.js?v=271342c3:10
[  772391ms] [LOG] %c[getTrigger] error: sound RolandTR909_oh not found! Is it loaded? background-color: black;color:white;border-radius:15px @ http://localhost:5199/node_modules/.vite/deps/@strudel_web.js?v=271342c3:10
[  772391ms] [LOG] %c[getTrigger] error: sound RolandTR909_hh not found! Is it loaded? background-color: black;color:white;border-radius:15px @ http://localhost:5199/node_modules/.vite/deps/@strudel_web.js?v=271342c3:10
[  772391ms] [LOG] %c[getTrigger] error: sound RolandTR808_sd not found! Is it loaded? background-color: black;color:white;border-radius:15px @ http://localhost:5199/node_modules/.vite/deps/@strudel_web.js?v=271342c3:10
[  772491ms] [LOG] %c[getTrigger] error: sound RolandTR909_hh not found! Is it loaded? background-color: black;color:white;border-radius:15px @ http://localhost:5199/node_modules/.vite/deps/@strudel_web.js?v=271342c3:10
[  772491ms] [LOG] %c[getTrigger] error: sound RolandTR808_sd not found! Is it loaded? background-color: black;color:white;border-radius:15px @ http://localhost:5199/node_modules/.vite/deps/@strudel_web.js?v=271342c3:10
[  772491ms] [LOG] %c[getTrigger] error: sound RolandTR909_hh not found! Is it loaded? background-color: black;color:white;border-radius:15px @ http://localhost:5199/node_modules/.vite/deps/@strudel_web.js?v=271342c3:10
[  772590ms] [LOG] %c[getTrigger] error: sound RolandTR808_rim not found! Is it loaded? background-color: black;color:white;border-radius:15px @ http://localhost:5199/node_modules/.vite/deps/@strudel_web.js?v=271342c3:10
[  772590ms] [LOG] %c[getTrigger] error: sound RolandTR909_hh not found! Is it loaded? background-color: black;color:white;border-radius:15px @ http://localhost:5199/node_modules/.vite/deps/@strudel_web.js?v=271342c3:10
[  772791ms] [LOG] %c[getTrigger] error: sound RolandTR808_rim not found! Is it loaded? background-color: black;color:white;border-radius:15px @ http://localhost:5199/node_modules/.vite/deps/@strudel_web.js?v=271342c3:10
[  772791ms] [LOG] %c[getTrigger] error: sound RolandTR909_hh not found! Is it loaded? background-color: black;color:white;border-radius:15px @ http://localhost:5199/node_modules/.vite/deps/@strudel_web.js?v=271342c3:10
[  772991ms] [LOG] %c[getTrigger] error: sound RolandTR808_rim not found! Is it loaded? background-color: black;color:white;border-radius:15px @ http://localhost:5199/node_modules/.vite/deps/@strudel_web.js?v=271342c3:10
[  773090ms] [LOG] %c[getTrigger] error: sound RolandTR909_hh not found! Is it loaded? background-color: black;color:white;border-radius:15px @ http://localhost:5199/node_modules/.vite/deps/@strudel_web.js?v=271342c3:10
[  773191ms] [LOG] %c[getTrigger] error: sound RolandTR909_oh not found! Is it loaded? background-color: black;color:white;border-radius:15px @ http://localhost:5199/node_modules/.vite/deps/@strudel_web.js?v=271342c3:10
[  773192ms] [LOG] %c[getTrigger] error: sound RolandTR909_hh not found! Is it loaded? background-color: black;color:white;border-radius:15px @ http://localhost:5199/node_modules/.vite/deps/@strudel_web.js?v=271342c3:10
[  773192ms] [LOG] %c[getTrigger] error: sound RolandTR808_sd not found! Is it loaded? background-color: black;color:white;border-radius:15px @ http://localhost:5199/node_modules/.vite/deps/@strudel_web.js?v=271342c3:10
[  773192ms] [LOG] %c[getTrigger] error: sound RolandTR909_hh not found! Is it loaded? background-color: black;color:white;border-radius:15px @ http://localhost:5199/node_modules/.vite/deps/@strudel_web.js?v=271342c3:10
[  773290ms] [LOG] %c[getTrigger] error: sound RolandTR909_bd not found! Is it loaded? background-color: black;color:white;border-radius:15px @ http://localhost:5199/node_modules/.vite/deps/@strudel_web.js?v=271342c3:10
[  773290ms] [LOG] %c[getTrigger] error: sound RolandTR909_hh not found! Is it loaded? background-color: black;color:white;border-radius:15px @ http://localhost:5199/node_modules/.vite/deps/@strudel_web.js?v=271342c3:10
[  773491ms] [LOG] %c[getTrigger] error: sound RolandTR909_bd not found! Is it loaded? background-color: black;color:white;border-radius:15px @ http://localhost:5199/node_modules/.vite/deps/@strudel_web.js?v=271342c3:10
[  773491ms] [LOG] %c[getTrigger] error: sound RolandTR808_rim not found! Is it loaded? background-color: black;color:white;border-radius:15px @ http://localhost:5199/node_modules/.vite/deps/@strudel_web.js?v=271342c3:10
[  773491ms] [LOG] %c[getTrigger] error: sound RolandTR909_hh not found! Is it loaded? background-color: black;color:white;border-radius:15px @ http://localhost:5199/node_modules/.vite/deps/@strudel_web.js?v=271342c3:10
[  773492ms] [LOG] %c[getTrigger] error: sound RolandTR808_rim not found! Is it loaded? background-color: black;color:white;border-radius:15px @ http://localhost:5199/node_modules/.vite/deps/@strudel_web.js?v=271342c3:10
[  773492ms] [LOG] %c[getTrigger] error: sound RolandTR909_hh not found! Is it loaded? background-color: black;color:white;border-radius:15px @ http://localhost:5199/node_modules/.vite/deps/@strudel_web.js?v=271342c3:10
[  773892ms] [LOG] %c[getTrigger] error: sound RolandTR808_rim not found! Is it loaded? background-color: black;color:white;border-radius:15px @ http://localhost:5199/node_modules/.vite/deps/@strudel_web.js?v=271342c3:10
[  773892ms] [LOG] %c[getTrigger] error: sound RolandTR909_hh not found! Is it loaded? background-color: black;color:white;border-radius:15px @ http://localhost:5199/node_modules/.vite/deps/@strudel_web.js?v=271342c3:10
[  773892ms] [LOG] %c[getTrigger] error: sound RolandTR909_oh not found! Is it loaded? background-color: black;color:white;border-radius:15px @ http://localhost:5199/node_modules/.vite/deps/@strudel_web.js?v=271342c3:10
[  773892ms] [LOG] %c[getTrigger] error: sound RolandTR909_hh not found! Is it loaded? background-color: black;color:white;border-radius:15px @ http://localhost:5199/node_modules/.vite/deps/@strudel_web.js?v=271342c3:10
[  773892ms] [LOG] %c[getTrigger] error: sound RolandTR808_sd not found! Is it loaded? background-color: black;color:white;border-radius:15px @ http://localhost:5199/node_modules/.vite/deps/@strudel_web.js?v=271342c3:10
[  773892ms] [LOG] %c[getTrigger] error: sound RolandTR909_hh not found! Is it loaded? background-color: black;color:white;border-radius:15px @ http://localhost:5199/node_modules/.vite/deps/@strudel_web.js?v=271342c3:10
[  773990ms] [LOG] %c[getTrigger] error: sound RolandTR808_rim not found! Is it loaded? background-color: black;color:white;border-radius:15px @ http://localhost:5199/node_modules/.vite/deps/@strudel_web.js?v=271342c3:10
[  773990ms] [LOG] %c[getTrigger] error: sound RolandTR909_hh not found! Is it loaded? background-color: black;color:white;border-radius:15px @ http://localhost:5199/node_modules/.vite/deps/@strudel_web.js?v=271342c3:10
[  774191ms] [LOG] %c[getTrigger] error: sound RolandTR808_rim not found! Is it loaded? background-color: black;color:white;border-radius:15px @ http://localhost:5199/node_modules/.vite/deps/@strudel_web.js?v=271342c3:10
[  774191ms] [LOG] %c[getTrigger] error: sound RolandTR909_hh not found! Is it loaded? background-color: black;color:white;border-radius:15px @ http://localhost:5199/node_modules/.vite/deps/@strudel_web.js?v=271342c3:10
[  774390ms] [LOG] %c[getTrigger] error: sound RolandTR808_rim not found! Is it loaded? background-color: black;color:white;border-radius:15px @ http://localhost:5199/node_modules/.vite/deps/@strudel_web.js?v=271342c3:10
[  774490ms] [LOG] %c[getTrigger] error: sound RolandTR909_hh not found! Is it loaded? background-color: black;color:white;border-radius:15px @ http://localhost:5199/node_modules/.vite/deps/@strudel_web.js?v=271342c3:10
[  774590ms] [LOG] %c[getTrigger] error: sound RolandTR909_oh not found! Is it loaded? background-color: black;color:white;border-radius:15px @ http://localhost:5199/node_modules/.vite/deps/@strudel_web.js?v=271342c3:10
[  774590ms] [LOG] %c[getTrigger] error: sound RolandTR909_hh not found! Is it loaded? background-color: black;color:white;border-radius:15px @ http://localhost:5199/node_modules/.vite/deps/@strudel_web.js?v=271342c3:10
[  774590ms] [LOG] %c[getTrigger] error: sound RolandTR808_sd not found! Is it loaded? background-color: black;color:white;border-radius:15px @ http://localhost:5199/node_modules/.vite/deps/@strudel_web.js?v=271342c3:10
[  774591ms] [LOG] %c[getTrigger] error: sound RolandTR909_hh not found! Is it loaded? background-color: black;color:white;border-radius:15px @ http://localhost:5199/node_modules/.vite/deps/@strudel_web.js?v=271342c3:10
[  774690ms] [LOG] %c[getTrigger] error: sound RolandTR909_bd not found! Is it loaded? background-color: black;color:white;border-radius:15px @ http://localhost:5199/node_modules/.vite/deps/@strudel_web.js?v=271342c3:10
[  774690ms] [LOG] %c[getTrigger] error: sound RolandTR909_hh not found! Is it loaded? background-color: black;color:white;border-radius:15px @ http://localhost:5199/node_modules/.vite/deps/@strudel_web.js?v=271342c3:10
[  774891ms] [LOG] %c[getTrigger] error: sound RolandTR909_bd not found! Is it loaded? background-color: black;color:white;border-radius:15px @ http://localhost:5199/node_modules/.vite/deps/@strudel_web.js?v=271342c3:10
[  774891ms] [LOG] %c[getTrigger] error: sound RolandTR808_rim not found! Is it loaded? background-color: black;color:white;border-radius:15px @ http://localhost:5199/node_modules/.vite/deps/@strudel_web.js?v=271342c3:10
[  774891ms] [LOG] %c[getTrigger] error: sound RolandTR909_hh not found! Is it loaded? background-color: black;color:white;border-radius:15px @ http://localhost:5199/node_modules/.vite/deps/@strudel_web.js?v=271342c3:10
[  774891ms] [LOG] %c[getTrigger] error: sound RolandTR808_rim not found! Is it loaded? background-color: black;color:white;border-radius:15px @ http://localhost:5199/node_modules/.vite/deps/@strudel_web.js?v=271342c3:10
[  774891ms] [LOG] %c[getTrigger] error: sound RolandTR909_hh not found! Is it loaded? background-color: black;color:white;border-radius:15px @ http://localhost:5199/node_modules/.vite/deps/@strudel_web.js?v=271342c3:10
[  775291ms] [LOG] %c[getTrigger] error: sound RolandTR909_oh not found! Is it loaded? background-color: black;color:white;border-radius:15px @ http://localhost:5199/node_modules/.vite/deps/@strudel_web.js?v=271342c3:10
[  775291ms] [LOG] %c[getTrigger] error: sound RolandTR909_hh not found! Is it loaded? background-color: black;color:white;border-radius:15px @ http://localhost:5199/node_modules/.vite/deps/@strudel_web.js?v=271342c3:10
[  775291ms] [LOG] %c[getTrigger] error: sound RolandTR808_sd not found! Is it loaded? background-color: black;color:white;border-radius:15px @ http://localhost:5199/node_modules/.vite/deps/@strudel_web.js?v=271342c3:10
[  775291ms] [LOG] %c[getTrigger] error: sound RolandTR909_hh not found! Is it loaded? background-color: black;color:white;border-radius:15px @ http://localhost:5199/node_modules/.vite/deps/@strudel_web.js?v=271342c3:10
[  775391ms] [LOG] %c[getTrigger] error: sound RolandTR808_rim not found! Is it loaded? background-color: black;color:white;border-radius:15px @ http://localhost:5199/node_modules/.vite/deps/@strudel_web.js?v=271342c3:10
[  775391ms] [LOG] %c[getTrigger] error: sound RolandTR909_hh not found! Is it loaded? background-color: black;color:white;border-radius:15px @ http://localhost:5199/node_modules/.vite/deps/@strudel_web.js?v=271342c3:10
[  775591ms] [LOG] %c[getTrigger] error: sound RolandTR808_rim not found! Is it loaded? background-color: black;color:white;border-radius:15px @ http://localhost:5199/node_modules/.vite/deps/@strudel_web.js?v=271342c3:10
[  775591ms] [LOG] %c[getTrigger] error: sound RolandTR909_hh not found! Is it loaded? background-color: black;color:white;border-radius:15px @ http://localhost:5199/node_modules/.vite/deps/@strudel_web.js?v=271342c3:10
[  775891ms] [LOG] %c[getTrigger] error: sound RolandTR808_rim not found! Is it loaded? background-color: black;color:white;border-radius:15px @ http://localhost:5199/node_modules/.vite/deps/@strudel_web.js?v=271342c3:10
[  775891ms] [LOG] %c[getTrigger] error: sound RolandTR909_hh not found! Is it loaded? background-color: black;color:white;border-radius:15px @ http://localhost:5199/node_modules/.vite/deps/@strudel_web.js?v=271342c3:10
[  775992ms] [LOG] %c[getTrigger] error: sound RolandTR909_oh not found! Is it loaded? background-color: black;color:white;border-radius:15px @ http://localhost:5199/node_modules/.vite/deps/@strudel_web.js?v=271342c3:10
[  775992ms] [LOG] %c[getTrigger] error: sound RolandTR909_hh not found! Is it loaded? background-color: black;color:white;border-radius:15px @ http://localhost:5199/node_modules/.vite/deps/@strudel_web.js?v=271342c3:10
[  775992ms] [LOG] %c[getTrigger] error: sound RolandTR808_sd not found! Is it loaded? background-color: black;color:white;border-radius:15px @ http://localhost:5199/node_modules/.vite/deps/@strudel_web.js?v=271342c3:10
[  775992ms] [LOG] %c[getTrigger] error: sound RolandTR909_hh not found! Is it loaded? background-color: black;color:white;border-radius:15px @ http://localhost:5199/node_modules/.vite/deps/@strudel_web.js?v=271342c3:10
[  776191ms] [LOG] %c[getTrigger] error: sound RolandTR909_bd not found! Is it loaded? background-color: black;color:white;border-radius:15px @ http://localhost:5199/node_modules/.vite/deps/@strudel_web.js?v=271342c3:10
[  776191ms] [LOG] %c[getTrigger] error: sound RolandTR909_hh not found! Is it loaded? background-color: black;color:white;border-radius:15px @ http://localhost:5199/node_modules/.vite/deps/@strudel_web.js?v=271342c3:10
[  776292ms] [LOG] %c[getTrigger] error: sound RolandTR909_bd not found! Is it loaded? background-color: black;color:white;border-radius:15px @ http://localhost:5199/node_modules/.vite/deps/@strudel_web.js?v=271342c3:10
[  776292ms] [LOG] %c[getTrigger] error: sound RolandTR808_rim not found! Is it loaded? background-color: black;color:white;border-radius:15px @ http://localhost:5199/node_modules/.vite/deps/@strudel_web.js?v=271342c3:10
[  776292ms] [LOG] %c[getTrigger] error: sound RolandTR909_hh not found! Is it loaded? background-color: black;color:white;border-radius:15px @ http://localhost:5199/node_modules/.vite/deps/@strudel_web.js?v=271342c3:10
[  776292ms] [LOG] %c[getTrigger] error: sound RolandTR808_rim not found! Is it loaded? background-color: black;color:white;border-radius:15px @ http://localhost:5199/node_modules/.vite/deps/@strudel_web.js?v=271342c3:10
[  776292ms] [LOG] %c[getTrigger] error: sound RolandTR909_hh not found! Is it loaded? background-color: black;color:white;border-radius:15px @ http://localhost:5199/node_modules/.vite/deps/@strudel_web.js?v=271342c3:10
[  776690ms] [LOG] %c[getTrigger] error: sound RolandTR808_rim not found! Is it loaded? background-color: black;color:white;border-radius:15px @ http://localhost:5199/node_modules/.vite/deps/@strudel_web.js?v=271342c3:10
[  776690ms] [LOG] %c[getTrigger] error: sound RolandTR909_hh not found! Is it loaded? background-color: black;color:white;border-radius:15px @ http://localhost:5199/node_modules/.vite/deps/@strudel_web.js?v=271342c3:10
[  776690ms] [LOG] %c[getTrigger] error: sound RolandTR909_oh not found! Is it loaded? background-color: black;color:white;border-radius:15px @ http://localhost:5199/node_modules/.vite/deps/@strudel_web.js?v=271342c3:10
[  776690ms] [LOG] %c[getTrigger] error: sound RolandTR909_hh not found! Is it loaded? background-color: black;color:white;border-radius:15px @ http://localhost:5199/node_modules/.vite/deps/@strudel_web.js?v=271342c3:10
[  776690ms] [LOG] %c[getTrigger] error: sound RolandTR808_sd not found! Is it loaded? background-color: black;color:white;border-radius:15px @ http://localhost:5199/node_modules/.vite/deps/@strudel_web.js?v=271342c3:10
[  776690ms] [LOG] %c[getTrigger] error: sound RolandTR909_hh not found! Is it loaded? background-color: black;color:white;border-radius:15px @ http://localhost:5199/node_modules/.vite/deps/@strudel_web.js?v=271342c3:10
[  776789ms] [LOG] %c[getTrigger] error: sound RolandTR808_rim not found! Is it loaded? background-color: black;color:white;border-radius:15px @ http://localhost:5199/node_modules/.vite/deps/@strudel_web.js?v=271342c3:10
[  776890ms] [LOG] %c[getTrigger] error: sound RolandTR909_hh not found! Is it loaded? background-color: black;color:white;border-radius:15px @ http://localhost:5199/node_modules/.vite/deps/@strudel_web.js?v=271342c3:10
[  776990ms] [LOG] %c[getTrigger] error: sound RolandTR808_rim not found! Is it loaded? background-color: black;color:white;border-radius:15px @ http://localhost:5199/node_modules/.vite/deps/@strudel_web.js?v=271342c3:10
[  776990ms] [LOG] %c[getTrigger] error: sound RolandTR909_hh not found! Is it loaded? background-color: black;color:white;border-radius:15px @ http://localhost:5199/node_modules/.vite/deps/@strudel_web.js?v=271342c3:10
[  777290ms] [LOG] %c[getTrigger] error: sound RolandTR808_rim not found! Is it loaded? background-color: black;color:white;border-radius:15px @ http://localhost:5199/node_modules/.vite/deps/@strudel_web.js?v=271342c3:10
[  777290ms] [LOG] %c[getTrigger] error: sound RolandTR909_hh not found! Is it loaded? background-color: black;color:white;border-radius:15px @ http://localhost:5199/node_modules/.vite/deps/@strudel_web.js?v=271342c3:10
[  777391ms] [LOG] %c[getTrigger] error: sound RolandTR909_oh not found! Is it loaded? background-color: black;color:white;border-radius:15px @ http://localhost:5199/node_modules/.vite/deps/@strudel_web.js?v=271342c3:10
[  777391ms] [LOG] %c[getTrigger] error: sound RolandTR909_hh not found! Is it loaded? background-color: black;color:white;border-radius:15px @ http://localhost:5199/node_modules/.vite/deps/@strudel_web.js?v=271342c3:10
[  777391ms] [LOG] %c[getTrigger] error: sound RolandTR808_sd not found! Is it loaded? background-color: black;color:white;border-radius:15px @ http://localhost:5199/node_modules/.vite/deps/@strudel_web.js?v=271342c3:10
[  777391ms] [LOG] %c[getTrigger] error: sound RolandTR909_hh not found! Is it loaded? background-color: black;color:white;border-radius:15px @ http://localhost:5199/node_modules/.vite/deps/@strudel_web.js?v=271342c3:10
[  777391ms] [LOG] %c[getTrigger] error: sound RolandTR808_sd not found! Is it loaded? background-color: black;color:white;border-radius:15px @ http://localhost:5199/node_modules/.vite/deps/@strudel_web.js?v=271342c3:10
[  777490ms] [LOG] %c[getTrigger] error: sound RolandTR909_hh not found! Is it loaded? background-color: black;color:white;border-radius:15px @ http://localhost:5199/node_modules/.vite/deps/@strudel_web.js?v=271342c3:10
[  777590ms] [LOG] %c[getTrigger] error: sound RolandTR909_bd not found! Is it loaded? background-color: black;color:white;border-radius:15px @ http://localhost:5199/node_modules/.vite/deps/@strudel_web.js?v=271342c3:10
[  777590ms] [LOG] %c[getTrigger] error: sound RolandTR909_hh not found! Is it loaded? background-color: black;color:white;border-radius:15px @ http://localhost:5199/node_modules/.vite/deps/@strudel_web.js?v=271342c3:10
[  777690ms] [LOG] %c[getTrigger] error: sound RolandTR909_bd not found! Is it loaded? background-color: black;color:white;border-radius:15px @ http://localhost:5199/node_modules/.vite/deps/@strudel_web.js?v=271342c3:10
[  777691ms] [LOG] %c[getTrigger] error: sound RolandTR808_rim not found! Is it loaded? background-color: black;color:white;border-radius:15px @ http://localhost:5199/node_modules/.vite/deps/@strudel_web.js?v=271342c3:10
[  777691ms] [LOG] %c[getTrigger] error: sound RolandTR909_hh not found! Is it loaded? background-color: black;color:white;border-radius:15px @ http://localhost:5199/node_modules/.vite/deps/@strudel_web.js?v=271342c3:10
[  777691ms] [LOG] %c[getTrigger] error: sound RolandTR808_rim not found! Is it loaded? background-color: black;color:white;border-radius:15px @ http://localhost:5199/node_modules/.vite/deps/@strudel_web.js?v=271342c3:10
[  777691ms] [LOG] %c[getTrigger] error: sound RolandTR909_hh not found! Is it loaded? background-color: black;color:white;border-radius:15px @ http://localhost:5199/node_modules/.vite/deps/@strudel_web.js?v=271342c3:10
[  777968ms] [LOG] %c[eval] code updated background-color: black;color:white;border-radius:15px @ http://localhost:5199/node_modules/.vite/deps/@strudel_web.js?v=271342c3:10
[  777989ms] [LOG] %c[getTrigger] error: sound RolandTR909_hh not found! Is it loaded? background-color: black;color:white;border-radius:15px @ http://localhost:5199/node_modules/.vite/deps/@strudel_web.js?v=271342c3:10
[  778091ms] [LOG] %c[getTrigger] error: sound RolandTR909_oh not found! Is it loaded? background-color: black;color:white;border-radius:15px @ http://localhost:5199/node_modules/.vite/deps/@strudel_web.js?v=271342c3:10
[  778091ms] [LOG] %c[getTrigger] error: sound RolandTR909_hh not found! Is it loaded? background-color: black;color:white;border-radius:15px @ http://localhost:5199/node_modules/.vite/deps/@strudel_web.js?v=271342c3:10
[  778091ms] [LOG] %c[getTrigger] error: sound RolandTR808_sd not found! Is it loaded? background-color: black;color:white;border-radius:15px @ http://localhost:5199/node_modules/.vite/deps/@strudel_web.js?v=271342c3:10
[  778091ms] [LOG] %c[getTrigger] error: sound RolandTR909_hh not found! Is it loaded? background-color: black;color:white;border-radius:15px @ http://localhost:5199/node_modules/.vite/deps/@strudel_web.js?v=271342c3:10
[  778091ms] [LOG] %c[getTrigger] error: sound RolandTR808_sd not found! Is it loaded? background-color: black;color:white;border-radius:15px @ http://localhost:5199/node_modules/.vite/deps/@strudel_web.js?v=271342c3:10
[  778191ms] [LOG] %c[getTrigger] error: sound RolandTR909_hh not found! Is it loaded? background-color: black;color:white;border-radius:15px @ http://localhost:5199/node_modules/.vite/deps/@strudel_web.js?v=271342c3:10
[  778191ms] [LOG] %c[getTrigger] error: sound RolandTR808_rim not found! Is it loaded? background-color: black;color:white;border-radius:15px @ http://localhost:5199/node_modules/.vite/deps/@strudel_web.js?v=271342c3:10
[  778291ms] [LOG] %c[getTrigger] error: sound RolandTR909_hh not found! Is it loaded? background-color: black;color:white;border-radius:15px @ http://localhost:5199/node_modules/.vite/deps/@strudel_web.js?v=271342c3:10
[  778391ms] [LOG] %c[getTrigger] error: sound RolandTR808_rim not found! Is it loaded? background-color: black;color:white;border-radius:15px @ http://localhost:5199/node_modules/.vite/deps/@strudel_web.js?v=271342c3:10
[  778391ms] [LOG] %c[getTrigger] error: sound RolandTR909_hh not found! Is it loaded? background-color: black;color:white;border-radius:15px @ http://localhost:5199/node_modules/.vite/deps/@strudel_web.js?v=271342c3:10
[  778691ms] [LOG] %c[getTrigger] error: sound RolandTR808_rim not found! Is it loaded? background-color: black;color:white;border-radius:15px @ http://localhost:5199/node_modules/.vite/deps/@strudel_web.js?v=271342c3:10
[  778691ms] [LOG] %c[getTrigger] error: sound RolandTR909_hh not found! Is it loaded? background-color: black;color:white;border-radius:15px @ http://localhost:5199/node_modules/.vite/deps/@strudel_web.js?v=271342c3:10
[  778790ms] [LOG] %c[getTrigger] error: sound RolandTR909_oh not found! Is it loaded? background-color: black;color:white;border-radius:15px @ http://localhost:5199/node_modules/.vite/deps/@strudel_web.js?v=271342c3:10
[  778790ms] [LOG] %c[getTrigger] error: sound RolandTR909_hh not found! Is it loaded? background-color: black;color:white;border-radius:15px @ http://localhost:5199/node_modules/.vite/deps/@strudel_web.js?v=271342c3:10
[  778790ms] [LOG] %c[getTrigger] error: sound RolandTR808_sd not found! Is it loaded? background-color: black;color:white;border-radius:15px @ http://localhost:5199/node_modules/.vite/deps/@strudel_web.js?v=271342c3:10
[  778890ms] [LOG] %c[getTrigger] error: sound RolandTR909_hh not found! Is it loaded? background-color: black;color:white;border-radius:15px @ http://localhost:5199/node_modules/.vite/deps/@strudel_web.js?v=271342c3:10
[  778991ms] [LOG] %c[getTrigger] error: sound RolandTR909_bd not found! Is it loaded? background-color: black;color:white;border-radius:15px @ http://localhost:5199/node_modules/.vite/deps/@strudel_web.js?v=271342c3:10
[  778991ms] [LOG] %c[getTrigger] error: sound RolandTR909_hh not found! Is it loaded? background-color: black;color:white;border-radius:15px @ http://localhost:5199/node_modules/.vite/deps/@strudel_web.js?v=271342c3:10
[  779191ms] [LOG] %c[getTrigger] error: sound RolandTR909_bd not found! Is it loaded? background-color: black;color:white;border-radius:15px @ http://localhost:5199/node_modules/.vite/deps/@strudel_web.js?v=271342c3:10
[  779191ms] [LOG] %c[getTrigger] error: sound RolandTR808_rim not found! Is it loaded? background-color: black;color:white;border-radius:15px @ http://localhost:5199/node_modules/.vite/deps/@strudel_web.js?v=271342c3:10
[  779191ms] [LOG] %c[getTrigger] error: sound RolandTR909_hh not found! Is it loaded? background-color: black;color:white;border-radius:15px @ http://localhost:5199/node_modules/.vite/deps/@strudel_web.js?v=271342c3:10
[  779191ms] [LOG] %c[getTrigger] error: sound RolandTR808_rim not found! Is it loaded? background-color: black;color:white;border-radius:15px @ http://localhost:5199/node_modules/.vite/deps/@strudel_web.js?v=271342c3:10
[  779192ms] [LOG] %c[getTrigger] error: sound RolandTR909_hh not found! Is it loaded? background-color: black;color:white;border-radius:15px @ http://localhost:5199/node_modules/.vite/deps/@strudel_web.js?v=271342c3:10
[  779490ms] [LOG] %c[getTrigger] error: sound RolandTR808_rim not found! Is it loaded? background-color: black;color:white;border-radius:15px @ http://localhost:5199/node_modules/.vite/deps/@strudel_web.js?v=271342c3:10
[  779490ms] [LOG] %c[getTrigger] error: sound RolandTR909_hh not found! Is it loaded? background-color: black;color:white;border-radius:15px @ http://localhost:5199/node_modules/.vite/deps/@strudel_web.js?v=271342c3:10
[  779490ms] [LOG] %c[getTrigger] error: sound RolandTR909_oh not found! Is it loaded? background-color: black;color:white;border-radius:15px @ http://localhost:5199/node_modules/.vite/deps/@strudel_web.js?v=271342c3:10
[  779490ms] [LOG] %c[getTrigger] error: sound RolandTR909_hh not found! Is it loaded? background-color: black;color:white;border-radius:15px @ http://localhost:5199/node_modules/.vite/deps/@strudel_web.js?v=271342c3:10
[  779490ms] [LOG] %c[getTrigger] error: sound RolandTR808_sd not found! Is it loaded? background-color: black;color:white;border-radius:15px @ http://localhost:5199/node_modules/.vite/deps/@strudel_web.js?v=271342c3:10
[  779590ms] [LOG] %c[getTrigger] error: sound RolandTR909_hh not found! Is it loaded? background-color: black;color:white;border-radius:15px @ http://localhost:5199/node_modules/.vite/deps/@strudel_web.js?v=271342c3:10
[  779590ms] [LOG] %c[getTrigger] error: sound RolandTR808_rim not found! Is it loaded? background-color: black;color:white;border-radius:15px @ http://localhost:5199/node_modules/.vite/deps/@strudel_web.js?v=271342c3:10
[  779690ms] [LOG] %c[getTrigger] error: sound RolandTR909_hh not found! Is it loaded? background-color: black;color:white;border-radius:15px @ http://localhost:5199/node_modules/.vite/deps/@strudel_web.js?v=271342c3:10
[  779890ms] [LOG] %c[getTrigger] error: sound RolandTR808_rim not found! Is it loaded? background-color: black;color:white;border-radius:15px @ http://localhost:5199/node_modules/.vite/deps/@strudel_web.js?v=271342c3:10
[  779891ms] [LOG] %c[getTrigger] error: sound RolandTR909_hh not found! Is it loaded? background-color: black;color:white;border-radius:15px @ http://localhost:5199/node_modules/.vite/deps/@strudel_web.js?v=271342c3:10
[  780091ms] [LOG] %c[getTrigger] error: sound RolandTR808_rim not found! Is it loaded? background-color: black;color:white;border-radius:15px @ http://localhost:5199/node_modules/.vite/deps/@strudel_web.js?v=271342c3:10
[  780091ms] [LOG] %c[getTrigger] error: sound RolandTR909_hh not found! Is it loaded? background-color: black;color:white;border-radius:15px @ http://localhost:5199/node_modules/.vite/deps/@strudel_web.js?v=271342c3:10
[  780191ms] [LOG] %c[getTrigger] error: sound RolandTR909_oh not found! Is it loaded? background-color: black;color:white;border-radius:15px @ http://localhost:5199/node_modules/.vite/deps/@strudel_web.js?v=271342c3:10
[  780191ms] [LOG] %c[getTrigger] error: sound RolandTR909_hh not found! Is it loaded? background-color: black;color:white;border-radius:15px @ http://localhost:5199/node_modules/.vite/deps/@strudel_web.js?v=271342c3:10
[  780191ms] [LOG] %c[getTrigger] error: sound RolandTR808_sd not found! Is it loaded? background-color: black;color:white;border-radius:15px @ http://localhost:5199/node_modules/.vite/deps/@strudel_web.js?v=271342c3:10
[  780290ms] [LOG] %c[getTrigger] error: sound RolandTR909_hh not found! Is it loaded? background-color: black;color:white;border-radius:15px @ http://localhost:5199/node_modules/.vite/deps/@strudel_web.js?v=271342c3:10
[  780390ms] [LOG] %c[getTrigger] error: sound RolandTR909_bd not found! Is it loaded? background-color: black;color:white;border-radius:15px @ http://localhost:5199/node_modules/.vite/deps/@strudel_web.js?v=271342c3:10
[  780390ms] [LOG] %c[getTrigger] error: sound RolandTR909_hh not found! Is it loaded? background-color: black;color:white;border-radius:15px @ http://localhost:5199/node_modules/.vite/deps/@strudel_web.js?v=271342c3:10
[  780591ms] [LOG] %c[getTrigger] error: sound RolandTR909_bd not found! Is it loaded? background-color: black;color:white;border-radius:15px @ http://localhost:5199/node_modules/.vite/deps/@strudel_web.js?v=271342c3:10
[  780591ms] [LOG] %c[getTrigger] error: sound RolandTR808_rim not found! Is it loaded? background-color: black;color:white;border-radius:15px @ http://localhost:5199/node_modules/.vite/deps/@strudel_web.js?v=271342c3:10
[  780591ms] [LOG] %c[getTrigger] error: sound RolandTR909_hh not found! Is it loaded? background-color: black;color:white;border-radius:15px @ http://localhost:5199/node_modules/.vite/deps/@strudel_web.js?v=271342c3:10
[  780591ms] [LOG] %c[getTrigger] error: sound RolandTR808_rim not found! Is it loaded? background-color: black;color:white;border-radius:15px @ http://localhost:5199/node_modules/.vite/deps/@strudel_web.js?v=271342c3:10
[  780591ms] [LOG] %c[getTrigger] error: sound RolandTR909_hh not found! Is it loaded? background-color: black;color:white;border-radius:15px @ http://localhost:5199/node_modules/.vite/deps/@strudel_web.js?v=271342c3:10
[  780790ms] [LOG] %c[eval] code updated background-color: black;color:white;border-radius:15px @ http://localhost:5199/node_modules/.vite/deps/@strudel_web.js?v=271342c3:10
[  780791ms] [LOG] %c[getTrigger] error: sound RolandTR909_hh not found! Is it loaded? background-color: black;color:white;border-radius:15px @ http://localhost:5199/node_modules/.vite/deps/@strudel_web.js?v=271342c3:10
[  780891ms] [LOG] %c[getTrigger] error: sound RolandTR909_cp not found! Is it loaded? background-color: black;color:white;border-radius:15px @ http://localhost:5199/node_modules/.vite/deps/@strudel_web.js?v=271342c3:10
[  780891ms] [LOG] %c[getTrigger] error: sound RolandTR808_sd not found! Is it loaded? background-color: black;color:white;border-radius:15px @ http://localhost:5199/node_modules/.vite/deps/@strudel_web.js?v=271342c3:10
[  780990ms] [LOG] %c[getTrigger] error: sound RolandTR909_hh not found! Is it loaded? background-color: black;color:white;border-radius:15px @ http://localhost:5199/node_modules/.vite/deps/@strudel_web.js?v=271342c3:10
[  781290ms] [LOG] %c[getTrigger] error: sound RolandTR909_oh not found! Is it loaded? background-color: black;color:white;border-radius:15px @ http://localhost:5199/node_modules/.vite/deps/@strudel_web.js?v=271342c3:10
[  781290ms] [LOG] %c[getTrigger] error: sound RolandTR909_hh not found! Is it loaded? background-color: black;color:white;border-radius:15px @ http://localhost:5199/node_modules/.vite/deps/@strudel_web.js?v=271342c3:10
[  781589ms] [LOG] %c[getTrigger] error: sound RolandTR808_sd not found! Is it loaded? background-color: black;color:white;border-radius:15px @ http://localhost:5199/node_modules/.vite/deps/@strudel_web.js?v=271342c3:10
[  781689ms] [LOG] %c[getTrigger] error: sound RolandTR909_hh not found! Is it loaded? background-color: black;color:white;border-radius:15px @ http://localhost:5199/node_modules/.vite/deps/@strudel_web.js?v=271342c3:10
[  781989ms] [LOG] %c[getTrigger] error: sound RolandTR909_bd not found! Is it loaded? background-color: black;color:white;border-radius:15px @ http://localhost:5199/node_modules/.vite/deps/@strudel_web.js?v=271342c3:10
[  781989ms] [LOG] %c[getTrigger] error: sound RolandTR909_hh not found! Is it loaded? background-color: black;color:white;border-radius:15px @ http://localhost:5199/node_modules/.vite/deps/@strudel_web.js?v=271342c3:10
[  782290ms] [LOG] %c[getTrigger] error: sound RolandTR808_sd not found! Is it loaded? background-color: black;color:white;border-radius:15px @ http://localhost:5199/node_modules/.vite/deps/@strudel_web.js?v=271342c3:10
[  782390ms] [LOG] %c[getTrigger] error: sound RolandTR909_hh not found! Is it loaded? background-color: black;color:white;border-radius:15px @ http://localhost:5199/node_modules/.vite/deps/@strudel_web.js?v=271342c3:10
[  782690ms] [LOG] %c[getTrigger] error: sound RolandTR909_oh not found! Is it loaded? background-color: black;color:white;border-radius:15px @ http://localhost:5199/node_modules/.vite/deps/@strudel_web.js?v=271342c3:10
[  782690ms] [LOG] %c[getTrigger] error: sound RolandTR909_hh not found! Is it loaded? background-color: black;color:white;border-radius:15px @ http://localhost:5199/node_modules/.vite/deps/@strudel_web.js?v=271342c3:10
[  783090ms] [LOG] %c[getTrigger] error: sound RolandTR808_sd not found! Is it loaded? background-color: black;color:white;border-radius:15px @ http://localhost:5199/node_modules/.vite/deps/@strudel_web.js?v=271342c3:10
[  783090ms] [LOG] %c[getTrigger] error: sound RolandTR909_hh not found! Is it loaded? background-color: black;color:white;border-radius:15px @ http://localhost:5199/node_modules/.vite/deps/@strudel_web.js?v=271342c3:10
[  783392ms] [LOG] %c[getTrigger] error: sound RolandTR909_bd not found! Is it loaded? background-color: black;color:white;border-radius:15px @ http://localhost:5199/node_modules/.vite/deps/@strudel_web.js?v=271342c3:10
[  783392ms] [LOG] %c[getTrigger] error: sound RolandTR909_hh not found! Is it loaded? background-color: black;color:white;border-radius:15px @ http://localhost:5199/node_modules/.vite/deps/@strudel_web.js?v=271342c3:10
[  783616ms] [LOG] %c[eval] code updated background-color: black;color:white;border-radius:15px @ http://localhost:5199/node_modules/.vite/deps/@strudel_web.js?v=271342c3:10
[  783691ms] [LOG] %c[getTrigger] error: sound RolandTR909_hh not found! Is it loaded? background-color: black;color:white;border-radius:15px @ http://localhost:5199/node_modules/.vite/deps/@strudel_web.js?v=271342c3:10
[  783691ms] [LOG] %c[getTrigger] error: sound RolandTR909_oh not found! Is it loaded? background-color: black;color:white;border-radius:15px @ http://localhost:5199/node_modules/.vite/deps/@strudel_web.js?v=271342c3:10
[  783691ms] [LOG] %c[getTrigger] error: sound RolandTR909_hh not found! Is it loaded? background-color: black;color:white;border-radius:15px @ http://localhost:5199/node_modules/.vite/deps/@strudel_web.js?v=271342c3:10
[  783691ms] [LOG] %c[getTrigger] error: sound RolandTR808_sd not found! Is it loaded? background-color: black;color:white;border-radius:15px @ http://localhost:5199/node_modules/.vite/deps/@strudel_web.js?v=271342c3:10
[  783790ms] [LOG] %c[getTrigger] error: sound RolandTR909_hh not found! Is it loaded? background-color: black;color:white;border-radius:15px @ http://localhost:5199/node_modules/.vite/deps/@strudel_web.js?v=271342c3:10
[  783790ms] [LOG] %c[getTrigger] error: sound RolandTR808_sd not found! Is it loaded? background-color: black;color:white;border-radius:15px @ http://localhost:5199/node_modules/.vite/deps/@strudel_web.js?v=271342c3:10
[  783790ms] [LOG] %c[getTrigger] error: sound RolandTR909_hh not found! Is it loaded? background-color: black;color:white;border-radius:15px @ http://localhost:5199/node_modules/.vite/deps/@strudel_web.js?v=271342c3:10
[  783890ms] [LOG] %c[getTrigger] error: sound RolandTR808_rim not found! Is it loaded? background-color: black;color:white;border-radius:15px @ http://localhost:5199/node_modules/.vite/deps/@strudel_web.js?v=271342c3:10
[  783890ms] [LOG] %c[getTrigger] error: sound RolandTR909_hh not found! Is it loaded? background-color: black;color:white;border-radius:15px @ http://localhost:5199/node_modules/.vite/deps/@strudel_web.js?v=271342c3:10
[  784090ms] [LOG] %c[getTrigger] error: sound RolandTR808_rim not found! Is it loaded? background-color: black;color:white;border-radius:15px @ http://localhost:5199/node_modules/.vite/deps/@strudel_web.js?v=271342c3:10
[  784090ms] [LOG] %c[getTrigger] error: sound RolandTR909_hh not found! Is it loaded? background-color: black;color:white;border-radius:15px @ http://localhost:5199/node_modules/.vite/deps/@strudel_web.js?v=271342c3:10
[  784290ms] [LOG] %c[getTrigger] error: sound RolandTR808_rim not found! Is it loaded? background-color: black;color:white;border-radius:15px @ http://localhost:5199/node_modules/.vite/deps/@strudel_web.js?v=271342c3:10
[  784391ms] [LOG] %c[getTrigger] error: sound RolandTR909_hh not found! Is it loaded? background-color: black;color:white;border-radius:15px @ http://localhost:5199/node_modules/.vite/deps/@strudel_web.js?v=271342c3:10
[  784391ms] [LOG] %c[getTrigger] error: sound RolandTR909_oh not found! Is it loaded? background-color: black;color:white;border-radius:15px @ http://localhost:5199/node_modules/.vite/deps/@strudel_web.js?v=271342c3:10
[  784391ms] [LOG] %c[getTrigger] error: sound RolandTR909_hh not found! Is it loaded? background-color: black;color:white;border-radius:15px @ http://localhost:5199/node_modules/.vite/deps/@strudel_web.js?v=271342c3:10
[  784391ms] [LOG] %c[getTrigger] error: sound RolandTR808_sd not found! Is it loaded? background-color: black;color:white;border-radius:15px @ http://localhost:5199/node_modules/.vite/deps/@strudel_web.js?v=271342c3:10
[  784490ms] [LOG] %c[getTrigger] error: sound RolandTR909_hh not found! Is it loaded? background-color: black;color:white;border-radius:15px @ http://localhost:5199/node_modules/.vite/deps/@strudel_web.js?v=271342c3:10
[  784490ms] [LOG] %c[getTrigger] error: sound RolandTR808_sd not found! Is it loaded? background-color: black;color:white;border-radius:15px @ http://localhost:5199/node_modules/.vite/deps/@strudel_web.js?v=271342c3:10
[  784490ms] [LOG] %c[getTrigger] error: sound RolandTR909_hh not found! Is it loaded? background-color: black;color:white;border-radius:15px @ http://localhost:5199/node_modules/.vite/deps/@strudel_web.js?v=271342c3:10
[  784590ms] [LOG] %c[getTrigger] error: sound RolandTR909_bd not found! Is it loaded? background-color: black;color:white;border-radius:15px @ http://localhost:5199/node_modules/.vite/deps/@strudel_web.js?v=271342c3:10
[  784590ms] [LOG] %c[getTrigger] error: sound RolandTR909_hh not found! Is it loaded? background-color: black;color:white;border-radius:15px @ http://localhost:5199/node_modules/.vite/deps/@strudel_web.js?v=271342c3:10
[  784790ms] [LOG] %c[getTrigger] error: sound RolandTR909_bd not found! Is it loaded? background-color: black;color:white;border-radius:15px @ http://localhost:5199/node_modules/.vite/deps/@strudel_web.js?v=271342c3:10
[  784791ms] [LOG] %c[getTrigger] error: sound RolandTR808_rim not found! Is it loaded? background-color: black;color:white;border-radius:15px @ http://localhost:5199/node_modules/.vite/deps/@strudel_web.js?v=271342c3:10
[  784791ms] [LOG] %c[getTrigger] error: sound RolandTR909_hh not found! Is it loaded? background-color: black;color:white;border-radius:15px @ http://localhost:5199/node_modules/.vite/deps/@strudel_web.js?v=271342c3:10
[  784791ms] [LOG] %c[getTrigger] error: sound RolandTR808_rim not found! Is it loaded? background-color: black;color:white;border-radius:15px @ http://localhost:5199/node_modules/.vite/deps/@strudel_web.js?v=271342c3:10
[  784791ms] [LOG] %c[getTrigger] error: sound RolandTR909_hh not found! Is it loaded? background-color: black;color:white;border-radius:15px @ http://localhost:5199/node_modules/.vite/deps/@strudel_web.js?v=271342c3:10
[  785026ms] [LOG] %c[eval] code updated background-color: black;color:white;border-radius:15px @ http://localhost:5199/node_modules/.vite/deps/@strudel_web.js?v=271342c3:10
[  785090ms] [LOG] %c[getTrigger] error: sound RolandTR909_hh not found! Is it loaded? background-color: black;color:white;border-radius:15px @ http://localhost:5199/node_modules/.vite/deps/@strudel_web.js?v=271342c3:10
[  785191ms] [LOG] %c[getTrigger] error: sound RolandTR909_bd not found! Is it loaded? background-color: black;color:white;border-radius:15px @ http://localhost:5199/node_modules/.vite/deps/@strudel_web.js?v=271342c3:10
[  785191ms] [LOG] %c[getTrigger] error: sound RolandTR909_hh not found! Is it loaded? background-color: black;color:white;border-radius:15px @ http://localhost:5199/node_modules/.vite/deps/@strudel_web.js?v=271342c3:10
[  785191ms] [LOG] %c[getTrigger] error: sound RolandTR808_rim not found! Is it loaded? background-color: black;color:white;border-radius:15px @ http://localhost:5199/node_modules/.vite/deps/@strudel_web.js?v=271342c3:10
[  785191ms] [LOG] %c[getTrigger] error: sound RolandTR909_cp not found! Is it loaded? background-color: black;color:white;border-radius:15px @ http://localhost:5199/node_modules/.vite/deps/@strudel_web.js?v=271342c3:10
[  785191ms] [LOG] %c[getTrigger] error: sound RolandTR808_sd not found! Is it loaded? background-color: black;color:white;border-radius:15px @ http://localhost:5199/node_modules/.vite/deps/@strudel_web.js?v=271342c3:10
[  785191ms] [LOG] %c[getTrigger] error: sound RolandTR909_hh not found! Is it loaded? background-color: black;color:white;border-radius:15px @ http://localhost:5199/node_modules/.vite/deps/@strudel_web.js?v=271342c3:10
[  785290ms] [LOG] %c[getTrigger] error: sound RolandTR909_oh not found! Is it loaded? background-color: black;color:white;border-radius:15px @ http://localhost:5199/node_modules/.vite/deps/@strudel_web.js?v=271342c3:10
[  785290ms] [LOG] %c[getTrigger] error: sound RolandTR909_hh not found! Is it loaded? background-color: black;color:white;border-radius:15px @ http://localhost:5199/node_modules/.vite/deps/@strudel_web.js?v=271342c3:10
[  785491ms] [LOG] %c[getTrigger] error: sound RolandTR909_bd not found! Is it loaded? background-color: black;color:white;border-radius:15px @ http://localhost:5199/node_modules/.vite/deps/@strudel_web.js?v=271342c3:10
[  785491ms] [LOG] %c[getTrigger] error: sound RolandTR909_hh not found! Is it loaded? background-color: black;color:white;border-radius:15px @ http://localhost:5199/node_modules/.vite/deps/@strudel_web.js?v=271342c3:10
[  785491ms] [LOG] %c[getTrigger] error: sound RolandTR808_rim not found! Is it loaded? background-color: black;color:white;border-radius:15px @ http://localhost:5199/node_modules/.vite/deps/@strudel_web.js?v=271342c3:10
[  785491ms] [LOG] %c[getTrigger] error: sound RolandTR909_hh not found! Is it loaded? background-color: black;color:white;border-radius:15px @ http://localhost:5199/node_modules/.vite/deps/@strudel_web.js?v=271342c3:10
[  785689ms] [LOG] %c[getTrigger] error: sound RolandTR909_oh not found! Is it loaded? background-color: black;color:white;border-radius:15px @ http://localhost:5199/node_modules/.vite/deps/@strudel_web.js?v=271342c3:10
[  785689ms] [LOG] %c[getTrigger] error: sound RolandTR909_hh not found! Is it loaded? background-color: black;color:white;border-radius:15px @ http://localhost:5199/node_modules/.vite/deps/@strudel_web.js?v=271342c3:10
[  785890ms] [LOG] %c[getTrigger] error: sound RolandTR909_bd not found! Is it loaded? background-color: black;color:white;border-radius:15px @ http://localhost:5199/node_modules/.vite/deps/@strudel_web.js?v=271342c3:10
[  785891ms] [LOG] %c[getTrigger] error: sound RolandTR909_hh not found! Is it loaded? background-color: black;color:white;border-radius:15px @ http://localhost:5199/node_modules/.vite/deps/@strudel_web.js?v=271342c3:10
[  785891ms] [LOG] %c[getTrigger] error: sound RolandTR808_rim not found! Is it loaded? background-color: black;color:white;border-radius:15px @ http://localhost:5199/node_modules/.vite/deps/@strudel_web.js?v=271342c3:10
[  785891ms] [LOG] %c[getTrigger] error: sound RolandTR909_cp not found! Is it loaded? background-color: black;color:white;border-radius:15px @ http://localhost:5199/node_modules/.vite/deps/@strudel_web.js?v=271342c3:10
[  785891ms] [LOG] %c[getTrigger] error: sound RolandTR808_sd not found! Is it loaded? background-color: black;color:white;border-radius:15px @ http://localhost:5199/node_modules/.vite/deps/@strudel_web.js?v=271342c3:10
[  785891ms] [LOG] %c[getTrigger] error: sound RolandTR909_hh not found! Is it loaded? background-color: black;color:white;border-radius:15px @ http://localhost:5199/node_modules/.vite/deps/@strudel_web.js?v=271342c3:10
[  785991ms] [LOG] %c[getTrigger] error: sound RolandTR909_oh not found! Is it loaded? background-color: black;color:white;border-radius:15px @ http://localhost:5199/node_modules/.vite/deps/@strudel_web.js?v=271342c3:10
[  785991ms] [LOG] %c[getTrigger] error: sound RolandTR909_hh not found! Is it loaded? background-color: black;color:white;border-radius:15px @ http://localhost:5199/node_modules/.vite/deps/@strudel_web.js?v=271342c3:10
[  786193ms] [LOG] %c[getTrigger] error: sound RolandTR909_bd not found! Is it loaded? background-color: black;color:white;border-radius:15px @ http://localhost:5199/node_modules/.vite/deps/@strudel_web.js?v=271342c3:10
[  786194ms] [LOG] %c[getTrigger] error: sound RolandTR909_hh not found! Is it loaded? background-color: black;color:white;border-radius:15px @ http://localhost:5199/node_modules/.vite/deps/@strudel_web.js?v=271342c3:10
[  786194ms] [LOG] %c[getTrigger] error: sound RolandTR808_rim not found! Is it loaded? background-color: black;color:white;border-radius:15px @ http://localhost:5199/node_modules/.vite/deps/@strudel_web.js?v=271342c3:10
[  786194ms] [LOG] %c[getTrigger] error: sound RolandTR909_hh not found! Is it loaded? background-color: black;color:white;border-radius:15px @ http://localhost:5199/node_modules/.vite/deps/@strudel_web.js?v=271342c3:10
[  786390ms] [LOG] %c[getTrigger] error: sound RolandTR909_oh not found! Is it loaded? background-color: black;color:white;border-radius:15px @ http://localhost:5199/node_modules/.vite/deps/@strudel_web.js?v=271342c3:10
[  786390ms] [LOG] %c[getTrigger] error: sound RolandTR909_hh not found! Is it loaded? background-color: black;color:white;border-radius:15px @ http://localhost:5199/node_modules/.vite/deps/@strudel_web.js?v=271342c3:10
[  786590ms] [LOG] %c[getTrigger] error: sound RolandTR909_bd not found! Is it loaded? background-color: black;color:white;border-radius:15px @ http://localhost:5199/node_modules/.vite/deps/@strudel_web.js?v=271342c3:10
[  786591ms] [LOG] %c[getTrigger] error: sound RolandTR909_hh not found! Is it loaded? background-color: black;color:white;border-radius:15px @ http://localhost:5199/node_modules/.vite/deps/@strudel_web.js?v=271342c3:10
[  786591ms] [LOG] %c[getTrigger] error: sound RolandTR808_rim not found! Is it loaded? background-color: black;color:white;border-radius:15px @ http://localhost:5199/node_modules/.vite/deps/@strudel_web.js?v=271342c3:10
[  786591ms] [LOG] %c[getTrigger] error: sound RolandTR909_cp not found! Is it loaded? background-color: black;color:white;border-radius:15px @ http://localhost:5199/node_modules/.vite/deps/@strudel_web.js?v=271342c3:10
[  786591ms] [LOG] %c[getTrigger] error: sound RolandTR808_sd not found! Is it loaded? background-color: black;color:white;border-radius:15px @ http://localhost:5199/node_modules/.vite/deps/@strudel_web.js?v=271342c3:10
[  786591ms] [LOG] %c[getTrigger] error: sound RolandTR909_hh not found! Is it loaded? background-color: black;color:white;border-radius:15px @ http://localhost:5199/node_modules/.vite/deps/@strudel_web.js?v=271342c3:10
[  786690ms] [LOG] %c[getTrigger] error: sound RolandTR909_oh not found! Is it loaded? background-color: black;color:white;border-radius:15px @ http://localhost:5199/node_modules/.vite/deps/@strudel_web.js?v=271342c3:10
[  786690ms] [LOG] %c[getTrigger] error: sound RolandTR909_hh not found! Is it loaded? background-color: black;color:white;border-radius:15px @ http://localhost:5199/node_modules/.vite/deps/@strudel_web.js?v=271342c3:10
[  786890ms] [LOG] %c[getTrigger] error: sound RolandTR909_bd not found! Is it loaded? background-color: black;color:white;border-radius:15px @ http://localhost:5199/node_modules/.vite/deps/@strudel_web.js?v=271342c3:10
[  786890ms] [LOG] %c[getTrigger] error: sound RolandTR909_hh not found! Is it loaded? background-color: black;color:white;border-radius:15px @ http://localhost:5199/node_modules/.vite/deps/@strudel_web.js?v=271342c3:10
[  786890ms] [LOG] %c[getTrigger] error: sound RolandTR808_rim not found! Is it loaded? background-color: black;color:white;border-radius:15px @ http://localhost:5199/node_modules/.vite/deps/@strudel_web.js?v=271342c3:10
[  786890ms] [LOG] %c[getTrigger] error: sound RolandTR909_hh not found! Is it loaded? background-color: black;color:white;border-radius:15px @ http://localhost:5199/node_modules/.vite/deps/@strudel_web.js?v=271342c3:10
[  787090ms] [LOG] %c[getTrigger] error: sound RolandTR909_oh not found! Is it loaded? background-color: black;color:white;border-radius:15px @ http://localhost:5199/node_modules/.vite/deps/@strudel_web.js?v=271342c3:10
[  787090ms] [LOG] %c[getTrigger] error: sound RolandTR909_hh not found! Is it loaded? background-color: black;color:white;border-radius:15px @ http://localhost:5199/node_modules/.vite/deps/@strudel_web.js?v=271342c3:10
[  787290ms] [LOG] %c[getTrigger] error: sound RolandTR909_bd not found! Is it loaded? background-color: black;color:white;border-radius:15px @ http://localhost:5199/node_modules/.vite/deps/@strudel_web.js?v=271342c3:10
[  787290ms] [LOG] %c[getTrigger] error: sound RolandTR909_hh not found! Is it loaded? background-color: black;color:white;border-radius:15px @ http://localhost:5199/node_modules/.vite/deps/@strudel_web.js?v=271342c3:10
[  787290ms] [LOG] %c[getTrigger] error: sound RolandTR808_rim not found! Is it loaded? background-color: black;color:white;border-radius:15px @ http://localhost:5199/node_modules/.vite/deps/@strudel_web.js?v=271342c3:10
[  787290ms] [LOG] %c[getTrigger] error: sound RolandTR909_cp not found! Is it loaded? background-color: black;color:white;border-radius:15px @ http://localhost:5199/node_modules/.vite/deps/@strudel_web.js?v=271342c3:10
[  787290ms] [LOG] %c[getTrigger] error: sound RolandTR808_sd not found! Is it loaded? background-color: black;color:white;border-radius:15px @ http://localhost:5199/node_modules/.vite/deps/@strudel_web.js?v=271342c3:10
[  787290ms] [LOG] %c[getTrigger] error: sound RolandTR909_hh not found! Is it loaded? background-color: black;color:white;border-radius:15px @ http://localhost:5199/node_modules/.vite/deps/@strudel_web.js?v=271342c3:10
[  787390ms] [LOG] %c[getTrigger] error: sound RolandTR909_oh not found! Is it loaded? background-color: black;color:white;border-radius:15px @ http://localhost:5199/node_modules/.vite/deps/@strudel_web.js?v=271342c3:10
[  787391ms] [LOG] %c[getTrigger] error: sound RolandTR909_hh not found! Is it loaded? background-color: black;color:white;border-radius:15px @ http://localhost:5199/node_modules/.vite/deps/@strudel_web.js?v=271342c3:10
[  787591ms] [LOG] %c[getTrigger] error: sound RolandTR909_bd not found! Is it loaded? background-color: black;color:white;border-radius:15px @ http://localhost:5199/node_modules/.vite/deps/@strudel_web.js?v=271342c3:10
[  787591ms] [LOG] %c[getTrigger] error: sound RolandTR909_hh not found! Is it loaded? background-color: black;color:white;border-radius:15px @ http://localhost:5199/node_modules/.vite/deps/@strudel_web.js?v=271342c3:10
[  787591ms] [LOG] %c[getTrigger] error: sound RolandTR808_rim not found! Is it loaded? background-color: black;color:white;border-radius:15px @ http://localhost:5199/node_modules/.vite/deps/@strudel_web.js?v=271342c3:10
[  787591ms] [LOG] %c[getTrigger] error: sound RolandTR909_hh not found! Is it loaded? background-color: black;color:white;border-radius:15px @ http://localhost:5199/node_modules/.vite/deps/@strudel_web.js?v=271342c3:10
[  787790ms] [LOG] %c[getTrigger] error: sound RolandTR909_oh not found! Is it loaded? background-color: black;color:white;border-radius:15px @ http://localhost:5199/node_modules/.vite/deps/@strudel_web.js?v=271342c3:10
[  787790ms] [LOG] %c[getTrigger] error: sound RolandTR909_hh not found! Is it loaded? background-color: black;color:white;border-radius:15px @ http://localhost:5199/node_modules/.vite/deps/@strudel_web.js?v=271342c3:10
[  787991ms] [LOG] %c[getTrigger] error: sound RolandTR909_bd not found! Is it loaded? background-color: black;color:white;border-radius:15px @ http://localhost:5199/node_modules/.vite/deps/@strudel_web.js?v=271342c3:10
[  787991ms] [LOG] %c[getTrigger] error: sound RolandTR909_hh not found! Is it loaded? background-color: black;color:white;border-radius:15px @ http://localhost:5199/node_modules/.vite/deps/@strudel_web.js?v=271342c3:10
[  787991ms] [LOG] %c[getTrigger] error: sound RolandTR808_rim not found! Is it loaded? background-color: black;color:white;border-radius:15px @ http://localhost:5199/node_modules/.vite/deps/@strudel_web.js?v=271342c3:10
[  787991ms] [LOG] %c[getTrigger] error: sound RolandTR909_cp not found! Is it loaded? background-color: black;color:white;border-radius:15px @ http://localhost:5199/node_modules/.vite/deps/@strudel_web.js?v=271342c3:10
[  787991ms] [LOG] %c[getTrigger] error: sound RolandTR808_sd not found! Is it loaded? background-color: black;color:white;border-radius:15px @ http://localhost:5199/node_modules/.vite/deps/@strudel_web.js?v=271342c3:10
[  787991ms] [LOG] %c[getTrigger] error: sound RolandTR909_hh not found! Is it loaded? background-color: black;color:white;border-radius:15px @ http://localhost:5199/node_modules/.vite/deps/@strudel_web.js?v=271342c3:10
[  788191ms] [LOG] %c[getTrigger] error: sound RolandTR909_oh not found! Is it loaded? background-color: black;color:white;border-radius:15px @ http://localhost:5199/node_modules/.vite/deps/@strudel_web.js?v=271342c3:10
[  788191ms] [LOG] %c[getTrigger] error: sound RolandTR909_hh not found! Is it loaded? background-color: black;color:white;border-radius:15px @ http://localhost:5199/node_modules/.vite/deps/@strudel_web.js?v=271342c3:10
[  788291ms] [LOG] %c[getTrigger] error: sound RolandTR909_bd not found! Is it loaded? background-color: black;color:white;border-radius:15px @ http://localhost:5199/node_modules/.vite/deps/@strudel_web.js?v=271342c3:10
[  788291ms] [LOG] %c[getTrigger] error: sound RolandTR909_hh not found! Is it loaded? background-color: black;color:white;border-radius:15px @ http://localhost:5199/node_modules/.vite/deps/@strudel_web.js?v=271342c3:10
[  788291ms] [LOG] %c[getTrigger] error: sound RolandTR808_rim not found! Is it loaded? background-color: black;color:white;border-radius:15px @ http://localhost:5199/node_modules/.vite/deps/@strudel_web.js?v=271342c3:10
[  788292ms] [LOG] %c[getTrigger] error: sound RolandTR909_hh not found! Is it loaded? background-color: black;color:white;border-radius:15px @ http://localhost:5199/node_modules/.vite/deps/@strudel_web.js?v=271342c3:10
[  788490ms] [LOG] %c[getTrigger] error: sound RolandTR909_oh not found! Is it loaded? background-color: black;color:white;border-radius:15px @ http://localhost:5199/node_modules/.vite/deps/@strudel_web.js?v=271342c3:10
[  788491ms] [LOG] %c[getTrigger] error: sound RolandTR909_hh not found! Is it loaded? background-color: black;color:white;border-radius:15px @ http://localhost:5199/node_modules/.vite/deps/@strudel_web.js?v=271342c3:10
[  788691ms] [LOG] %c[getTrigger] error: sound RolandTR909_bd not found! Is it loaded? background-color: black;color:white;border-radius:15px @ http://localhost:5199/node_modules/.vite/deps/@strudel_web.js?v=271342c3:10
[  788691ms] [LOG] %c[getTrigger] error: sound RolandTR909_hh not found! Is it loaded? background-color: black;color:white;border-radius:15px @ http://localhost:5199/node_modules/.vite/deps/@strudel_web.js?v=271342c3:10
[  788691ms] [LOG] %c[getTrigger] error: sound RolandTR808_rim not found! Is it loaded? background-color: black;color:white;border-radius:15px @ http://localhost:5199/node_modules/.vite/deps/@strudel_web.js?v=271342c3:10
[  788691ms] [LOG] %c[getTrigger] error: sound RolandTR909_cp not found! Is it loaded? background-color: black;color:white;border-radius:15px @ http://localhost:5199/node_modules/.vite/deps/@strudel_web.js?v=271342c3:10
[  788691ms] [LOG] %c[getTrigger] error: sound RolandTR808_sd not found! Is it loaded? background-color: black;color:white;border-radius:15px @ http://localhost:5199/node_modules/.vite/deps/@strudel_web.js?v=271342c3:10
[  788691ms] [LOG] %c[getTrigger] error: sound RolandTR909_hh not found! Is it loaded? background-color: black;color:white;border-radius:15px @ http://localhost:5199/node_modules/.vite/deps/@strudel_web.js?v=271342c3:10
[  788891ms] [LOG] %c[getTrigger] error: sound RolandTR909_oh not found! Is it loaded? background-color: black;color:white;border-radius:15px @ http://localhost:5199/node_modules/.vite/deps/@strudel_web.js?v=271342c3:10
[  788891ms] [LOG] %c[getTrigger] error: sound RolandTR909_hh not found! Is it loaded? background-color: black;color:white;border-radius:15px @ http://localhost:5199/node_modules/.vite/deps/@strudel_web.js?v=271342c3:10
[  788991ms] [LOG] %c[getTrigger] error: sound RolandTR909_bd not found! Is it loaded? background-color: black;color:white;border-radius:15px @ http://localhost:5199/node_modules/.vite/deps/@strudel_web.js?v=271342c3:10
[  788991ms] [LOG] %c[getTrigger] error: sound RolandTR909_hh not found! Is it loaded? background-color: black;color:white;border-radius:15px @ http://localhost:5199/node_modules/.vite/deps/@strudel_web.js?v=271342c3:10
[  788991ms] [LOG] %c[getTrigger] error: sound RolandTR808_rim not found! Is it loaded? background-color: black;color:white;border-radius:15px @ http://localhost:5199/node_modules/.vite/deps/@strudel_web.js?v=271342c3:10
[  788991ms] [LOG] %c[getTrigger] error: sound RolandTR909_hh not found! Is it loaded? background-color: black;color:white;border-radius:15px @ http://localhost:5199/node_modules/.vite/deps/@strudel_web.js?v=271342c3:10
[  789191ms] [LOG] %c[getTrigger] error: sound RolandTR909_oh not found! Is it loaded? background-color: black;color:white;border-radius:15px @ http://localhost:5199/node_modules/.vite/deps/@strudel_web.js?v=271342c3:10
[  789191ms] [LOG] %c[getTrigger] error: sound RolandTR909_hh not found! Is it loaded? background-color: black;color:white;border-radius:15px @ http://localhost:5199/node_modules/.vite/deps/@strudel_web.js?v=271342c3:10
[  789391ms] [LOG] %c[getTrigger] error: sound RolandTR909_bd not found! Is it loaded? background-color: black;color:white;border-radius:15px @ http://localhost:5199/node_modules/.vite/deps/@strudel_web.js?v=271342c3:10
[  789391ms] [LOG] %c[getTrigger] error: sound RolandTR909_hh not found! Is it loaded? background-color: black;color:white;border-radius:15px @ http://localhost:5199/node_modules/.vite/deps/@strudel_web.js?v=271342c3:10
[  789391ms] [LOG] %c[getTrigger] error: sound RolandTR808_rim not found! Is it loaded? background-color: black;color:white;border-radius:15px @ http://localhost:5199/node_modules/.vite/deps/@strudel_web.js?v=271342c3:10
[  789391ms] [LOG] %c[getTrigger] error: sound RolandTR909_cp not found! Is it loaded? background-color: black;color:white;border-radius:15px @ http://localhost:5199/node_modules/.vite/deps/@strudel_web.js?v=271342c3:10
[  789391ms] [LOG] %c[getTrigger] error: sound RolandTR909_hh not found! Is it loaded? background-color: black;color:white;border-radius:15px @ http://localhost:5199/node_modules/.vite/deps/@strudel_web.js?v=271342c3:10
[  789391ms] [LOG] %c[getTrigger] error: sound RolandTR808_sd not found! Is it loaded? background-color: black;color:white;border-radius:15px @ http://localhost:5199/node_modules/.vite/deps/@strudel_web.js?v=271342c3:10
[  789491ms] [LOG] %c[getTrigger] error: sound RolandTR909_hh not found! Is it loaded? background-color: black;color:white;border-radius:15px @ http://localhost:5199/node_modules/.vite/deps/@strudel_web.js?v=271342c3:10
[  789590ms] [LOG] %c[getTrigger] error: sound RolandTR909_oh not found! Is it loaded? background-color: black;color:white;border-radius:15px @ http://localhost:5199/node_modules/.vite/deps/@strudel_web.js?v=271342c3:10
[  789590ms] [LOG] %c[getTrigger] error: sound RolandTR909_hh not found! Is it loaded? background-color: black;color:white;border-radius:15px @ http://localhost:5199/node_modules/.vite/deps/@strudel_web.js?v=271342c3:10
[  789691ms] [LOG] %c[getTrigger] error: sound RolandTR909_bd not found! Is it loaded? background-color: black;color:white;border-radius:15px @ http://localhost:5199/node_modules/.vite/deps/@strudel_web.js?v=271342c3:10
[  789691ms] [LOG] %c[getTrigger] error: sound RolandTR909_hh not found! Is it loaded? background-color: black;color:white;border-radius:15px @ http://localhost:5199/node_modules/.vite/deps/@strudel_web.js?v=271342c3:10
[  789691ms] [LOG] %c[getTrigger] error: sound RolandTR808_rim not found! Is it loaded? background-color: black;color:white;border-radius:15px @ http://localhost:5199/node_modules/.vite/deps/@strudel_web.js?v=271342c3:10
[  789691ms] [LOG] %c[getTrigger] error: sound RolandTR909_hh not found! Is it loaded? background-color: black;color:white;border-radius:15px @ http://localhost:5199/node_modules/.vite/deps/@strudel_web.js?v=271342c3:10
[  789889ms] [LOG] %c[getTrigger] error: sound RolandTR909_oh not found! Is it loaded? background-color: black;color:white;border-radius:15px @ http://localhost:5199/node_modules/.vite/deps/@strudel_web.js?v=271342c3:10
[  789889ms] [LOG] %c[getTrigger] error: sound RolandTR909_hh not found! Is it loaded? background-color: black;color:white;border-radius:15px @ http://localhost:5199/node_modules/.vite/deps/@strudel_web.js?v=271342c3:10
[  790093ms] [LOG] %c[getTrigger] error: sound RolandTR909_bd not found! Is it loaded? background-color: black;color:white;border-radius:15px @ http://localhost:5199/node_modules/.vite/deps/@strudel_web.js?v=271342c3:10
[  790093ms] [LOG] %c[getTrigger] error: sound RolandTR909_hh not found! Is it loaded? background-color: black;color:white;border-radius:15px @ http://localhost:5199/node_modules/.vite/deps/@strudel_web.js?v=271342c3:10
[  790093ms] [LOG] %c[getTrigger] error: sound RolandTR808_rim not found! Is it loaded? background-color: black;color:white;border-radius:15px @ http://localhost:5199/node_modules/.vite/deps/@strudel_web.js?v=271342c3:10
[  790093ms] [LOG] %c[getTrigger] error: sound RolandTR909_cp not found! Is it loaded? background-color: black;color:white;border-radius:15px @ http://localhost:5199/node_modules/.vite/deps/@strudel_web.js?v=271342c3:10
[  790093ms] [LOG] %c[getTrigger] error: sound RolandTR909_hh not found! Is it loaded? background-color: black;color:white;border-radius:15px @ http://localhost:5199/node_modules/.vite/deps/@strudel_web.js?v=271342c3:10
[  790093ms] [LOG] %c[getTrigger] error: sound RolandTR808_sd not found! Is it loaded? background-color: black;color:white;border-radius:15px @ http://localhost:5199/node_modules/.vite/deps/@strudel_web.js?v=271342c3:10
[  790190ms] [LOG] %c[getTrigger] error: sound RolandTR909_hh not found! Is it loaded? background-color: black;color:white;border-radius:15px @ http://localhost:5199/node_modules/.vite/deps/@strudel_web.js?v=271342c3:10
[  790291ms] [LOG] %c[getTrigger] error: sound RolandTR909_oh not found! Is it loaded? background-color: black;color:white;border-radius:15px @ http://localhost:5199/node_modules/.vite/deps/@strudel_web.js?v=271342c3:10
[  790291ms] [LOG] %c[getTrigger] error: sound RolandTR909_hh not found! Is it loaded? background-color: black;color:white;border-radius:15px @ http://localhost:5199/node_modules/.vite/deps/@strudel_web.js?v=271342c3:10
[  790392ms] [LOG] %c[getTrigger] error: sound RolandTR909_bd not found! Is it loaded? background-color: black;color:white;border-radius:15px @ http://localhost:5199/node_modules/.vite/deps/@strudel_web.js?v=271342c3:10
[  790392ms] [LOG] %c[getTrigger] error: sound RolandTR909_hh not found! Is it loaded? background-color: black;color:white;border-radius:15px @ http://localhost:5199/node_modules/.vite/deps/@strudel_web.js?v=271342c3:10
[  790392ms] [LOG] %c[getTrigger] error: sound RolandTR808_rim not found! Is it loaded? background-color: black;color:white;border-radius:15px @ http://localhost:5199/node_modules/.vite/deps/@strudel_web.js?v=271342c3:10
[  790392ms] [LOG] %c[getTrigger] error: sound RolandTR909_hh not found! Is it loaded? background-color: black;color:white;border-radius:15px @ http://localhost:5199/node_modules/.vite/deps/@strudel_web.js?v=271342c3:10
[  790590ms] [LOG] %c[getTrigger] error: sound RolandTR909_oh not found! Is it loaded? background-color: black;color:white;border-radius:15px @ http://localhost:5199/node_modules/.vite/deps/@strudel_web.js?v=271342c3:10
[  790590ms] [LOG] %c[getTrigger] error: sound RolandTR909_hh not found! Is it loaded? background-color: black;color:white;border-radius:15px @ http://localhost:5199/node_modules/.vite/deps/@strudel_web.js?v=271342c3:10
[  790791ms] [LOG] %c[getTrigger] error: sound RolandTR909_bd not found! Is it loaded? background-color: black;color:white;border-radius:15px @ http://localhost:5199/node_modules/.vite/deps/@strudel_web.js?v=271342c3:10
[  790791ms] [LOG] %c[getTrigger] error: sound RolandTR909_hh not found! Is it loaded? background-color: black;color:white;border-radius:15px @ http://localhost:5199/node_modules/.vite/deps/@strudel_web.js?v=271342c3:10
[  790791ms] [LOG] %c[getTrigger] error: sound RolandTR808_rim not found! Is it loaded? background-color: black;color:white;border-radius:15px @ http://localhost:5199/node_modules/.vite/deps/@strudel_web.js?v=271342c3:10
[  790791ms] [LOG] %c[getTrigger] error: sound RolandTR909_cp not found! Is it loaded? background-color: black;color:white;border-radius:15px @ http://localhost:5199/node_modules/.vite/deps/@strudel_web.js?v=271342c3:10
[  790791ms] [LOG] %c[getTrigger] error: sound RolandTR808_sd not found! Is it loaded? background-color: black;color:white;border-radius:15px @ http://localhost:5199/node_modules/.vite/deps/@strudel_web.js?v=271342c3:10
[  790791ms] [LOG] %c[getTrigger] error: sound RolandTR909_hh not found! Is it loaded? background-color: black;color:white;border-radius:15px @ http://localhost:5199/node_modules/.vite/deps/@strudel_web.js?v=271342c3:10
[  790989ms] [LOG] %c[getTrigger] error: sound RolandTR909_oh not found! Is it loaded? background-color: black;color:white;border-radius:15px @ http://localhost:5199/node_modules/.vite/deps/@strudel_web.js?v=271342c3:10
[  790990ms] [LOG] %c[getTrigger] error: sound RolandTR909_hh not found! Is it loaded? background-color: black;color:white;border-radius:15px @ http://localhost:5199/node_modules/.vite/deps/@strudel_web.js?v=271342c3:10
[  791191ms] [LOG] %c[getTrigger] error: sound RolandTR909_bd not found! Is it loaded? background-color: black;color:white;border-radius:15px @ http://localhost:5199/node_modules/.vite/deps/@strudel_web.js?v=271342c3:10
[  791191ms] [LOG] %c[getTrigger] error: sound RolandTR909_hh not found! Is it loaded? background-color: black;color:white;border-radius:15px @ http://localhost:5199/node_modules/.vite/deps/@strudel_web.js?v=271342c3:10
[  791191ms] [LOG] %c[getTrigger] error: sound RolandTR808_rim not found! Is it loaded? background-color: black;color:white;border-radius:15px @ http://localhost:5199/node_modules/.vite/deps/@strudel_web.js?v=271342c3:10
[  791192ms] [LOG] %c[getTrigger] error: sound RolandTR909_hh not found! Is it loaded? background-color: black;color:white;border-radius:15px @ http://localhost:5199/node_modules/.vite/deps/@strudel_web.js?v=271342c3:10
[  791290ms] [LOG] %c[getTrigger] error: sound RolandTR909_oh not found! Is it loaded? background-color: black;color:white;border-radius:15px @ http://localhost:5199/node_modules/.vite/deps/@strudel_web.js?v=271342c3:10
[  791290ms] [LOG] %c[getTrigger] error: sound RolandTR909_hh not found! Is it loaded? background-color: black;color:white;border-radius:15px @ http://localhost:5199/node_modules/.vite/deps/@strudel_web.js?v=271342c3:10
[  791491ms] [LOG] %c[getTrigger] error: sound RolandTR909_bd not found! Is it loaded? background-color: black;color:white;border-radius:15px @ http://localhost:5199/node_modules/.vite/deps/@strudel_web.js?v=271342c3:10
[  791491ms] [LOG] %c[getTrigger] error: sound RolandTR909_hh not found! Is it loaded? background-color: black;color:white;border-radius:15px @ http://localhost:5199/node_modules/.vite/deps/@strudel_web.js?v=271342c3:10
[  791491ms] [LOG] %c[getTrigger] error: sound RolandTR808_rim not found! Is it loaded? background-color: black;color:white;border-radius:15px @ http://localhost:5199/node_modules/.vite/deps/@strudel_web.js?v=271342c3:10
[  791491ms] [LOG] %c[getTrigger] error: sound RolandTR909_cp not found! Is it loaded? background-color: black;color:white;border-radius:15px @ http://localhost:5199/node_modules/.vite/deps/@strudel_web.js?v=271342c3:10
[  791491ms] [LOG] %c[getTrigger] error: sound RolandTR808_sd not found! Is it loaded? background-color: black;color:white;border-radius:15px @ http://localhost:5199/node_modules/.vite/deps/@strudel_web.js?v=271342c3:10
[  791491ms] [LOG] %c[getTrigger] error: sound RolandTR909_hh not found! Is it loaded? background-color: black;color:white;border-radius:15px @ http://localhost:5199/node_modules/.vite/deps/@strudel_web.js?v=271342c3:10
[  791691ms] [LOG] %c[getTrigger] error: sound RolandTR909_oh not found! Is it loaded? background-color: black;color:white;border-radius:15px @ http://localhost:5199/node_modules/.vite/deps/@strudel_web.js?v=271342c3:10
[  791691ms] [LOG] %c[getTrigger] error: sound RolandTR909_hh not found! Is it loaded? background-color: black;color:white;border-radius:15px @ http://localhost:5199/node_modules/.vite/deps/@strudel_web.js?v=271342c3:10
[  791892ms] [LOG] %c[getTrigger] error: sound RolandTR909_bd not found! Is it loaded? background-color: black;color:white;border-radius:15px @ http://localhost:5199/node_modules/.vite/deps/@strudel_web.js?v=271342c3:10
[  791892ms] [LOG] %c[getTrigger] error: sound RolandTR909_hh not found! Is it loaded? background-color: black;color:white;border-radius:15px @ http://localhost:5199/node_modules/.vite/deps/@strudel_web.js?v=271342c3:10
[  791892ms] [LOG] %c[getTrigger] error: sound RolandTR808_rim not found! Is it loaded? background-color: black;color:white;border-radius:15px @ http://localhost:5199/node_modules/.vite/deps/@strudel_web.js?v=271342c3:10
[  791893ms] [LOG] %c[getTrigger] error: sound RolandTR909_hh not found! Is it loaded? background-color: black;color:white;border-radius:15px @ http://localhost:5199/node_modules/.vite/deps/@strudel_web.js?v=271342c3:10
[  791990ms] [LOG] %c[getTrigger] error: sound RolandTR909_oh not found! Is it loaded? background-color: black;color:white;border-radius:15px @ http://localhost:5199/node_modules/.vite/deps/@strudel_web.js?v=271342c3:10
[  791991ms] [LOG] %c[getTrigger] error: sound RolandTR909_hh not found! Is it loaded? background-color: black;color:white;border-radius:15px @ http://localhost:5199/node_modules/.vite/deps/@strudel_web.js?v=271342c3:10
[  792191ms] [LOG] %c[getTrigger] error: sound RolandTR909_bd not found! Is it loaded? background-color: black;color:white;border-radius:15px @ http://localhost:5199/node_modules/.vite/deps/@strudel_web.js?v=271342c3:10
[  792191ms] [LOG] %c[getTrigger] error: sound RolandTR909_hh not found! Is it loaded? background-color: black;color:white;border-radius:15px @ http://localhost:5199/node_modules/.vite/deps/@strudel_web.js?v=271342c3:10
[  792191ms] [LOG] %c[getTrigger] error: sound RolandTR808_rim not found! Is it loaded? background-color: black;color:white;border-radius:15px @ http://localhost:5199/node_modules/.vite/deps/@strudel_web.js?v=271342c3:10
[  792191ms] [LOG] %c[getTrigger] error: sound RolandTR909_cp not found! Is it loaded? background-color: black;color:white;border-radius:15px @ http://localhost:5199/node_modules/.vite/deps/@strudel_web.js?v=271342c3:10
[  792191ms] [LOG] %c[getTrigger] error: sound RolandTR808_sd not found! Is it loaded? background-color: black;color:white;border-radius:15px @ http://localhost:5199/node_modules/.vite/deps/@strudel_web.js?v=271342c3:10
[  792191ms] [LOG] %c[getTrigger] error: sound RolandTR909_hh not found! Is it loaded? background-color: black;color:white;border-radius:15px @ http://localhost:5199/node_modules/.vite/deps/@strudel_web.js?v=271342c3:10
[  792390ms] [LOG] %c[getTrigger] error: sound RolandTR909_oh not found! Is it loaded? background-color: black;color:white;border-radius:15px @ http://localhost:5199/node_modules/.vite/deps/@strudel_web.js?v=271342c3:10
[  792390ms] [LOG] %c[getTrigger] error: sound RolandTR909_hh not found! Is it loaded? background-color: black;color:white;border-radius:15px @ http://localhost:5199/node_modules/.vite/deps/@strudel_web.js?v=271342c3:10
[  792590ms] [LOG] %c[getTrigger] error: sound RolandTR909_bd not found! Is it loaded? background-color: black;color:white;border-radius:15px @ http://localhost:5199/node_modules/.vite/deps/@strudel_web.js?v=271342c3:10
[  792590ms] [LOG] %c[getTrigger] error: sound RolandTR909_hh not found! Is it loaded? background-color: black;color:white;border-radius:15px @ http://localhost:5199/node_modules/.vite/deps/@strudel_web.js?v=271342c3:10
[  792590ms] [LOG] %c[getTrigger] error: sound RolandTR808_rim not found! Is it loaded? background-color: black;color:white;border-radius:15px @ http://localhost:5199/node_modules/.vite/deps/@strudel_web.js?v=271342c3:10
[  792590ms] [LOG] %c[getTrigger] error: sound RolandTR909_hh not found! Is it loaded? background-color: black;color:white;border-radius:15px @ http://localhost:5199/node_modules/.vite/deps/@strudel_web.js?v=271342c3:10
[  792690ms] [LOG] %c[getTrigger] error: sound RolandTR909_oh not found! Is it loaded? background-color: black;color:white;border-radius:15px @ http://localhost:5199/node_modules/.vite/deps/@strudel_web.js?v=271342c3:10
[  792690ms] [LOG] %c[getTrigger] error: sound RolandTR909_hh not found! Is it loaded? background-color: black;color:white;border-radius:15px @ http://localhost:5199/node_modules/.vite/deps/@strudel_web.js?v=271342c3:10
[  792890ms] [LOG] %c[getTrigger] error: sound RolandTR909_bd not found! Is it loaded? background-color: black;color:white;border-radius:15px @ http://localhost:5199/node_modules/.vite/deps/@strudel_web.js?v=271342c3:10
[  792890ms] [LOG] %c[getTrigger] error: sound RolandTR909_hh not found! Is it loaded? background-color: black;color:white;border-radius:15px @ http://localhost:5199/node_modules/.vite/deps/@strudel_web.js?v=271342c3:10
[  792890ms] [LOG] %c[getTrigger] error: sound RolandTR808_rim not found! Is it loaded? background-color: black;color:white;border-radius:15px @ http://localhost:5199/node_modules/.vite/deps/@strudel_web.js?v=271342c3:10
[  792890ms] [LOG] %c[getTrigger] error: sound RolandTR909_cp not found! Is it loaded? background-color: black;color:white;border-radius:15px @ http://localhost:5199/node_modules/.vite/deps/@strudel_web.js?v=271342c3:10
[  792890ms] [LOG] %c[getTrigger] error: sound RolandTR808_sd not found! Is it loaded? background-color: black;color:white;border-radius:15px @ http://localhost:5199/node_modules/.vite/deps/@strudel_web.js?v=271342c3:10
[  792890ms] [LOG] %c[getTrigger] error: sound RolandTR909_hh not found! Is it loaded? background-color: black;color:white;border-radius:15px @ http://localhost:5199/node_modules/.vite/deps/@strudel_web.js?v=271342c3:10
[  793090ms] [LOG] %c[getTrigger] error: sound RolandTR909_oh not found! Is it loaded? background-color: black;color:white;border-radius:15px @ http://localhost:5199/node_modules/.vite/deps/@strudel_web.js?v=271342c3:10
[  793090ms] [LOG] %c[getTrigger] error: sound RolandTR909_hh not found! Is it loaded? background-color: black;color:white;border-radius:15px @ http://localhost:5199/node_modules/.vite/deps/@strudel_web.js?v=271342c3:10
[  793290ms] [LOG] %c[getTrigger] error: sound RolandTR909_bd not found! Is it loaded? background-color: black;color:white;border-radius:15px @ http://localhost:5199/node_modules/.vite/deps/@strudel_web.js?v=271342c3:10
[  793291ms] [LOG] %c[getTrigger] error: sound RolandTR909_hh not found! Is it loaded? background-color: black;color:white;border-radius:15px @ http://localhost:5199/node_modules/.vite/deps/@strudel_web.js?v=271342c3:10
[  793291ms] [LOG] %c[getTrigger] error: sound RolandTR808_rim not found! Is it loaded? background-color: black;color:white;border-radius:15px @ http://localhost:5199/node_modules/.vite/deps/@strudel_web.js?v=271342c3:10
[  793291ms] [LOG] %c[getTrigger] error: sound RolandTR909_hh not found! Is it loaded? background-color: black;color:white;border-radius:15px @ http://localhost:5199/node_modules/.vite/deps/@strudel_web.js?v=271342c3:10
[  793390ms] [LOG] %c[getTrigger] error: sound RolandTR909_oh not found! Is it loaded? background-color: black;color:white;border-radius:15px @ http://localhost:5199/node_modules/.vite/deps/@strudel_web.js?v=271342c3:10
[  793390ms] [LOG] %c[getTrigger] error: sound RolandTR909_hh not found! Is it loaded? background-color: black;color:white;border-radius:15px @ http://localhost:5199/node_modules/.vite/deps/@strudel_web.js?v=271342c3:10
[  793499ms] [LOG] %c[eval] code updated background-color: black;color:white;border-radius:15px @ http://localhost:5199/node_modules/.vite/deps/@strudel_web.js?v=271342c3:10
[  793591ms] [LOG] %c[getTrigger] error: sound RolandTR909_hh not found! Is it loaded? background-color: black;color:white;border-radius:15px @ http://localhost:5199/node_modules/.vite/deps/@strudel_web.js?v=271342c3:10
[  793591ms] [LOG] %c[getTrigger] error: sound RolandTR909_bd not found! Is it loaded? background-color: black;color:white;border-radius:15px @ http://localhost:5199/node_modules/.vite/deps/@strudel_web.js?v=271342c3:10
[  793591ms] [LOG] %c[getTrigger] error: sound RolandTR909_hh not found! Is it loaded? background-color: black;color:white;border-radius:15px @ http://localhost:5199/node_modules/.vite/deps/@strudel_web.js?v=271342c3:10
[  793591ms] [LOG] %c[getTrigger] error: sound RolandTR808_rim not found! Is it loaded? background-color: black;color:white;border-radius:15px @ http://localhost:5199/node_modules/.vite/deps/@strudel_web.js?v=271342c3:10
[  793591ms] [LOG] %c[getTrigger] error: sound RolandTR909_cp not found! Is it loaded? background-color: black;color:white;border-radius:15px @ http://localhost:5199/node_modules/.vite/deps/@strudel_web.js?v=271342c3:10
[  793591ms] [LOG] %c[getTrigger] error: sound RolandTR808_sd not found! Is it loaded? background-color: black;color:white;border-radius:15px @ http://localhost:5199/node_modules/.vite/deps/@strudel_web.js?v=271342c3:10
[  793591ms] [LOG] %c[getTrigger] error: sound RolandTR909_hh not found! Is it loaded? background-color: black;color:white;border-radius:15px @ http://localhost:5199/node_modules/.vite/deps/@strudel_web.js?v=271342c3:10
[  793791ms] [LOG] %c[getTrigger] error: sound RolandTR909_oh not found! Is it loaded? background-color: black;color:white;border-radius:15px @ http://localhost:5199/node_modules/.vite/deps/@strudel_web.js?v=271342c3:10
[  793791ms] [LOG] %c[getTrigger] error: sound RolandTR909_hh not found! Is it loaded? background-color: black;color:white;border-radius:15px @ http://localhost:5199/node_modules/.vite/deps/@strudel_web.js?v=271342c3:10
[  793992ms] [LOG] %c[getTrigger] error: sound RolandTR909_bd not found! Is it loaded? background-color: black;color:white;border-radius:15px @ http://localhost:5199/node_modules/.vite/deps/@strudel_web.js?v=271342c3:10
[  793993ms] [LOG] %c[getTrigger] error: sound RolandTR909_hh not found! Is it loaded? background-color: black;color:white;border-radius:15px @ http://localhost:5199/node_modules/.vite/deps/@strudel_web.js?v=271342c3:10
[  793993ms] [LOG] %c[getTrigger] error: sound RolandTR808_rim not found! Is it loaded? background-color: black;color:white;border-radius:15px @ http://localhost:5199/node_modules/.vite/deps/@strudel_web.js?v=271342c3:10
[  793993ms] [LOG] %c[getTrigger] error: sound RolandTR909_hh not found! Is it loaded? background-color: black;color:white;border-radius:15px @ http://localhost:5199/node_modules/.vite/deps/@strudel_web.js?v=271342c3:10
[  794192ms] [LOG] %c[getTrigger] error: sound RolandTR909_oh not found! Is it loaded? background-color: black;color:white;border-radius:15px @ http://localhost:5199/node_modules/.vite/deps/@strudel_web.js?v=271342c3:10
[  794192ms] [LOG] %c[getTrigger] error: sound RolandTR909_hh not found! Is it loaded? background-color: black;color:white;border-radius:15px @ http://localhost:5199/node_modules/.vite/deps/@strudel_web.js?v=271342c3:10
[  794291ms] [LOG] %c[getTrigger] error: sound RolandTR909_bd not found! Is it loaded? background-color: black;color:white;border-radius:15px @ http://localhost:5199/node_modules/.vite/deps/@strudel_web.js?v=271342c3:10
[  794291ms] [LOG] %c[getTrigger] error: sound RolandTR909_hh not found! Is it loaded? background-color: black;color:white;border-radius:15px @ http://localhost:5199/node_modules/.vite/deps/@strudel_web.js?v=271342c3:10
[  794291ms] [LOG] %c[getTrigger] error: sound RolandTR808_rim not found! Is it loaded? background-color: black;color:white;border-radius:15px @ http://localhost:5199/node_modules/.vite/deps/@strudel_web.js?v=271342c3:10
[  794291ms] [LOG] %c[getTrigger] error: sound RolandTR909_cp not found! Is it loaded? background-color: black;color:white;border-radius:15px @ http://localhost:5199/node_modules/.vite/deps/@strudel_web.js?v=271342c3:10
[  794291ms] [LOG] %c[getTrigger] error: sound RolandTR808_sd not found! Is it loaded? background-color: black;color:white;border-radius:15px @ http://localhost:5199/node_modules/.vite/deps/@strudel_web.js?v=271342c3:10
[  794291ms] [LOG] %c[getTrigger] error: sound RolandTR909_hh not found! Is it loaded? background-color: black;color:white;border-radius:15px @ http://localhost:5199/node_modules/.vite/deps/@strudel_web.js?v=271342c3:10
[  794491ms] [LOG] %c[getTrigger] error: sound RolandTR909_oh not found! Is it loaded? background-color: black;color:white;border-radius:15px @ http://localhost:5199/node_modules/.vite/deps/@strudel_web.js?v=271342c3:10
[  794491ms] [LOG] %c[getTrigger] error: sound RolandTR909_hh not found! Is it loaded? background-color: black;color:white;border-radius:15px @ http://localhost:5199/node_modules/.vite/deps/@strudel_web.js?v=271342c3:10
[  794692ms] [LOG] %c[getTrigger] error: sound RolandTR909_bd not found! Is it loaded? background-color: black;color:white;border-radius:15px @ http://localhost:5199/node_modules/.vite/deps/@strudel_web.js?v=271342c3:10
[  794692ms] [LOG] %c[getTrigger] error: sound RolandTR909_hh not found! Is it loaded? background-color: black;color:white;border-radius:15px @ http://localhost:5199/node_modules/.vite/deps/@strudel_web.js?v=271342c3:10
[  794692ms] [LOG] %c[getTrigger] error: sound RolandTR808_rim not found! Is it loaded? background-color: black;color:white;border-radius:15px @ http://localhost:5199/node_modules/.vite/deps/@strudel_web.js?v=271342c3:10
[  794692ms] [LOG] %c[getTrigger] error: sound RolandTR909_hh not found! Is it loaded? background-color: black;color:white;border-radius:15px @ http://localhost:5199/node_modules/.vite/deps/@strudel_web.js?v=271342c3:10
[  794892ms] [LOG] %c[getTrigger] error: sound RolandTR909_oh not found! Is it loaded? background-color: black;color:white;border-radius:15px @ http://localhost:5199/node_modules/.vite/deps/@strudel_web.js?v=271342c3:10
[  794892ms] [LOG] %c[getTrigger] error: sound RolandTR909_hh not found! Is it loaded? background-color: black;color:white;border-radius:15px @ http://localhost:5199/node_modules/.vite/deps/@strudel_web.js?v=271342c3:10
[  794989ms] [LOG] %c[getTrigger] error: sound RolandTR909_bd not found! Is it loaded? background-color: black;color:white;border-radius:15px @ http://localhost:5199/node_modules/.vite/deps/@strudel_web.js?v=271342c3:10
[  794990ms] [LOG] %c[getTrigger] error: sound RolandTR909_hh not found! Is it loaded? background-color: black;color:white;border-radius:15px @ http://localhost:5199/node_modules/.vite/deps/@strudel_web.js?v=271342c3:10
[  794990ms] [LOG] %c[getTrigger] error: sound RolandTR808_rim not found! Is it loaded? background-color: black;color:white;border-radius:15px @ http://localhost:5199/node_modules/.vite/deps/@strudel_web.js?v=271342c3:10
[  794990ms] [LOG] %c[getTrigger] error: sound RolandTR909_cp not found! Is it loaded? background-color: black;color:white;border-radius:15px @ http://localhost:5199/node_modules/.vite/deps/@strudel_web.js?v=271342c3:10
[  794990ms] [LOG] %c[getTrigger] error: sound RolandTR909_hh not found! Is it loaded? background-color: black;color:white;border-radius:15px @ http://localhost:5199/node_modules/.vite/deps/@strudel_web.js?v=271342c3:10
[  795091ms] [LOG] %c[getTrigger] error: sound RolandTR808_sd not found! Is it loaded? background-color: black;color:white;border-radius:15px @ http://localhost:5199/node_modules/.vite/deps/@strudel_web.js?v=271342c3:10
[  795091ms] [LOG] %c[getTrigger] error: sound RolandTR909_hh not found! Is it loaded? background-color: black;color:white;border-radius:15px @ http://localhost:5199/node_modules/.vite/deps/@strudel_web.js?v=271342c3:10
[  795191ms] [LOG] %c[getTrigger] error: sound RolandTR909_oh not found! Is it loaded? background-color: black;color:white;border-radius:15px @ http://localhost:5199/node_modules/.vite/deps/@strudel_web.js?v=271342c3:10
[  795191ms] [LOG] %c[getTrigger] error: sound RolandTR909_hh not found! Is it loaded? background-color: black;color:white;border-radius:15px @ http://localhost:5199/node_modules/.vite/deps/@strudel_web.js?v=271342c3:10
[  795393ms] [LOG] %c[getTrigger] error: sound RolandTR909_bd not found! Is it loaded? background-color: black;color:white;border-radius:15px @ http://localhost:5199/node_modules/.vite/deps/@strudel_web.js?v=271342c3:10
[  795393ms] [LOG] %c[getTrigger] error: sound RolandTR909_hh not found! Is it loaded? background-color: black;color:white;border-radius:15px @ http://localhost:5199/node_modules/.vite/deps/@strudel_web.js?v=271342c3:10
[  795393ms] [LOG] %c[getTrigger] error: sound RolandTR808_rim not found! Is it loaded? background-color: black;color:white;border-radius:15px @ http://localhost:5199/node_modules/.vite/deps/@strudel_web.js?v=271342c3:10
[  795393ms] [LOG] %c[getTrigger] error: sound RolandTR909_hh not found! Is it loaded? background-color: black;color:white;border-radius:15px @ http://localhost:5199/node_modules/.vite/deps/@strudel_web.js?v=271342c3:10
[  795590ms] [LOG] %c[getTrigger] error: sound RolandTR909_oh not found! Is it loaded? background-color: black;color:white;border-radius:15px @ http://localhost:5199/node_modules/.vite/deps/@strudel_web.js?v=271342c3:10
[  795591ms] [LOG] %c[getTrigger] error: sound RolandTR909_hh not found! Is it loaded? background-color: black;color:white;border-radius:15px @ http://localhost:5199/node_modules/.vite/deps/@strudel_web.js?v=271342c3:10
[  795691ms] [LOG] %c[getTrigger] error: sound RolandTR909_bd not found! Is it loaded? background-color: black;color:white;border-radius:15px @ http://localhost:5199/node_modules/.vite/deps/@strudel_web.js?v=271342c3:10
[  795691ms] [LOG] %c[getTrigger] error: sound RolandTR909_hh not found! Is it loaded? background-color: black;color:white;border-radius:15px @ http://localhost:5199/node_modules/.vite/deps/@strudel_web.js?v=271342c3:10
[  795691ms] [LOG] %c[getTrigger] error: sound RolandTR808_rim not found! Is it loaded? background-color: black;color:white;border-radius:15px @ http://localhost:5199/node_modules/.vite/deps/@strudel_web.js?v=271342c3:10
[  795691ms] [LOG] %c[getTrigger] error: sound RolandTR909_cp not found! Is it loaded? background-color: black;color:white;border-radius:15px @ http://localhost:5199/node_modules/.vite/deps/@strudel_web.js?v=271342c3:10
[  795691ms] [LOG] %c[getTrigger] error: sound RolandTR909_hh not found! Is it loaded? background-color: black;color:white;border-radius:15px @ http://localhost:5199/node_modules/.vite/deps/@strudel_web.js?v=271342c3:10
[  795791ms] [LOG] %c[getTrigger] error: sound RolandTR808_sd not found! Is it loaded? background-color: black;color:white;border-radius:15px @ http://localhost:5199/node_modules/.vite/deps/@strudel_web.js?v=271342c3:10
[  795791ms] [LOG] %c[getTrigger] error: sound RolandTR909_hh not found! Is it loaded? background-color: black;color:white;border-radius:15px @ http://localhost:5199/node_modules/.vite/deps/@strudel_web.js?v=271342c3:10
[  795891ms] [LOG] %c[getTrigger] error: sound RolandTR909_oh not found! Is it loaded? background-color: black;color:white;border-radius:15px @ http://localhost:5199/node_modules/.vite/deps/@strudel_web.js?v=271342c3:10
[  795891ms] [LOG] %c[getTrigger] error: sound RolandTR909_hh not found! Is it loaded? background-color: black;color:white;border-radius:15px @ http://localhost:5199/node_modules/.vite/deps/@strudel_web.js?v=271342c3:10
[  796091ms] [LOG] %c[getTrigger] error: sound RolandTR909_bd not found! Is it loaded? background-color: black;color:white;border-radius:15px @ http://localhost:5199/node_modules/.vite/deps/@strudel_web.js?v=271342c3:10
[  796092ms] [LOG] %c[getTrigger] error: sound RolandTR909_hh not found! Is it loaded? background-color: black;color:white;border-radius:15px @ http://localhost:5199/node_modules/.vite/deps/@strudel_web.js?v=271342c3:10
[  796092ms] [LOG] %c[getTrigger] error: sound RolandTR808_rim not found! Is it loaded? background-color: black;color:white;border-radius:15px @ http://localhost:5199/node_modules/.vite/deps/@strudel_web.js?v=271342c3:10
[  796092ms] [LOG] %c[getTrigger] error: sound RolandTR909_hh not found! Is it loaded? background-color: black;color:white;border-radius:15px @ http://localhost:5199/node_modules/.vite/deps/@strudel_web.js?v=271342c3:10
[  796291ms] [LOG] %c[getTrigger] error: sound RolandTR909_oh not found! Is it loaded? background-color: black;color:white;border-radius:15px @ http://localhost:5199/node_modules/.vite/deps/@strudel_web.js?v=271342c3:10
[  796291ms] [LOG] %c[getTrigger] error: sound RolandTR909_hh not found! Is it loaded? background-color: black;color:white;border-radius:15px @ http://localhost:5199/node_modules/.vite/deps/@strudel_web.js?v=271342c3:10
[  796391ms] [LOG] %c[getTrigger] error: sound RolandTR909_bd not found! Is it loaded? background-color: black;color:white;border-radius:15px @ http://localhost:5199/node_modules/.vite/deps/@strudel_web.js?v=271342c3:10
[  796391ms] [LOG] %c[getTrigger] error: sound RolandTR909_hh not found! Is it loaded? background-color: black;color:white;border-radius:15px @ http://localhost:5199/node_modules/.vite/deps/@strudel_web.js?v=271342c3:10
[  796391ms] [LOG] %c[getTrigger] error: sound RolandTR808_rim not found! Is it loaded? background-color: black;color:white;border-radius:15px @ http://localhost:5199/node_modules/.vite/deps/@strudel_web.js?v=271342c3:10
[  796391ms] [LOG] %c[getTrigger] error: sound RolandTR909_cp not found! Is it loaded? background-color: black;color:white;border-radius:15px @ http://localhost:5199/node_modules/.vite/deps/@strudel_web.js?v=271342c3:10
[  796391ms] [LOG] %c[getTrigger] error: sound RolandTR909_hh not found! Is it loaded? background-color: black;color:white;border-radius:15px @ http://localhost:5199/node_modules/.vite/deps/@strudel_web.js?v=271342c3:10
[  796492ms] [LOG] %c[getTrigger] error: sound RolandTR808_sd not found! Is it loaded? background-color: black;color:white;border-radius:15px @ http://localhost:5199/node_modules/.vite/deps/@strudel_web.js?v=271342c3:10
[  796492ms] [LOG] %c[getTrigger] error: sound RolandTR909_hh not found! Is it loaded? background-color: black;color:white;border-radius:15px @ http://localhost:5199/node_modules/.vite/deps/@strudel_web.js?v=271342c3:10
[  796591ms] [LOG] %c[getTrigger] error: sound RolandTR909_oh not found! Is it loaded? background-color: black;color:white;border-radius:15px @ http://localhost:5199/node_modules/.vite/deps/@strudel_web.js?v=271342c3:10
[  796591ms] [LOG] %c[getTrigger] error: sound RolandTR909_hh not found! Is it loaded? background-color: black;color:white;border-radius:15px @ http://localhost:5199/node_modules/.vite/deps/@strudel_web.js?v=271342c3:10
[  796791ms] [LOG] %c[getTrigger] error: sound RolandTR909_bd not found! Is it loaded? background-color: black;color:white;border-radius:15px @ http://localhost:5199/node_modules/.vite/deps/@strudel_web.js?v=271342c3:10
[  796791ms] [LOG] %c[getTrigger] error: sound RolandTR909_hh not found! Is it loaded? background-color: black;color:white;border-radius:15px @ http://localhost:5199/node_modules/.vite/deps/@strudel_web.js?v=271342c3:10
[  796791ms] [LOG] %c[getTrigger] error: sound RolandTR808_rim not found! Is it loaded? background-color: black;color:white;border-radius:15px @ http://localhost:5199/node_modules/.vite/deps/@strudel_web.js?v=271342c3:10
[  796791ms] [LOG] %c[getTrigger] error: sound RolandTR909_hh not found! Is it loaded? background-color: black;color:white;border-radius:15px @ http://localhost:5199/node_modules/.vite/deps/@strudel_web.js?v=271342c3:10
[  796992ms] [LOG] %c[getTrigger] error: sound RolandTR909_oh not found! Is it loaded? background-color: black;color:white;border-radius:15px @ http://localhost:5199/node_modules/.vite/deps/@strudel_web.js?v=271342c3:10
[  796992ms] [LOG] %c[getTrigger] error: sound RolandTR909_hh not found! Is it loaded? background-color: black;color:white;border-radius:15px @ http://localhost:5199/node_modules/.vite/deps/@strudel_web.js?v=271342c3:10
[  797192ms] [LOG] %c[getTrigger] error: sound RolandTR909_bd not found! Is it loaded? background-color: black;color:white;border-radius:15px @ http://localhost:5199/node_modules/.vite/deps/@strudel_web.js?v=271342c3:10
[  797192ms] [LOG] %c[getTrigger] error: sound RolandTR909_hh not found! Is it loaded? background-color: black;color:white;border-radius:15px @ http://localhost:5199/node_modules/.vite/deps/@strudel_web.js?v=271342c3:10
[  797192ms] [LOG] %c[getTrigger] error: sound RolandTR808_rim not found! Is it loaded? background-color: black;color:white;border-radius:15px @ http://localhost:5199/node_modules/.vite/deps/@strudel_web.js?v=271342c3:10
[  797192ms] [LOG] %c[getTrigger] error: sound RolandTR909_cp not found! Is it loaded? background-color: black;color:white;border-radius:15px @ http://localhost:5199/node_modules/.vite/deps/@strudel_web.js?v=271342c3:10
[  797192ms] [LOG] %c[getTrigger] error: sound RolandTR808_sd not found! Is it loaded? background-color: black;color:white;border-radius:15px @ http://localhost:5199/node_modules/.vite/deps/@strudel_web.js?v=271342c3:10
[  797192ms] [LOG] %c[getTrigger] error: sound RolandTR909_hh not found! Is it loaded? background-color: black;color:white;border-radius:15px @ http://localhost:5199/node_modules/.vite/deps/@strudel_web.js?v=271342c3:10
[  797291ms] [LOG] %c[getTrigger] error: sound RolandTR909_oh not found! Is it loaded? background-color: black;color:white;border-radius:15px @ http://localhost:5199/node_modules/.vite/deps/@strudel_web.js?v=271342c3:10
[  797291ms] [LOG] %c[getTrigger] error: sound RolandTR909_hh not found! Is it loaded? background-color: black;color:white;border-radius:15px @ http://localhost:5199/node_modules/.vite/deps/@strudel_web.js?v=271342c3:10
[  797493ms] [LOG] %c[getTrigger] error: sound RolandTR909_bd not found! Is it loaded? background-color: black;color:white;border-radius:15px @ http://localhost:5199/node_modules/.vite/deps/@strudel_web.js?v=271342c3:10
[  797493ms] [LOG] %c[getTrigger] error: sound RolandTR909_hh not found! Is it loaded? background-color: black;color:white;border-radius:15px @ http://localhost:5199/node_modules/.vite/deps/@strudel_web.js?v=271342c3:10
[  797493ms] [LOG] %c[getTrigger] error: sound RolandTR808_rim not found! Is it loaded? background-color: black;color:white;border-radius:15px @ http://localhost:5199/node_modules/.vite/deps/@strudel_web.js?v=271342c3:10
[  797494ms] [LOG] %c[getTrigger] error: sound RolandTR909_hh not found! Is it loaded? background-color: black;color:white;border-radius:15px @ http://localhost:5199/node_modules/.vite/deps/@strudel_web.js?v=271342c3:10
[  797691ms] [LOG] %c[getTrigger] error: sound RolandTR909_oh not found! Is it loaded? background-color: black;color:white;border-radius:15px @ http://localhost:5199/node_modules/.vite/deps/@strudel_web.js?v=271342c3:10
[  797691ms] [LOG] %c[getTrigger] error: sound RolandTR909_hh not found! Is it loaded? background-color: black;color:white;border-radius:15px @ http://localhost:5199/node_modules/.vite/deps/@strudel_web.js?v=271342c3:10
[  797733ms] [LOG] %c[eval] code updated background-color: black;color:white;border-radius:15px @ http://localhost:5199/node_modules/.vite/deps/@strudel_web.js?v=271342c3:10
[  797791ms] [LOG] %c[getTrigger] error: sound RolandTR909_hh not found! Is it loaded? background-color: black;color:white;border-radius:15px @ http://localhost:5199/node_modules/.vite/deps/@strudel_web.js?v=271342c3:10
[  797890ms] [LOG] %c[getTrigger] error: sound RolandTR909_bd not found! Is it loaded? background-color: black;color:white;border-radius:15px @ http://localhost:5199/node_modules/.vite/deps/@strudel_web.js?v=271342c3:10
[  797890ms] [LOG] %c[getTrigger] error: sound RolandTR909_hh not found! Is it loaded? background-color: black;color:white;border-radius:15px @ http://localhost:5199/node_modules/.vite/deps/@strudel_web.js?v=271342c3:10
[  797890ms] [LOG] %c[getTrigger] error: sound RolandTR808_rim not found! Is it loaded? background-color: black;color:white;border-radius:15px @ http://localhost:5199/node_modules/.vite/deps/@strudel_web.js?v=271342c3:10
[  797891ms] [LOG] %c[getTrigger] error: sound RolandTR909_cp not found! Is it loaded? background-color: black;color:white;border-radius:15px @ http://localhost:5199/node_modules/.vite/deps/@strudel_web.js?v=271342c3:10
[  797891ms] [LOG] %c[getTrigger] error: sound RolandTR808_sd not found! Is it loaded? background-color: black;color:white;border-radius:15px @ http://localhost:5199/node_modules/.vite/deps/@strudel_web.js?v=271342c3:10
[  797891ms] [LOG] %c[getTrigger] error: sound RolandTR909_hh not found! Is it loaded? background-color: black;color:white;border-radius:15px @ http://localhost:5199/node_modules/.vite/deps/@strudel_web.js?v=271342c3:10
[  797993ms] [LOG] %c[getTrigger] error: sound RolandTR909_oh not found! Is it loaded? background-color: black;color:white;border-radius:15px @ http://localhost:5199/node_modules/.vite/deps/@strudel_web.js?v=271342c3:10
[  797993ms] [LOG] %c[getTrigger] error: sound RolandTR909_hh not found! Is it loaded? background-color: black;color:white;border-radius:15px @ http://localhost:5199/node_modules/.vite/deps/@strudel_web.js?v=271342c3:10
[  798191ms] [LOG] %c[getTrigger] error: sound RolandTR909_bd not found! Is it loaded? background-color: black;color:white;border-radius:15px @ http://localhost:5199/node_modules/.vite/deps/@strudel_web.js?v=271342c3:10
[  798191ms] [LOG] %c[getTrigger] error: sound RolandTR909_hh not found! Is it loaded? background-color: black;color:white;border-radius:15px @ http://localhost:5199/node_modules/.vite/deps/@strudel_web.js?v=271342c3:10
[  798191ms] [LOG] %c[getTrigger] error: sound RolandTR808_rim not found! Is it loaded? background-color: black;color:white;border-radius:15px @ http://localhost:5199/node_modules/.vite/deps/@strudel_web.js?v=271342c3:10
[  798191ms] [LOG] %c[getTrigger] error: sound RolandTR909_hh not found! Is it loaded? background-color: black;color:white;border-radius:15px @ http://localhost:5199/node_modules/.vite/deps/@strudel_web.js?v=271342c3:10
[  798391ms] [LOG] %c[getTrigger] error: sound RolandTR909_oh not found! Is it loaded? background-color: black;color:white;border-radius:15px @ http://localhost:5199/node_modules/.vite/deps/@strudel_web.js?v=271342c3:10
[  798392ms] [LOG] %c[getTrigger] error: sound RolandTR909_hh not found! Is it loaded? background-color: black;color:white;border-radius:15px @ http://localhost:5199/node_modules/.vite/deps/@strudel_web.js?v=271342c3:10
[  798591ms] [LOG] %c[getTrigger] error: sound RolandTR909_bd not found! Is it loaded? background-color: black;color:white;border-radius:15px @ http://localhost:5199/node_modules/.vite/deps/@strudel_web.js?v=271342c3:10
[  798591ms] [LOG] %c[getTrigger] error: sound RolandTR909_hh not found! Is it loaded? background-color: black;color:white;border-radius:15px @ http://localhost:5199/node_modules/.vite/deps/@strudel_web.js?v=271342c3:10
[  798591ms] [LOG] %c[getTrigger] error: sound RolandTR808_rim not found! Is it loaded? background-color: black;color:white;border-radius:15px @ http://localhost:5199/node_modules/.vite/deps/@strudel_web.js?v=271342c3:10
[  798591ms] [LOG] %c[getTrigger] error: sound RolandTR909_cp not found! Is it loaded? background-color: black;color:white;border-radius:15px @ http://localhost:5199/node_modules/.vite/deps/@strudel_web.js?v=271342c3:10
[  798591ms] [LOG] %c[getTrigger] error: sound RolandTR808_sd not found! Is it loaded? background-color: black;color:white;border-radius:15px @ http://localhost:5199/node_modules/.vite/deps/@strudel_web.js?v=271342c3:10
[  798591ms] [LOG] %c[getTrigger] error: sound RolandTR909_hh not found! Is it loaded? background-color: black;color:white;border-radius:15px @ http://localhost:5199/node_modules/.vite/deps/@strudel_web.js?v=271342c3:10
[  798691ms] [LOG] %c[getTrigger] error: sound RolandTR909_oh not found! Is it loaded? background-color: black;color:white;border-radius:15px @ http://localhost:5199/node_modules/.vite/deps/@strudel_web.js?v=271342c3:10
[  798692ms] [LOG] %c[getTrigger] error: sound RolandTR909_hh not found! Is it loaded? background-color: black;color:white;border-radius:15px @ http://localhost:5199/node_modules/.vite/deps/@strudel_web.js?v=271342c3:10
[  798892ms] [LOG] %c[getTrigger] error: sound RolandTR909_bd not found! Is it loaded? background-color: black;color:white;border-radius:15px @ http://localhost:5199/node_modules/.vite/deps/@strudel_web.js?v=271342c3:10
[  798892ms] [LOG] %c[getTrigger] error: sound RolandTR909_hh not found! Is it loaded? background-color: black;color:white;border-radius:15px @ http://localhost:5199/node_modules/.vite/deps/@strudel_web.js?v=271342c3:10
[  798892ms] [LOG] %c[getTrigger] error: sound RolandTR808_rim not found! Is it loaded? background-color: black;color:white;border-radius:15px @ http://localhost:5199/node_modules/.vite/deps/@strudel_web.js?v=271342c3:10
[  798893ms] [LOG] %c[getTrigger] error: sound RolandTR909_hh not found! Is it loaded? background-color: black;color:white;border-radius:15px @ http://localhost:5199/node_modules/.vite/deps/@strudel_web.js?v=271342c3:10
[  799091ms] [LOG] %c[getTrigger] error: sound RolandTR909_oh not found! Is it loaded? background-color: black;color:white;border-radius:15px @ http://localhost:5199/node_modules/.vite/deps/@strudel_web.js?v=271342c3:10
[  799092ms] [LOG] %c[getTrigger] error: sound RolandTR909_hh not found! Is it loaded? background-color: black;color:white;border-radius:15px @ http://localhost:5199/node_modules/.vite/deps/@strudel_web.js?v=271342c3:10
[  799290ms] [LOG] %c[getTrigger] error: sound RolandTR909_bd not found! Is it loaded? background-color: black;color:white;border-radius:15px @ http://localhost:5199/node_modules/.vite/deps/@strudel_web.js?v=271342c3:10
[  799290ms] [LOG] %c[getTrigger] error: sound RolandTR909_hh not found! Is it loaded? background-color: black;color:white;border-radius:15px @ http://localhost:5199/node_modules/.vite/deps/@strudel_web.js?v=271342c3:10
[  799290ms] [LOG] %c[getTrigger] error: sound RolandTR808_rim not found! Is it loaded? background-color: black;color:white;border-radius:15px @ http://localhost:5199/node_modules/.vite/deps/@strudel_web.js?v=271342c3:10
[  799290ms] [LOG] %c[getTrigger] error: sound RolandTR909_cp not found! Is it loaded? background-color: black;color:white;border-radius:15px @ http://localhost:5199/node_modules/.vite/deps/@strudel_web.js?v=271342c3:10
[  799290ms] [LOG] %c[getTrigger] error: sound RolandTR808_sd not found! Is it loaded? background-color: black;color:white;border-radius:15px @ http://localhost:5199/node_modules/.vite/deps/@strudel_web.js?v=271342c3:10
[  799290ms] [LOG] %c[getTrigger] error: sound RolandTR909_hh not found! Is it loaded? background-color: black;color:white;border-radius:15px @ http://localhost:5199/node_modules/.vite/deps/@strudel_web.js?v=271342c3:10
[  799391ms] [LOG] %c[getTrigger] error: sound RolandTR909_oh not found! Is it loaded? background-color: black;color:white;border-radius:15px @ http://localhost:5199/node_modules/.vite/deps/@strudel_web.js?v=271342c3:10
[  799391ms] [LOG] %c[getTrigger] error: sound RolandTR909_hh not found! Is it loaded? background-color: black;color:white;border-radius:15px @ http://localhost:5199/node_modules/.vite/deps/@strudel_web.js?v=271342c3:10
[  799591ms] [LOG] %c[getTrigger] error: sound RolandTR909_bd not found! Is it loaded? background-color: black;color:white;border-radius:15px @ http://localhost:5199/node_modules/.vite/deps/@strudel_web.js?v=271342c3:10
[  799591ms] [LOG] %c[getTrigger] error: sound RolandTR909_hh not found! Is it loaded? background-color: black;color:white;border-radius:15px @ http://localhost:5199/node_modules/.vite/deps/@strudel_web.js?v=271342c3:10
[  799591ms] [LOG] %c[getTrigger] error: sound RolandTR808_rim not found! Is it loaded? background-color: black;color:white;border-radius:15px @ http://localhost:5199/node_modules/.vite/deps/@strudel_web.js?v=271342c3:10
[  799591ms] [LOG] %c[getTrigger] error: sound RolandTR909_hh not found! Is it loaded? background-color: black;color:white;border-radius:15px @ http://localhost:5199/node_modules/.vite/deps/@strudel_web.js?v=271342c3:10
[  799790ms] [LOG] %c[getTrigger] error: sound RolandTR909_oh not found! Is it loaded? background-color: black;color:white;border-radius:15px @ http://localhost:5199/node_modules/.vite/deps/@strudel_web.js?v=271342c3:10
[  799790ms] [LOG] %c[getTrigger] error: sound RolandTR909_hh not found! Is it loaded? background-color: black;color:white;border-radius:15px @ http://localhost:5199/node_modules/.vite/deps/@strudel_web.js?v=271342c3:10
[  799993ms] [LOG] %c[getTrigger] error: sound RolandTR909_bd not found! Is it loaded? background-color: black;color:white;border-radius:15px @ http://localhost:5199/node_modules/.vite/deps/@strudel_web.js?v=271342c3:10
[  799994ms] [LOG] %c[getTrigger] error: sound RolandTR909_hh not found! Is it loaded? background-color: black;color:white;border-radius:15px @ http://localhost:5199/node_modules/.vite/deps/@strudel_web.js?v=271342c3:10
[  799994ms] [LOG] %c[getTrigger] error: sound RolandTR808_rim not found! Is it loaded? background-color: black;color:white;border-radius:15px @ http://localhost:5199/node_modules/.vite/deps/@strudel_web.js?v=271342c3:10
[  799994ms] [LOG] %c[getTrigger] error: sound RolandTR909_cp not found! Is it loaded? background-color: black;color:white;border-radius:15px @ http://localhost:5199/node_modules/.vite/deps/@strudel_web.js?v=271342c3:10
[  799994ms] [LOG] %c[getTrigger] error: sound RolandTR808_sd not found! Is it loaded? background-color: black;color:white;border-radius:15px @ http://localhost:5199/node_modules/.vite/deps/@strudel_web.js?v=271342c3:10
[  799994ms] [LOG] %c[getTrigger] error: sound RolandTR909_hh not found! Is it loaded? background-color: black;color:white;border-radius:15px @ http://localhost:5199/node_modules/.vite/deps/@strudel_web.js?v=271342c3:10
[  800191ms] [LOG] %c[getTrigger] error: sound RolandTR909_oh not found! Is it loaded? background-color: black;color:white;border-radius:15px @ http://localhost:5199/node_modules/.vite/deps/@strudel_web.js?v=271342c3:10
[  800191ms] [LOG] %c[getTrigger] error: sound RolandTR909_hh not found! Is it loaded? background-color: black;color:white;border-radius:15px @ http://localhost:5199/node_modules/.vite/deps/@strudel_web.js?v=271342c3:10
[  800292ms] [LOG] %c[getTrigger] error: sound RolandTR909_bd not found! Is it loaded? background-color: black;color:white;border-radius:15px @ http://localhost:5199/node_modules/.vite/deps/@strudel_web.js?v=271342c3:10
[  800292ms] [LOG] %c[getTrigger] error: sound RolandTR909_hh not found! Is it loaded? background-color: black;color:white;border-radius:15px @ http://localhost:5199/node_modules/.vite/deps/@strudel_web.js?v=271342c3:10
[  800292ms] [LOG] %c[getTrigger] error: sound RolandTR808_rim not found! Is it loaded? background-color: black;color:white;border-radius:15px @ http://localhost:5199/node_modules/.vite/deps/@strudel_web.js?v=271342c3:10
[  800292ms] [LOG] %c[getTrigger] error: sound RolandTR909_hh not found! Is it loaded? background-color: black;color:white;border-radius:15px @ http://localhost:5199/node_modules/.vite/deps/@strudel_web.js?v=271342c3:10
[  800490ms] [LOG] %c[getTrigger] error: sound RolandTR909_oh not found! Is it loaded? background-color: black;color:white;border-radius:15px @ http://localhost:5199/node_modules/.vite/deps/@strudel_web.js?v=271342c3:10
[  800490ms] [LOG] %c[getTrigger] error: sound RolandTR909_hh not found! Is it loaded? background-color: black;color:white;border-radius:15px @ http://localhost:5199/node_modules/.vite/deps/@strudel_web.js?v=271342c3:10
[  800691ms] [LOG] %c[getTrigger] error: sound RolandTR909_bd not found! Is it loaded? background-color: black;color:white;border-radius:15px @ http://localhost:5199/node_modules/.vite/deps/@strudel_web.js?v=271342c3:10
[  800691ms] [LOG] %c[getTrigger] error: sound RolandTR909_hh not found! Is it loaded? background-color: black;color:white;border-radius:15px @ http://localhost:5199/node_modules/.vite/deps/@strudel_web.js?v=271342c3:10
[  800691ms] [LOG] %c[getTrigger] error: sound RolandTR808_rim not found! Is it loaded? background-color: black;color:white;border-radius:15px @ http://localhost:5199/node_modules/.vite/deps/@strudel_web.js?v=271342c3:10
[  800691ms] [LOG] %c[getTrigger] error: sound RolandTR909_cp not found! Is it loaded? background-color: black;color:white;border-radius:15px @ http://localhost:5199/node_modules/.vite/deps/@strudel_web.js?v=271342c3:10
[  800691ms] [LOG] %c[getTrigger] error: sound RolandTR808_sd not found! Is it loaded? background-color: black;color:white;border-radius:15px @ http://localhost:5199/node_modules/.vite/deps/@strudel_web.js?v=271342c3:10
[  800691ms] [LOG] %c[getTrigger] error: sound RolandTR909_hh not found! Is it loaded? background-color: black;color:white;border-radius:15px @ http://localhost:5199/node_modules/.vite/deps/@strudel_web.js?v=271342c3:10
[  800891ms] [LOG] %c[getTrigger] error: sound RolandTR909_oh not found! Is it loaded? background-color: black;color:white;border-radius:15px @ http://localhost:5199/node_modules/.vite/deps/@strudel_web.js?v=271342c3:10
[  800891ms] [LOG] %c[getTrigger] error: sound RolandTR909_hh not found! Is it loaded? background-color: black;color:white;border-radius:15px @ http://localhost:5199/node_modules/.vite/deps/@strudel_web.js?v=271342c3:10
[  800991ms] [LOG] %c[getTrigger] error: sound RolandTR909_bd not found! Is it loaded? background-color: black;color:white;border-radius:15px @ http://localhost:5199/node_modules/.vite/deps/@strudel_web.js?v=271342c3:10
[  800991ms] [LOG] %c[getTrigger] error: sound RolandTR909_hh not found! Is it loaded? background-color: black;color:white;border-radius:15px @ http://localhost:5199/node_modules/.vite/deps/@strudel_web.js?v=271342c3:10
[  800991ms] [LOG] %c[getTrigger] error: sound RolandTR808_rim not found! Is it loaded? background-color: black;color:white;border-radius:15px @ http://localhost:5199/node_modules/.vite/deps/@strudel_web.js?v=271342c3:10
[  800991ms] [LOG] %c[getTrigger] error: sound RolandTR909_hh not found! Is it loaded? background-color: black;color:white;border-radius:15px @ http://localhost:5199/node_modules/.vite/deps/@strudel_web.js?v=271342c3:10
[  801190ms] [LOG] %c[getTrigger] error: sound RolandTR909_oh not found! Is it loaded? background-color: black;color:white;border-radius:15px @ http://localhost:5199/node_modules/.vite/deps/@strudel_web.js?v=271342c3:10
[  801191ms] [LOG] %c[getTrigger] error: sound RolandTR909_hh not found! Is it loaded? background-color: black;color:white;border-radius:15px @ http://localhost:5199/node_modules/.vite/deps/@strudel_web.js?v=271342c3:10
[  801391ms] [LOG] %c[getTrigger] error: sound RolandTR909_bd not found! Is it loaded? background-color: black;color:white;border-radius:15px @ http://localhost:5199/node_modules/.vite/deps/@strudel_web.js?v=271342c3:10
[  801392ms] [LOG] %c[getTrigger] error: sound RolandTR909_hh not found! Is it loaded? background-color: black;color:white;border-radius:15px @ http://localhost:5199/node_modules/.vite/deps/@strudel_web.js?v=271342c3:10
[  801392ms] [LOG] %c[getTrigger] error: sound RolandTR808_rim not found! Is it loaded? background-color: black;color:white;border-radius:15px @ http://localhost:5199/node_modules/.vite/deps/@strudel_web.js?v=271342c3:10
[  801392ms] [LOG] %c[getTrigger] error: sound RolandTR909_cp not found! Is it loaded? background-color: black;color:white;border-radius:15px @ http://localhost:5199/node_modules/.vite/deps/@strudel_web.js?v=271342c3:10
[  801392ms] [LOG] %c[getTrigger] error: sound RolandTR909_hh not found! Is it loaded? background-color: black;color:white;border-radius:15px @ http://localhost:5199/node_modules/.vite/deps/@strudel_web.js?v=271342c3:10
[  801392ms] [LOG] %c[getTrigger] error: sound RolandTR808_sd not found! Is it loaded? background-color: black;color:white;border-radius:15px @ http://localhost:5199/node_modules/.vite/deps/@strudel_web.js?v=271342c3:10
[  801491ms] [LOG] %c[getTrigger] error: sound RolandTR909_hh not found! Is it loaded? background-color: black;color:white;border-radius:15px @ http://localhost:5199/node_modules/.vite/deps/@strudel_web.js?v=271342c3:10
[  801593ms] [LOG] %c[getTrigger] error: sound RolandTR909_oh not found! Is it loaded? background-color: black;color:white;border-radius:15px @ http://localhost:5199/node_modules/.vite/deps/@strudel_web.js?v=271342c3:10
[  801594ms] [LOG] %c[getTrigger] error: sound RolandTR909_hh not found! Is it loaded? background-color: black;color:white;border-radius:15px @ http://localhost:5199/node_modules/.vite/deps/@strudel_web.js?v=271342c3:10
[  801692ms] [LOG] %c[getTrigger] error: sound RolandTR909_bd not found! Is it loaded? background-color: black;color:white;border-radius:15px @ http://localhost:5199/node_modules/.vite/deps/@strudel_web.js?v=271342c3:10
[  801692ms] [LOG] %c[getTrigger] error: sound RolandTR909_hh not found! Is it loaded? background-color: black;color:white;border-radius:15px @ http://localhost:5199/node_modules/.vite/deps/@strudel_web.js?v=271342c3:10
[  801692ms] [LOG] %c[getTrigger] error: sound RolandTR808_rim not found! Is it loaded? background-color: black;color:white;border-radius:15px @ http://localhost:5199/node_modules/.vite/deps/@strudel_web.js?v=271342c3:10
[  801692ms] [LOG] %c[getTrigger] error: sound RolandTR909_hh not found! Is it loaded? background-color: black;color:white;border-radius:15px @ http://localhost:5199/node_modules/.vite/deps/@strudel_web.js?v=271342c3:10
[  801890ms] [LOG] %c[getTrigger] error: sound RolandTR909_oh not found! Is it loaded? background-color: black;color:white;border-radius:15px @ http://localhost:5199/node_modules/.vite/deps/@strudel_web.js?v=271342c3:10
[  801891ms] [LOG] %c[getTrigger] error: sound RolandTR909_hh not found! Is it loaded? background-color: black;color:white;border-radius:15px @ http://localhost:5199/node_modules/.vite/deps/@strudel_web.js?v=271342c3:10
[  802094ms] [LOG] %c[getTrigger] error: sound RolandTR909_bd not found! Is it loaded? background-color: black;color:white;border-radius:15px @ http://localhost:5199/node_modules/.vite/deps/@strudel_web.js?v=271342c3:10
[  802094ms] [LOG] %c[getTrigger] error: sound RolandTR909_hh not found! Is it loaded? background-color: black;color:white;border-radius:15px @ http://localhost:5199/node_modules/.vite/deps/@strudel_web.js?v=271342c3:10
[  802094ms] [LOG] %c[getTrigger] error: sound RolandTR808_rim not found! Is it loaded? background-color: black;color:white;border-radius:15px @ http://localhost:5199/node_modules/.vite/deps/@strudel_web.js?v=271342c3:10
[  802094ms] [LOG] %c[getTrigger] error: sound RolandTR909_cp not found! Is it loaded? background-color: black;color:white;border-radius:15px @ http://localhost:5199/node_modules/.vite/deps/@strudel_web.js?v=271342c3:10
[  802094ms] [LOG] %c[getTrigger] error: sound RolandTR909_hh not found! Is it loaded? background-color: black;color:white;border-radius:15px @ http://localhost:5199/node_modules/.vite/deps/@strudel_web.js?v=271342c3:10
[  802094ms] [LOG] %c[getTrigger] error: sound RolandTR808_sd not found! Is it loaded? background-color: black;color:white;border-radius:15px @ http://localhost:5199/node_modules/.vite/deps/@strudel_web.js?v=271342c3:10
[  802190ms] [LOG] %c[getTrigger] error: sound RolandTR909_hh not found! Is it loaded? background-color: black;color:white;border-radius:15px @ http://localhost:5199/node_modules/.vite/deps/@strudel_web.js?v=271342c3:10
[  802290ms] [LOG] %c[getTrigger] error: sound RolandTR909_oh not found! Is it loaded? background-color: black;color:white;border-radius:15px @ http://localhost:5199/node_modules/.vite/deps/@strudel_web.js?v=271342c3:10
[  802290ms] [LOG] %c[getTrigger] error: sound RolandTR909_hh not found! Is it loaded? background-color: black;color:white;border-radius:15px @ http://localhost:5199/node_modules/.vite/deps/@strudel_web.js?v=271342c3:10
[  802390ms] [LOG] %c[getTrigger] error: sound RolandTR909_bd not found! Is it loaded? background-color: black;color:white;border-radius:15px @ http://localhost:5199/node_modules/.vite/deps/@strudel_web.js?v=271342c3:10
[  802390ms] [LOG] %c[getTrigger] error: sound RolandTR909_hh not found! Is it loaded? background-color: black;color:white;border-radius:15px @ http://localhost:5199/node_modules/.vite/deps/@strudel_web.js?v=271342c3:10
[  802390ms] [LOG] %c[getTrigger] error: sound RolandTR808_rim not found! Is it loaded? background-color: black;color:white;border-radius:15px @ http://localhost:5199/node_modules/.vite/deps/@strudel_web.js?v=271342c3:10
[  802391ms] [LOG] %c[getTrigger] error: sound RolandTR909_hh not found! Is it loaded? background-color: black;color:white;border-radius:15px @ http://localhost:5199/node_modules/.vite/deps/@strudel_web.js?v=271342c3:10
[  802594ms] [LOG] %c[getTrigger] error: sound RolandTR909_oh not found! Is it loaded? background-color: black;color:white;border-radius:15px @ http://localhost:5199/node_modules/.vite/deps/@strudel_web.js?v=271342c3:10
[  802594ms] [LOG] %c[getTrigger] error: sound RolandTR909_hh not found! Is it loaded? background-color: black;color:white;border-radius:15px @ http://localhost:5199/node_modules/.vite/deps/@strudel_web.js?v=271342c3:10
[  802789ms] [LOG] %c[getTrigger] error: sound RolandTR909_bd not found! Is it loaded? background-color: black;color:white;border-radius:15px @ http://localhost:5199/node_modules/.vite/deps/@strudel_web.js?v=271342c3:10
[  802789ms] [LOG] %c[getTrigger] error: sound RolandTR909_hh not found! Is it loaded? background-color: black;color:white;border-radius:15px @ http://localhost:5199/node_modules/.vite/deps/@strudel_web.js?v=271342c3:10
[  802790ms] [LOG] %c[getTrigger] error: sound RolandTR808_rim not found! Is it loaded? background-color: black;color:white;border-radius:15px @ http://localhost:5199/node_modules/.vite/deps/@strudel_web.js?v=271342c3:10
[  802790ms] [LOG] %c[getTrigger] error: sound RolandTR909_cp not found! Is it loaded? background-color: black;color:white;border-radius:15px @ http://localhost:5199/node_modules/.vite/deps/@strudel_web.js?v=271342c3:10
[  802790ms] [LOG] %c[getTrigger] error: sound RolandTR808_sd not found! Is it loaded? background-color: black;color:white;border-radius:15px @ http://localhost:5199/node_modules/.vite/deps/@strudel_web.js?v=271342c3:10
[  802790ms] [LOG] %c[getTrigger] error: sound RolandTR909_hh not found! Is it loaded? background-color: black;color:white;border-radius:15px @ http://localhost:5199/node_modules/.vite/deps/@strudel_web.js?v=271342c3:10
[  802990ms] [LOG] %c[getTrigger] error: sound RolandTR909_oh not found! Is it loaded? background-color: black;color:white;border-radius:15px @ http://localhost:5199/node_modules/.vite/deps/@strudel_web.js?v=271342c3:10
[  802990ms] [LOG] %c[getTrigger] error: sound RolandTR909_hh not found! Is it loaded? background-color: black;color:white;border-radius:15px @ http://localhost:5199/node_modules/.vite/deps/@strudel_web.js?v=271342c3:10
[  803192ms] [LOG] %c[getTrigger] error: sound RolandTR909_bd not found! Is it loaded? background-color: black;color:white;border-radius:15px @ http://localhost:5199/node_modules/.vite/deps/@strudel_web.js?v=271342c3:10
[  803192ms] [LOG] %c[getTrigger] error: sound RolandTR909_hh not found! Is it loaded? background-color: black;color:white;border-radius:15px @ http://localhost:5199/node_modules/.vite/deps/@strudel_web.js?v=271342c3:10
[  803192ms] [LOG] %c[getTrigger] error: sound RolandTR808_rim not found! Is it loaded? background-color: black;color:white;border-radius:15px @ http://localhost:5199/node_modules/.vite/deps/@strudel_web.js?v=271342c3:10
[  803192ms] [LOG] %c[getTrigger] error: sound RolandTR909_hh not found! Is it loaded? background-color: black;color:white;border-radius:15px @ http://localhost:5199/node_modules/.vite/deps/@strudel_web.js?v=271342c3:10
[  803291ms] [LOG] %c[getTrigger] error: sound RolandTR909_oh not found! Is it loaded? background-color: black;color:white;border-radius:15px @ http://localhost:5199/node_modules/.vite/deps/@strudel_web.js?v=271342c3:10
[  803291ms] [LOG] %c[getTrigger] error: sound RolandTR909_hh not found! Is it loaded? background-color: black;color:white;border-radius:15px @ http://localhost:5199/node_modules/.vite/deps/@strudel_web.js?v=271342c3:10
[  803491ms] [LOG] %c[getTrigger] error: sound RolandTR909_bd not found! Is it loaded? background-color: black;color:white;border-radius:15px @ http://localhost:5199/node_modules/.vite/deps/@strudel_web.js?v=271342c3:10
[  803491ms] [LOG] %c[getTrigger] error: sound RolandTR909_hh not found! Is it loaded? background-color: black;color:white;border-radius:15px @ http://localhost:5199/node_modules/.vite/deps/@strudel_web.js?v=271342c3:10
[  803491ms] [LOG] %c[getTrigger] error: sound RolandTR808_rim not found! Is it loaded? background-color: black;color:white;border-radius:15px @ http://localhost:5199/node_modules/.vite/deps/@strudel_web.js?v=271342c3:10
[  803491ms] [LOG] %c[getTrigger] error: sound RolandTR909_cp not found! Is it loaded? background-color: black;color:white;border-radius:15px @ http://localhost:5199/node_modules/.vite/deps/@strudel_web.js?v=271342c3:10
[  803491ms] [LOG] %c[getTrigger] error: sound RolandTR808_sd not found! Is it loaded? background-color: black;color:white;border-radius:15px @ http://localhost:5199/node_modules/.vite/deps/@strudel_web.js?v=271342c3:10
[  803491ms] [LOG] %c[getTrigger] error: sound RolandTR909_hh not found! Is it loaded? background-color: black;color:white;border-radius:15px @ http://localhost:5199/node_modules/.vite/deps/@strudel_web.js?v=271342c3:10
[  803694ms] [LOG] %c[getTrigger] error: sound RolandTR909_oh not found! Is it loaded? background-color: black;color:white;border-radius:15px @ http://localhost:5199/node_modules/.vite/deps/@strudel_web.js?v=271342c3:10
[  803694ms] [LOG] %c[getTrigger] error: sound RolandTR909_hh not found! Is it loaded? background-color: black;color:white;border-radius:15px @ http://localhost:5199/node_modules/.vite/deps/@strudel_web.js?v=271342c3:10
[  803891ms] [LOG] %c[getTrigger] error: sound RolandTR909_bd not found! Is it loaded? background-color: black;color:white;border-radius:15px @ http://localhost:5199/node_modules/.vite/deps/@strudel_web.js?v=271342c3:10
[  803891ms] [LOG] %c[getTrigger] error: sound RolandTR909_hh not found! Is it loaded? background-color: black;color:white;border-radius:15px @ http://localhost:5199/node_modules/.vite/deps/@strudel_web.js?v=271342c3:10
[  803891ms] [LOG] %c[getTrigger] error: sound RolandTR808_rim not found! Is it loaded? background-color: black;color:white;border-radius:15px @ http://localhost:5199/node_modules/.vite/deps/@strudel_web.js?v=271342c3:10
[  803891ms] [LOG] %c[getTrigger] error: sound RolandTR909_hh not found! Is it loaded? background-color: black;color:white;border-radius:15px @ http://localhost:5199/node_modules/.vite/deps/@strudel_web.js?v=271342c3:10
[  803990ms] [LOG] %c[getTrigger] error: sound RolandTR909_oh not found! Is it loaded? background-color: black;color:white;border-radius:15px @ http://localhost:5199/node_modules/.vite/deps/@strudel_web.js?v=271342c3:10
[  803990ms] [LOG] %c[getTrigger] error: sound RolandTR909_hh not found! Is it loaded? background-color: black;color:white;border-radius:15px @ http://localhost:5199/node_modules/.vite/deps/@strudel_web.js?v=271342c3:10
[  804195ms] [LOG] %c[getTrigger] error: sound RolandTR909_bd not found! Is it loaded? background-color: black;color:white;border-radius:15px @ http://localhost:5199/node_modules/.vite/deps/@strudel_web.js?v=271342c3:10
[  804195ms] [LOG] %c[getTrigger] error: sound RolandTR909_hh not found! Is it loaded? background-color: black;color:white;border-radius:15px @ http://localhost:5199/node_modules/.vite/deps/@strudel_web.js?v=271342c3:10
[  804195ms] [LOG] %c[getTrigger] error: sound RolandTR808_rim not found! Is it loaded? background-color: black;color:white;border-radius:15px @ http://localhost:5199/node_modules/.vite/deps/@strudel_web.js?v=271342c3:10
[  804195ms] [LOG] %c[getTrigger] error: sound RolandTR909_cp not found! Is it loaded? background-color: black;color:white;border-radius:15px @ http://localhost:5199/node_modules/.vite/deps/@strudel_web.js?v=271342c3:10
[  804195ms] [LOG] %c[getTrigger] error: sound RolandTR808_sd not found! Is it loaded? background-color: black;color:white;border-radius:15px @ http://localhost:5199/node_modules/.vite/deps/@strudel_web.js?v=271342c3:10
[  804196ms] [LOG] %c[getTrigger] error: sound RolandTR909_hh not found! Is it loaded? background-color: black;color:white;border-radius:15px @ http://localhost:5199/node_modules/.vite/deps/@strudel_web.js?v=271342c3:10
[  804391ms] [LOG] %c[getTrigger] error: sound RolandTR909_oh not found! Is it loaded? background-color: black;color:white;border-radius:15px @ http://localhost:5199/node_modules/.vite/deps/@strudel_web.js?v=271342c3:10
[  804391ms] [LOG] %c[getTrigger] error: sound RolandTR909_hh not found! Is it loaded? background-color: black;color:white;border-radius:15px @ http://localhost:5199/node_modules/.vite/deps/@strudel_web.js?v=271342c3:10
[  804591ms] [LOG] %c[getTrigger] error: sound RolandTR909_bd not found! Is it loaded? background-color: black;color:white;border-radius:15px @ http://localhost:5199/node_modules/.vite/deps/@strudel_web.js?v=271342c3:10
[  804591ms] [LOG] %c[getTrigger] error: sound RolandTR909_hh not found! Is it loaded? background-color: black;color:white;border-radius:15px @ http://localhost:5199/node_modules/.vite/deps/@strudel_web.js?v=271342c3:10
[  804591ms] [LOG] %c[getTrigger] error: sound RolandTR808_rim not found! Is it loaded? background-color: black;color:white;border-radius:15px @ http://localhost:5199/node_modules/.vite/deps/@strudel_web.js?v=271342c3:10
[  804591ms] [LOG] %c[getTrigger] error: sound RolandTR909_hh not found! Is it loaded? background-color: black;color:white;border-radius:15px @ http://localhost:5199/node_modules/.vite/deps/@strudel_web.js?v=271342c3:10
[  804694ms] [LOG] %c[getTrigger] error: sound RolandTR909_oh not found! Is it loaded? background-color: black;color:white;border-radius:15px @ http://localhost:5199/node_modules/.vite/deps/@strudel_web.js?v=271342c3:10
[  804694ms] [LOG] %c[getTrigger] error: sound RolandTR909_hh not found! Is it loaded? background-color: black;color:white;border-radius:15px @ http://localhost:5199/node_modules/.vite/deps/@strudel_web.js?v=271342c3:10
[  804890ms] [LOG] %c[getTrigger] error: sound RolandTR909_bd not found! Is it loaded? background-color: black;color:white;border-radius:15px @ http://localhost:5199/node_modules/.vite/deps/@strudel_web.js?v=271342c3:10
[  804891ms] [LOG] %c[getTrigger] error: sound RolandTR909_hh not found! Is it loaded? background-color: black;color:white;border-radius:15px @ http://localhost:5199/node_modules/.vite/deps/@strudel_web.js?v=271342c3:10
[  804891ms] [LOG] %c[getTrigger] error: sound RolandTR808_rim not found! Is it loaded? background-color: black;color:white;border-radius:15px @ http://localhost:5199/node_modules/.vite/deps/@strudel_web.js?v=271342c3:10
[  804891ms] [LOG] %c[getTrigger] error: sound RolandTR909_cp not found! Is it loaded? background-color: black;color:white;border-radius:15px @ http://localhost:5199/node_modules/.vite/deps/@strudel_web.js?v=271342c3:10
[  804891ms] [LOG] %c[getTrigger] error: sound RolandTR808_sd not found! Is it loaded? background-color: black;color:white;border-radius:15px @ http://localhost:5199/node_modules/.vite/deps/@strudel_web.js?v=271342c3:10
[  804891ms] [LOG] %c[getTrigger] error: sound RolandTR909_hh not found! Is it loaded? background-color: black;color:white;border-radius:15px @ http://localhost:5199/node_modules/.vite/deps/@strudel_web.js?v=271342c3:10
[  805091ms] [LOG] %c[getTrigger] error: sound RolandTR909_oh not found! Is it loaded? background-color: black;color:white;border-radius:15px @ http://localhost:5199/node_modules/.vite/deps/@strudel_web.js?v=271342c3:10
[  805091ms] [LOG] %c[getTrigger] error: sound RolandTR909_hh not found! Is it loaded? background-color: black;color:white;border-radius:15px @ http://localhost:5199/node_modules/.vite/deps/@strudel_web.js?v=271342c3:10
[  805290ms] [LOG] %c[getTrigger] error: sound RolandTR909_bd not found! Is it loaded? background-color: black;color:white;border-radius:15px @ http://localhost:5199/node_modules/.vite/deps/@strudel_web.js?v=271342c3:10
[  805291ms] [LOG] %c[getTrigger] error: sound RolandTR909_hh not found! Is it loaded? background-color: black;color:white;border-radius:15px @ http://localhost:5199/node_modules/.vite/deps/@strudel_web.js?v=271342c3:10
[  805291ms] [LOG] %c[getTrigger] error: sound RolandTR808_rim not found! Is it loaded? background-color: black;color:white;border-radius:15px @ http://localhost:5199/node_modules/.vite/deps/@strudel_web.js?v=271342c3:10
[  805291ms] [LOG] %c[getTrigger] error: sound RolandTR909_hh not found! Is it loaded? background-color: black;color:white;border-radius:15px @ http://localhost:5199/node_modules/.vite/deps/@strudel_web.js?v=271342c3:10
[  805390ms] [LOG] %c[getTrigger] error: sound RolandTR909_oh not found! Is it loaded? background-color: black;color:white;border-radius:15px @ http://localhost:5199/node_modules/.vite/deps/@strudel_web.js?v=271342c3:10
[  805390ms] [LOG] %c[getTrigger] error: sound RolandTR909_hh not found! Is it loaded? background-color: black;color:white;border-radius:15px @ http://localhost:5199/node_modules/.vite/deps/@strudel_web.js?v=271342c3:10
[  805591ms] [LOG] %c[getTrigger] error: sound RolandTR909_bd not found! Is it loaded? background-color: black;color:white;border-radius:15px @ http://localhost:5199/node_modules/.vite/deps/@strudel_web.js?v=271342c3:10
[  805591ms] [LOG] %c[getTrigger] error: sound RolandTR909_hh not found! Is it loaded? background-color: black;color:white;border-radius:15px @ http://localhost:5199/node_modules/.vite/deps/@strudel_web.js?v=271342c3:10
[  805591ms] [LOG] %c[getTrigger] error: sound RolandTR808_rim not found! Is it loaded? background-color: black;color:white;border-radius:15px @ http://localhost:5199/node_modules/.vite/deps/@strudel_web.js?v=271342c3:10
[  805591ms] [LOG] %c[getTrigger] error: sound RolandTR909_cp not found! Is it loaded? background-color: black;color:white;border-radius:15px @ http://localhost:5199/node_modules/.vite/deps/@strudel_web.js?v=271342c3:10
[  805591ms] [LOG] %c[getTrigger] error: sound RolandTR808_sd not found! Is it loaded? background-color: black;color:white;border-radius:15px @ http://localhost:5199/node_modules/.vite/deps/@strudel_web.js?v=271342c3:10
[  805591ms] [LOG] %c[getTrigger] error: sound RolandTR909_hh not found! Is it loaded? background-color: black;color:white;border-radius:15px @ http://localhost:5199/node_modules/.vite/deps/@strudel_web.js?v=271342c3:10
[  805791ms] [LOG] %c[getTrigger] error: sound RolandTR909_oh not found! Is it loaded? background-color: black;color:white;border-radius:15px @ http://localhost:5199/node_modules/.vite/deps/@strudel_web.js?v=271342c3:10
[  805791ms] [LOG] %c[getTrigger] error: sound RolandTR909_hh not found! Is it loaded? background-color: black;color:white;border-radius:15px @ http://localhost:5199/node_modules/.vite/deps/@strudel_web.js?v=271342c3:10
[  805992ms] [LOG] %c[getTrigger] error: sound RolandTR909_bd not found! Is it loaded? background-color: black;color:white;border-radius:15px @ http://localhost:5199/node_modules/.vite/deps/@strudel_web.js?v=271342c3:10
[  805992ms] [LOG] %c[getTrigger] error: sound RolandTR909_hh not found! Is it loaded? background-color: black;color:white;border-radius:15px @ http://localhost:5199/node_modules/.vite/deps/@strudel_web.js?v=271342c3:10
[  805992ms] [LOG] %c[getTrigger] error: sound RolandTR808_rim not found! Is it loaded? background-color: black;color:white;border-radius:15px @ http://localhost:5199/node_modules/.vite/deps/@strudel_web.js?v=271342c3:10
[  805992ms] [LOG] %c[getTrigger] error: sound RolandTR909_hh not found! Is it loaded? background-color: black;color:white;border-radius:15px @ http://localhost:5199/node_modules/.vite/deps/@strudel_web.js?v=271342c3:10
[  806195ms] [LOG] %c[getTrigger] error: sound RolandTR909_oh not found! Is it loaded? background-color: black;color:white;border-radius:15px @ http://localhost:5199/node_modules/.vite/deps/@strudel_web.js?v=271342c3:10
[  806195ms] [LOG] %c[getTrigger] error: sound RolandTR909_hh not found! Is it loaded? background-color: black;color:white;border-radius:15px @ http://localhost:5199/node_modules/.vite/deps/@strudel_web.js?v=271342c3:10
[  806291ms] [LOG] %c[getTrigger] error: sound RolandTR909_bd not found! Is it loaded? background-color: black;color:white;border-radius:15px @ http://localhost:5199/node_modules/.vite/deps/@strudel_web.js?v=271342c3:10
[  806291ms] [LOG] %c[getTrigger] error: sound RolandTR909_hh not found! Is it loaded? background-color: black;color:white;border-radius:15px @ http://localhost:5199/node_modules/.vite/deps/@strudel_web.js?v=271342c3:10
[  806291ms] [LOG] %c[getTrigger] error: sound RolandTR808_rim not found! Is it loaded? background-color: black;color:white;border-radius:15px @ http://localhost:5199/node_modules/.vite/deps/@strudel_web.js?v=271342c3:10
[  806291ms] [LOG] %c[getTrigger] error: sound RolandTR909_cp not found! Is it loaded? background-color: black;color:white;border-radius:15px @ http://localhost:5199/node_modules/.vite/deps/@strudel_web.js?v=271342c3:10
[  806291ms] [LOG] %c[getTrigger] error: sound RolandTR808_sd not found! Is it loaded? background-color: black;color:white;border-radius:15px @ http://localhost:5199/node_modules/.vite/deps/@strudel_web.js?v=271342c3:10
[  806291ms] [LOG] %c[getTrigger] error: sound RolandTR909_hh not found! Is it loaded? background-color: black;color:white;border-radius:15px @ http://localhost:5199/node_modules/.vite/deps/@strudel_web.js?v=271342c3:10
[  806490ms] [LOG] %c[getTrigger] error: sound RolandTR909_oh not found! Is it loaded? background-color: black;color:white;border-radius:15px @ http://localhost:5199/node_modules/.vite/deps/@strudel_web.js?v=271342c3:10
[  806490ms] [LOG] %c[getTrigger] error: sound RolandTR909_hh not found! Is it loaded? background-color: black;color:white;border-radius:15px @ http://localhost:5199/node_modules/.vite/deps/@strudel_web.js?v=271342c3:10
[  806695ms] [LOG] %c[getTrigger] error: sound RolandTR909_bd not found! Is it loaded? background-color: black;color:white;border-radius:15px @ http://localhost:5199/node_modules/.vite/deps/@strudel_web.js?v=271342c3:10
[  806695ms] [LOG] %c[getTrigger] error: sound RolandTR909_hh not found! Is it loaded? background-color: black;color:white;border-radius:15px @ http://localhost:5199/node_modules/.vite/deps/@strudel_web.js?v=271342c3:10
[  806695ms] [LOG] %c[getTrigger] error: sound RolandTR808_rim not found! Is it loaded? background-color: black;color:white;border-radius:15px @ http://localhost:5199/node_modules/.vite/deps/@strudel_web.js?v=271342c3:10
[  806695ms] [LOG] %c[getTrigger] error: sound RolandTR909_hh not found! Is it loaded? background-color: black;color:white;border-radius:15px @ http://localhost:5199/node_modules/.vite/deps/@strudel_web.js?v=271342c3:10
[  806891ms] [LOG] %c[getTrigger] error: sound RolandTR909_oh not found! Is it loaded? background-color: black;color:white;border-radius:15px @ http://localhost:5199/node_modules/.vite/deps/@strudel_web.js?v=271342c3:10
[  806891ms] [LOG] %c[getTrigger] error: sound RolandTR909_hh not found! Is it loaded? background-color: black;color:white;border-radius:15px @ http://localhost:5199/node_modules/.vite/deps/@strudel_web.js?v=271342c3:10
[  806991ms] [LOG] %c[getTrigger] error: sound RolandTR909_bd not found! Is it loaded? background-color: black;color:white;border-radius:15px @ http://localhost:5199/node_modules/.vite/deps/@strudel_web.js?v=271342c3:10
[  806991ms] [LOG] %c[getTrigger] error: sound RolandTR909_hh not found! Is it loaded? background-color: black;color:white;border-radius:15px @ http://localhost:5199/node_modules/.vite/deps/@strudel_web.js?v=271342c3:10
[  806991ms] [LOG] %c[getTrigger] error: sound RolandTR808_rim not found! Is it loaded? background-color: black;color:white;border-radius:15px @ http://localhost:5199/node_modules/.vite/deps/@strudel_web.js?v=271342c3:10
[  806991ms] [LOG] %c[getTrigger] error: sound RolandTR909_cp not found! Is it loaded? background-color: black;color:white;border-radius:15px @ http://localhost:5199/node_modules/.vite/deps/@strudel_web.js?v=271342c3:10
[  806991ms] [LOG] %c[getTrigger] error: sound RolandTR909_hh not found! Is it loaded? background-color: black;color:white;border-radius:15px @ http://localhost:5199/node_modules/.vite/deps/@strudel_web.js?v=271342c3:10
[  807090ms] [LOG] %c[getTrigger] error: sound RolandTR808_sd not found! Is it loaded? background-color: black;color:white;border-radius:15px @ http://localhost:5199/node_modules/.vite/deps/@strudel_web.js?v=271342c3:10
[  807090ms] [LOG] %c[getTrigger] error: sound RolandTR909_hh not found! Is it loaded? background-color: black;color:white;border-radius:15px @ http://localhost:5199/node_modules/.vite/deps/@strudel_web.js?v=271342c3:10
[  807191ms] [LOG] %c[getTrigger] error: sound RolandTR909_oh not found! Is it loaded? background-color: black;color:white;border-radius:15px @ http://localhost:5199/node_modules/.vite/deps/@strudel_web.js?v=271342c3:10
[  807191ms] [LOG] %c[getTrigger] error: sound RolandTR909_hh not found! Is it loaded? background-color: black;color:white;border-radius:15px @ http://localhost:5199/node_modules/.vite/deps/@strudel_web.js?v=271342c3:10
[  807392ms] [LOG] %c[getTrigger] error: sound RolandTR909_bd not found! Is it loaded? background-color: black;color:white;border-radius:15px @ http://localhost:5199/node_modules/.vite/deps/@strudel_web.js?v=271342c3:10
[  807392ms] [LOG] %c[getTrigger] error: sound RolandTR909_hh not found! Is it loaded? background-color: black;color:white;border-radius:15px @ http://localhost:5199/node_modules/.vite/deps/@strudel_web.js?v=271342c3:10
[  807392ms] [LOG] %c[getTrigger] error: sound RolandTR808_rim not found! Is it loaded? background-color: black;color:white;border-radius:15px @ http://localhost:5199/node_modules/.vite/deps/@strudel_web.js?v=271342c3:10
[  807392ms] [LOG] %c[getTrigger] error: sound RolandTR909_hh not found! Is it loaded? background-color: black;color:white;border-radius:15px @ http://localhost:5199/node_modules/.vite/deps/@strudel_web.js?v=271342c3:10
[  807590ms] [LOG] %c[getTrigger] error: sound RolandTR909_oh not found! Is it loaded? background-color: black;color:white;border-radius:15px @ http://localhost:5199/node_modules/.vite/deps/@strudel_web.js?v=271342c3:10
[  807590ms] [LOG] %c[getTrigger] error: sound RolandTR909_hh not found! Is it loaded? background-color: black;color:white;border-radius:15px @ http://localhost:5199/node_modules/.vite/deps/@strudel_web.js?v=271342c3:10
[  807690ms] [LOG] %c[getTrigger] error: sound RolandTR909_bd not found! Is it loaded? background-color: black;color:white;border-radius:15px @ http://localhost:5199/node_modules/.vite/deps/@strudel_web.js?v=271342c3:10
[  807690ms] [LOG] %c[getTrigger] error: sound RolandTR909_hh not found! Is it loaded? background-color: black;color:white;border-radius:15px @ http://localhost:5199/node_modules/.vite/deps/@strudel_web.js?v=271342c3:10
[  807690ms] [LOG] %c[getTrigger] error: sound RolandTR808_rim not found! Is it loaded? background-color: black;color:white;border-radius:15px @ http://localhost:5199/node_modules/.vite/deps/@strudel_web.js?v=271342c3:10
[  807691ms] [LOG] %c[getTrigger] error: sound RolandTR909_cp not found! Is it loaded? background-color: black;color:white;border-radius:15px @ http://localhost:5199/node_modules/.vite/deps/@strudel_web.js?v=271342c3:10
[  807691ms] [LOG] %c[getTrigger] error: sound RolandTR909_hh not found! Is it loaded? background-color: black;color:white;border-radius:15px @ http://localhost:5199/node_modules/.vite/deps/@strudel_web.js?v=271342c3:10
[  807795ms] [LOG] %c[getTrigger] error: sound RolandTR808_sd not found! Is it loaded? background-color: black;color:white;border-radius:15px @ http://localhost:5199/node_modules/.vite/deps/@strudel_web.js?v=271342c3:10
[  807795ms] [LOG] %c[getTrigger] error: sound RolandTR909_hh not found! Is it loaded? background-color: black;color:white;border-radius:15px @ http://localhost:5199/node_modules/.vite/deps/@strudel_web.js?v=271342c3:10
[  807891ms] [LOG] %c[getTrigger] error: sound RolandTR909_oh not found! Is it loaded? background-color: black;color:white;border-radius:15px @ http://localhost:5199/node_modules/.vite/deps/@strudel_web.js?v=271342c3:10
[  807891ms] [LOG] %c[getTrigger] error: sound RolandTR909_hh not found! Is it loaded? background-color: black;color:white;border-radius:15px @ http://localhost:5199/node_modules/.vite/deps/@strudel_web.js?v=271342c3:10
[  808091ms] [LOG] %c[getTrigger] error: sound RolandTR909_bd not found! Is it loaded? background-color: black;color:white;border-radius:15px @ http://localhost:5199/node_modules/.vite/deps/@strudel_web.js?v=271342c3:10
[  808091ms] [LOG] %c[getTrigger] error: sound RolandTR909_hh not found! Is it loaded? background-color: black;color:white;border-radius:15px @ http://localhost:5199/node_modules/.vite/deps/@strudel_web.js?v=271342c3:10
[  808091ms] [LOG] %c[getTrigger] error: sound RolandTR808_rim not found! Is it loaded? background-color: black;color:white;border-radius:15px @ http://localhost:5199/node_modules/.vite/deps/@strudel_web.js?v=271342c3:10
[  808091ms] [LOG] %c[getTrigger] error: sound RolandTR909_hh not found! Is it loaded? background-color: black;color:white;border-radius:15px @ http://localhost:5199/node_modules/.vite/deps/@strudel_web.js?v=271342c3:10
[  808296ms] [LOG] %c[getTrigger] error: sound RolandTR909_oh not found! Is it loaded? background-color: black;color:white;border-radius:15px @ http://localhost:5199/node_modules/.vite/deps/@strudel_web.js?v=271342c3:10
[  808296ms] [LOG] %c[getTrigger] error: sound RolandTR909_hh not found! Is it loaded? background-color: black;color:white;border-radius:15px @ http://localhost:5199/node_modules/.vite/deps/@strudel_web.js?v=271342c3:10
[  808390ms] [LOG] %c[getTrigger] error: sound RolandTR909_bd not found! Is it loaded? background-color: black;color:white;border-radius:15px @ http://localhost:5199/node_modules/.vite/deps/@strudel_web.js?v=271342c3:10
[  808391ms] [LOG] %c[getTrigger] error: sound RolandTR909_hh not found! Is it loaded? background-color: black;color:white;border-radius:15px @ http://localhost:5199/node_modules/.vite/deps/@strudel_web.js?v=271342c3:10
[  808391ms] [LOG] %c[getTrigger] error: sound RolandTR808_rim not found! Is it loaded? background-color: black;color:white;border-radius:15px @ http://localhost:5199/node_modules/.vite/deps/@strudel_web.js?v=271342c3:10
[  808391ms] [LOG] %c[getTrigger] error: sound RolandTR909_cp not found! Is it loaded? background-color: black;color:white;border-radius:15px @ http://localhost:5199/node_modules/.vite/deps/@strudel_web.js?v=271342c3:10
[  808391ms] [LOG] %c[getTrigger] error: sound RolandTR909_hh not found! Is it loaded? background-color: black;color:white;border-radius:15px @ http://localhost:5199/node_modules/.vite/deps/@strudel_web.js?v=271342c3:10
[  808490ms] [LOG] %c[getTrigger] error: sound RolandTR808_sd not found! Is it loaded? background-color: black;color:white;border-radius:15px @ http://localhost:5199/node_modules/.vite/deps/@strudel_web.js?v=271342c3:10
[  808490ms] [LOG] %c[getTrigger] error: sound RolandTR909_hh not found! Is it loaded? background-color: black;color:white;border-radius:15px @ http://localhost:5199/node_modules/.vite/deps/@strudel_web.js?v=271342c3:10
[  808590ms] [LOG] %c[getTrigger] error: sound RolandTR909_oh not found! Is it loaded? background-color: black;color:white;border-radius:15px @ http://localhost:5199/node_modules/.vite/deps/@strudel_web.js?v=271342c3:10
[  808591ms] [LOG] %c[getTrigger] error: sound RolandTR909_hh not found! Is it loaded? background-color: black;color:white;border-radius:15px @ http://localhost:5199/node_modules/.vite/deps/@strudel_web.js?v=271342c3:10
[  808795ms] [LOG] %c[getTrigger] error: sound RolandTR909_bd not found! Is it loaded? background-color: black;color:white;border-radius:15px @ http://localhost:5199/node_modules/.vite/deps/@strudel_web.js?v=271342c3:10
[  808795ms] [LOG] %c[getTrigger] error: sound RolandTR909_hh not found! Is it loaded? background-color: black;color:white;border-radius:15px @ http://localhost:5199/node_modules/.vite/deps/@strudel_web.js?v=271342c3:10
[  808795ms] [LOG] %c[getTrigger] error: sound RolandTR808_rim not found! Is it loaded? background-color: black;color:white;border-radius:15px @ http://localhost:5199/node_modules/.vite/deps/@strudel_web.js?v=271342c3:10
[  808796ms] [LOG] %c[getTrigger] error: sound RolandTR909_hh not found! Is it loaded? background-color: black;color:white;border-radius:15px @ http://localhost:5199/node_modules/.vite/deps/@strudel_web.js?v=271342c3:10
[  808990ms] [LOG] %c[getTrigger] error: sound RolandTR909_oh not found! Is it loaded? background-color: black;color:white;border-radius:15px @ http://localhost:5199/node_modules/.vite/deps/@strudel_web.js?v=271342c3:10
[  808991ms] [LOG] %c[getTrigger] error: sound RolandTR909_hh not found! Is it loaded? background-color: black;color:white;border-radius:15px @ http://localhost:5199/node_modules/.vite/deps/@strudel_web.js?v=271342c3:10
[  809029ms] [LOG] %c[eval] code updated background-color: black;color:white;border-radius:15px @ http://localhost:5199/node_modules/.vite/deps/@strudel_web.js?v=271342c3:10
[  809091ms] [LOG] %c[getTrigger] error: sound RolandTR909_hh not found! Is it loaded? background-color: black;color:white;border-radius:15px @ http://localhost:5199/node_modules/.vite/deps/@strudel_web.js?v=271342c3:10
[  809191ms] [LOG] %c[getTrigger] error: sound RolandTR909_bd not found! Is it loaded? background-color: black;color:white;border-radius:15px @ http://localhost:5199/node_modules/.vite/deps/@strudel_web.js?v=271342c3:10
[  809191ms] [LOG] %c[getTrigger] error: sound RolandTR909_hh not found! Is it loaded? background-color: black;color:white;border-radius:15px @ http://localhost:5199/node_modules/.vite/deps/@strudel_web.js?v=271342c3:10
[  809191ms] [LOG] %c[getTrigger] error: sound RolandTR808_rim not found! Is it loaded? background-color: black;color:white;border-radius:15px @ http://localhost:5199/node_modules/.vite/deps/@strudel_web.js?v=271342c3:10
[  809191ms] [LOG] %c[getTrigger] error: sound RolandTR909_cp not found! Is it loaded? background-color: black;color:white;border-radius:15px @ http://localhost:5199/node_modules/.vite/deps/@strudel_web.js?v=271342c3:10
[  809191ms] [LOG] %c[getTrigger] error: sound RolandTR808_sd not found! Is it loaded? background-color: black;color:white;border-radius:15px @ http://localhost:5199/node_modules/.vite/deps/@strudel_web.js?v=271342c3:10
[  809191ms] [LOG] %c[getTrigger] error: sound RolandTR909_hh not found! Is it loaded? background-color: black;color:white;border-radius:15px @ http://localhost:5199/node_modules/.vite/deps/@strudel_web.js?v=271342c3:10
[  809296ms] [LOG] %c[getTrigger] error: sound RolandTR909_oh not found! Is it loaded? background-color: black;color:white;border-radius:15px @ http://localhost:5199/node_modules/.vite/deps/@strudel_web.js?v=271342c3:10
[  809296ms] [LOG] %c[getTrigger] error: sound RolandTR909_hh not found! Is it loaded? background-color: black;color:white;border-radius:15px @ http://localhost:5199/node_modules/.vite/deps/@strudel_web.js?v=271342c3:10
[  809491ms] [LOG] %c[getTrigger] error: sound RolandTR909_bd not found! Is it loaded? background-color: black;color:white;border-radius:15px @ http://localhost:5199/node_modules/.vite/deps/@strudel_web.js?v=271342c3:10
[  809491ms] [LOG] %c[getTrigger] error: sound RolandTR909_hh not found! Is it loaded? background-color: black;color:white;border-radius:15px @ http://localhost:5199/node_modules/.vite/deps/@strudel_web.js?v=271342c3:10
[  809491ms] [LOG] %c[getTrigger] error: sound RolandTR808_rim not found! Is it loaded? background-color: black;color:white;border-radius:15px @ http://localhost:5199/node_modules/.vite/deps/@strudel_web.js?v=271342c3:10
[  809491ms] [LOG] %c[getTrigger] error: sound RolandTR909_hh not found! Is it loaded? background-color: black;color:white;border-radius:15px @ http://localhost:5199/node_modules/.vite/deps/@strudel_web.js?v=271342c3:10
[  809690ms] [LOG] %c[getTrigger] error: sound RolandTR909_oh not found! Is it loaded? background-color: black;color:white;border-radius:15px @ http://localhost:5199/node_modules/.vite/deps/@strudel_web.js?v=271342c3:10
[  809690ms] [LOG] %c[getTrigger] error: sound RolandTR909_hh not found! Is it loaded? background-color: black;color:white;border-radius:15px @ http://localhost:5199/node_modules/.vite/deps/@strudel_web.js?v=271342c3:10
[  809891ms] [LOG] %c[getTrigger] error: sound RolandTR909_bd not found! Is it loaded? background-color: black;color:white;border-radius:15px @ http://localhost:5199/node_modules/.vite/deps/@strudel_web.js?v=271342c3:10
[  809891ms] [LOG] %c[getTrigger] error: sound RolandTR909_hh not found! Is it loaded? background-color: black;color:white;border-radius:15px @ http://localhost:5199/node_modules/.vite/deps/@strudel_web.js?v=271342c3:10
[  809891ms] [LOG] %c[getTrigger] error: sound RolandTR808_rim not found! Is it loaded? background-color: black;color:white;border-radius:15px @ http://localhost:5199/node_modules/.vite/deps/@strudel_web.js?v=271342c3:10
[  809891ms] [LOG] %c[getTrigger] error: sound RolandTR909_cp not found! Is it loaded? background-color: black;color:white;border-radius:15px @ http://localhost:5199/node_modules/.vite/deps/@strudel_web.js?v=271342c3:10
[  809891ms] [LOG] %c[getTrigger] error: sound RolandTR808_sd not found! Is it loaded? background-color: black;color:white;border-radius:15px @ http://localhost:5199/node_modules/.vite/deps/@strudel_web.js?v=271342c3:10
[  809891ms] [LOG] %c[getTrigger] error: sound RolandTR909_hh not found! Is it loaded? background-color: black;color:white;border-radius:15px @ http://localhost:5199/node_modules/.vite/deps/@strudel_web.js?v=271342c3:10
[  809991ms] [LOG] %c[getTrigger] error: sound RolandTR909_oh not found! Is it loaded? background-color: black;color:white;border-radius:15px @ http://localhost:5199/node_modules/.vite/deps/@strudel_web.js?v=271342c3:10
[  809991ms] [LOG] %c[getTrigger] error: sound RolandTR909_hh not found! Is it loaded? background-color: black;color:white;border-radius:15px @ http://localhost:5199/node_modules/.vite/deps/@strudel_web.js?v=271342c3:10
[  810192ms] [LOG] %c[getTrigger] error: sound RolandTR909_bd not found! Is it loaded? background-color: black;color:white;border-radius:15px @ http://localhost:5199/node_modules/.vite/deps/@strudel_web.js?v=271342c3:10
[  810192ms] [LOG] %c[getTrigger] error: sound RolandTR909_hh not found! Is it loaded? background-color: black;color:white;border-radius:15px @ http://localhost:5199/node_modules/.vite/deps/@strudel_web.js?v=271342c3:10
[  810192ms] [LOG] %c[getTrigger] error: sound RolandTR808_rim not found! Is it loaded? background-color: black;color:white;border-radius:15px @ http://localhost:5199/node_modules/.vite/deps/@strudel_web.js?v=271342c3:10
[  810192ms] [LOG] %c[getTrigger] error: sound RolandTR909_hh not found! Is it loaded? background-color: black;color:white;border-radius:15px @ http://localhost:5199/node_modules/.vite/deps/@strudel_web.js?v=271342c3:10
[  810396ms] [LOG] %c[getTrigger] error: sound RolandTR909_oh not found! Is it loaded? background-color: black;color:white;border-radius:15px @ http://localhost:5199/node_modules/.vite/deps/@strudel_web.js?v=271342c3:10
[  810396ms] [LOG] %c[getTrigger] error: sound RolandTR909_hh not found! Is it loaded? background-color: black;color:white;border-radius:15px @ http://localhost:5199/node_modules/.vite/deps/@strudel_web.js?v=271342c3:10
[  810591ms] [LOG] %c[getTrigger] error: sound RolandTR909_bd not found! Is it loaded? background-color: black;color:white;border-radius:15px @ http://localhost:5199/node_modules/.vite/deps/@strudel_web.js?v=271342c3:10
[  810591ms] [LOG] %c[getTrigger] error: sound RolandTR909_hh not found! Is it loaded? background-color: black;color:white;border-radius:15px @ http://localhost:5199/node_modules/.vite/deps/@strudel_web.js?v=271342c3:10
[  810591ms] [LOG] %c[getTrigger] error: sound RolandTR808_rim not found! Is it loaded? background-color: black;color:white;border-radius:15px @ http://localhost:5199/node_modules/.vite/deps/@strudel_web.js?v=271342c3:10
[  810591ms] [LOG] %c[getTrigger] error: sound RolandTR909_cp not found! Is it loaded? background-color: black;color:white;border-radius:15px @ http://localhost:5199/node_modules/.vite/deps/@strudel_web.js?v=271342c3:10
[  810591ms] [LOG] %c[getTrigger] error: sound RolandTR808_sd not found! Is it loaded? background-color: black;color:white;border-radius:15px @ http://localhost:5199/node_modules/.vite/deps/@strudel_web.js?v=271342c3:10
[  810591ms] [LOG] %c[getTrigger] error: sound RolandTR909_hh not found! Is it loaded? background-color: black;color:white;border-radius:15px @ http://localhost:5199/node_modules/.vite/deps/@strudel_web.js?v=271342c3:10
[  810691ms] [LOG] %c[getTrigger] error: sound RolandTR909_oh not found! Is it loaded? background-color: black;color:white;border-radius:15px @ http://localhost:5199/node_modules/.vite/deps/@strudel_web.js?v=271342c3:10
[  810691ms] [LOG] %c[getTrigger] error: sound RolandTR909_hh not found! Is it loaded? background-color: black;color:white;border-radius:15px @ http://localhost:5199/node_modules/.vite/deps/@strudel_web.js?v=271342c3:10
[  810895ms] [LOG] %c[getTrigger] error: sound RolandTR909_bd not found! Is it loaded? background-color: black;color:white;border-radius:15px @ http://localhost:5199/node_modules/.vite/deps/@strudel_web.js?v=271342c3:10
[  810895ms] [LOG] %c[getTrigger] error: sound RolandTR909_hh not found! Is it loaded? background-color: black;color:white;border-radius:15px @ http://localhost:5199/node_modules/.vite/deps/@strudel_web.js?v=271342c3:10
[  810895ms] [LOG] %c[getTrigger] error: sound RolandTR808_rim not found! Is it loaded? background-color: black;color:white;border-radius:15px @ http://localhost:5199/node_modules/.vite/deps/@strudel_web.js?v=271342c3:10
[  810895ms] [LOG] %c[getTrigger] error: sound RolandTR909_hh not found! Is it loaded? background-color: black;color:white;border-radius:15px @ http://localhost:5199/node_modules/.vite/deps/@strudel_web.js?v=271342c3:10
[  811091ms] [LOG] %c[getTrigger] error: sound RolandTR909_oh not found! Is it loaded? background-color: black;color:white;border-radius:15px @ http://localhost:5199/node_modules/.vite/deps/@strudel_web.js?v=271342c3:10
[  811092ms] [LOG] %c[getTrigger] error: sound RolandTR909_hh not found! Is it loaded? background-color: black;color:white;border-radius:15px @ http://localhost:5199/node_modules/.vite/deps/@strudel_web.js?v=271342c3:10
[  811291ms] [LOG] %c[getTrigger] error: sound RolandTR909_bd not found! Is it loaded? background-color: black;color:white;border-radius:15px @ http://localhost:5199/node_modules/.vite/deps/@strudel_web.js?v=271342c3:10
[  811291ms] [LOG] %c[getTrigger] error: sound RolandTR909_hh not found! Is it loaded? background-color: black;color:white;border-radius:15px @ http://localhost:5199/node_modules/.vite/deps/@strudel_web.js?v=271342c3:10
[  811291ms] [LOG] %c[getTrigger] error: sound RolandTR808_rim not found! Is it loaded? background-color: black;color:white;border-radius:15px @ http://localhost:5199/node_modules/.vite/deps/@strudel_web.js?v=271342c3:10
[  811291ms] [LOG] %c[getTrigger] error: sound RolandTR909_cp not found! Is it loaded? background-color: black;color:white;border-radius:15px @ http://localhost:5199/node_modules/.vite/deps/@strudel_web.js?v=271342c3:10
[  811291ms] [LOG] %c[getTrigger] error: sound RolandTR808_sd not found! Is it loaded? background-color: black;color:white;border-radius:15px @ http://localhost:5199/node_modules/.vite/deps/@strudel_web.js?v=271342c3:10
[  811291ms] [LOG] %c[getTrigger] error: sound RolandTR909_hh not found! Is it loaded? background-color: black;color:white;border-radius:15px @ http://localhost:5199/node_modules/.vite/deps/@strudel_web.js?v=271342c3:10
[  811397ms] [LOG] %c[getTrigger] error: sound RolandTR909_oh not found! Is it loaded? background-color: black;color:white;border-radius:15px @ http://localhost:5199/node_modules/.vite/deps/@strudel_web.js?v=271342c3:10
[  811397ms] [LOG] %c[getTrigger] error: sound RolandTR909_hh not found! Is it loaded? background-color: black;color:white;border-radius:15px @ http://localhost:5199/node_modules/.vite/deps/@strudel_web.js?v=271342c3:10
[  811591ms] [LOG] %c[getTrigger] error: sound RolandTR909_bd not found! Is it loaded? background-color: black;color:white;border-radius:15px @ http://localhost:5199/node_modules/.vite/deps/@strudel_web.js?v=271342c3:10
[  811591ms] [LOG] %c[getTrigger] error: sound RolandTR909_hh not found! Is it loaded? background-color: black;color:white;border-radius:15px @ http://localhost:5199/node_modules/.vite/deps/@strudel_web.js?v=271342c3:10
[  811591ms] [LOG] %c[getTrigger] error: sound RolandTR808_rim not found! Is it loaded? background-color: black;color:white;border-radius:15px @ http://localhost:5199/node_modules/.vite/deps/@strudel_web.js?v=271342c3:10
[  811591ms] [LOG] %c[getTrigger] error: sound RolandTR909_hh not found! Is it loaded? background-color: black;color:white;border-radius:15px @ http://localhost:5199/node_modules/.vite/deps/@strudel_web.js?v=271342c3:10
[  811790ms] [LOG] %c[getTrigger] error: sound RolandTR909_oh not found! Is it loaded? background-color: black;color:white;border-radius:15px @ http://localhost:5199/node_modules/.vite/deps/@strudel_web.js?v=271342c3:10
[  811791ms] [LOG] %c[getTrigger] error: sound RolandTR909_hh not found! Is it loaded? background-color: black;color:white;border-radius:15px @ http://localhost:5199/node_modules/.vite/deps/@strudel_web.js?v=271342c3:10
[  811991ms] [LOG] %c[getTrigger] error: sound RolandTR909_bd not found! Is it loaded? background-color: black;color:white;border-radius:15px @ http://localhost:5199/node_modules/.vite/deps/@strudel_web.js?v=271342c3:10
[  811991ms] [LOG] %c[getTrigger] error: sound RolandTR909_hh not found! Is it loaded? background-color: black;color:white;border-radius:15px @ http://localhost:5199/node_modules/.vite/deps/@strudel_web.js?v=271342c3:10
[  811991ms] [LOG] %c[getTrigger] error: sound RolandTR808_rim not found! Is it loaded? background-color: black;color:white;border-radius:15px @ http://localhost:5199/node_modules/.vite/deps/@strudel_web.js?v=271342c3:10
[  811991ms] [LOG] %c[getTrigger] error: sound RolandTR909_cp not found! Is it loaded? background-color: black;color:white;border-radius:15px @ http://localhost:5199/node_modules/.vite/deps/@strudel_web.js?v=271342c3:10
[  811991ms] [LOG] %c[getTrigger] error: sound RolandTR808_sd not found! Is it loaded? background-color: black;color:white;border-radius:15px @ http://localhost:5199/node_modules/.vite/deps/@strudel_web.js?v=271342c3:10
[  811991ms] [LOG] %c[getTrigger] error: sound RolandTR909_hh not found! Is it loaded? background-color: black;color:white;border-radius:15px @ http://localhost:5199/node_modules/.vite/deps/@strudel_web.js?v=271342c3:10
[  812190ms] [LOG] %c[getTrigger] error: sound RolandTR909_oh not found! Is it loaded? background-color: black;color:white;border-radius:15px @ http://localhost:5199/node_modules/.vite/deps/@strudel_web.js?v=271342c3:10
[  812190ms] [LOG] %c[getTrigger] error: sound RolandTR909_hh not found! Is it loaded? background-color: black;color:white;border-radius:15px @ http://localhost:5199/node_modules/.vite/deps/@strudel_web.js?v=271342c3:10
[  812292ms] [LOG] %c[getTrigger] error: sound RolandTR909_bd not found! Is it loaded? background-color: black;color:white;border-radius:15px @ http://localhost:5199/node_modules/.vite/deps/@strudel_web.js?v=271342c3:10
[  812292ms] [LOG] %c[getTrigger] error: sound RolandTR909_hh not found! Is it loaded? background-color: black;color:white;border-radius:15px @ http://localhost:5199/node_modules/.vite/deps/@strudel_web.js?v=271342c3:10
[  812292ms] [LOG] %c[getTrigger] error: sound RolandTR808_rim not found! Is it loaded? background-color: black;color:white;border-radius:15px @ http://localhost:5199/node_modules/.vite/deps/@strudel_web.js?v=271342c3:10
[  812293ms] [LOG] %c[getTrigger] error: sound RolandTR909_hh not found! Is it loaded? background-color: black;color:white;border-radius:15px @ http://localhost:5199/node_modules/.vite/deps/@strudel_web.js?v=271342c3:10
[  812491ms] [LOG] %c[getTrigger] error: sound RolandTR909_oh not found! Is it loaded? background-color: black;color:white;border-radius:15px @ http://localhost:5199/node_modules/.vite/deps/@strudel_web.js?v=271342c3:10
[  812491ms] [LOG] %c[getTrigger] error: sound RolandTR909_hh not found! Is it loaded? background-color: black;color:white;border-radius:15px @ http://localhost:5199/node_modules/.vite/deps/@strudel_web.js?v=271342c3:10
[  812690ms] [LOG] %c[getTrigger] error: sound RolandTR909_bd not found! Is it loaded? background-color: black;color:white;border-radius:15px @ http://localhost:5199/node_modules/.vite/deps/@strudel_web.js?v=271342c3:10
[  812690ms] [LOG] %c[getTrigger] error: sound RolandTR909_hh not found! Is it loaded? background-color: black;color:white;border-radius:15px @ http://localhost:5199/node_modules/.vite/deps/@strudel_web.js?v=271342c3:10
[  812690ms] [LOG] %c[getTrigger] error: sound RolandTR808_rim not found! Is it loaded? background-color: black;color:white;border-radius:15px @ http://localhost:5199/node_modules/.vite/deps/@strudel_web.js?v=271342c3:10
[  812690ms] [LOG] %c[getTrigger] error: sound RolandTR909_cp not found! Is it loaded? background-color: black;color:white;border-radius:15px @ http://localhost:5199/node_modules/.vite/deps/@strudel_web.js?v=271342c3:10
[  812690ms] [LOG] %c[getTrigger] error: sound RolandTR808_sd not found! Is it loaded? background-color: black;color:white;border-radius:15px @ http://localhost:5199/node_modules/.vite/deps/@strudel_web.js?v=271342c3:10
[  812691ms] [LOG] %c[getTrigger] error: sound RolandTR909_hh not found! Is it loaded? background-color: black;color:white;border-radius:15px @ http://localhost:5199/node_modules/.vite/deps/@strudel_web.js?v=271342c3:10
[  812890ms] [LOG] %c[getTrigger] error: sound RolandTR909_oh not found! Is it loaded? background-color: black;color:white;border-radius:15px @ http://localhost:5199/node_modules/.vite/deps/@strudel_web.js?v=271342c3:10
[  812890ms] [LOG] %c[getTrigger] error: sound RolandTR909_hh not found! Is it loaded? background-color: black;color:white;border-radius:15px @ http://localhost:5199/node_modules/.vite/deps/@strudel_web.js?v=271342c3:10
[  812991ms] [LOG] %c[getTrigger] error: sound RolandTR909_bd not found! Is it loaded? background-color: black;color:white;border-radius:15px @ http://localhost:5199/node_modules/.vite/deps/@strudel_web.js?v=271342c3:10
[  812992ms] [LOG] %c[getTrigger] error: sound RolandTR909_hh not found! Is it loaded? background-color: black;color:white;border-radius:15px @ http://localhost:5199/node_modules/.vite/deps/@strudel_web.js?v=271342c3:10
[  812992ms] [LOG] %c[getTrigger] error: sound RolandTR808_rim not found! Is it loaded? background-color: black;color:white;border-radius:15px @ http://localhost:5199/node_modules/.vite/deps/@strudel_web.js?v=271342c3:10
[  812992ms] [LOG] %c[getTrigger] error: sound RolandTR909_hh not found! Is it loaded? background-color: black;color:white;border-radius:15px @ http://localhost:5199/node_modules/.vite/deps/@strudel_web.js?v=271342c3:10
[  813191ms] [LOG] %c[getTrigger] error: sound RolandTR909_oh not found! Is it loaded? background-color: black;color:white;border-radius:15px @ http://localhost:5199/node_modules/.vite/deps/@strudel_web.js?v=271342c3:10
[  813191ms] [LOG] %c[getTrigger] error: sound RolandTR909_hh not found! Is it loaded? background-color: black;color:white;border-radius:15px @ http://localhost:5199/node_modules/.vite/deps/@strudel_web.js?v=271342c3:10
[  813390ms] [LOG] %c[getTrigger] error: sound RolandTR909_bd not found! Is it loaded? background-color: black;color:white;border-radius:15px @ http://localhost:5199/node_modules/.vite/deps/@strudel_web.js?v=271342c3:10
[  813390ms] [LOG] %c[getTrigger] error: sound RolandTR909_hh not found! Is it loaded? background-color: black;color:white;border-radius:15px @ http://localhost:5199/node_modules/.vite/deps/@strudel_web.js?v=271342c3:10
[  813390ms] [LOG] %c[getTrigger] error: sound RolandTR808_rim not found! Is it loaded? background-color: black;color:white;border-radius:15px @ http://localhost:5199/node_modules/.vite/deps/@strudel_web.js?v=271342c3:10
[  813390ms] [LOG] %c[getTrigger] error: sound RolandTR909_cp not found! Is it loaded? background-color: black;color:white;border-radius:15px @ http://localhost:5199/node_modules/.vite/deps/@strudel_web.js?v=271342c3:10
[  813390ms] [LOG] %c[getTrigger] error: sound RolandTR909_hh not found! Is it loaded? background-color: black;color:white;border-radius:15px @ http://localhost:5199/node_modules/.vite/deps/@strudel_web.js?v=271342c3:10
[  813390ms] [LOG] %c[getTrigger] error: sound RolandTR808_sd not found! Is it loaded? background-color: black;color:white;border-radius:15px @ http://localhost:5199/node_modules/.vite/deps/@strudel_web.js?v=271342c3:10
[  813490ms] [LOG] %c[getTrigger] error: sound RolandTR909_hh not found! Is it loaded? background-color: black;color:white;border-radius:15px @ http://localhost:5199/node_modules/.vite/deps/@strudel_web.js?v=271342c3:10
[  813591ms] [LOG] %c[getTrigger] error: sound RolandTR909_oh not found! Is it loaded? background-color: black;color:white;border-radius:15px @ http://localhost:5199/node_modules/.vite/deps/@strudel_web.js?v=271342c3:10
[  813591ms] [LOG] %c[getTrigger] error: sound RolandTR909_hh not found! Is it loaded? background-color: black;color:white;border-radius:15px @ http://localhost:5199/node_modules/.vite/deps/@strudel_web.js?v=271342c3:10
[  813691ms] [LOG] %c[getTrigger] error: sound RolandTR909_bd not found! Is it loaded? background-color: black;color:white;border-radius:15px @ http://localhost:5199/node_modules/.vite/deps/@strudel_web.js?v=271342c3:10
[  813692ms] [LOG] %c[getTrigger] error: sound RolandTR909_hh not found! Is it loaded? background-color: black;color:white;border-radius:15px @ http://localhost:5199/node_modules/.vite/deps/@strudel_web.js?v=271342c3:10
[  813692ms] [LOG] %c[getTrigger] error: sound RolandTR808_rim not found! Is it loaded? background-color: black;color:white;border-radius:15px @ http://localhost:5199/node_modules/.vite/deps/@strudel_web.js?v=271342c3:10
[  813692ms] [LOG] %c[getTrigger] error: sound RolandTR909_hh not found! Is it loaded? background-color: black;color:white;border-radius:15px @ http://localhost:5199/node_modules/.vite/deps/@strudel_web.js?v=271342c3:10
[  813891ms] [LOG] %c[getTrigger] error: sound RolandTR909_oh not found! Is it loaded? background-color: black;color:white;border-radius:15px @ http://localhost:5199/node_modules/.vite/deps/@strudel_web.js?v=271342c3:10
[  813891ms] [LOG] %c[getTrigger] error: sound RolandTR909_hh not found! Is it loaded? background-color: black;color:white;border-radius:15px @ http://localhost:5199/node_modules/.vite/deps/@strudel_web.js?v=271342c3:10
[  814090ms] [LOG] %c[getTrigger] error: sound RolandTR909_bd not found! Is it loaded? background-color: black;color:white;border-radius:15px @ http://localhost:5199/node_modules/.vite/deps/@strudel_web.js?v=271342c3:10
[  814090ms] [LOG] %c[getTrigger] error: sound RolandTR909_hh not found! Is it loaded? background-color: black;color:white;border-radius:15px @ http://localhost:5199/node_modules/.vite/deps/@strudel_web.js?v=271342c3:10
[  814090ms] [LOG] %c[getTrigger] error: sound RolandTR808_rim not found! Is it loaded? background-color: black;color:white;border-radius:15px @ http://localhost:5199/node_modules/.vite/deps/@strudel_web.js?v=271342c3:10
[  814090ms] [LOG] %c[getTrigger] error: sound RolandTR909_cp not found! Is it loaded? background-color: black;color:white;border-radius:15px @ http://localhost:5199/node_modules/.vite/deps/@strudel_web.js?v=271342c3:10
[  814090ms] [LOG] %c[getTrigger] error: sound RolandTR909_hh not found! Is it loaded? background-color: black;color:white;border-radius:15px @ http://localhost:5199/node_modules/.vite/deps/@strudel_web.js?v=271342c3:10
[  814090ms] [LOG] %c[getTrigger] error: sound RolandTR808_sd not found! Is it loaded? background-color: black;color:white;border-radius:15px @ http://localhost:5199/node_modules/.vite/deps/@strudel_web.js?v=271342c3:10
[  814191ms] [LOG] %c[getTrigger] error: sound RolandTR909_hh not found! Is it loaded? background-color: black;color:white;border-radius:15px @ http://localhost:5199/node_modules/.vite/deps/@strudel_web.js?v=271342c3:10
[  814291ms] [LOG] %c[getTrigger] error: sound RolandTR909_oh not found! Is it loaded? background-color: black;color:white;border-radius:15px @ http://localhost:5199/node_modules/.vite/deps/@strudel_web.js?v=271342c3:10
[  814291ms] [LOG] %c[getTrigger] error: sound RolandTR909_hh not found! Is it loaded? background-color: black;color:white;border-radius:15px @ http://localhost:5199/node_modules/.vite/deps/@strudel_web.js?v=271342c3:10
[  814392ms] [LOG] %c[getTrigger] error: sound RolandTR909_bd not found! Is it loaded? background-color: black;color:white;border-radius:15px @ http://localhost:5199/node_modules/.vite/deps/@strudel_web.js?v=271342c3:10
[  814392ms] [LOG] %c[getTrigger] error: sound RolandTR909_hh not found! Is it loaded? background-color: black;color:white;border-radius:15px @ http://localhost:5199/node_modules/.vite/deps/@strudel_web.js?v=271342c3:10
[  814392ms] [LOG] %c[getTrigger] error: sound RolandTR808_rim not found! Is it loaded? background-color: black;color:white;border-radius:15px @ http://localhost:5199/node_modules/.vite/deps/@strudel_web.js?v=271342c3:10
[  814392ms] [LOG] %c[getTrigger] error: sound RolandTR909_hh not found! Is it loaded? background-color: black;color:white;border-radius:15px @ http://localhost:5199/node_modules/.vite/deps/@strudel_web.js?v=271342c3:10
[  814591ms] [LOG] %c[getTrigger] error: sound RolandTR909_oh not found! Is it loaded? background-color: black;color:white;border-radius:15px @ http://localhost:5199/node_modules/.vite/deps/@strudel_web.js?v=271342c3:10
[  814591ms] [LOG] %c[getTrigger] error: sound RolandTR909_hh not found! Is it loaded? background-color: black;color:white;border-radius:15px @ http://localhost:5199/node_modules/.vite/deps/@strudel_web.js?v=271342c3:10
[  814791ms] [LOG] %c[getTrigger] error: sound RolandTR909_bd not found! Is it loaded? background-color: black;color:white;border-radius:15px @ http://localhost:5199/node_modules/.vite/deps/@strudel_web.js?v=271342c3:10
[  814791ms] [LOG] %c[getTrigger] error: sound RolandTR909_hh not found! Is it loaded? background-color: black;color:white;border-radius:15px @ http://localhost:5199/node_modules/.vite/deps/@strudel_web.js?v=271342c3:10
[  814791ms] [LOG] %c[getTrigger] error: sound RolandTR808_rim not found! Is it loaded? background-color: black;color:white;border-radius:15px @ http://localhost:5199/node_modules/.vite/deps/@strudel_web.js?v=271342c3:10
[  814791ms] [LOG] %c[getTrigger] error: sound RolandTR909_cp not found! Is it loaded? background-color: black;color:white;border-radius:15px @ http://localhost:5199/node_modules/.vite/deps/@strudel_web.js?v=271342c3:10
[  814791ms] [LOG] %c[getTrigger] error: sound RolandTR808_sd not found! Is it loaded? background-color: black;color:white;border-radius:15px @ http://localhost:5199/node_modules/.vite/deps/@strudel_web.js?v=271342c3:10
[  814791ms] [LOG] %c[getTrigger] error: sound RolandTR909_hh not found! Is it loaded? background-color: black;color:white;border-radius:15px @ http://localhost:5199/node_modules/.vite/deps/@strudel_web.js?v=271342c3:10
[  814997ms] [LOG] %c[getTrigger] error: sound RolandTR909_oh not found! Is it loaded? background-color: black;color:white;border-radius:15px @ http://localhost:5199/node_modules/.vite/deps/@strudel_web.js?v=271342c3:10
[  814997ms] [LOG] %c[getTrigger] error: sound RolandTR909_hh not found! Is it loaded? background-color: black;color:white;border-radius:15px @ http://localhost:5199/node_modules/.vite/deps/@strudel_web.js?v=271342c3:10
[  815191ms] [LOG] %c[getTrigger] error: sound RolandTR909_bd not found! Is it loaded? background-color: black;color:white;border-radius:15px @ http://localhost:5199/node_modules/.vite/deps/@strudel_web.js?v=271342c3:10
[  815191ms] [LOG] %c[getTrigger] error: sound RolandTR909_hh not found! Is it loaded? background-color: black;color:white;border-radius:15px @ http://localhost:5199/node_modules/.vite/deps/@strudel_web.js?v=271342c3:10
[  815191ms] [LOG] %c[getTrigger] error: sound RolandTR808_rim not found! Is it loaded? background-color: black;color:white;border-radius:15px @ http://localhost:5199/node_modules/.vite/deps/@strudel_web.js?v=271342c3:10
[  815192ms] [LOG] %c[getTrigger] error: sound RolandTR909_hh not found! Is it loaded? background-color: black;color:white;border-radius:15px @ http://localhost:5199/node_modules/.vite/deps/@strudel_web.js?v=271342c3:10
[  815290ms] [LOG] %c[getTrigger] error: sound RolandTR909_oh not found! Is it loaded? background-color: black;color:white;border-radius:15px @ http://localhost:5199/node_modules/.vite/deps/@strudel_web.js?v=271342c3:10
[  815290ms] [LOG] %c[getTrigger] error: sound RolandTR909_hh not found! Is it loaded? background-color: black;color:white;border-radius:15px @ http://localhost:5199/node_modules/.vite/deps/@strudel_web.js?v=271342c3:10
[  815491ms] [LOG] %c[getTrigger] error: sound RolandTR909_bd not found! Is it loaded? background-color: black;color:white;border-radius:15px @ http://localhost:5199/node_modules/.vite/deps/@strudel_web.js?v=271342c3:10
[  815491ms] [LOG] %c[getTrigger] error: sound RolandTR909_hh not found! Is it loaded? background-color: black;color:white;border-radius:15px @ http://localhost:5199/node_modules/.vite/deps/@strudel_web.js?v=271342c3:10
[  815491ms] [LOG] %c[getTrigger] error: sound RolandTR808_rim not found! Is it loaded? background-color: black;color:white;border-radius:15px @ http://localhost:5199/node_modules/.vite/deps/@strudel_web.js?v=271342c3:10
[  815491ms] [LOG] %c[getTrigger] error: sound RolandTR909_cp not found! Is it loaded? background-color: black;color:white;border-radius:15px @ http://localhost:5199/node_modules/.vite/deps/@strudel_web.js?v=271342c3:10
[  815491ms] [LOG] %c[getTrigger] error: sound RolandTR808_sd not found! Is it loaded? background-color: black;color:white;border-radius:15px @ http://localhost:5199/node_modules/.vite/deps/@strudel_web.js?v=271342c3:10
[  815491ms] [LOG] %c[getTrigger] error: sound RolandTR909_hh not found! Is it loaded? background-color: black;color:white;border-radius:15px @ http://localhost:5199/node_modules/.vite/deps/@strudel_web.js?v=271342c3:10
[  815691ms] [LOG] %c[getTrigger] error: sound RolandTR909_oh not found! Is it loaded? background-color: black;color:white;border-radius:15px @ http://localhost:5199/node_modules/.vite/deps/@strudel_web.js?v=271342c3:10
[  815691ms] [LOG] %c[getTrigger] error: sound RolandTR909_hh not found! Is it loaded? background-color: black;color:white;border-radius:15px @ http://localhost:5199/node_modules/.vite/deps/@strudel_web.js?v=271342c3:10
[  815892ms] [LOG] %c[getTrigger] error: sound RolandTR909_bd not found! Is it loaded? background-color: black;color:white;border-radius:15px @ http://localhost:5199/node_modules/.vite/deps/@strudel_web.js?v=271342c3:10
[  815892ms] [LOG] %c[getTrigger] error: sound RolandTR909_hh not found! Is it loaded? background-color: black;color:white;border-radius:15px @ http://localhost:5199/node_modules/.vite/deps/@strudel_web.js?v=271342c3:10
[  815892ms] [LOG] %c[getTrigger] error: sound RolandTR808_rim not found! Is it loaded? background-color: black;color:white;border-radius:15px @ http://localhost:5199/node_modules/.vite/deps/@strudel_web.js?v=271342c3:10
[  815892ms] [LOG] %c[getTrigger] error: sound RolandTR909_hh not found! Is it loaded? background-color: black;color:white;border-radius:15px @ http://localhost:5199/node_modules/.vite/deps/@strudel_web.js?v=271342c3:10
[  815991ms] [LOG] %c[getTrigger] error: sound RolandTR909_oh not found! Is it loaded? background-color: black;color:white;border-radius:15px @ http://localhost:5199/node_modules/.vite/deps/@strudel_web.js?v=271342c3:10
[  815992ms] [LOG] %c[getTrigger] error: sound RolandTR909_hh not found! Is it loaded? background-color: black;color:white;border-radius:15px @ http://localhost:5199/node_modules/.vite/deps/@strudel_web.js?v=271342c3:10
[  816191ms] [LOG] %c[getTrigger] error: sound RolandTR909_bd not found! Is it loaded? background-color: black;color:white;border-radius:15px @ http://localhost:5199/node_modules/.vite/deps/@strudel_web.js?v=271342c3:10
[  816191ms] [LOG] %c[getTrigger] error: sound RolandTR909_hh not found! Is it loaded? background-color: black;color:white;border-radius:15px @ http://localhost:5199/node_modules/.vite/deps/@strudel_web.js?v=271342c3:10
[  816191ms] [LOG] %c[getTrigger] error: sound RolandTR808_rim not found! Is it loaded? background-color: black;color:white;border-radius:15px @ http://localhost:5199/node_modules/.vite/deps/@strudel_web.js?v=271342c3:10
[  816191ms] [LOG] %c[getTrigger] error: sound RolandTR909_cp not found! Is it loaded? background-color: black;color:white;border-radius:15px @ http://localhost:5199/node_modules/.vite/deps/@strudel_web.js?v=271342c3:10
[  816191ms] [LOG] %c[getTrigger] error: sound RolandTR808_sd not found! Is it loaded? background-color: black;color:white;border-radius:15px @ http://localhost:5199/node_modules/.vite/deps/@strudel_web.js?v=271342c3:10
[  816191ms] [LOG] %c[getTrigger] error: sound RolandTR909_hh not found! Is it loaded? background-color: black;color:white;border-radius:15px @ http://localhost:5199/node_modules/.vite/deps/@strudel_web.js?v=271342c3:10
[  816391ms] [LOG] %c[getTrigger] error: sound RolandTR909_oh not found! Is it loaded? background-color: black;color:white;border-radius:15px @ http://localhost:5199/node_modules/.vite/deps/@strudel_web.js?v=271342c3:10
[  816391ms] [LOG] %c[getTrigger] error: sound RolandTR909_hh not found! Is it loaded? background-color: black;color:white;border-radius:15px @ http://localhost:5199/node_modules/.vite/deps/@strudel_web.js?v=271342c3:10
[  816597ms] [LOG] %c[getTrigger] error: sound RolandTR909_bd not found! Is it loaded? background-color: black;color:white;border-radius:15px @ http://localhost:5199/node_modules/.vite/deps/@strudel_web.js?v=271342c3:10
[  816597ms] [LOG] %c[getTrigger] error: sound RolandTR909_hh not found! Is it loaded? background-color: black;color:white;border-radius:15px @ http://localhost:5199/node_modules/.vite/deps/@strudel_web.js?v=271342c3:10
[  816597ms] [LOG] %c[getTrigger] error: sound RolandTR808_rim not found! Is it loaded? background-color: black;color:white;border-radius:15px @ http://localhost:5199/node_modules/.vite/deps/@strudel_web.js?v=271342c3:10
[  816597ms] [LOG] %c[getTrigger] error: sound RolandTR909_hh not found! Is it loaded? background-color: black;color:white;border-radius:15px @ http://localhost:5199/node_modules/.vite/deps/@strudel_web.js?v=271342c3:10
[  816691ms] [LOG] %c[getTrigger] error: sound RolandTR909_oh not found! Is it loaded? background-color: black;color:white;border-radius:15px @ http://localhost:5199/node_modules/.vite/deps/@strudel_web.js?v=271342c3:10
[  816691ms] [LOG] %c[getTrigger] error: sound RolandTR909_hh not found! Is it loaded? background-color: black;color:white;border-radius:15px @ http://localhost:5199/node_modules/.vite/deps/@strudel_web.js?v=271342c3:10
[  816891ms] [LOG] %c[getTrigger] error: sound RolandTR909_bd not found! Is it loaded? background-color: black;color:white;border-radius:15px @ http://localhost:5199/node_modules/.vite/deps/@strudel_web.js?v=271342c3:10
[  816891ms] [LOG] %c[getTrigger] error: sound RolandTR909_hh not found! Is it loaded? background-color: black;color:white;border-radius:15px @ http://localhost:5199/node_modules/.vite/deps/@strudel_web.js?v=271342c3:10
[  816891ms] [LOG] %c[getTrigger] error: sound RolandTR808_rim not found! Is it loaded? background-color: black;color:white;border-radius:15px @ http://localhost:5199/node_modules/.vite/deps/@strudel_web.js?v=271342c3:10
[  816891ms] [LOG] %c[getTrigger] error: sound RolandTR909_cp not found! Is it loaded? background-color: black;color:white;border-radius:15px @ http://localhost:5199/node_modules/.vite/deps/@strudel_web.js?v=271342c3:10
[  816891ms] [LOG] %c[getTrigger] error: sound RolandTR808_sd not found! Is it loaded? background-color: black;color:white;border-radius:15px @ http://localhost:5199/node_modules/.vite/deps/@strudel_web.js?v=271342c3:10
[  816891ms] [LOG] %c[getTrigger] error: sound RolandTR909_hh not found! Is it loaded? background-color: black;color:white;border-radius:15px @ http://localhost:5199/node_modules/.vite/deps/@strudel_web.js?v=271342c3:10
[  817097ms] [LOG] %c[getTrigger] error: sound RolandTR909_oh not found! Is it loaded? background-color: black;color:white;border-radius:15px @ http://localhost:5199/node_modules/.vite/deps/@strudel_web.js?v=271342c3:10
[  817097ms] [LOG] %c[getTrigger] error: sound RolandTR909_hh not found! Is it loaded? background-color: black;color:white;border-radius:15px @ http://localhost:5199/node_modules/.vite/deps/@strudel_web.js?v=271342c3:10
[  817291ms] [LOG] %c[getTrigger] error: sound RolandTR909_bd not found! Is it loaded? background-color: black;color:white;border-radius:15px @ http://localhost:5199/node_modules/.vite/deps/@strudel_web.js?v=271342c3:10
[  817292ms] [LOG] %c[getTrigger] error: sound RolandTR909_hh not found! Is it loaded? background-color: black;color:white;border-radius:15px @ http://localhost:5199/node_modules/.vite/deps/@strudel_web.js?v=271342c3:10
[  817292ms] [LOG] %c[getTrigger] error: sound RolandTR808_rim not found! Is it loaded? background-color: black;color:white;border-radius:15px @ http://localhost:5199/node_modules/.vite/deps/@strudel_web.js?v=271342c3:10
[  817292ms] [LOG] %c[getTrigger] error: sound RolandTR909_hh not found! Is it loaded? background-color: black;color:white;border-radius:15px @ http://localhost:5199/node_modules/.vite/deps/@strudel_web.js?v=271342c3:10
[  817390ms] [LOG] %c[getTrigger] error: sound RolandTR909_oh not found! Is it loaded? background-color: black;color:white;border-radius:15px @ http://localhost:5199/node_modules/.vite/deps/@strudel_web.js?v=271342c3:10
[  817390ms] [LOG] %c[getTrigger] error: sound RolandTR909_hh not found! Is it loaded? background-color: black;color:white;border-radius:15px @ http://localhost:5199/node_modules/.vite/deps/@strudel_web.js?v=271342c3:10
[  817597ms] [LOG] %c[getTrigger] error: sound RolandTR909_bd not found! Is it loaded? background-color: black;color:white;border-radius:15px @ http://localhost:5199/node_modules/.vite/deps/@strudel_web.js?v=271342c3:10
[  817597ms] [LOG] %c[getTrigger] error: sound RolandTR909_hh not found! Is it loaded? background-color: black;color:white;border-radius:15px @ http://localhost:5199/node_modules/.vite/deps/@strudel_web.js?v=271342c3:10
[  817597ms] [LOG] %c[getTrigger] error: sound RolandTR808_rim not found! Is it loaded? background-color: black;color:white;border-radius:15px @ http://localhost:5199/node_modules/.vite/deps/@strudel_web.js?v=271342c3:10
[  817597ms] [LOG] %c[getTrigger] error: sound RolandTR909_cp not found! Is it loaded? background-color: black;color:white;border-radius:15px @ http://localhost:5199/node_modules/.vite/deps/@strudel_web.js?v=271342c3:10
[  817597ms] [LOG] %c[getTrigger] error: sound RolandTR808_sd not found! Is it loaded? background-color: black;color:white;border-radius:15px @ http://localhost:5199/node_modules/.vite/deps/@strudel_web.js?v=271342c3:10
[  817597ms] [LOG] %c[getTrigger] error: sound RolandTR909_hh not found! Is it loaded? background-color: black;color:white;border-radius:15px @ http://localhost:5199/node_modules/.vite/deps/@strudel_web.js?v=271342c3:10
[  817791ms] [LOG] %c[getTrigger] error: sound RolandTR909_oh not found! Is it loaded? background-color: black;color:white;border-radius:15px @ http://localhost:5199/node_modules/.vite/deps/@strudel_web.js?v=271342c3:10
[  817791ms] [LOG] %c[getTrigger] error: sound RolandTR909_hh not found! Is it loaded? background-color: black;color:white;border-radius:15px @ http://localhost:5199/node_modules/.vite/deps/@strudel_web.js?v=271342c3:10
[  817991ms] [LOG] %c[getTrigger] error: sound RolandTR909_bd not found! Is it loaded? background-color: black;color:white;border-radius:15px @ http://localhost:5199/node_modules/.vite/deps/@strudel_web.js?v=271342c3:10
[  817991ms] [LOG] %c[getTrigger] error: sound RolandTR909_hh not found! Is it loaded? background-color: black;color:white;border-radius:15px @ http://localhost:5199/node_modules/.vite/deps/@strudel_web.js?v=271342c3:10
[  817991ms] [LOG] %c[getTrigger] error: sound RolandTR808_rim not found! Is it loaded? background-color: black;color:white;border-radius:15px @ http://localhost:5199/node_modules/.vite/deps/@strudel_web.js?v=271342c3:10
[  817992ms] [LOG] %c[getTrigger] error: sound RolandTR909_hh not found! Is it loaded? background-color: black;color:white;border-radius:15px @ http://localhost:5199/node_modules/.vite/deps/@strudel_web.js?v=271342c3:10
[  818191ms] [LOG] %c[getTrigger] error: sound RolandTR909_oh not found! Is it loaded? background-color: black;color:white;border-radius:15px @ http://localhost:5199/node_modules/.vite/deps/@strudel_web.js?v=271342c3:10
[  818192ms] [LOG] %c[getTrigger] error: sound RolandTR909_hh not found! Is it loaded? background-color: black;color:white;border-radius:15px @ http://localhost:5199/node_modules/.vite/deps/@strudel_web.js?v=271342c3:10
[  818291ms] [LOG] %c[getTrigger] error: sound RolandTR909_bd not found! Is it loaded? background-color: black;color:white;border-radius:15px @ http://localhost:5199/node_modules/.vite/deps/@strudel_web.js?v=271342c3:10
[  818291ms] [LOG] %c[getTrigger] error: sound RolandTR909_hh not found! Is it loaded? background-color: black;color:white;border-radius:15px @ http://localhost:5199/node_modules/.vite/deps/@strudel_web.js?v=271342c3:10
[  818291ms] [LOG] %c[getTrigger] error: sound RolandTR808_rim not found! Is it loaded? background-color: black;color:white;border-radius:15px @ http://localhost:5199/node_modules/.vite/deps/@strudel_web.js?v=271342c3:10
[  818291ms] [LOG] %c[getTrigger] error: sound RolandTR909_cp not found! Is it loaded? background-color: black;color:white;border-radius:15px @ http://localhost:5199/node_modules/.vite/deps/@strudel_web.js?v=271342c3:10
[  818291ms] [LOG] %c[getTrigger] error: sound RolandTR808_sd not found! Is it loaded? background-color: black;color:white;border-radius:15px @ http://localhost:5199/node_modules/.vite/deps/@strudel_web.js?v=271342c3:10
[  818291ms] [LOG] %c[getTrigger] error: sound RolandTR909_hh not found! Is it loaded? background-color: black;color:white;border-radius:15px @ http://localhost:5199/node_modules/.vite/deps/@strudel_web.js?v=271342c3:10
[  818490ms] [LOG] %c[getTrigger] error: sound RolandTR909_oh not found! Is it loaded? background-color: black;color:white;border-radius:15px @ http://localhost:5199/node_modules/.vite/deps/@strudel_web.js?v=271342c3:10
[  818490ms] [LOG] %c[getTrigger] error: sound RolandTR909_hh not found! Is it loaded? background-color: black;color:white;border-radius:15px @ http://localhost:5199/node_modules/.vite/deps/@strudel_web.js?v=271342c3:10
[  818691ms] [LOG] %c[getTrigger] error: sound RolandTR909_bd not found! Is it loaded? background-color: black;color:white;border-radius:15px @ http://localhost:5199/node_modules/.vite/deps/@strudel_web.js?v=271342c3:10
[  818691ms] [LOG] %c[getTrigger] error: sound RolandTR909_hh not found! Is it loaded? background-color: black;color:white;border-radius:15px @ http://localhost:5199/node_modules/.vite/deps/@strudel_web.js?v=271342c3:10
[  818691ms] [LOG] %c[getTrigger] error: sound RolandTR808_rim not found! Is it loaded? background-color: black;color:white;border-radius:15px @ http://localhost:5199/node_modules/.vite/deps/@strudel_web.js?v=271342c3:10
[  818691ms] [LOG] %c[getTrigger] error: sound RolandTR909_hh not found! Is it loaded? background-color: black;color:white;border-radius:15px @ http://localhost:5199/node_modules/.vite/deps/@strudel_web.js?v=271342c3:10
[  818891ms] [LOG] %c[getTrigger] error: sound RolandTR909_oh not found! Is it loaded? background-color: black;color:white;border-radius:15px @ http://localhost:5199/node_modules/.vite/deps/@strudel_web.js?v=271342c3:10
[  818891ms] [LOG] %c[getTrigger] error: sound RolandTR909_hh not found! Is it loaded? background-color: black;color:white;border-radius:15px @ http://localhost:5199/node_modules/.vite/deps/@strudel_web.js?v=271342c3:10
[  818990ms] [LOG] %c[getTrigger] error: sound RolandTR909_bd not found! Is it loaded? background-color: black;color:white;border-radius:15px @ http://localhost:5199/node_modules/.vite/deps/@strudel_web.js?v=271342c3:10
[  818990ms] [LOG] %c[getTrigger] error: sound RolandTR909_hh not found! Is it loaded? background-color: black;color:white;border-radius:15px @ http://localhost:5199/node_modules/.vite/deps/@strudel_web.js?v=271342c3:10
[  818990ms] [LOG] %c[getTrigger] error: sound RolandTR808_rim not found! Is it loaded? background-color: black;color:white;border-radius:15px @ http://localhost:5199/node_modules/.vite/deps/@strudel_web.js?v=271342c3:10
[  818990ms] [LOG] %c[getTrigger] error: sound RolandTR909_cp not found! Is it loaded? background-color: black;color:white;border-radius:15px @ http://localhost:5199/node_modules/.vite/deps/@strudel_web.js?v=271342c3:10
[  818990ms] [LOG] %c[getTrigger] error: sound RolandTR909_hh not found! Is it loaded? background-color: black;color:white;border-radius:15px @ http://localhost:5199/node_modules/.vite/deps/@strudel_web.js?v=271342c3:10
[  819090ms] [LOG] %c[getTrigger] error: sound RolandTR808_sd not found! Is it loaded? background-color: black;color:white;border-radius:15px @ http://localhost:5199/node_modules/.vite/deps/@strudel_web.js?v=271342c3:10
[  819090ms] [LOG] %c[getTrigger] error: sound RolandTR909_hh not found! Is it loaded? background-color: black;color:white;border-radius:15px @ http://localhost:5199/node_modules/.vite/deps/@strudel_web.js?v=271342c3:10
[  819190ms] [LOG] %c[getTrigger] error: sound RolandTR909_oh not found! Is it loaded? background-color: black;color:white;border-radius:15px @ http://localhost:5199/node_modules/.vite/deps/@strudel_web.js?v=271342c3:10
[  819191ms] [LOG] %c[getTrigger] error: sound RolandTR909_hh not found! Is it loaded? background-color: black;color:white;border-radius:15px @ http://localhost:5199/node_modules/.vite/deps/@strudel_web.js?v=271342c3:10
[  819391ms] [LOG] %c[getTrigger] error: sound RolandTR909_bd not found! Is it loaded? background-color: black;color:white;border-radius:15px @ http://localhost:5199/node_modules/.vite/deps/@strudel_web.js?v=271342c3:10
[  819391ms] [LOG] %c[getTrigger] error: sound RolandTR909_hh not found! Is it loaded? background-color: black;color:white;border-radius:15px @ http://localhost:5199/node_modules/.vite/deps/@strudel_web.js?v=271342c3:10
[  819391ms] [LOG] %c[getTrigger] error: sound RolandTR808_rim not found! Is it loaded? background-color: black;color:white;border-radius:15px @ http://localhost:5199/node_modules/.vite/deps/@strudel_web.js?v=271342c3:10
[  819391ms] [LOG] %c[getTrigger] error: sound RolandTR909_hh not found! Is it loaded? background-color: black;color:white;border-radius:15px @ http://localhost:5199/node_modules/.vite/deps/@strudel_web.js?v=271342c3:10
[  819591ms] [LOG] %c[getTrigger] error: sound RolandTR909_oh not found! Is it loaded? background-color: black;color:white;border-radius:15px @ http://localhost:5199/node_modules/.vite/deps/@strudel_web.js?v=271342c3:10
[  819591ms] [LOG] %c[getTrigger] error: sound RolandTR909_hh not found! Is it loaded? background-color: black;color:white;border-radius:15px @ http://localhost:5199/node_modules/.vite/deps/@strudel_web.js?v=271342c3:10
[  819690ms] [LOG] %c[getTrigger] error: sound RolandTR909_bd not found! Is it loaded? background-color: black;color:white;border-radius:15px @ http://localhost:5199/node_modules/.vite/deps/@strudel_web.js?v=271342c3:10
[  819690ms] [LOG] %c[getTrigger] error: sound RolandTR909_hh not found! Is it loaded? background-color: black;color:white;border-radius:15px @ http://localhost:5199/node_modules/.vite/deps/@strudel_web.js?v=271342c3:10
[  819690ms] [LOG] %c[getTrigger] error: sound RolandTR808_rim not found! Is it loaded? background-color: black;color:white;border-radius:15px @ http://localhost:5199/node_modules/.vite/deps/@strudel_web.js?v=271342c3:10
[  819690ms] [LOG] %c[getTrigger] error: sound RolandTR909_cp not found! Is it loaded? background-color: black;color:white;border-radius:15px @ http://localhost:5199/node_modules/.vite/deps/@strudel_web.js?v=271342c3:10
[  819690ms] [LOG] %c[getTrigger] error: sound RolandTR909_hh not found! Is it loaded? background-color: black;color:white;border-radius:15px @ http://localhost:5199/node_modules/.vite/deps/@strudel_web.js?v=271342c3:10
[  819791ms] [LOG] %c[getTrigger] error: sound RolandTR808_sd not found! Is it loaded? background-color: black;color:white;border-radius:15px @ http://localhost:5199/node_modules/.vite/deps/@strudel_web.js?v=271342c3:10
[  819791ms] [LOG] %c[getTrigger] error: sound RolandTR909_hh not found! Is it loaded? background-color: black;color:white;border-radius:15px @ http://localhost:5199/node_modules/.vite/deps/@strudel_web.js?v=271342c3:10
[  819890ms] [LOG] %c[getTrigger] error: sound RolandTR909_oh not found! Is it loaded? background-color: black;color:white;border-radius:15px @ http://localhost:5199/node_modules/.vite/deps/@strudel_web.js?v=271342c3:10
[  819890ms] [LOG] %c[getTrigger] error: sound RolandTR909_hh not found! Is it loaded? background-color: black;color:white;border-radius:15px @ http://localhost:5199/node_modules/.vite/deps/@strudel_web.js?v=271342c3:10
[  820094ms] [LOG] %c[getTrigger] error: sound RolandTR909_bd not found! Is it loaded? background-color: black;color:white;border-radius:15px @ http://localhost:5199/node_modules/.vite/deps/@strudel_web.js?v=271342c3:10
[  820094ms] [LOG] %c[getTrigger] error: sound RolandTR909_hh not found! Is it loaded? background-color: black;color:white;border-radius:15px @ http://localhost:5199/node_modules/.vite/deps/@strudel_web.js?v=271342c3:10
[  820094ms] [LOG] %c[getTrigger] error: sound RolandTR808_rim not found! Is it loaded? background-color: black;color:white;border-radius:15px @ http://localhost:5199/node_modules/.vite/deps/@strudel_web.js?v=271342c3:10
[  820095ms] [LOG] %c[getTrigger] error: sound RolandTR909_hh not found! Is it loaded? background-color: black;color:white;border-radius:15px @ http://localhost:5199/node_modules/.vite/deps/@strudel_web.js?v=271342c3:10
[  820290ms] [LOG] %c[getTrigger] error: sound RolandTR909_oh not found! Is it loaded? background-color: black;color:white;border-radius:15px @ http://localhost:5199/node_modules/.vite/deps/@strudel_web.js?v=271342c3:10
[  820290ms] [LOG] %c[getTrigger] error: sound RolandTR909_hh not found! Is it loaded? background-color: black;color:white;border-radius:15px @ http://localhost:5199/node_modules/.vite/deps/@strudel_web.js?v=271342c3:10
[  820391ms] [LOG] %c[getTrigger] error: sound RolandTR909_bd not found! Is it loaded? background-color: black;color:white;border-radius:15px @ http://localhost:5199/node_modules/.vite/deps/@strudel_web.js?v=271342c3:10
[  820391ms] [LOG] %c[getTrigger] error: sound RolandTR909_hh not found! Is it loaded? background-color: black;color:white;border-radius:15px @ http://localhost:5199/node_modules/.vite/deps/@strudel_web.js?v=271342c3:10
[  820391ms] [LOG] %c[getTrigger] error: sound RolandTR808_rim not found! Is it loaded? background-color: black;color:white;border-radius:15px @ http://localhost:5199/node_modules/.vite/deps/@strudel_web.js?v=271342c3:10
[  820391ms] [LOG] %c[getTrigger] error: sound RolandTR909_cp not found! Is it loaded? background-color: black;color:white;border-radius:15px @ http://localhost:5199/node_modules/.vite/deps/@strudel_web.js?v=271342c3:10
[  820391ms] [LOG] %c[getTrigger] error: sound RolandTR909_hh not found! Is it loaded? background-color: black;color:white;border-radius:15px @ http://localhost:5199/node_modules/.vite/deps/@strudel_web.js?v=271342c3:10
[  820490ms] [LOG] %c[getTrigger] error: sound RolandTR808_sd not found! Is it loaded? background-color: black;color:white;border-radius:15px @ http://localhost:5199/node_modules/.vite/deps/@strudel_web.js?v=271342c3:10
[  820490ms] [LOG] %c[getTrigger] error: sound RolandTR909_hh not found! Is it loaded? background-color: black;color:white;border-radius:15px @ http://localhost:5199/node_modules/.vite/deps/@strudel_web.js?v=271342c3:10
[  820591ms] [LOG] %c[getTrigger] error: sound RolandTR909_oh not found! Is it loaded? background-color: black;color:white;border-radius:15px @ http://localhost:5199/node_modules/.vite/deps/@strudel_web.js?v=271342c3:10
[  820591ms] [LOG] %c[getTrigger] error: sound RolandTR909_hh not found! Is it loaded? background-color: black;color:white;border-radius:15px @ http://localhost:5199/node_modules/.vite/deps/@strudel_web.js?v=271342c3:10
[  820791ms] [LOG] %c[getTrigger] error: sound RolandTR909_bd not found! Is it loaded? background-color: black;color:white;border-radius:15px @ http://localhost:5199/node_modules/.vite/deps/@strudel_web.js?v=271342c3:10
[  820791ms] [LOG] %c[getTrigger] error: sound RolandTR909_hh not found! Is it loaded? background-color: black;color:white;border-radius:15px @ http://localhost:5199/node_modules/.vite/deps/@strudel_web.js?v=271342c3:10
[  820791ms] [LOG] %c[getTrigger] error: sound RolandTR808_rim not found! Is it loaded? background-color: black;color:white;border-radius:15px @ http://localhost:5199/node_modules/.vite/deps/@strudel_web.js?v=271342c3:10
[  820791ms] [LOG] %c[getTrigger] error: sound RolandTR909_hh not found! Is it loaded? background-color: black;color:white;border-radius:15px @ http://localhost:5199/node_modules/.vite/deps/@strudel_web.js?v=271342c3:10
[  820991ms] [LOG] %c[getTrigger] error: sound RolandTR909_oh not found! Is it loaded? background-color: black;color:white;border-radius:15px @ http://localhost:5199/node_modules/.vite/deps/@strudel_web.js?v=271342c3:10
[  820991ms] [LOG] %c[getTrigger] error: sound RolandTR909_hh not found! Is it loaded? background-color: black;color:white;border-radius:15px @ http://localhost:5199/node_modules/.vite/deps/@strudel_web.js?v=271342c3:10
[  821199ms] [LOG] %c[getTrigger] error: sound RolandTR909_bd not found! Is it loaded? background-color: black;color:white;border-radius:15px @ http://localhost:5199/node_modules/.vite/deps/@strudel_web.js?v=271342c3:10
[  821199ms] [LOG] %c[getTrigger] error: sound RolandTR909_hh not found! Is it loaded? background-color: black;color:white;border-radius:15px @ http://localhost:5199/node_modules/.vite/deps/@strudel_web.js?v=271342c3:10
[  821199ms] [LOG] %c[getTrigger] error: sound RolandTR808_rim not found! Is it loaded? background-color: black;color:white;border-radius:15px @ http://localhost:5199/node_modules/.vite/deps/@strudel_web.js?v=271342c3:10
[  821199ms] [LOG] %c[getTrigger] error: sound RolandTR909_cp not found! Is it loaded? background-color: black;color:white;border-radius:15px @ http://localhost:5199/node_modules/.vite/deps/@strudel_web.js?v=271342c3:10
[  821199ms] [LOG] %c[getTrigger] error: sound RolandTR808_sd not found! Is it loaded? background-color: black;color:white;border-radius:15px @ http://localhost:5199/node_modules/.vite/deps/@strudel_web.js?v=271342c3:10
[  821199ms] [LOG] %c[getTrigger] error: sound RolandTR909_hh not found! Is it loaded? background-color: black;color:white;border-radius:15px @ http://localhost:5199/node_modules/.vite/deps/@strudel_web.js?v=271342c3:10
[  821291ms] [LOG] %c[getTrigger] error: sound RolandTR909_oh not found! Is it loaded? background-color: black;color:white;border-radius:15px @ http://localhost:5199/node_modules/.vite/deps/@strudel_web.js?v=271342c3:10
[  821291ms] [LOG] %c[getTrigger] error: sound RolandTR909_hh not found! Is it loaded? background-color: black;color:white;border-radius:15px @ http://localhost:5199/node_modules/.vite/deps/@strudel_web.js?v=271342c3:10
[  821492ms] [LOG] %c[getTrigger] error: sound RolandTR909_bd not found! Is it loaded? background-color: black;color:white;border-radius:15px @ http://localhost:5199/node_modules/.vite/deps/@strudel_web.js?v=271342c3:10
[  821492ms] [LOG] %c[getTrigger] error: sound RolandTR909_hh not found! Is it loaded? background-color: black;color:white;border-radius:15px @ http://localhost:5199/node_modules/.vite/deps/@strudel_web.js?v=271342c3:10
[  821492ms] [LOG] %c[getTrigger] error: sound RolandTR808_rim not found! Is it loaded? background-color: black;color:white;border-radius:15px @ http://localhost:5199/node_modules/.vite/deps/@strudel_web.js?v=271342c3:10
[  821493ms] [LOG] %c[getTrigger] error: sound RolandTR909_hh not found! Is it loaded? background-color: black;color:white;border-radius:15px @ http://localhost:5199/node_modules/.vite/deps/@strudel_web.js?v=271342c3:10
[  821691ms] [LOG] %c[getTrigger] error: sound RolandTR909_oh not found! Is it loaded? background-color: black;color:white;border-radius:15px @ http://localhost:5199/node_modules/.vite/deps/@strudel_web.js?v=271342c3:10
[  821691ms] [LOG] %c[getTrigger] error: sound RolandTR909_hh not found! Is it loaded? background-color: black;color:white;border-radius:15px @ http://localhost:5199/node_modules/.vite/deps/@strudel_web.js?v=271342c3:10
[  821891ms] [LOG] %c[getTrigger] error: sound RolandTR909_bd not found! Is it loaded? background-color: black;color:white;border-radius:15px @ http://localhost:5199/node_modules/.vite/deps/@strudel_web.js?v=271342c3:10
[  821892ms] [LOG] %c[getTrigger] error: sound RolandTR909_hh not found! Is it loaded? background-color: black;color:white;border-radius:15px @ http://localhost:5199/node_modules/.vite/deps/@strudel_web.js?v=271342c3:10
[  821892ms] [LOG] %c[getTrigger] error: sound RolandTR808_rim not found! Is it loaded? background-color: black;color:white;border-radius:15px @ http://localhost:5199/node_modules/.vite/deps/@strudel_web.js?v=271342c3:10
[  821892ms] [LOG] %c[getTrigger] error: sound RolandTR909_cp not found! Is it loaded? background-color: black;color:white;border-radius:15px @ http://localhost:5199/node_modules/.vite/deps/@strudel_web.js?v=271342c3:10
[  821892ms] [LOG] %c[getTrigger] error: sound RolandTR808_sd not found! Is it loaded? background-color: black;color:white;border-radius:15px @ http://localhost:5199/node_modules/.vite/deps/@strudel_web.js?v=271342c3:10
[  821892ms] [LOG] %c[getTrigger] error: sound RolandTR909_hh not found! Is it loaded? background-color: black;color:white;border-radius:15px @ http://localhost:5199/node_modules/.vite/deps/@strudel_web.js?v=271342c3:10
[  821991ms] [LOG] %c[getTrigger] error: sound RolandTR909_oh not found! Is it loaded? background-color: black;color:white;border-radius:15px @ http://localhost:5199/node_modules/.vite/deps/@strudel_web.js?v=271342c3:10
[  821991ms] [LOG] %c[getTrigger] error: sound RolandTR909_hh not found! Is it loaded? background-color: black;color:white;border-radius:15px @ http://localhost:5199/node_modules/.vite/deps/@strudel_web.js?v=271342c3:10
[  822192ms] [LOG] %c[getTrigger] error: sound RolandTR909_bd not found! Is it loaded? background-color: black;color:white;border-radius:15px @ http://localhost:5199/node_modules/.vite/deps/@strudel_web.js?v=271342c3:10
[  822192ms] [LOG] %c[getTrigger] error: sound RolandTR909_hh not found! Is it loaded? background-color: black;color:white;border-radius:15px @ http://localhost:5199/node_modules/.vite/deps/@strudel_web.js?v=271342c3:10
[  822192ms] [LOG] %c[getTrigger] error: sound RolandTR808_rim not found! Is it loaded? background-color: black;color:white;border-radius:15px @ http://localhost:5199/node_modules/.vite/deps/@strudel_web.js?v=271342c3:10
[  822192ms] [LOG] %c[getTrigger] error: sound RolandTR909_hh not found! Is it loaded? background-color: black;color:white;border-radius:15px @ http://localhost:5199/node_modules/.vite/deps/@strudel_web.js?v=271342c3:10
[  822391ms] [LOG] %c[getTrigger] error: sound RolandTR909_oh not found! Is it loaded? background-color: black;color:white;border-radius:15px @ http://localhost:5199/node_modules/.vite/deps/@strudel_web.js?v=271342c3:10
[  822391ms] [LOG] %c[getTrigger] error: sound RolandTR909_hh not found! Is it loaded? background-color: black;color:white;border-radius:15px @ http://localhost:5199/node_modules/.vite/deps/@strudel_web.js?v=271342c3:10
[  822591ms] [LOG] %c[getTrigger] error: sound RolandTR909_bd not found! Is it loaded? background-color: black;color:white;border-radius:15px @ http://localhost:5199/node_modules/.vite/deps/@strudel_web.js?v=271342c3:10
[  822591ms] [LOG] %c[getTrigger] error: sound RolandTR909_hh not found! Is it loaded? background-color: black;color:white;border-radius:15px @ http://localhost:5199/node_modules/.vite/deps/@strudel_web.js?v=271342c3:10
[  822591ms] [LOG] %c[getTrigger] error: sound RolandTR808_rim not found! Is it loaded? background-color: black;color:white;border-radius:15px @ http://localhost:5199/node_modules/.vite/deps/@strudel_web.js?v=271342c3:10
[  822591ms] [LOG] %c[getTrigger] error: sound RolandTR909_cp not found! Is it loaded? background-color: black;color:white;border-radius:15px @ http://localhost:5199/node_modules/.vite/deps/@strudel_web.js?v=271342c3:10
[  822591ms] [LOG] %c[getTrigger] error: sound RolandTR808_sd not found! Is it loaded? background-color: black;color:white;border-radius:15px @ http://localhost:5199/node_modules/.vite/deps/@strudel_web.js?v=271342c3:10
[  822591ms] [LOG] %c[getTrigger] error: sound RolandTR909_hh not found! Is it loaded? background-color: black;color:white;border-radius:15px @ http://localhost:5199/node_modules/.vite/deps/@strudel_web.js?v=271342c3:10
[  822691ms] [LOG] %c[getTrigger] error: sound RolandTR909_oh not found! Is it loaded? background-color: black;color:white;border-radius:15px @ http://localhost:5199/node_modules/.vite/deps/@strudel_web.js?v=271342c3:10
[  822691ms] [LOG] %c[getTrigger] error: sound RolandTR909_hh not found! Is it loaded? background-color: black;color:white;border-radius:15px @ http://localhost:5199/node_modules/.vite/deps/@strudel_web.js?v=271342c3:10
[  822892ms] [LOG] %c[getTrigger] error: sound RolandTR909_bd not found! Is it loaded? background-color: black;color:white;border-radius:15px @ http://localhost:5199/node_modules/.vite/deps/@strudel_web.js?v=271342c3:10
[  822892ms] [LOG] %c[getTrigger] error: sound RolandTR909_hh not found! Is it loaded? background-color: black;color:white;border-radius:15px @ http://localhost:5199/node_modules/.vite/deps/@strudel_web.js?v=271342c3:10
[  822892ms] [LOG] %c[getTrigger] error: sound RolandTR808_rim not found! Is it loaded? background-color: black;color:white;border-radius:15px @ http://localhost:5199/node_modules/.vite/deps/@strudel_web.js?v=271342c3:10
[  822892ms] [LOG] %c[getTrigger] error: sound RolandTR909_hh not found! Is it loaded? background-color: black;color:white;border-radius:15px @ http://localhost:5199/node_modules/.vite/deps/@strudel_web.js?v=271342c3:10
[  823092ms] [LOG] %c[getTrigger] error: sound RolandTR909_oh not found! Is it loaded? background-color: black;color:white;border-radius:15px @ http://localhost:5199/node_modules/.vite/deps/@strudel_web.js?v=271342c3:10
[  823092ms] [LOG] %c[getTrigger] error: sound RolandTR909_hh not found! Is it loaded? background-color: black;color:white;border-radius:15px @ http://localhost:5199/node_modules/.vite/deps/@strudel_web.js?v=271342c3:10
[  823299ms] [LOG] %c[getTrigger] error: sound RolandTR909_bd not found! Is it loaded? background-color: black;color:white;border-radius:15px @ http://localhost:5199/node_modules/.vite/deps/@strudel_web.js?v=271342c3:10
[  823299ms] [LOG] %c[getTrigger] error: sound RolandTR909_hh not found! Is it loaded? background-color: black;color:white;border-radius:15px @ http://localhost:5199/node_modules/.vite/deps/@strudel_web.js?v=271342c3:10
[  823299ms] [LOG] %c[getTrigger] error: sound RolandTR808_rim not found! Is it loaded? background-color: black;color:white;border-radius:15px @ http://localhost:5199/node_modules/.vite/deps/@strudel_web.js?v=271342c3:10
[  823299ms] [LOG] %c[getTrigger] error: sound RolandTR909_cp not found! Is it loaded? background-color: black;color:white;border-radius:15px @ http://localhost:5199/node_modules/.vite/deps/@strudel_web.js?v=271342c3:10
[  823299ms] [LOG] %c[getTrigger] error: sound RolandTR808_sd not found! Is it loaded? background-color: black;color:white;border-radius:15px @ http://localhost:5199/node_modules/.vite/deps/@strudel_web.js?v=271342c3:10
[  823299ms] [LOG] %c[getTrigger] error: sound RolandTR909_hh not found! Is it loaded? background-color: black;color:white;border-radius:15px @ http://localhost:5199/node_modules/.vite/deps/@strudel_web.js?v=271342c3:10
[  823391ms] [LOG] %c[getTrigger] error: sound RolandTR909_oh not found! Is it loaded? background-color: black;color:white;border-radius:15px @ http://localhost:5199/node_modules/.vite/deps/@strudel_web.js?v=271342c3:10
[  823391ms] [LOG] %c[getTrigger] error: sound RolandTR909_hh not found! Is it loaded? background-color: black;color:white;border-radius:15px @ http://localhost:5199/node_modules/.vite/deps/@strudel_web.js?v=271342c3:10
[  823590ms] [LOG] %c[getTrigger] error: sound RolandTR909_bd not found! Is it loaded? background-color: black;color:white;border-radius:15px @ http://localhost:5199/node_modules/.vite/deps/@strudel_web.js?v=271342c3:10
[  823591ms] [LOG] %c[getTrigger] error: sound RolandTR909_hh not found! Is it loaded? background-color: black;color:white;border-radius:15px @ http://localhost:5199/node_modules/.vite/deps/@strudel_web.js?v=271342c3:10
[  823591ms] [LOG] %c[getTrigger] error: sound RolandTR808_rim not found! Is it loaded? background-color: black;color:white;border-radius:15px @ http://localhost:5199/node_modules/.vite/deps/@strudel_web.js?v=271342c3:10
[  823591ms] [LOG] %c[getTrigger] error: sound RolandTR909_hh not found! Is it loaded? background-color: black;color:white;border-radius:15px @ http://localhost:5199/node_modules/.vite/deps/@strudel_web.js?v=271342c3:10
[  823798ms] [LOG] %c[getTrigger] error: sound RolandTR909_oh not found! Is it loaded? background-color: black;color:white;border-radius:15px @ http://localhost:5199/node_modules/.vite/deps/@strudel_web.js?v=271342c3:10
[  823799ms] [LOG] %c[getTrigger] error: sound RolandTR909_hh not found! Is it loaded? background-color: black;color:white;border-radius:15px @ http://localhost:5199/node_modules/.vite/deps/@strudel_web.js?v=271342c3:10
[  823991ms] [LOG] %c[getTrigger] error: sound RolandTR909_bd not found! Is it loaded? background-color: black;color:white;border-radius:15px @ http://localhost:5199/node_modules/.vite/deps/@strudel_web.js?v=271342c3:10
[  823991ms] [LOG] %c[getTrigger] error: sound RolandTR909_hh not found! Is it loaded? background-color: black;color:white;border-radius:15px @ http://localhost:5199/node_modules/.vite/deps/@strudel_web.js?v=271342c3:10
[  823991ms] [LOG] %c[getTrigger] error: sound RolandTR808_rim not found! Is it loaded? background-color: black;color:white;border-radius:15px @ http://localhost:5199/node_modules/.vite/deps/@strudel_web.js?v=271342c3:10
[  823992ms] [LOG] %c[getTrigger] error: sound RolandTR909_cp not found! Is it loaded? background-color: black;color:white;border-radius:15px @ http://localhost:5199/node_modules/.vite/deps/@strudel_web.js?v=271342c3:10
[  823992ms] [LOG] %c[getTrigger] error: sound RolandTR808_sd not found! Is it loaded? background-color: black;color:white;border-radius:15px @ http://localhost:5199/node_modules/.vite/deps/@strudel_web.js?v=271342c3:10
[  823992ms] [LOG] %c[getTrigger] error: sound RolandTR909_hh not found! Is it loaded? background-color: black;color:white;border-radius:15px @ http://localhost:5199/node_modules/.vite/deps/@strudel_web.js?v=271342c3:10
[  824191ms] [LOG] %c[getTrigger] error: sound RolandTR909_oh not found! Is it loaded? background-color: black;color:white;border-radius:15px @ http://localhost:5199/node_modules/.vite/deps/@strudel_web.js?v=271342c3:10
[  824191ms] [LOG] %c[getTrigger] error: sound RolandTR909_hh not found! Is it loaded? background-color: black;color:white;border-radius:15px @ http://localhost:5199/node_modules/.vite/deps/@strudel_web.js?v=271342c3:10
[  824300ms] [LOG] %c[getTrigger] error: sound RolandTR909_bd not found! Is it loaded? background-color: black;color:white;border-radius:15px @ http://localhost:5199/node_modules/.vite/deps/@strudel_web.js?v=271342c3:10
[  824300ms] [LOG] %c[getTrigger] error: sound RolandTR909_hh not found! Is it loaded? background-color: black;color:white;border-radius:15px @ http://localhost:5199/node_modules/.vite/deps/@strudel_web.js?v=271342c3:10
[  824300ms] [LOG] %c[getTrigger] error: sound RolandTR808_rim not found! Is it loaded? background-color: black;color:white;border-radius:15px @ http://localhost:5199/node_modules/.vite/deps/@strudel_web.js?v=271342c3:10
[  824301ms] [LOG] %c[getTrigger] error: sound RolandTR909_hh not found! Is it loaded? background-color: black;color:white;border-radius:15px @ http://localhost:5199/node_modules/.vite/deps/@strudel_web.js?v=271342c3:10
[  824490ms] [LOG] %c[getTrigger] error: sound RolandTR909_oh not found! Is it loaded? background-color: black;color:white;border-radius:15px @ http://localhost:5199/node_modules/.vite/deps/@strudel_web.js?v=271342c3:10
[  824491ms] [LOG] %c[getTrigger] error: sound RolandTR909_hh not found! Is it loaded? background-color: black;color:white;border-radius:15px @ http://localhost:5199/node_modules/.vite/deps/@strudel_web.js?v=271342c3:10
[  824691ms] [LOG] %c[getTrigger] error: sound RolandTR909_bd not found! Is it loaded? background-color: black;color:white;border-radius:15px @ http://localhost:5199/node_modules/.vite/deps/@strudel_web.js?v=271342c3:10
[  824691ms] [LOG] %c[getTrigger] error: sound RolandTR909_hh not found! Is it loaded? background-color: black;color:white;border-radius:15px @ http://localhost:5199/node_modules/.vite/deps/@strudel_web.js?v=271342c3:10
[  824691ms] [LOG] %c[getTrigger] error: sound RolandTR808_rim not found! Is it loaded? background-color: black;color:white;border-radius:15px @ http://localhost:5199/node_modules/.vite/deps/@strudel_web.js?v=271342c3:10
[  824691ms] [LOG] %c[getTrigger] error: sound RolandTR909_cp not found! Is it loaded? background-color: black;color:white;border-radius:15px @ http://localhost:5199/node_modules/.vite/deps/@strudel_web.js?v=271342c3:10
[  824691ms] [LOG] %c[getTrigger] error: sound RolandTR808_sd not found! Is it loaded? background-color: black;color:white;border-radius:15px @ http://localhost:5199/node_modules/.vite/deps/@strudel_web.js?v=271342c3:10
[  824691ms] [LOG] %c[getTrigger] error: sound RolandTR909_hh not found! Is it loaded? background-color: black;color:white;border-radius:15px @ http://localhost:5199/node_modules/.vite/deps/@strudel_web.js?v=271342c3:10
[  824891ms] [LOG] %c[getTrigger] error: sound RolandTR909_oh not found! Is it loaded? background-color: black;color:white;border-radius:15px @ http://localhost:5199/node_modules/.vite/deps/@strudel_web.js?v=271342c3:10
[  824891ms] [LOG] %c[getTrigger] error: sound RolandTR909_hh not found! Is it loaded? background-color: black;color:white;border-radius:15px @ http://localhost:5199/node_modules/.vite/deps/@strudel_web.js?v=271342c3:10
[  824990ms] [LOG] %c[getTrigger] error: sound RolandTR909_bd not found! Is it loaded? background-color: black;color:white;border-radius:15px @ http://localhost:5199/node_modules/.vite/deps/@strudel_web.js?v=271342c3:10
[  824990ms] [LOG] %c[getTrigger] error: sound RolandTR909_hh not found! Is it loaded? background-color: black;color:white;border-radius:15px @ http://localhost:5199/node_modules/.vite/deps/@strudel_web.js?v=271342c3:10
[  824991ms] [LOG] %c[getTrigger] error: sound RolandTR808_rim not found! Is it loaded? background-color: black;color:white;border-radius:15px @ http://localhost:5199/node_modules/.vite/deps/@strudel_web.js?v=271342c3:10
[  824991ms] [LOG] %c[getTrigger] error: sound RolandTR909_hh not found! Is it loaded? background-color: black;color:white;border-radius:15px @ http://localhost:5199/node_modules/.vite/deps/@strudel_web.js?v=271342c3:10
[  825275ms] [LOG] %c🌀 @strudel/core loaded 🌀 background-color: black;color:white;border-radius:15px @ http://localhost:5199/node_modules/.vite/deps/@strudel_web.js?v=271342c3:10
[  825296ms] [VERBOSE] [DOM] Password field is not contained in a form: (More info: https://goo.gl/9p2vKq) %o @ http://localhost:5199/:0
[  835843ms] [LOG] %c🌀 @strudel/core loaded 🌀 background-color: black;color:white;border-radius:15px @ http://localhost:5199/node_modules/.vite/deps/@strudel_web.js?v=271342c3:10
[  835861ms] [VERBOSE] [DOM] Password field is not contained in a form: (More info: https://goo.gl/9p2vKq) %o @ http://localhost:5199/:0
[  859720ms] [LOG] %c🌀 @strudel/core loaded 🌀 background-color: black;color:white;border-radius:15px @ http://localhost:5199/node_modules/.vite/deps/@strudel_web.js?v=271342c3:10
[  859738ms] [VERBOSE] [DOM] Password field is not contained in a form: (More info: https://goo.gl/9p2vKq) %o @ http://localhost:5199/:0
[  864942ms] [LOG] %c🌀 @strudel/core loaded 🌀 background-color: black;color:white;border-radius:15px @ http://localhost:5199/node_modules/.vite/deps/@strudel_web.js?v=271342c3:10
[  864960ms] [VERBOSE] [DOM] Password field is not contained in a form: (More info: https://goo.gl/9p2vKq) %o @ http://localhost:5199/:0
