[     397ms] [LOG] %c🌀 @strudel/core loaded 🌀 background-color: black;color:white;border-radius:15px @ http://localhost:5200/node_modules/.vite/deps/@strudel_web.js?v=271342c3:10
[     419ms] [VERBOSE] [DOM] Password field is not contained in a form: (More info: https://goo.gl/9p2vKq) %o @ http://localhost:5200/:0
[   11469ms] [LOG] %c[superdough] AudioWorklets loaded background-color: black;color:white;border-radius:15px @ http://localhost:5200/node_modules/.vite/deps/@strudel_web.js?v=271342c3:10
[   11469ms] [LOG] %c[superdough] ready background-color: black;color:white;border-radius:15px @ http://localhost:5200/node_modules/.vite/deps/@strudel_web.js?v=271342c3:10
[   11494ms] [LOG] %c[eval] code updated background-color: black;color:white;border-radius:15px @ http://localhost:5200/node_modules/.vite/deps/@strudel_web.js?v=271342c3:10
[   11494ms] [LOG] %c[cyclist] start background-color: black;color:white;border-radius:15px @ http://localhost:5200/node_modules/.vite/deps/@strudel_web.js?v=271342c3:10
[   11502ms] [LOG] %c[getTrigger] error: sound RolandTR909_bd not found! Is it loaded? background-color: black;color:white;border-radius:15px @ http://localhost:5200/node_modules/.vite/deps/@strudel_web.js?v=271342c3:10
[   11844ms] [LOG] %c[eval] code updated background-color: black;color:white;border-radius:15px @ http://localhost:5200/node_modules/.vite/deps/@strudel_web.js?v=271342c3:10
[   14104ms] [LOG] %c[getTrigger] error: sound RolandTR909_bd not found! Is it loaded? background-color: black;color:white;border-radius:15px @ http://localhost:5200/node_modules/.vite/deps/@strudel_web.js?v=271342c3:10
[   14332ms] [LOG] %c[eval] code updated background-color: black;color:white;border-radius:15px @ http://localhost:5200/node_modules/.vite/deps/@strudel_web.js?v=271342c3:10
[   14604ms] [LOG] %c[getTrigger] error: sound RolandTR909_bd not found! Is it loaded? background-color: black;color:white;border-radius:15px @ http://localhost:5200/node_modules/.vite/deps/@strudel_web.js?v=271342c3:10
[   16004ms] [LOG] %c[getTrigger] error: sound RolandTR909_bd not found! Is it loaded? background-color: black;color:white;border-radius:15px @ http://localhost:5200/node_modules/.vite/deps/@strudel_web.js?v=271342c3:10
[   16237ms] [LOG] %c[eval] code updated background-color: black;color:white;border-radius:15px @ http://localhost:5200/node_modules/.vite/deps/@strudel_web.js?v=271342c3:10
[   16504ms] [LOG] %c[getTrigger] error: sound RolandTR909_bd not found! Is it loaded? background-color: black;color:white;border-radius:15px @ http://localhost:5200/node_modules/.vite/deps/@strudel_web.js?v=271342c3:10
[   17904ms] [LOG] %c[getTrigger] error: sound RolandTR909_bd not found! Is it loaded? background-color: black;color:white;border-radius:15px @ http://localhost:5200/node_modules/.vite/deps/@strudel_web.js?v=271342c3:10
[   19303ms] [LOG] %c[getTrigger] error: sound RolandTR909_bd not found! Is it loaded? background-color: black;color:white;border-radius:15px @ http://localhost:5200/node_modules/.vite/deps/@strudel_web.js?v=271342c3:10
[   19991ms] [LOG] %c[eval] code updated background-color: black;color:white;border-radius:15px @ http://localhost:5200/node_modules/.vite/deps/@strudel_web.js?v=271342c3:10
[   20005ms] [LOG] %c[getTrigger] error: sound RolandTR909_oh not found! Is it loaded? background-color: black;color:white;border-radius:15px @ http://localhost:5200/node_modules/.vite/deps/@strudel_web.js?v=271342c3:10
[   20104ms] [LOG] %c[getTrigger] error: sound RolandTR909_hh not found! Is it loaded? background-color: black;color:white;border-radius:15px @ http://localhost:5200/node_modules/.vite/deps/@strudel_web.js?v=271342c3:10
[   20204ms] [LOG] %c[getTrigger] error: sound RolandTR909_bd not found! Is it loaded? background-color: black;color:white;border-radius:15px @ http://localhost:5200/node_modules/.vite/deps/@strudel_web.js?v=271342c3:10
[   20404ms] [LOG] %c[getTrigger] error: sound RolandTR909_hh not found! Is it loaded? background-color: black;color:white;border-radius:15px @ http://localhost:5200/node_modules/.vite/deps/@strudel_web.js?v=271342c3:10
[   20504ms] [LOG] %c[getTrigger] error: sound RolandTR909_oh not found! Is it loaded? background-color: black;color:white;border-radius:15px @ http://localhost:5200/node_modules/.vite/deps/@strudel_web.js?v=271342c3:10
[   20604ms] [LOG] %c[getTrigger] error: sound RolandTR909_hh not found! Is it loaded? background-color: black;color:white;border-radius:15px @ http://localhost:5200/node_modules/.vite/deps/@strudel_web.js?v=271342c3:10
[   20704ms] [LOG] %c[getTrigger] error: sound RolandTR909_bd not found! Is it loaded? background-color: black;color:white;border-radius:15px @ http://localhost:5200/node_modules/.vite/deps/@strudel_web.js?v=271342c3:10
[   20804ms] [LOG] %c[getTrigger] error: sound RolandTR909_hh not found! Is it loaded? background-color: black;color:white;border-radius:15px @ http://localhost:5200/node_modules/.vite/deps/@strudel_web.js?v=271342c3:10
[   20904ms] [LOG] %c[getTrigger] error: sound RolandTR909_oh not found! Is it loaded? background-color: black;color:white;border-radius:15px @ http://localhost:5200/node_modules/.vite/deps/@strudel_web.js?v=271342c3:10
[   21104ms] [LOG] %c[getTrigger] error: sound RolandTR909_hh not found! Is it loaded? background-color: black;color:white;border-radius:15px @ http://localhost:5200/node_modules/.vite/deps/@strudel_web.js?v=271342c3:10
[   21204ms] [LOG] %c[getTrigger] error: sound RolandTR909_bd not found! Is it loaded? background-color: black;color:white;border-radius:15px @ http://localhost:5200/node_modules/.vite/deps/@strudel_web.js?v=271342c3:10
[   21303ms] [LOG] %c[getTrigger] error: sound RolandTR909_hh not found! Is it loaded? background-color: black;color:white;border-radius:15px @ http://localhost:5200/node_modules/.vite/deps/@strudel_web.js?v=271342c3:10
[   21404ms] [LOG] %c[getTrigger] error: sound RolandTR909_oh not found! Is it loaded? background-color: black;color:white;border-radius:15px @ http://localhost:5200/node_modules/.vite/deps/@strudel_web.js?v=271342c3:10
[   21504ms] [LOG] %c[getTrigger] error: sound RolandTR909_hh not found! Is it loaded? background-color: black;color:white;border-radius:15px @ http://localhost:5200/node_modules/.vite/deps/@strudel_web.js?v=271342c3:10
[   21704ms] [LOG] %c[getTrigger] error: sound RolandTR909_bd not found! Is it loaded? background-color: black;color:white;border-radius:15px @ http://localhost:5200/node_modules/.vite/deps/@strudel_web.js?v=271342c3:10
[   21804ms] [LOG] %c[getTrigger] error: sound RolandTR909_hh not found! Is it loaded? background-color: black;color:white;border-radius:15px @ http://localhost:5200/node_modules/.vite/deps/@strudel_web.js?v=271342c3:10
[   21870ms] [LOG] %c[eval] code updated background-color: black;color:white;border-radius:15px @ http://localhost:5200/node_modules/.vite/deps/@strudel_web.js?v=271342c3:10
[   21904ms] [LOG] %c[getTrigger] error: sound RolandTR909_oh not found! Is it loaded? background-color: black;color:white;border-radius:15px @ http://localhost:5200/node_modules/.vite/deps/@strudel_web.js?v=271342c3:10
[   22003ms] [LOG] %c[getTrigger] error: sound RolandTR909_hh not found! Is it loaded? background-color: black;color:white;border-radius:15px @ http://localhost:5200/node_modules/.vite/deps/@strudel_web.js?v=271342c3:10
[   22104ms] [LOG] %c[getTrigger] error: sound RolandTR909_bd not found! Is it loaded? background-color: black;color:white;border-radius:15px @ http://localhost:5200/node_modules/.vite/deps/@strudel_web.js?v=271342c3:10
[   22208ms] [LOG] %c[getTrigger] error: sound RolandTR909_hh not found! Is it loaded? background-color: black;color:white;border-radius:15px @ http://localhost:5200/node_modules/.vite/deps/@strudel_web.js?v=271342c3:10
[   22404ms] [LOG] %c[getTrigger] error: sound RolandTR909_oh not found! Is it loaded? background-color: black;color:white;border-radius:15px @ http://localhost:5200/node_modules/.vite/deps/@strudel_web.js?v=271342c3:10
[   22504ms] [LOG] %c[getTrigger] error: sound RolandTR909_hh not found! Is it loaded? background-color: black;color:white;border-radius:15px @ http://localhost:5200/node_modules/.vite/deps/@strudel_web.js?v=271342c3:10
[   22604ms] [LOG] %c[getTrigger] error: sound RolandTR909_bd not found! Is it loaded? background-color: black;color:white;border-radius:15px @ http://localhost:5200/node_modules/.vite/deps/@strudel_web.js?v=271342c3:10
[   22709ms] [LOG] %c[getTrigger] error: sound RolandTR909_hh not found! Is it loaded? background-color: black;color:white;border-radius:15px @ http://localhost:5200/node_modules/.vite/deps/@strudel_web.js?v=271342c3:10
[   22811ms] [LOG] %c[getTrigger] error: sound RolandTR909_oh not found! Is it loaded? background-color: black;color:white;border-radius:15px @ http://localhost:5200/node_modules/.vite/deps/@strudel_web.js?v=271342c3:10
[   22903ms] [LOG] %c[getTrigger] error: sound RolandTR909_hh not found! Is it loaded? background-color: black;color:white;border-radius:15px @ http://localhost:5200/node_modules/.vite/deps/@strudel_web.js?v=271342c3:10
[   23104ms] [LOG] %c[getTrigger] error: sound RolandTR909_bd not found! Is it loaded? background-color: black;color:white;border-radius:15px @ http://localhost:5200/node_modules/.vite/deps/@strudel_web.js?v=271342c3:10
[   23204ms] [LOG] %c[getTrigger] error: sound RolandTR909_hh not found! Is it loaded? background-color: black;color:white;border-radius:15px @ http://localhost:5200/node_modules/.vite/deps/@strudel_web.js?v=271342c3:10
[   23304ms] [LOG] %c[getTrigger] error: sound RolandTR909_oh not found! Is it loaded? background-color: black;color:white;border-radius:15px @ http://localhost:5200/node_modules/.vite/deps/@strudel_web.js?v=271342c3:10
[   23403ms] [LOG] %c[getTrigger] error: sound RolandTR909_hh not found! Is it loaded? background-color: black;color:white;border-radius:15px @ http://localhost:5200/node_modules/.vite/deps/@strudel_web.js?v=271342c3:10
[   23504ms] [LOG] %c[getTrigger] error: sound RolandTR909_bd not found! Is it loaded? background-color: black;color:white;border-radius:15px @ http://localhost:5200/node_modules/.vite/deps/@strudel_web.js?v=271342c3:10
[   23604ms] [LOG] %c[getTrigger] error: sound RolandTR909_hh not found! Is it loaded? background-color: black;color:white;border-radius:15px @ http://localhost:5200/node_modules/.vite/deps/@strudel_web.js?v=271342c3:10
[   23744ms] [LOG] %c[eval] code updated background-color: black;color:white;border-radius:15px @ http://localhost:5200/node_modules/.vite/deps/@strudel_web.js?v=271342c3:10
[   23804ms] [LOG] %c[getTrigger] error: sound RolandTR909_oh not found! Is it loaded? background-color: black;color:white;border-radius:15px @ http://localhost:5200/node_modules/.vite/deps/@strudel_web.js?v=271342c3:10
[   23905ms] [LOG] %c[getTrigger] error: sound RolandTR909_hh not found! Is it loaded? background-color: black;color:white;border-radius:15px @ http://localhost:5200/node_modules/.vite/deps/@strudel_web.js?v=271342c3:10
[   24010ms] [LOG] %c[getTrigger] error: sound RolandTR909_cp not found! Is it loaded? background-color: black;color:white;border-radius:15px @ http://localhost:5200/node_modules/.vite/deps/@strudel_web.js?v=271342c3:10
[   24104ms] [LOG] %c[getTrigger] error: sound RolandTR909_hh not found! Is it loaded? background-color: black;color:white;border-radius:15px @ http://localhost:5200/node_modules/.vite/deps/@strudel_web.js?v=271342c3:10
[   24204ms] [LOG] %c[getTrigger] error: sound RolandTR909_oh not found! Is it loaded? background-color: black;color:white;border-radius:15px @ http://localhost:5200/node_modules/.vite/deps/@strudel_web.js?v=271342c3:10
[   24303ms] [LOG] %c[getTrigger] error: sound RolandTR909_hh not found! Is it loaded? background-color: black;color:white;border-radius:15px @ http://localhost:5200/node_modules/.vite/deps/@strudel_web.js?v=271342c3:10
[   24504ms] [LOG] %c[getTrigger] error: sound RolandTR909_bd not found! Is it loaded? background-color: black;color:white;border-radius:15px @ http://localhost:5200/node_modules/.vite/deps/@strudel_web.js?v=271342c3:10
[   24605ms] [LOG] %c[getTrigger] error: sound RolandTR909_hh not found! Is it loaded? background-color: black;color:white;border-radius:15px @ http://localhost:5200/node_modules/.vite/deps/@strudel_web.js?v=271342c3:10
[   24703ms] [LOG] %c[getTrigger] error: sound RolandTR909_oh not found! Is it loaded? background-color: black;color:white;border-radius:15px @ http://localhost:5200/node_modules/.vite/deps/@strudel_web.js?v=271342c3:10
[   24803ms] [LOG] %c[getTrigger] error: sound RolandTR909_hh not found! Is it loaded? background-color: black;color:white;border-radius:15px @ http://localhost:5200/node_modules/.vite/deps/@strudel_web.js?v=271342c3:10
[   24904ms] [LOG] %c[getTrigger] error: sound RolandTR808_rim not found! Is it loaded? background-color: black;color:white;border-radius:15px @ http://localhost:5200/node_modules/.vite/deps/@strudel_web.js?v=271342c3:10
[   24905ms] [LOG] %c[getTrigger] error: sound RolandTR909_cp not found! Is it loaded? background-color: black;color:white;border-radius:15px @ http://localhost:5200/node_modules/.vite/deps/@strudel_web.js?v=271342c3:10
[   25012ms] [LOG] %c[getTrigger] error: sound RolandTR909_hh not found! Is it loaded? background-color: black;color:white;border-radius:15px @ http://localhost:5200/node_modules/.vite/deps/@strudel_web.js?v=271342c3:10
[   25204ms] [LOG] %c[getTrigger] error: sound RolandTR909_oh not found! Is it loaded? background-color: black;color:white;border-radius:15px @ http://localhost:5200/node_modules/.vite/deps/@strudel_web.js?v=271342c3:10
[   25304ms] [LOG] %c[getTrigger] error: sound RolandTR909_hh not found! Is it loaded? background-color: black;color:white;border-radius:15px @ http://localhost:5200/node_modules/.vite/deps/@strudel_web.js?v=271342c3:10
[   25404ms] [LOG] %c[getTrigger] error: sound RolandTR909_bd not found! Is it loaded? background-color: black;color:white;border-radius:15px @ http://localhost:5200/node_modules/.vite/deps/@strudel_web.js?v=271342c3:10
[   25404ms] [LOG] %c[getTrigger] error: sound RolandTR808_rim not found! Is it loaded? background-color: black;color:white;border-radius:15px @ http://localhost:5200/node_modules/.vite/deps/@strudel_web.js?v=271342c3:10
[   25504ms] [LOG] %c[getTrigger] error: sound RolandTR909_hh not found! Is it loaded? background-color: black;color:white;border-radius:15px @ http://localhost:5200/node_modules/.vite/deps/@strudel_web.js?v=271342c3:10
[   25603ms] [LOG] %c[getTrigger] error: sound RolandTR909_oh not found! Is it loaded? background-color: black;color:white;border-radius:15px @ http://localhost:5200/node_modules/.vite/deps/@strudel_web.js?v=271342c3:10
[   25622ms] [LOG] %c[eval] code updated background-color: black;color:white;border-radius:15px @ http://localhost:5200/node_modules/.vite/deps/@strudel_web.js?v=271342c3:10
[   25704ms] [LOG] %c[getTrigger] error: sound RolandTR909_hh not found! Is it loaded? background-color: black;color:white;border-radius:15px @ http://localhost:5200/node_modules/.vite/deps/@strudel_web.js?v=271342c3:10
[   25804ms] [LOG] %c[getTrigger] error: sound RolandTR909_cp not found! Is it loaded? background-color: black;color:white;border-radius:15px @ http://localhost:5200/node_modules/.vite/deps/@strudel_web.js?v=271342c3:10
[   25904ms] [LOG] %c[getTrigger] error: sound RolandTR909_hh not found! Is it loaded? background-color: black;color:white;border-radius:15px @ http://localhost:5200/node_modules/.vite/deps/@strudel_web.js?v=271342c3:10
[   26004ms] [LOG] %c[getTrigger] error: sound RolandTR909_oh not found! Is it loaded? background-color: black;color:white;border-radius:15px @ http://localhost:5200/node_modules/.vite/deps/@strudel_web.js?v=271342c3:10
[   26110ms] [LOG] %c[getTrigger] error: sound RolandTR909_hh not found! Is it loaded? background-color: black;color:white;border-radius:15px @ http://localhost:5200/node_modules/.vite/deps/@strudel_web.js?v=271342c3:10
[   26204ms] [LOG] %c[getTrigger] error: sound RolandTR808_rim not found! Is it loaded? background-color: black;color:white;border-radius:15px @ http://localhost:5200/node_modules/.vite/deps/@strudel_web.js?v=271342c3:10
[   26305ms] [LOG] %c[getTrigger] error: sound RolandTR909_hh not found! Is it loaded? background-color: black;color:white;border-radius:15px @ http://localhost:5200/node_modules/.vite/deps/@strudel_web.js?v=271342c3:10
[   26305ms] [LOG] %c[getTrigger] error: sound RolandTR909_oh not found! Is it loaded? background-color: black;color:white;border-radius:15px @ http://localhost:5200/node_modules/.vite/deps/@strudel_web.js?v=271342c3:10
[   26404ms] [LOG] %c[getTrigger] error: sound RolandTR909_hh not found! Is it loaded? background-color: black;color:white;border-radius:15px @ http://localhost:5200/node_modules/.vite/deps/@strudel_web.js?v=271342c3:10
[   26504ms] [LOG] %c[getTrigger] error: sound RolandTR909_cp not found! Is it loaded? background-color: black;color:white;border-radius:15px @ http://localhost:5200/node_modules/.vite/deps/@strudel_web.js?v=271342c3:10
[   26610ms] [LOG] %c[getTrigger] error: sound RolandTR909_hh not found! Is it loaded? background-color: black;color:white;border-radius:15px @ http://localhost:5200/node_modules/.vite/deps/@strudel_web.js?v=271342c3:10
[   26704ms] [LOG] %c[getTrigger] error: sound RolandTR909_oh not found! Is it loaded? background-color: black;color:white;border-radius:15px @ http://localhost:5200/node_modules/.vite/deps/@strudel_web.js?v=271342c3:10
[   26804ms] [LOG] %c[getTrigger] error: sound RolandTR909_hh not found! Is it loaded? background-color: black;color:white;border-radius:15px @ http://localhost:5200/node_modules/.vite/deps/@strudel_web.js?v=271342c3:10
[   26904ms] [LOG] %c[getTrigger] error: sound RolandTR909_bd not found! Is it loaded? background-color: black;color:white;border-radius:15px @ http://localhost:5200/node_modules/.vite/deps/@strudel_web.js?v=271342c3:10
[   26904ms] [LOG] %c[getTrigger] error: sound RolandTR808_rim not found! Is it loaded? background-color: black;color:white;border-radius:15px @ http://localhost:5200/node_modules/.vite/deps/@strudel_web.js?v=271342c3:10
[   27003ms] [LOG] %c[getTrigger] error: sound RolandTR909_hh not found! Is it loaded? background-color: black;color:white;border-radius:15px @ http://localhost:5200/node_modules/.vite/deps/@strudel_web.js?v=271342c3:10
[   27110ms] [LOG] %c[getTrigger] error: sound RolandTR909_oh not found! Is it loaded? background-color: black;color:white;border-radius:15px @ http://localhost:5200/node_modules/.vite/deps/@strudel_web.js?v=271342c3:10
[   27110ms] [LOG] %c[getTrigger] error: sound RolandTR909_hh not found! Is it loaded? background-color: black;color:white;border-radius:15px @ http://localhost:5200/node_modules/.vite/deps/@strudel_web.js?v=271342c3:10
[   27204ms] [LOG] %c[getTrigger] error: sound RolandTR909_cp not found! Is it loaded? background-color: black;color:white;border-radius:15px @ http://localhost:5200/node_modules/.vite/deps/@strudel_web.js?v=271342c3:10
[   27304ms] [LOG] %c[getTrigger] error: sound RolandTR909_hh not found! Is it loaded? background-color: black;color:white;border-radius:15px @ http://localhost:5200/node_modules/.vite/deps/@strudel_web.js?v=271342c3:10
[   27404ms] [LOG] %c[getTrigger] error: sound RolandTR909_oh not found! Is it loaded? background-color: black;color:white;border-radius:15px @ http://localhost:5200/node_modules/.vite/deps/@strudel_web.js?v=271342c3:10
[   27504ms] [LOG] %c[getTrigger] error: sound RolandTR909_hh not found! Is it loaded? background-color: black;color:white;border-radius:15px @ http://localhost:5200/node_modules/.vite/deps/@strudel_web.js?v=271342c3:10
[   27804ms] [LOG] %c[getTrigger] error: sound RolandTR909_oh not found! Is it loaded? background-color: black;color:white;border-radius:15px @ http://localhost:5200/node_modules/.vite/deps/@strudel_web.js?v=271342c3:10
[   27804ms] [LOG] %c[getTrigger] error: sound RolandTR909_hh not found! Is it loaded? background-color: black;color:white;border-radius:15px @ http://localhost:5200/node_modules/.vite/deps/@strudel_web.js?v=271342c3:10
[   27903ms] [LOG] %c[getTrigger] error: sound RolandTR808_rim not found! Is it loaded? background-color: black;color:white;border-radius:15px @ http://localhost:5200/node_modules/.vite/deps/@strudel_web.js?v=271342c3:10
[   27903ms] [LOG] %c[getTrigger] error: sound RolandTR909_cp not found! Is it loaded? background-color: black;color:white;border-radius:15px @ http://localhost:5200/node_modules/.vite/deps/@strudel_web.js?v=271342c3:10
[   28004ms] [LOG] %c[getTrigger] error: sound RolandTR909_hh not found! Is it loaded? background-color: black;color:white;border-radius:15px @ http://localhost:5200/node_modules/.vite/deps/@strudel_web.js?v=271342c3:10
[   28109ms] [LOG] %c[getTrigger] error: sound RolandTR909_oh not found! Is it loaded? background-color: black;color:white;border-radius:15px @ http://localhost:5200/node_modules/.vite/deps/@strudel_web.js?v=271342c3:10
[   28204ms] [LOG] %c[getTrigger] error: sound RolandTR909_hh not found! Is it loaded? background-color: black;color:white;border-radius:15px @ http://localhost:5200/node_modules/.vite/deps/@strudel_web.js?v=271342c3:10
[   28304ms] [LOG] %c[getTrigger] error: sound RolandTR909_bd not found! Is it loaded? background-color: black;color:white;border-radius:15px @ http://localhost:5200/node_modules/.vite/deps/@strudel_web.js?v=271342c3:10
[   28304ms] [LOG] %c[getTrigger] error: sound RolandTR808_rim not found! Is it loaded? background-color: black;color:white;border-radius:15px @ http://localhost:5200/node_modules/.vite/deps/@strudel_web.js?v=271342c3:10
[   28404ms] [LOG] %c[getTrigger] error: sound RolandTR909_hh not found! Is it loaded? background-color: black;color:white;border-radius:15px @ http://localhost:5200/node_modules/.vite/deps/@strudel_web.js?v=271342c3:10
[   28506ms] [LOG] %c[eval] code updated background-color: black;color:white;border-radius:15px @ http://localhost:5200/node_modules/.vite/deps/@strudel_web.js?v=271342c3:10
[   28507ms] [LOG] %c[getTrigger] error: sound RolandTR909_oh not found! Is it loaded? background-color: black;color:white;border-radius:15px @ http://localhost:5200/node_modules/.vite/deps/@strudel_web.js?v=271342c3:10
[   28605ms] [LOG] %c[getTrigger] error: sound RolandTR909_hh not found! Is it loaded? background-color: black;color:white;border-radius:15px @ http://localhost:5200/node_modules/.vite/deps/@strudel_web.js?v=271342c3:10
[   28605ms] [LOG] %c[getTrigger] error: sound RolandTR909_bd not found! Is it loaded? background-color: black;color:white;border-radius:15px @ http://localhost:5200/node_modules/.vite/deps/@strudel_web.js?v=271342c3:10
[   28605ms] [LOG] %c[getTrigger] error: sound RolandTR909_cp not found! Is it loaded? background-color: black;color:white;border-radius:15px @ http://localhost:5200/node_modules/.vite/deps/@strudel_web.js?v=271342c3:10
[   28704ms] [LOG] %c[getTrigger] error: sound RolandTR909_hh not found! Is it loaded? background-color: black;color:white;border-radius:15px @ http://localhost:5200/node_modules/.vite/deps/@strudel_web.js?v=271342c3:10
[   28805ms] [LOG] %c[getTrigger] error: sound RolandTR909_oh not found! Is it loaded? background-color: black;color:white;border-radius:15px @ http://localhost:5200/node_modules/.vite/deps/@strudel_web.js?v=271342c3:10
[   28904ms] [LOG] %c[getTrigger] error: sound RolandTR909_hh not found! Is it loaded? background-color: black;color:white;border-radius:15px @ http://localhost:5200/node_modules/.vite/deps/@strudel_web.js?v=271342c3:10
[   29004ms] [LOG] %c[getTrigger] error: sound RolandTR909_bd not found! Is it loaded? background-color: black;color:white;border-radius:15px @ http://localhost:5200/node_modules/.vite/deps/@strudel_web.js?v=271342c3:10
[   29004ms] [LOG] %c[getTrigger] error: sound RolandTR808_rim not found! Is it loaded? background-color: black;color:white;border-radius:15px @ http://localhost:5200/node_modules/.vite/deps/@strudel_web.js?v=271342c3:10
[   29104ms] [LOG] %c[getTrigger] error: sound RolandTR909_hh not found! Is it loaded? background-color: black;color:white;border-radius:15px @ http://localhost:5200/node_modules/.vite/deps/@strudel_web.js?v=271342c3:10
[   29211ms] [LOG] %c[getTrigger] error: sound RolandTR909_oh not found! Is it loaded? background-color: black;color:white;border-radius:15px @ http://localhost:5200/node_modules/.vite/deps/@strudel_web.js?v=271342c3:10
[   29304ms] [LOG] %c[getTrigger] error: sound RolandTR909_hh not found! Is it loaded? background-color: black;color:white;border-radius:15px @ http://localhost:5200/node_modules/.vite/deps/@strudel_web.js?v=271342c3:10
[   29305ms] [LOG] %c[getTrigger] error: sound RolandTR909_bd not found! Is it loaded? background-color: black;color:white;border-radius:15px @ http://localhost:5200/node_modules/.vite/deps/@strudel_web.js?v=271342c3:10
[   29305ms] [LOG] %c[getTrigger] error: sound RolandTR909_cp not found! Is it loaded? background-color: black;color:white;border-radius:15px @ http://localhost:5200/node_modules/.vite/deps/@strudel_web.js?v=271342c3:10
[   29405ms] [LOG] %c[getTrigger] error: sound RolandTR909_hh not found! Is it loaded? background-color: black;color:white;border-radius:15px @ http://localhost:5200/node_modules/.vite/deps/@strudel_web.js?v=271342c3:10
[   29504ms] [LOG] %c[getTrigger] error: sound RolandTR909_oh not found! Is it loaded? background-color: black;color:white;border-radius:15px @ http://localhost:5200/node_modules/.vite/deps/@strudel_web.js?v=271342c3:10
[   29604ms] [LOG] %c[getTrigger] error: sound RolandTR909_hh not found! Is it loaded? background-color: black;color:white;border-radius:15px @ http://localhost:5200/node_modules/.vite/deps/@strudel_web.js?v=271342c3:10
[   29715ms] [LOG] %c[getTrigger] error: sound RolandTR909_bd not found! Is it loaded? background-color: black;color:white;border-radius:15px @ http://localhost:5200/node_modules/.vite/deps/@strudel_web.js?v=271342c3:10
[   29715ms] [LOG] %c[getTrigger] error: sound RolandTR808_rim not found! Is it loaded? background-color: black;color:white;border-radius:15px @ http://localhost:5200/node_modules/.vite/deps/@strudel_web.js?v=271342c3:10
[   29804ms] [LOG] %c[getTrigger] error: sound RolandTR909_hh not found! Is it loaded? background-color: black;color:white;border-radius:15px @ http://localhost:5200/node_modules/.vite/deps/@strudel_web.js?v=271342c3:10
[   29904ms] [LOG] %c[getTrigger] error: sound RolandTR909_oh not found! Is it loaded? background-color: black;color:white;border-radius:15px @ http://localhost:5200/node_modules/.vite/deps/@strudel_web.js?v=271342c3:10
[   30004ms] [LOG] %c[getTrigger] error: sound RolandTR909_hh not found! Is it loaded? background-color: black;color:white;border-radius:15px @ http://localhost:5200/node_modules/.vite/deps/@strudel_web.js?v=271342c3:10
[   30105ms] [LOG] %c[getTrigger] error: sound RolandTR909_bd not found! Is it loaded? background-color: black;color:white;border-radius:15px @ http://localhost:5200/node_modules/.vite/deps/@strudel_web.js?v=271342c3:10
[   30105ms] [LOG] %c[getTrigger] error: sound RolandTR909_cp not found! Is it loaded? background-color: black;color:white;border-radius:15px @ http://localhost:5200/node_modules/.vite/deps/@strudel_web.js?v=271342c3:10
[   30105ms] [LOG] %c[getTrigger] error: sound RolandTR909_hh not found! Is it loaded? background-color: black;color:white;border-radius:15px @ http://localhost:5200/node_modules/.vite/deps/@strudel_web.js?v=271342c3:10
[   30212ms] [LOG] %c[getTrigger] error: sound RolandTR909_oh not found! Is it loaded? background-color: black;color:white;border-radius:15px @ http://localhost:5200/node_modules/.vite/deps/@strudel_web.js?v=271342c3:10
[   30304ms] [LOG] %c[getTrigger] error: sound RolandTR909_hh not found! Is it loaded? background-color: black;color:white;border-radius:15px @ http://localhost:5200/node_modules/.vite/deps/@strudel_web.js?v=271342c3:10
[   30404ms] [LOG] %c[getTrigger] error: sound RolandTR909_bd not found! Is it loaded? background-color: black;color:white;border-radius:15px @ http://localhost:5200/node_modules/.vite/deps/@strudel_web.js?v=271342c3:10
[   30504ms] [LOG] %c[getTrigger] error: sound RolandTR909_hh not found! Is it loaded? background-color: black;color:white;border-radius:15px @ http://localhost:5200/node_modules/.vite/deps/@strudel_web.js?v=271342c3:10
[   30603ms] [LOG] %c[getTrigger] error: sound RolandTR909_oh not found! Is it loaded? background-color: black;color:white;border-radius:15px @ http://localhost:5200/node_modules/.vite/deps/@strudel_web.js?v=271342c3:10
[   30704ms] [LOG] %c[getTrigger] error: sound RolandTR909_hh not found! Is it loaded? background-color: black;color:white;border-radius:15px @ http://localhost:5200/node_modules/.vite/deps/@strudel_web.js?v=271342c3:10
[   30804ms] [LOG] %c[getTrigger] error: sound RolandTR909_bd not found! Is it loaded? background-color: black;color:white;border-radius:15px @ http://localhost:5200/node_modules/.vite/deps/@strudel_web.js?v=271342c3:10
[   30804ms] [LOG] %c[getTrigger] error: sound RolandTR808_rim not found! Is it loaded? background-color: black;color:white;border-radius:15px @ http://localhost:5200/node_modules/.vite/deps/@strudel_web.js?v=271342c3:10
[   30804ms] [LOG] %c[getTrigger] error: sound RolandTR909_cp not found! Is it loaded? background-color: black;color:white;border-radius:15px @ http://localhost:5200/node_modules/.vite/deps/@strudel_web.js?v=271342c3:10
[   30804ms] [LOG] %c[getTrigger] error: sound RolandTR909_hh not found! Is it loaded? background-color: black;color:white;border-radius:15px @ http://localhost:5200/node_modules/.vite/deps/@strudel_web.js?v=271342c3:10
[   30904ms] [LOG] %c[getTrigger] error: sound RolandTR909_oh not found! Is it loaded? background-color: black;color:white;border-radius:15px @ http://localhost:5200/node_modules/.vite/deps/@strudel_web.js?v=271342c3:10
[   31005ms] [LOG] %c[getTrigger] error: sound RolandTR909_hh not found! Is it loaded? background-color: black;color:white;border-radius:15px @ http://localhost:5200/node_modules/.vite/deps/@strudel_web.js?v=271342c3:10
[   31104ms] [LOG] %c[getTrigger] error: sound RolandTR909_bd not found! Is it loaded? background-color: black;color:white;border-radius:15px @ http://localhost:5200/node_modules/.vite/deps/@strudel_web.js?v=271342c3:10
[   31104ms] [LOG] %c[getTrigger] error: sound RolandTR808_rim not found! Is it loaded? background-color: black;color:white;border-radius:15px @ http://localhost:5200/node_modules/.vite/deps/@strudel_web.js?v=271342c3:10
[   31204ms] [LOG] %c[getTrigger] error: sound RolandTR909_hh not found! Is it loaded? background-color: black;color:white;border-radius:15px @ http://localhost:5200/node_modules/.vite/deps/@strudel_web.js?v=271342c3:10
[   31304ms] [LOG] %c[getTrigger] error: sound RolandTR909_oh not found! Is it loaded? background-color: black;color:white;border-radius:15px @ http://localhost:5200/node_modules/.vite/deps/@strudel_web.js?v=271342c3:10
[   31403ms] [LOG] %c[getTrigger] error: sound RolandTR909_hh not found! Is it loaded? background-color: black;color:white;border-radius:15px @ http://localhost:5200/node_modules/.vite/deps/@strudel_web.js?v=271342c3:10
[   31503ms] [LOG] %c[getTrigger] error: sound RolandTR909_bd not found! Is it loaded? background-color: black;color:white;border-radius:15px @ http://localhost:5200/node_modules/.vite/deps/@strudel_web.js?v=271342c3:10
[   31503ms] [LOG] %c[getTrigger] error: sound RolandTR909_cp not found! Is it loaded? background-color: black;color:white;border-radius:15px @ http://localhost:5200/node_modules/.vite/deps/@strudel_web.js?v=271342c3:10
[   31604ms] [LOG] %c[getTrigger] error: sound RolandTR909_hh not found! Is it loaded? background-color: black;color:white;border-radius:15px @ http://localhost:5200/node_modules/.vite/deps/@strudel_web.js?v=271342c3:10
[   31604ms] [LOG] %c[getTrigger] error: sound RolandTR909_oh not found! Is it loaded? background-color: black;color:white;border-radius:15px @ http://localhost:5200/node_modules/.vite/deps/@strudel_web.js?v=271342c3:10
[   31704ms] [LOG] %c[getTrigger] error: sound RolandTR909_hh not found! Is it loaded? background-color: black;color:white;border-radius:15px @ http://localhost:5200/node_modules/.vite/deps/@strudel_web.js?v=271342c3:10
[   31804ms] [LOG] %c[getTrigger] error: sound RolandTR909_bd not found! Is it loaded? background-color: black;color:white;border-radius:15px @ http://localhost:5200/node_modules/.vite/deps/@strudel_web.js?v=271342c3:10
[   31804ms] [LOG] %c[getTrigger] error: sound RolandTR808_rim not found! Is it loaded? background-color: black;color:white;border-radius:15px @ http://localhost:5200/node_modules/.vite/deps/@strudel_web.js?v=271342c3:10
[   31905ms] [LOG] %c[getTrigger] error: sound RolandTR909_hh not found! Is it loaded? background-color: black;color:white;border-radius:15px @ http://localhost:5200/node_modules/.vite/deps/@strudel_web.js?v=271342c3:10
[   32004ms] [LOG] %c[getTrigger] error: sound RolandTR909_oh not found! Is it loaded? background-color: black;color:white;border-radius:15px @ http://localhost:5200/node_modules/.vite/deps/@strudel_web.js?v=271342c3:10
[   32104ms] [LOG] %c[getTrigger] error: sound RolandTR909_hh not found! Is it loaded? background-color: black;color:white;border-radius:15px @ http://localhost:5200/node_modules/.vite/deps/@strudel_web.js?v=271342c3:10
[   32204ms] [LOG] %c[getTrigger] error: sound RolandTR909_bd not found! Is it loaded? background-color: black;color:white;border-radius:15px @ http://localhost:5200/node_modules/.vite/deps/@strudel_web.js?v=271342c3:10
[   32204ms] [LOG] %c[getTrigger] error: sound RolandTR909_cp not found! Is it loaded? background-color: black;color:white;border-radius:15px @ http://localhost:5200/node_modules/.vite/deps/@strudel_web.js?v=271342c3:10
[   32311ms] [LOG] %c[getTrigger] error: sound RolandTR909_hh not found! Is it loaded? background-color: black;color:white;border-radius:15px @ http://localhost:5200/node_modules/.vite/deps/@strudel_web.js?v=271342c3:10
[   32311ms] [LOG] %c[getTrigger] error: sound RolandTR909_oh not found! Is it loaded? background-color: black;color:white;border-radius:15px @ http://localhost:5200/node_modules/.vite/deps/@strudel_web.js?v=271342c3:10
[   32404ms] [LOG] %c[getTrigger] error: sound RolandTR909_hh not found! Is it loaded? background-color: black;color:white;border-radius:15px @ http://localhost:5200/node_modules/.vite/deps/@strudel_web.js?v=271342c3:10
[   32505ms] [LOG] %c[getTrigger] error: sound RolandTR909_bd not found! Is it loaded? background-color: black;color:white;border-radius:15px @ http://localhost:5200/node_modules/.vite/deps/@strudel_web.js?v=271342c3:10
[   32505ms] [LOG] %c[getTrigger] error: sound RolandTR808_rim not found! Is it loaded? background-color: black;color:white;border-radius:15px @ http://localhost:5200/node_modules/.vite/deps/@strudel_web.js?v=271342c3:10
[   32603ms] [LOG] %c[getTrigger] error: sound RolandTR909_hh not found! Is it loaded? background-color: black;color:white;border-radius:15px @ http://localhost:5200/node_modules/.vite/deps/@strudel_web.js?v=271342c3:10
[   32705ms] [LOG] %c[getTrigger] error: sound RolandTR909_oh not found! Is it loaded? background-color: black;color:white;border-radius:15px @ http://localhost:5200/node_modules/.vite/deps/@strudel_web.js?v=271342c3:10
[   32813ms] [LOG] %c[getTrigger] error: sound RolandTR909_hh not found! Is it loaded? background-color: black;color:white;border-radius:15px @ http://localhost:5200/node_modules/.vite/deps/@strudel_web.js?v=271342c3:10
[   32904ms] [LOG] %c[getTrigger] error: sound RolandTR909_bd not found! Is it loaded? background-color: black;color:white;border-radius:15px @ http://localhost:5200/node_modules/.vite/deps/@strudel_web.js?v=271342c3:10
[   32904ms] [LOG] %c[getTrigger] error: sound RolandTR909_cp not found! Is it loaded? background-color: black;color:white;border-radius:15px @ http://localhost:5200/node_modules/.vite/deps/@strudel_web.js?v=271342c3:10
[   33005ms] [LOG] %c[getTrigger] error: sound RolandTR909_hh not found! Is it loaded? background-color: black;color:white;border-radius:15px @ http://localhost:5200/node_modules/.vite/deps/@strudel_web.js?v=271342c3:10
[   33104ms] [LOG] %c[getTrigger] error: sound RolandTR909_oh not found! Is it loaded? background-color: black;color:white;border-radius:15px @ http://localhost:5200/node_modules/.vite/deps/@strudel_web.js?v=271342c3:10
[   33104ms] [LOG] %c[getTrigger] error: sound RolandTR909_hh not found! Is it loaded? background-color: black;color:white;border-radius:15px @ http://localhost:5200/node_modules/.vite/deps/@strudel_web.js?v=271342c3:10
[   33205ms] [LOG] %c[getTrigger] error: sound RolandTR909_bd not found! Is it loaded? background-color: black;color:white;border-radius:15px @ http://localhost:5200/node_modules/.vite/deps/@strudel_web.js?v=271342c3:10
[   33312ms] [LOG] %c[getTrigger] error: sound RolandTR909_hh not found! Is it loaded? background-color: black;color:white;border-radius:15px @ http://localhost:5200/node_modules/.vite/deps/@strudel_web.js?v=271342c3:10
[   33405ms] [LOG] %c[getTrigger] error: sound RolandTR909_oh not found! Is it loaded? background-color: black;color:white;border-radius:15px @ http://localhost:5200/node_modules/.vite/deps/@strudel_web.js?v=271342c3:10
[   33504ms] [LOG] %c[getTrigger] error: sound RolandTR909_hh not found! Is it loaded? background-color: black;color:white;border-radius:15px @ http://localhost:5200/node_modules/.vite/deps/@strudel_web.js?v=271342c3:10
[   33604ms] [LOG] %c[getTrigger] error: sound RolandTR909_bd not found! Is it loaded? background-color: black;color:white;border-radius:15px @ http://localhost:5200/node_modules/.vite/deps/@strudel_web.js?v=271342c3:10
[   33604ms] [LOG] %c[getTrigger] error: sound RolandTR808_rim not found! Is it loaded? background-color: black;color:white;border-radius:15px @ http://localhost:5200/node_modules/.vite/deps/@strudel_web.js?v=271342c3:10
[   33604ms] [LOG] %c[getTrigger] error: sound RolandTR909_cp not found! Is it loaded? background-color: black;color:white;border-radius:15px @ http://localhost:5200/node_modules/.vite/deps/@strudel_web.js?v=271342c3:10
[   33704ms] [LOG] %c[getTrigger] error: sound RolandTR909_hh not found! Is it loaded? background-color: black;color:white;border-radius:15px @ http://localhost:5200/node_modules/.vite/deps/@strudel_web.js?v=271342c3:10
[   33812ms] [LOG] %c[getTrigger] error: sound RolandTR909_oh not found! Is it loaded? background-color: black;color:white;border-radius:15px @ http://localhost:5200/node_modules/.vite/deps/@strudel_web.js?v=271342c3:10
[   33813ms] [LOG] %c[getTrigger] error: sound RolandTR909_hh not found! Is it loaded? background-color: black;color:white;border-radius:15px @ http://localhost:5200/node_modules/.vite/deps/@strudel_web.js?v=271342c3:10
[   33905ms] [LOG] %c[getTrigger] error: sound RolandTR909_bd not found! Is it loaded? background-color: black;color:white;border-radius:15px @ http://localhost:5200/node_modules/.vite/deps/@strudel_web.js?v=271342c3:10
[   33905ms] [LOG] %c[getTrigger] error: sound RolandTR808_rim not found! Is it loaded? background-color: black;color:white;border-radius:15px @ http://localhost:5200/node_modules/.vite/deps/@strudel_web.js?v=271342c3:10
[   34003ms] [LOG] %c[getTrigger] error: sound RolandTR909_hh not found! Is it loaded? background-color: black;color:white;border-radius:15px @ http://localhost:5200/node_modules/.vite/deps/@strudel_web.js?v=271342c3:10
[   34104ms] [LOG] %c[getTrigger] error: sound RolandTR909_oh not found! Is it loaded? background-color: black;color:white;border-radius:15px @ http://localhost:5200/node_modules/.vite/deps/@strudel_web.js?v=271342c3:10
[   34155ms] [LOG] %c[eval] code updated background-color: black;color:white;border-radius:15px @ http://localhost:5200/node_modules/.vite/deps/@strudel_web.js?v=271342c3:10
[   34204ms] [LOG] %c[getTrigger] error: sound RolandTR909_hh not found! Is it loaded? background-color: black;color:white;border-radius:15px @ http://localhost:5200/node_modules/.vite/deps/@strudel_web.js?v=271342c3:10
[   34304ms] [LOG] %c[getTrigger] error: sound RolandTR909_bd not found! Is it loaded? background-color: black;color:white;border-radius:15px @ http://localhost:5200/node_modules/.vite/deps/@strudel_web.js?v=271342c3:10
[   34304ms] [LOG] %c[getTrigger] error: sound RolandTR909_hh not found! Is it loaded? background-color: black;color:white;border-radius:15px @ http://localhost:5200/node_modules/.vite/deps/@strudel_web.js?v=271342c3:10
[   34304ms] [LOG] %c[getTrigger] error: sound RolandTR909_cp not found! Is it loaded? background-color: black;color:white;border-radius:15px @ http://localhost:5200/node_modules/.vite/deps/@strudel_web.js?v=271342c3:10
[   34304ms] [LOG] %c[getTrigger] error: sound RolandTR909_hh not found! Is it loaded? background-color: black;color:white;border-radius:15px @ http://localhost:5200/node_modules/.vite/deps/@strudel_web.js?v=271342c3:10
[   34503ms] [LOG] %c[getTrigger] error: sound RolandTR909_oh not found! Is it loaded? background-color: black;color:white;border-radius:15px @ http://localhost:5200/node_modules/.vite/deps/@strudel_web.js?v=271342c3:10
[   34504ms] [LOG] %c[getTrigger] error: sound RolandTR909_hh not found! Is it loaded? background-color: black;color:white;border-radius:15px @ http://localhost:5200/node_modules/.vite/deps/@strudel_web.js?v=271342c3:10
[   34604ms] [LOG] %c[getTrigger] error: sound RolandTR909_bd not found! Is it loaded? background-color: black;color:white;border-radius:15px @ http://localhost:5200/node_modules/.vite/deps/@strudel_web.js?v=271342c3:10
[   34605ms] [LOG] %c[getTrigger] error: sound RolandTR909_hh not found! Is it loaded? background-color: black;color:white;border-radius:15px @ http://localhost:5200/node_modules/.vite/deps/@strudel_web.js?v=271342c3:10
[   34605ms] [LOG] %c[getTrigger] error: sound RolandTR808_rim not found! Is it loaded? background-color: black;color:white;border-radius:15px @ http://localhost:5200/node_modules/.vite/deps/@strudel_web.js?v=271342c3:10
[   34705ms] [LOG] %c[getTrigger] error: sound RolandTR909_hh not found! Is it loaded? background-color: black;color:white;border-radius:15px @ http://localhost:5200/node_modules/.vite/deps/@strudel_web.js?v=271342c3:10
[   34805ms] [LOG] %c[getTrigger] error: sound RolandTR909_oh not found! Is it loaded? background-color: black;color:white;border-radius:15px @ http://localhost:5200/node_modules/.vite/deps/@strudel_web.js?v=271342c3:10
[   34805ms] [LOG] %c[getTrigger] error: sound RolandTR909_hh not found! Is it loaded? background-color: black;color:white;border-radius:15px @ http://localhost:5200/node_modules/.vite/deps/@strudel_web.js?v=271342c3:10
[   35004ms] [LOG] %c[getTrigger] error: sound RolandTR909_bd not found! Is it loaded? background-color: black;color:white;border-radius:15px @ http://localhost:5200/node_modules/.vite/deps/@strudel_web.js?v=271342c3:10
[   35005ms] [LOG] %c[getTrigger] error: sound RolandTR909_hh not found! Is it loaded? background-color: black;color:white;border-radius:15px @ http://localhost:5200/node_modules/.vite/deps/@strudel_web.js?v=271342c3:10
[   35005ms] [LOG] %c[getTrigger] error: sound RolandTR909_cp not found! Is it loaded? background-color: black;color:white;border-radius:15px @ http://localhost:5200/node_modules/.vite/deps/@strudel_web.js?v=271342c3:10
[   35005ms] [LOG] %c[getTrigger] error: sound RolandTR909_hh not found! Is it loaded? background-color: black;color:white;border-radius:15px @ http://localhost:5200/node_modules/.vite/deps/@strudel_web.js?v=271342c3:10
[   35204ms] [LOG] %c[getTrigger] error: sound RolandTR909_oh not found! Is it loaded? background-color: black;color:white;border-radius:15px @ http://localhost:5200/node_modules/.vite/deps/@strudel_web.js?v=271342c3:10
[   35204ms] [LOG] %c[getTrigger] error: sound RolandTR909_hh not found! Is it loaded? background-color: black;color:white;border-radius:15px @ http://localhost:5200/node_modules/.vite/deps/@strudel_web.js?v=271342c3:10
[   35305ms] [LOG] %c[getTrigger] error: sound RolandTR909_bd not found! Is it loaded? background-color: black;color:white;border-radius:15px @ http://localhost:5200/node_modules/.vite/deps/@strudel_web.js?v=271342c3:10
[   35305ms] [LOG] %c[getTrigger] error: sound RolandTR909_hh not found! Is it loaded? background-color: black;color:white;border-radius:15px @ http://localhost:5200/node_modules/.vite/deps/@strudel_web.js?v=271342c3:10
[   35305ms] [LOG] %c[getTrigger] error: sound RolandTR808_rim not found! Is it loaded? background-color: black;color:white;border-radius:15px @ http://localhost:5200/node_modules/.vite/deps/@strudel_web.js?v=271342c3:10
[   35412ms] [LOG] %c[getTrigger] error: sound RolandTR909_hh not found! Is it loaded? background-color: black;color:white;border-radius:15px @ http://localhost:5200/node_modules/.vite/deps/@strudel_web.js?v=271342c3:10
[   35505ms] [LOG] %c[getTrigger] error: sound RolandTR909_oh not found! Is it loaded? background-color: black;color:white;border-radius:15px @ http://localhost:5200/node_modules/.vite/deps/@strudel_web.js?v=271342c3:10
[   35505ms] [LOG] %c[getTrigger] error: sound RolandTR909_hh not found! Is it loaded? background-color: black;color:white;border-radius:15px @ http://localhost:5200/node_modules/.vite/deps/@strudel_web.js?v=271342c3:10
[   35576ms] [LOG] %c[eval] code updated background-color: black;color:white;border-radius:15px @ http://localhost:5200/node_modules/.vite/deps/@strudel_web.js?v=271342c3:10
[   35605ms] [LOG] %c[getTrigger] error: sound RolandTR909_hh not found! Is it loaded? background-color: black;color:white;border-radius:15px @ http://localhost:5200/node_modules/.vite/deps/@strudel_web.js?v=271342c3:10
[   35705ms] [LOG] %c[getTrigger] error: sound RolandTR909_bd not found! Is it loaded? background-color: black;color:white;border-radius:15px @ http://localhost:5200/node_modules/.vite/deps/@strudel_web.js?v=271342c3:10
[   35705ms] [LOG] %c[getTrigger] error: sound RolandTR909_hh not found! Is it loaded? background-color: black;color:white;border-radius:15px @ http://localhost:5200/node_modules/.vite/deps/@strudel_web.js?v=271342c3:10
[   35705ms] [LOG] %c[getTrigger] error: sound RolandTR909_cp not found! Is it loaded? background-color: black;color:white;border-radius:15px @ http://localhost:5200/node_modules/.vite/deps/@strudel_web.js?v=271342c3:10
[   35705ms] [LOG] %c[getTrigger] error: sound RolandTR909_hh not found! Is it loaded? background-color: black;color:white;border-radius:15px @ http://localhost:5200/node_modules/.vite/deps/@strudel_web.js?v=271342c3:10
[   35913ms] [LOG] %c[getTrigger] error: sound RolandTR909_oh not found! Is it loaded? background-color: black;color:white;border-radius:15px @ http://localhost:5200/node_modules/.vite/deps/@strudel_web.js?v=271342c3:10
[   35914ms] [LOG] %c[getTrigger] error: sound RolandTR909_hh not found! Is it loaded? background-color: black;color:white;border-radius:15px @ http://localhost:5200/node_modules/.vite/deps/@strudel_web.js?v=271342c3:10
[   36105ms] [LOG] %c[getTrigger] error: sound RolandTR909_bd not found! Is it loaded? background-color: black;color:white;border-radius:15px @ http://localhost:5200/node_modules/.vite/deps/@strudel_web.js?v=271342c3:10
[   36105ms] [LOG] %c[getTrigger] error: sound RolandTR909_hh not found! Is it loaded? background-color: black;color:white;border-radius:15px @ http://localhost:5200/node_modules/.vite/deps/@strudel_web.js?v=271342c3:10
[   36204ms] [LOG] %c[getTrigger] error: sound RolandTR909_oh not found! Is it loaded? background-color: black;color:white;border-radius:15px @ http://localhost:5200/node_modules/.vite/deps/@strudel_web.js?v=271342c3:10
[   36204ms] [LOG] %c[getTrigger] error: sound RolandTR909_hh not found! Is it loaded? background-color: black;color:white;border-radius:15px @ http://localhost:5200/node_modules/.vite/deps/@strudel_web.js?v=271342c3:10
[   36414ms] [LOG] %c[getTrigger] error: sound RolandTR909_bd not found! Is it loaded? background-color: black;color:white;border-radius:15px @ http://localhost:5200/node_modules/.vite/deps/@strudel_web.js?v=271342c3:10
[   36414ms] [LOG] %c[getTrigger] error: sound RolandTR909_hh not found! Is it loaded? background-color: black;color:white;border-radius:15px @ http://localhost:5200/node_modules/.vite/deps/@strudel_web.js?v=271342c3:10
[   36414ms] [LOG] %c[getTrigger] error: sound RolandTR808_rim not found! Is it loaded? background-color: black;color:white;border-radius:15px @ http://localhost:5200/node_modules/.vite/deps/@strudel_web.js?v=271342c3:10
[   36414ms] [LOG] %c[getTrigger] error: sound RolandTR909_cp not found! Is it loaded? background-color: black;color:white;border-radius:15px @ http://localhost:5200/node_modules/.vite/deps/@strudel_web.js?v=271342c3:10
[   36503ms] [LOG] %c[getTrigger] error: sound RolandTR909_hh not found! Is it loaded? background-color: black;color:white;border-radius:15px @ http://localhost:5200/node_modules/.vite/deps/@strudel_web.js?v=271342c3:10
[   36604ms] [LOG] %c[getTrigger] error: sound RolandTR909_oh not found! Is it loaded? background-color: black;color:white;border-radius:15px @ http://localhost:5200/node_modules/.vite/deps/@strudel_web.js?v=271342c3:10
[   36604ms] [LOG] %c[getTrigger] error: sound RolandTR909_hh not found! Is it loaded? background-color: black;color:white;border-radius:15px @ http://localhost:5200/node_modules/.vite/deps/@strudel_web.js?v=271342c3:10
[   36806ms] [LOG] %c[getTrigger] error: sound RolandTR909_bd not found! Is it loaded? background-color: black;color:white;border-radius:15px @ http://localhost:5200/node_modules/.vite/deps/@strudel_web.js?v=271342c3:10
[   36806ms] [LOG] %c[getTrigger] error: sound RolandTR909_hh not found! Is it loaded? background-color: black;color:white;border-radius:15px @ http://localhost:5200/node_modules/.vite/deps/@strudel_web.js?v=271342c3:10
[   36806ms] [LOG] %c[getTrigger] error: sound RolandTR808_rim not found! Is it loaded? background-color: black;color:white;border-radius:15px @ http://localhost:5200/node_modules/.vite/deps/@strudel_web.js?v=271342c3:10
[   36807ms] [LOG] %c[getTrigger] error: sound RolandTR909_hh not found! Is it loaded? background-color: black;color:white;border-radius:15px @ http://localhost:5200/node_modules/.vite/deps/@strudel_web.js?v=271342c3:10
[   36905ms] [LOG] %c[getTrigger] error: sound RolandTR909_oh not found! Is it loaded? background-color: black;color:white;border-radius:15px @ http://localhost:5200/node_modules/.vite/deps/@strudel_web.js?v=271342c3:10
[   36905ms] [LOG] %c[getTrigger] error: sound RolandTR909_hh not found! Is it loaded? background-color: black;color:white;border-radius:15px @ http://localhost:5200/node_modules/.vite/deps/@strudel_web.js?v=271342c3:10
[   36973ms] [LOG] %c[eval] code updated background-color: black;color:white;border-radius:15px @ http://localhost:5200/node_modules/.vite/deps/@strudel_web.js?v=271342c3:10
[   37005ms] [LOG] %c[getTrigger] error: sound RolandTR909_hh not found! Is it loaded? background-color: black;color:white;border-radius:15px @ http://localhost:5200/node_modules/.vite/deps/@strudel_web.js?v=271342c3:10
[   37105ms] [LOG] %c[getTrigger] error: sound RolandTR909_bd not found! Is it loaded? background-color: black;color:white;border-radius:15px @ http://localhost:5200/node_modules/.vite/deps/@strudel_web.js?v=271342c3:10
[   37105ms] [LOG] %c[getTrigger] error: sound RolandTR909_hh not found! Is it loaded? background-color: black;color:white;border-radius:15px @ http://localhost:5200/node_modules/.vite/deps/@strudel_web.js?v=271342c3:10
[   37105ms] [LOG] %c[getTrigger] error: sound RolandTR909_cp not found! Is it loaded? background-color: black;color:white;border-radius:15px @ http://localhost:5200/node_modules/.vite/deps/@strudel_web.js?v=271342c3:10
[   37205ms] [LOG] %c[getTrigger] error: sound RolandTR909_hh not found! Is it loaded? background-color: black;color:white;border-radius:15px @ http://localhost:5200/node_modules/.vite/deps/@strudel_web.js?v=271342c3:10
[   37304ms] [LOG] %c[getTrigger] error: sound RolandTR909_oh not found! Is it loaded? background-color: black;color:white;border-radius:15px @ http://localhost:5200/node_modules/.vite/deps/@strudel_web.js?v=271342c3:10
[   37305ms] [LOG] %c[getTrigger] error: sound RolandTR909_hh not found! Is it loaded? background-color: black;color:white;border-radius:15px @ http://localhost:5200/node_modules/.vite/deps/@strudel_web.js?v=271342c3:10
[   37504ms] [LOG] %c[getTrigger] error: sound RolandTR909_bd not found! Is it loaded? background-color: black;color:white;border-radius:15px @ http://localhost:5200/node_modules/.vite/deps/@strudel_web.js?v=271342c3:10
[   37504ms] [LOG] %c[getTrigger] error: sound RolandTR909_hh not found! Is it loaded? background-color: black;color:white;border-radius:15px @ http://localhost:5200/node_modules/.vite/deps/@strudel_web.js?v=271342c3:10
[   37504ms] [LOG] %c[getTrigger] error: sound RolandTR808_rim not found! Is it loaded? background-color: black;color:white;border-radius:15px @ http://localhost:5200/node_modules/.vite/deps/@strudel_web.js?v=271342c3:10
[   37504ms] [LOG] %c[getTrigger] error: sound RolandTR909_hh not found! Is it loaded? background-color: black;color:white;border-radius:15px @ http://localhost:5200/node_modules/.vite/deps/@strudel_web.js?v=271342c3:10
[   37604ms] [LOG] %c[getTrigger] error: sound RolandTR909_oh not found! Is it loaded? background-color: black;color:white;border-radius:15px @ http://localhost:5200/node_modules/.vite/deps/@strudel_web.js?v=271342c3:10
[   37605ms] [LOG] %c[getTrigger] error: sound RolandTR909_hh not found! Is it loaded? background-color: black;color:white;border-radius:15px @ http://localhost:5200/node_modules/.vite/deps/@strudel_web.js?v=271342c3:10
[   37804ms] [LOG] %c[getTrigger] error: sound RolandTR909_bd not found! Is it loaded? background-color: black;color:white;border-radius:15px @ http://localhost:5200/node_modules/.vite/deps/@strudel_web.js?v=271342c3:10
[   37805ms] [LOG] %c[getTrigger] error: sound RolandTR909_hh not found! Is it loaded? background-color: black;color:white;border-radius:15px @ http://localhost:5200/node_modules/.vite/deps/@strudel_web.js?v=271342c3:10
[   37805ms] [LOG] %c[getTrigger] error: sound RolandTR909_cp not found! Is it loaded? background-color: black;color:white;border-radius:15px @ http://localhost:5200/node_modules/.vite/deps/@strudel_web.js?v=271342c3:10
[   37904ms] [LOG] %c[getTrigger] error: sound RolandTR909_hh not found! Is it loaded? background-color: black;color:white;border-radius:15px @ http://localhost:5200/node_modules/.vite/deps/@strudel_web.js?v=271342c3:10
[   38014ms] [LOG] %c[getTrigger] error: sound RolandTR909_oh not found! Is it loaded? background-color: black;color:white;border-radius:15px @ http://localhost:5200/node_modules/.vite/deps/@strudel_web.js?v=271342c3:10
[   38014ms] [LOG] %c[getTrigger] error: sound RolandTR909_hh not found! Is it loaded? background-color: black;color:white;border-radius:15px @ http://localhost:5200/node_modules/.vite/deps/@strudel_web.js?v=271342c3:10
[   38205ms] [LOG] %c[getTrigger] error: sound RolandTR909_bd not found! Is it loaded? background-color: black;color:white;border-radius:15px @ http://localhost:5200/node_modules/.vite/deps/@strudel_web.js?v=271342c3:10
[   38205ms] [LOG] %c[getTrigger] error: sound RolandTR909_hh not found! Is it loaded? background-color: black;color:white;border-radius:15px @ http://localhost:5200/node_modules/.vite/deps/@strudel_web.js?v=271342c3:10
[   38205ms] [LOG] %c[getTrigger] error: sound RolandTR808_rim not found! Is it loaded? background-color: black;color:white;border-radius:15px @ http://localhost:5200/node_modules/.vite/deps/@strudel_web.js?v=271342c3:10
[   38215ms] [LOG] %c[getTrigger] error: sound RolandTR909_hh not found! Is it loaded? background-color: black;color:white;border-radius:15px @ http://localhost:5200/node_modules/.vite/deps/@strudel_web.js?v=271342c3:10
[   38304ms] [LOG] %c[getTrigger] error: sound RolandTR909_oh not found! Is it loaded? background-color: black;color:white;border-radius:15px @ http://localhost:5200/node_modules/.vite/deps/@strudel_web.js?v=271342c3:10
[   38304ms] [LOG] %c[getTrigger] error: sound RolandTR909_hh not found! Is it loaded? background-color: black;color:white;border-radius:15px @ http://localhost:5200/node_modules/.vite/deps/@strudel_web.js?v=271342c3:10
[   38514ms] [LOG] %c[getTrigger] error: sound RolandTR909_bd not found! Is it loaded? background-color: black;color:white;border-radius:15px @ http://localhost:5200/node_modules/.vite/deps/@strudel_web.js?v=271342c3:10
[   38514ms] [LOG] %c[getTrigger] error: sound RolandTR909_hh not found! Is it loaded? background-color: black;color:white;border-radius:15px @ http://localhost:5200/node_modules/.vite/deps/@strudel_web.js?v=271342c3:10
[   38514ms] [LOG] %c[getTrigger] error: sound RolandTR909_cp not found! Is it loaded? background-color: black;color:white;border-radius:15px @ http://localhost:5200/node_modules/.vite/deps/@strudel_web.js?v=271342c3:10
[   38604ms] [LOG] %c[getTrigger] error: sound RolandTR909_hh not found! Is it loaded? background-color: black;color:white;border-radius:15px @ http://localhost:5200/node_modules/.vite/deps/@strudel_web.js?v=271342c3:10
[   38706ms] [LOG] %c[getTrigger] error: sound RolandTR909_oh not found! Is it loaded? background-color: black;color:white;border-radius:15px @ http://localhost:5200/node_modules/.vite/deps/@strudel_web.js?v=271342c3:10
[   38706ms] [LOG] %c[getTrigger] error: sound RolandTR909_hh not found! Is it loaded? background-color: black;color:white;border-radius:15px @ http://localhost:5200/node_modules/.vite/deps/@strudel_web.js?v=271342c3:10
[   38904ms] [LOG] %c[getTrigger] error: sound RolandTR909_bd not found! Is it loaded? background-color: black;color:white;border-radius:15px @ http://localhost:5200/node_modules/.vite/deps/@strudel_web.js?v=271342c3:10
[   38905ms] [LOG] %c[getTrigger] error: sound RolandTR909_hh not found! Is it loaded? background-color: black;color:white;border-radius:15px @ http://localhost:5200/node_modules/.vite/deps/@strudel_web.js?v=271342c3:10
[   39105ms] [LOG] %c[getTrigger] error: sound RolandTR909_oh not found! Is it loaded? background-color: black;color:white;border-radius:15px @ http://localhost:5200/node_modules/.vite/deps/@strudel_web.js?v=271342c3:10
[   39105ms] [LOG] %c[getTrigger] error: sound RolandTR909_hh not found! Is it loaded? background-color: black;color:white;border-radius:15px @ http://localhost:5200/node_modules/.vite/deps/@strudel_web.js?v=271342c3:10
[   39205ms] [LOG] %c[getTrigger] error: sound RolandTR909_bd not found! Is it loaded? background-color: black;color:white;border-radius:15px @ http://localhost:5200/node_modules/.vite/deps/@strudel_web.js?v=271342c3:10
[   39205ms] [LOG] %c[getTrigger] error: sound RolandTR909_hh not found! Is it loaded? background-color: black;color:white;border-radius:15px @ http://localhost:5200/node_modules/.vite/deps/@strudel_web.js?v=271342c3:10
[   39205ms] [LOG] %c[getTrigger] error: sound RolandTR808_rim not found! Is it loaded? background-color: black;color:white;border-radius:15px @ http://localhost:5200/node_modules/.vite/deps/@strudel_web.js?v=271342c3:10
[   39205ms] [LOG] %c[getTrigger] error: sound RolandTR909_cp not found! Is it loaded? background-color: black;color:white;border-radius:15px @ http://localhost:5200/node_modules/.vite/deps/@strudel_web.js?v=271342c3:10
[   39304ms] [LOG] %c[getTrigger] error: sound RolandTR909_hh not found! Is it loaded? background-color: black;color:white;border-radius:15px @ http://localhost:5200/node_modules/.vite/deps/@strudel_web.js?v=271342c3:10
[   39405ms] [LOG] %c[getTrigger] error: sound RolandTR909_oh not found! Is it loaded? background-color: black;color:white;border-radius:15px @ http://localhost:5200/node_modules/.vite/deps/@strudel_web.js?v=271342c3:10
[   39405ms] [LOG] %c[getTrigger] error: sound RolandTR909_hh not found! Is it loaded? background-color: black;color:white;border-radius:15px @ http://localhost:5200/node_modules/.vite/deps/@strudel_web.js?v=271342c3:10
[   39605ms] [LOG] %c[getTrigger] error: sound RolandTR909_bd not found! Is it loaded? background-color: black;color:white;border-radius:15px @ http://localhost:5200/node_modules/.vite/deps/@strudel_web.js?v=271342c3:10
[   39605ms] [LOG] %c[getTrigger] error: sound RolandTR909_hh not found! Is it loaded? background-color: black;color:white;border-radius:15px @ http://localhost:5200/node_modules/.vite/deps/@strudel_web.js?v=271342c3:10
[   39605ms] [LOG] %c[getTrigger] error: sound RolandTR808_rim not found! Is it loaded? background-color: black;color:white;border-radius:15px @ http://localhost:5200/node_modules/.vite/deps/@strudel_web.js?v=271342c3:10
[   39605ms] [LOG] %c[getTrigger] error: sound RolandTR909_hh not found! Is it loaded? background-color: black;color:white;border-radius:15px @ http://localhost:5200/node_modules/.vite/deps/@strudel_web.js?v=271342c3:10
[   39805ms] [LOG] %c[getTrigger] error: sound RolandTR909_oh not found! Is it loaded? background-color: black;color:white;border-radius:15px @ http://localhost:5200/node_modules/.vite/deps/@strudel_web.js?v=271342c3:10
[   39805ms] [LOG] %c[getTrigger] error: sound RolandTR909_hh not found! Is it loaded? background-color: black;color:white;border-radius:15px @ http://localhost:5200/node_modules/.vite/deps/@strudel_web.js?v=271342c3:10
[   39904ms] [LOG] %c[getTrigger] error: sound RolandTR909_bd not found! Is it loaded? background-color: black;color:white;border-radius:15px @ http://localhost:5200/node_modules/.vite/deps/@strudel_web.js?v=271342c3:10
[   39904ms] [LOG] %c[getTrigger] error: sound RolandTR909_hh not found! Is it loaded? background-color: black;color:white;border-radius:15px @ http://localhost:5200/node_modules/.vite/deps/@strudel_web.js?v=271342c3:10
[   39904ms] [LOG] %c[getTrigger] error: sound RolandTR909_cp not found! Is it loaded? background-color: black;color:white;border-radius:15px @ http://localhost:5200/node_modules/.vite/deps/@strudel_web.js?v=271342c3:10
[   40004ms] [LOG] %c[getTrigger] error: sound RolandTR909_hh not found! Is it loaded? background-color: black;color:white;border-radius:15px @ http://localhost:5200/node_modules/.vite/deps/@strudel_web.js?v=271342c3:10
[   40104ms] [LOG] %c[getTrigger] error: sound RolandTR909_oh not found! Is it loaded? background-color: black;color:white;border-radius:15px @ http://localhost:5200/node_modules/.vite/deps/@strudel_web.js?v=271342c3:10
[   40104ms] [LOG] %c[getTrigger] error: sound RolandTR909_hh not found! Is it loaded? background-color: black;color:white;border-radius:15px @ http://localhost:5200/node_modules/.vite/deps/@strudel_web.js?v=271342c3:10
[   40305ms] [LOG] %c[getTrigger] error: sound RolandTR909_bd not found! Is it loaded? background-color: black;color:white;border-radius:15px @ http://localhost:5200/node_modules/.vite/deps/@strudel_web.js?v=271342c3:10
[   40305ms] [LOG] %c[getTrigger] error: sound RolandTR909_hh not found! Is it loaded? background-color: black;color:white;border-radius:15px @ http://localhost:5200/node_modules/.vite/deps/@strudel_web.js?v=271342c3:10
[   40305ms] [LOG] %c[getTrigger] error: sound RolandTR808_rim not found! Is it loaded? background-color: black;color:white;border-radius:15px @ http://localhost:5200/node_modules/.vite/deps/@strudel_web.js?v=271342c3:10
[   40306ms] [LOG] %c[getTrigger] error: sound RolandTR909_hh not found! Is it loaded? background-color: black;color:white;border-radius:15px @ http://localhost:5200/node_modules/.vite/deps/@strudel_web.js?v=271342c3:10
[   40503ms] [LOG] %c[getTrigger] error: sound RolandTR909_oh not found! Is it loaded? background-color: black;color:white;border-radius:15px @ http://localhost:5200/node_modules/.vite/deps/@strudel_web.js?v=271342c3:10
[   40503ms] [LOG] %c[getTrigger] error: sound RolandTR909_hh not found! Is it loaded? background-color: black;color:white;border-radius:15px @ http://localhost:5200/node_modules/.vite/deps/@strudel_web.js?v=271342c3:10
[   40614ms] [LOG] %c[getTrigger] error: sound RolandTR909_bd not found! Is it loaded? background-color: black;color:white;border-radius:15px @ http://localhost:5200/node_modules/.vite/deps/@strudel_web.js?v=271342c3:10
[   40614ms] [LOG] %c[getTrigger] error: sound RolandTR909_hh not found! Is it loaded? background-color: black;color:white;border-radius:15px @ http://localhost:5200/node_modules/.vite/deps/@strudel_web.js?v=271342c3:10
[   40614ms] [LOG] %c[getTrigger] error: sound RolandTR909_cp not found! Is it loaded? background-color: black;color:white;border-radius:15px @ http://localhost:5200/node_modules/.vite/deps/@strudel_web.js?v=271342c3:10
[   40704ms] [LOG] %c[getTrigger] error: sound RolandTR909_hh not found! Is it loaded? background-color: black;color:white;border-radius:15px @ http://localhost:5200/node_modules/.vite/deps/@strudel_web.js?v=271342c3:10
[   40804ms] [LOG] %c[getTrigger] error: sound RolandTR909_oh not found! Is it loaded? background-color: black;color:white;border-radius:15px @ http://localhost:5200/node_modules/.vite/deps/@strudel_web.js?v=271342c3:10
[   40804ms] [LOG] %c[getTrigger] error: sound RolandTR909_hh not found! Is it loaded? background-color: black;color:white;border-radius:15px @ http://localhost:5200/node_modules/.vite/deps/@strudel_web.js?v=271342c3:10
[   41005ms] [LOG] %c[getTrigger] error: sound RolandTR909_bd not found! Is it loaded? background-color: black;color:white;border-radius:15px @ http://localhost:5200/node_modules/.vite/deps/@strudel_web.js?v=271342c3:10
[   41005ms] [LOG] %c[getTrigger] error: sound RolandTR909_hh not found! Is it loaded? background-color: black;color:white;border-radius:15px @ http://localhost:5200/node_modules/.vite/deps/@strudel_web.js?v=271342c3:10
[   41005ms] [LOG] %c[getTrigger] error: sound RolandTR808_rim not found! Is it loaded? background-color: black;color:white;border-radius:15px @ http://localhost:5200/node_modules/.vite/deps/@strudel_web.js?v=271342c3:10
[   41005ms] [LOG] %c[getTrigger] error: sound RolandTR909_hh not found! Is it loaded? background-color: black;color:white;border-radius:15px @ http://localhost:5200/node_modules/.vite/deps/@strudel_web.js?v=271342c3:10
[   41204ms] [LOG] %c[getTrigger] error: sound RolandTR909_oh not found! Is it loaded? background-color: black;color:white;border-radius:15px @ http://localhost:5200/node_modules/.vite/deps/@strudel_web.js?v=271342c3:10
[   41204ms] [LOG] %c[getTrigger] error: sound RolandTR909_hh not found! Is it loaded? background-color: black;color:white;border-radius:15px @ http://localhost:5200/node_modules/.vite/deps/@strudel_web.js?v=271342c3:10
[   41304ms] [LOG] %c[getTrigger] error: sound RolandTR909_bd not found! Is it loaded? background-color: black;color:white;border-radius:15px @ http://localhost:5200/node_modules/.vite/deps/@strudel_web.js?v=271342c3:10
[   41305ms] [LOG] %c[getTrigger] error: sound RolandTR909_hh not found! Is it loaded? background-color: black;color:white;border-radius:15px @ http://localhost:5200/node_modules/.vite/deps/@strudel_web.js?v=271342c3:10
[   41305ms] [LOG] %c[getTrigger] error: sound RolandTR909_cp not found! Is it loaded? background-color: black;color:white;border-radius:15px @ http://localhost:5200/node_modules/.vite/deps/@strudel_web.js?v=271342c3:10
[   41404ms] [LOG] %c[getTrigger] error: sound RolandTR909_hh not found! Is it loaded? background-color: black;color:white;border-radius:15px @ http://localhost:5200/node_modules/.vite/deps/@strudel_web.js?v=271342c3:10
[   41504ms] [LOG] %c[getTrigger] error: sound RolandTR909_oh not found! Is it loaded? background-color: black;color:white;border-radius:15px @ http://localhost:5200/node_modules/.vite/deps/@strudel_web.js?v=271342c3:10
[   41504ms] [LOG] %c[getTrigger] error: sound RolandTR909_hh not found! Is it loaded? background-color: black;color:white;border-radius:15px @ http://localhost:5200/node_modules/.vite/deps/@strudel_web.js?v=271342c3:10
[   41705ms] [LOG] %c[getTrigger] error: sound RolandTR909_bd not found! Is it loaded? background-color: black;color:white;border-radius:15px @ http://localhost:5200/node_modules/.vite/deps/@strudel_web.js?v=271342c3:10
[   41705ms] [LOG] %c[getTrigger] error: sound RolandTR909_hh not found! Is it loaded? background-color: black;color:white;border-radius:15px @ http://localhost:5200/node_modules/.vite/deps/@strudel_web.js?v=271342c3:10
[   41905ms] [LOG] %c[getTrigger] error: sound RolandTR909_oh not found! Is it loaded? background-color: black;color:white;border-radius:15px @ http://localhost:5200/node_modules/.vite/deps/@strudel_web.js?v=271342c3:10
[   41905ms] [LOG] %c[getTrigger] error: sound RolandTR909_hh not found! Is it loaded? background-color: black;color:white;border-radius:15px @ http://localhost:5200/node_modules/.vite/deps/@strudel_web.js?v=271342c3:10
[   42105ms] [LOG] %c[getTrigger] error: sound RolandTR909_bd not found! Is it loaded? background-color: black;color:white;border-radius:15px @ http://localhost:5200/node_modules/.vite/deps/@strudel_web.js?v=271342c3:10
[   42105ms] [LOG] %c[getTrigger] error: sound RolandTR909_hh not found! Is it loaded? background-color: black;color:white;border-radius:15px @ http://localhost:5200/node_modules/.vite/deps/@strudel_web.js?v=271342c3:10
[   42105ms] [LOG] %c[getTrigger] error: sound RolandTR808_rim not found! Is it loaded? background-color: black;color:white;border-radius:15px @ http://localhost:5200/node_modules/.vite/deps/@strudel_web.js?v=271342c3:10
[   42105ms] [LOG] %c[getTrigger] error: sound RolandTR909_cp not found! Is it loaded? background-color: black;color:white;border-radius:15px @ http://localhost:5200/node_modules/.vite/deps/@strudel_web.js?v=271342c3:10
[   42105ms] [LOG] %c[getTrigger] error: sound RolandTR909_hh not found! Is it loaded? background-color: black;color:white;border-radius:15px @ http://localhost:5200/node_modules/.vite/deps/@strudel_web.js?v=271342c3:10
[   42204ms] [LOG] %c[getTrigger] error: sound RolandTR909_oh not found! Is it loaded? background-color: black;color:white;border-radius:15px @ http://localhost:5200/node_modules/.vite/deps/@strudel_web.js?v=271342c3:10
[   42204ms] [LOG] %c[getTrigger] error: sound RolandTR909_hh not found! Is it loaded? background-color: black;color:white;border-radius:15px @ http://localhost:5200/node_modules/.vite/deps/@strudel_web.js?v=271342c3:10
[   42404ms] [LOG] %c[getTrigger] error: sound RolandTR909_bd not found! Is it loaded? background-color: black;color:white;border-radius:15px @ http://localhost:5200/node_modules/.vite/deps/@strudel_web.js?v=271342c3:10
[   42404ms] [LOG] %c[getTrigger] error: sound RolandTR909_hh not found! Is it loaded? background-color: black;color:white;border-radius:15px @ http://localhost:5200/node_modules/.vite/deps/@strudel_web.js?v=271342c3:10
[   42404ms] [LOG] %c[getTrigger] error: sound RolandTR808_rim not found! Is it loaded? background-color: black;color:white;border-radius:15px @ http://localhost:5200/node_modules/.vite/deps/@strudel_web.js?v=271342c3:10
[   42505ms] [LOG] %c[getTrigger] error: sound RolandTR909_hh not found! Is it loaded? background-color: black;color:white;border-radius:15px @ http://localhost:5200/node_modules/.vite/deps/@strudel_web.js?v=271342c3:10
[   42604ms] [LOG] %c[getTrigger] error: sound RolandTR909_oh not found! Is it loaded? background-color: black;color:white;border-radius:15px @ http://localhost:5200/node_modules/.vite/deps/@strudel_web.js?v=271342c3:10
[   42604ms] [LOG] %c[getTrigger] error: sound RolandTR909_hh not found! Is it loaded? background-color: black;color:white;border-radius:15px @ http://localhost:5200/node_modules/.vite/deps/@strudel_web.js?v=271342c3:10
[   42624ms] [LOG] %c[eval] code updated background-color: black;color:white;border-radius:15px @ http://localhost:5200/node_modules/.vite/deps/@strudel_web.js?v=271342c3:10
[   42704ms] [LOG] %c[getTrigger] error: sound RolandTR909_hh not found! Is it loaded? background-color: black;color:white;border-radius:15px @ http://localhost:5200/node_modules/.vite/deps/@strudel_web.js?v=271342c3:10
[   42804ms] [LOG] %c[getTrigger] error: sound RolandTR909_bd not found! Is it loaded? background-color: black;color:white;border-radius:15px @ http://localhost:5200/node_modules/.vite/deps/@strudel_web.js?v=271342c3:10
[   42804ms] [LOG] %c[getTrigger] error: sound RolandTR909_hh not found! Is it loaded? background-color: black;color:white;border-radius:15px @ http://localhost:5200/node_modules/.vite/deps/@strudel_web.js?v=271342c3:10
[   42804ms] [LOG] %c[getTrigger] error: sound RolandTR909_cp not found! Is it loaded? background-color: black;color:white;border-radius:15px @ http://localhost:5200/node_modules/.vite/deps/@strudel_web.js?v=271342c3:10
[   42804ms] [LOG] %c[getTrigger] error: sound RolandTR909_hh not found! Is it loaded? background-color: black;color:white;border-radius:15px @ http://localhost:5200/node_modules/.vite/deps/@strudel_web.js?v=271342c3:10
[   42905ms] [LOG] %c[getTrigger] error: sound RolandTR909_oh not found! Is it loaded? background-color: black;color:white;border-radius:15px @ http://localhost:5200/node_modules/.vite/deps/@strudel_web.js?v=271342c3:10
[   42905ms] [LOG] %c[getTrigger] error: sound RolandTR909_hh not found! Is it loaded? background-color: black;color:white;border-radius:15px @ http://localhost:5200/node_modules/.vite/deps/@strudel_web.js?v=271342c3:10
[   43104ms] [LOG] %c[getTrigger] error: sound RolandTR909_bd not found! Is it loaded? background-color: black;color:white;border-radius:15px @ http://localhost:5200/node_modules/.vite/deps/@strudel_web.js?v=271342c3:10
[   43104ms] [LOG] %c[getTrigger] error: sound RolandTR909_hh not found! Is it loaded? background-color: black;color:white;border-radius:15px @ http://localhost:5200/node_modules/.vite/deps/@strudel_web.js?v=271342c3:10
[   43104ms] [LOG] %c[getTrigger] error: sound RolandTR808_rim not found! Is it loaded? background-color: black;color:white;border-radius:15px @ http://localhost:5200/node_modules/.vite/deps/@strudel_web.js?v=271342c3:10
[   43215ms] [LOG] %c[getTrigger] error: sound RolandTR909_hh not found! Is it loaded? background-color: black;color:white;border-radius:15px @ http://localhost:5200/node_modules/.vite/deps/@strudel_web.js?v=271342c3:10
[   43304ms] [LOG] %c[getTrigger] error: sound RolandTR909_oh not found! Is it loaded? background-color: black;color:white;border-radius:15px @ http://localhost:5200/node_modules/.vite/deps/@strudel_web.js?v=271342c3:10
[   43304ms] [LOG] %c[getTrigger] error: sound RolandTR909_hh not found! Is it loaded? background-color: black;color:white;border-radius:15px @ http://localhost:5200/node_modules/.vite/deps/@strudel_web.js?v=271342c3:10
[   43504ms] [LOG] %c[getTrigger] error: sound RolandTR909_bd not found! Is it loaded? background-color: black;color:white;border-radius:15px @ http://localhost:5200/node_modules/.vite/deps/@strudel_web.js?v=271342c3:10
[   43504ms] [LOG] %c[getTrigger] error: sound RolandTR909_hh not found! Is it loaded? background-color: black;color:white;border-radius:15px @ http://localhost:5200/node_modules/.vite/deps/@strudel_web.js?v=271342c3:10
[   43504ms] [LOG] %c[getTrigger] error: sound RolandTR909_cp not found! Is it loaded? background-color: black;color:white;border-radius:15px @ http://localhost:5200/node_modules/.vite/deps/@strudel_web.js?v=271342c3:10
[   43504ms] [LOG] %c[getTrigger] error: sound RolandTR909_hh not found! Is it loaded? background-color: black;color:white;border-radius:15px @ http://localhost:5200/node_modules/.vite/deps/@strudel_web.js?v=271342c3:10
[   43605ms] [LOG] %c[getTrigger] error: sound RolandTR909_oh not found! Is it loaded? background-color: black;color:white;border-radius:15px @ http://localhost:5200/node_modules/.vite/deps/@strudel_web.js?v=271342c3:10
[   43605ms] [LOG] %c[getTrigger] error: sound RolandTR909_hh not found! Is it loaded? background-color: black;color:white;border-radius:15px @ http://localhost:5200/node_modules/.vite/deps/@strudel_web.js?v=271342c3:10
[   43803ms] [LOG] %c[getTrigger] error: sound RolandTR909_bd not found! Is it loaded? background-color: black;color:white;border-radius:15px @ http://localhost:5200/node_modules/.vite/deps/@strudel_web.js?v=271342c3:10
[   43803ms] [LOG] %c[getTrigger] error: sound RolandTR909_hh not found! Is it loaded? background-color: black;color:white;border-radius:15px @ http://localhost:5200/node_modules/.vite/deps/@strudel_web.js?v=271342c3:10
[   43804ms] [LOG] %c[getTrigger] error: sound RolandTR808_rim not found! Is it loaded? background-color: black;color:white;border-radius:15px @ http://localhost:5200/node_modules/.vite/deps/@strudel_web.js?v=271342c3:10
[   43904ms] [LOG] %c[getTrigger] error: sound RolandTR909_hh not found! Is it loaded? background-color: black;color:white;border-radius:15px @ http://localhost:5200/node_modules/.vite/deps/@strudel_web.js?v=271342c3:10
[   44004ms] [LOG] %c[getTrigger] error: sound RolandTR909_oh not found! Is it loaded? background-color: black;color:white;border-radius:15px @ http://localhost:5200/node_modules/.vite/deps/@strudel_web.js?v=271342c3:10
[   44004ms] [LOG] %c[getTrigger] error: sound RolandTR909_hh not found! Is it loaded? background-color: black;color:white;border-radius:15px @ http://localhost:5200/node_modules/.vite/deps/@strudel_web.js?v=271342c3:10
[   44216ms] [LOG] %c[getTrigger] error: sound RolandTR909_bd not found! Is it loaded? background-color: black;color:white;border-radius:15px @ http://localhost:5200/node_modules/.vite/deps/@strudel_web.js?v=271342c3:10
[   44216ms] [LOG] %c[getTrigger] error: sound RolandTR909_hh not found! Is it loaded? background-color: black;color:white;border-radius:15px @ http://localhost:5200/node_modules/.vite/deps/@strudel_web.js?v=271342c3:10
[   44216ms] [LOG] %c[getTrigger] error: sound RolandTR909_cp not found! Is it loaded? background-color: black;color:white;border-radius:15px @ http://localhost:5200/node_modules/.vite/deps/@strudel_web.js?v=271342c3:10
[   44216ms] [LOG] %c[getTrigger] error: sound RolandTR909_hh not found! Is it loaded? background-color: black;color:white;border-radius:15px @ http://localhost:5200/node_modules/.vite/deps/@strudel_web.js?v=271342c3:10
[   44304ms] [LOG] %c[getTrigger] error: sound RolandTR909_oh not found! Is it loaded? background-color: black;color:white;border-radius:15px @ http://localhost:5200/node_modules/.vite/deps/@strudel_web.js?v=271342c3:10
[   44305ms] [LOG] %c[getTrigger] error: sound RolandTR909_hh not found! Is it loaded? background-color: black;color:white;border-radius:15px @ http://localhost:5200/node_modules/.vite/deps/@strudel_web.js?v=271342c3:10
[   44503ms] [LOG] %c[getTrigger] error: sound RolandTR909_bd not found! Is it loaded? background-color: black;color:white;border-radius:15px @ http://localhost:5200/node_modules/.vite/deps/@strudel_web.js?v=271342c3:10
[   44504ms] [LOG] %c[getTrigger] error: sound RolandTR909_hh not found! Is it loaded? background-color: black;color:white;border-radius:15px @ http://localhost:5200/node_modules/.vite/deps/@strudel_web.js?v=271342c3:10
[   44715ms] [LOG] %c[getTrigger] error: sound RolandTR909_oh not found! Is it loaded? background-color: black;color:white;border-radius:15px @ http://localhost:5200/node_modules/.vite/deps/@strudel_web.js?v=271342c3:10
[   44715ms] [LOG] %c[getTrigger] error: sound RolandTR909_hh not found! Is it loaded? background-color: black;color:white;border-radius:15px @ http://localhost:5200/node_modules/.vite/deps/@strudel_web.js?v=271342c3:10
[   44905ms] [LOG] %c[getTrigger] error: sound RolandTR909_bd not found! Is it loaded? background-color: black;color:white;border-radius:15px @ http://localhost:5200/node_modules/.vite/deps/@strudel_web.js?v=271342c3:10
[   44905ms] [LOG] %c[getTrigger] error: sound RolandTR909_hh not found! Is it loaded? background-color: black;color:white;border-radius:15px @ http://localhost:5200/node_modules/.vite/deps/@strudel_web.js?v=271342c3:10
[   44906ms] [LOG] %c[getTrigger] error: sound RolandTR808_rim not found! Is it loaded? background-color: black;color:white;border-radius:15px @ http://localhost:5200/node_modules/.vite/deps/@strudel_web.js?v=271342c3:10
[   44906ms] [LOG] %c[getTrigger] error: sound RolandTR909_cp not found! Is it loaded? background-color: black;color:white;border-radius:15px @ http://localhost:5200/node_modules/.vite/deps/@strudel_web.js?v=271342c3:10
[   44906ms] [LOG] %c[getTrigger] error: sound RolandTR909_hh not found! Is it loaded? background-color: black;color:white;border-radius:15px @ http://localhost:5200/node_modules/.vite/deps/@strudel_web.js?v=271342c3:10
[   45104ms] [LOG] %c[getTrigger] error: sound RolandTR909_oh not found! Is it loaded? background-color: black;color:white;border-radius:15px @ http://localhost:5200/node_modules/.vite/deps/@strudel_web.js?v=271342c3:10
[   45104ms] [LOG] %c[getTrigger] error: sound RolandTR909_hh not found! Is it loaded? background-color: black;color:white;border-radius:15px @ http://localhost:5200/node_modules/.vite/deps/@strudel_web.js?v=271342c3:10
[   45204ms] [LOG] %c[getTrigger] error: sound RolandTR909_bd not found! Is it loaded? background-color: black;color:white;border-radius:15px @ http://localhost:5200/node_modules/.vite/deps/@strudel_web.js?v=271342c3:10
[   45205ms] [LOG] %c[getTrigger] error: sound RolandTR909_hh not found! Is it loaded? background-color: black;color:white;border-radius:15px @ http://localhost:5200/node_modules/.vite/deps/@strudel_web.js?v=271342c3:10
[   45205ms] [LOG] %c[getTrigger] error: sound RolandTR808_rim not found! Is it loaded? background-color: black;color:white;border-radius:15px @ http://localhost:5200/node_modules/.vite/deps/@strudel_web.js?v=271342c3:10
[   45304ms] [LOG] %c[getTrigger] error: sound RolandTR909_hh not found! Is it loaded? background-color: black;color:white;border-radius:15px @ http://localhost:5200/node_modules/.vite/deps/@strudel_web.js?v=271342c3:10
[   45404ms] [LOG] %c[getTrigger] error: sound RolandTR909_oh not found! Is it loaded? background-color: black;color:white;border-radius:15px @ http://localhost:5200/node_modules/.vite/deps/@strudel_web.js?v=271342c3:10
[   45404ms] [LOG] %c[getTrigger] error: sound RolandTR909_hh not found! Is it loaded? background-color: black;color:white;border-radius:15px @ http://localhost:5200/node_modules/.vite/deps/@strudel_web.js?v=271342c3:10
[   45444ms] [LOG] %c[eval] code updated background-color: black;color:white;border-radius:15px @ http://localhost:5200/node_modules/.vite/deps/@strudel_web.js?v=271342c3:10
[   45504ms] [LOG] %c[getTrigger] error: sound RolandTR909_hh not found! Is it loaded? background-color: black;color:white;border-radius:15px @ http://localhost:5200/node_modules/.vite/deps/@strudel_web.js?v=271342c3:10
[   45604ms] [LOG] %c[getTrigger] error: sound RolandTR909_bd not found! Is it loaded? background-color: black;color:white;border-radius:15px @ http://localhost:5200/node_modules/.vite/deps/@strudel_web.js?v=271342c3:10
[   45604ms] [LOG] %c[getTrigger] error: sound RolandTR909_hh not found! Is it loaded? background-color: black;color:white;border-radius:15px @ http://localhost:5200/node_modules/.vite/deps/@strudel_web.js?v=271342c3:10
[   45604ms] [LOG] %c[getTrigger] error: sound RolandTR909_cp not found! Is it loaded? background-color: black;color:white;border-radius:15px @ http://localhost:5200/node_modules/.vite/deps/@strudel_web.js?v=271342c3:10
[   45604ms] [LOG] %c[getTrigger] error: sound RolandTR808_sd not found! Is it loaded? background-color: black;color:white;border-radius:15px @ http://localhost:5200/node_modules/.vite/deps/@strudel_web.js?v=271342c3:10
[   45604ms] [LOG] %c[getTrigger] error: sound RolandTR909_hh not found! Is it loaded? background-color: black;color:white;border-radius:15px @ http://localhost:5200/node_modules/.vite/deps/@strudel_web.js?v=271342c3:10
[   45804ms] [LOG] %c[getTrigger] error: sound RolandTR909_oh not found! Is it loaded? background-color: black;color:white;border-radius:15px @ http://localhost:5200/node_modules/.vite/deps/@strudel_web.js?v=271342c3:10
[   45804ms] [LOG] %c[getTrigger] error: sound RolandTR909_hh not found! Is it loaded? background-color: black;color:white;border-radius:15px @ http://localhost:5200/node_modules/.vite/deps/@strudel_web.js?v=271342c3:10
[   45905ms] [LOG] %c[getTrigger] error: sound RolandTR909_bd not found! Is it loaded? background-color: black;color:white;border-radius:15px @ http://localhost:5200/node_modules/.vite/deps/@strudel_web.js?v=271342c3:10
[   45905ms] [LOG] %c[getTrigger] error: sound RolandTR909_hh not found! Is it loaded? background-color: black;color:white;border-radius:15px @ http://localhost:5200/node_modules/.vite/deps/@strudel_web.js?v=271342c3:10
[   45905ms] [LOG] %c[getTrigger] error: sound RolandTR808_rim not found! Is it loaded? background-color: black;color:white;border-radius:15px @ http://localhost:5200/node_modules/.vite/deps/@strudel_web.js?v=271342c3:10
[   46004ms] [LOG] %c[getTrigger] error: sound RolandTR909_hh not found! Is it loaded? background-color: black;color:white;border-radius:15px @ http://localhost:5200/node_modules/.vite/deps/@strudel_web.js?v=271342c3:10
[   46104ms] [LOG] %c[getTrigger] error: sound RolandTR909_oh not found! Is it loaded? background-color: black;color:white;border-radius:15px @ http://localhost:5200/node_modules/.vite/deps/@strudel_web.js?v=271342c3:10
[   46104ms] [LOG] %c[getTrigger] error: sound RolandTR909_hh not found! Is it loaded? background-color: black;color:white;border-radius:15px @ http://localhost:5200/node_modules/.vite/deps/@strudel_web.js?v=271342c3:10
[   46304ms] [LOG] %c[getTrigger] error: sound RolandTR909_bd not found! Is it loaded? background-color: black;color:white;border-radius:15px @ http://localhost:5200/node_modules/.vite/deps/@strudel_web.js?v=271342c3:10
[   46304ms] [LOG] %c[getTrigger] error: sound RolandTR909_hh not found! Is it loaded? background-color: black;color:white;border-radius:15px @ http://localhost:5200/node_modules/.vite/deps/@strudel_web.js?v=271342c3:10
[   46304ms] [LOG] %c[getTrigger] error: sound RolandTR909_cp not found! Is it loaded? background-color: black;color:white;border-radius:15px @ http://localhost:5200/node_modules/.vite/deps/@strudel_web.js?v=271342c3:10
[   46304ms] [LOG] %c[getTrigger] error: sound RolandTR909_hh not found! Is it loaded? background-color: black;color:white;border-radius:15px @ http://localhost:5200/node_modules/.vite/deps/@strudel_web.js?v=271342c3:10
[   46304ms] [LOG] %c[getTrigger] error: sound RolandTR808_sd not found! Is it loaded? background-color: black;color:white;border-radius:15px @ http://localhost:5200/node_modules/.vite/deps/@strudel_web.js?v=271342c3:10
[   46403ms] [LOG] %c[getTrigger] error: sound RolandTR909_hh not found! Is it loaded? background-color: black;color:white;border-radius:15px @ http://localhost:5200/node_modules/.vite/deps/@strudel_web.js?v=271342c3:10
[   46504ms] [LOG] %c[getTrigger] error: sound RolandTR909_oh not found! Is it loaded? background-color: black;color:white;border-radius:15px @ http://localhost:5200/node_modules/.vite/deps/@strudel_web.js?v=271342c3:10
[   46504ms] [LOG] %c[getTrigger] error: sound RolandTR909_hh not found! Is it loaded? background-color: black;color:white;border-radius:15px @ http://localhost:5200/node_modules/.vite/deps/@strudel_web.js?v=271342c3:10
[   46605ms] [LOG] %c[getTrigger] error: sound RolandTR909_bd not found! Is it loaded? background-color: black;color:white;border-radius:15px @ http://localhost:5200/node_modules/.vite/deps/@strudel_web.js?v=271342c3:10
[   46605ms] [LOG] %c[getTrigger] error: sound RolandTR909_hh not found! Is it loaded? background-color: black;color:white;border-radius:15px @ http://localhost:5200/node_modules/.vite/deps/@strudel_web.js?v=271342c3:10
[   46605ms] [LOG] %c[getTrigger] error: sound RolandTR808_rim not found! Is it loaded? background-color: black;color:white;border-radius:15px @ http://localhost:5200/node_modules/.vite/deps/@strudel_web.js?v=271342c3:10
[   46704ms] [LOG] %c[getTrigger] error: sound RolandTR909_hh not found! Is it loaded? background-color: black;color:white;border-radius:15px @ http://localhost:5200/node_modules/.vite/deps/@strudel_web.js?v=271342c3:10
[   46816ms] [LOG] %c[getTrigger] error: sound RolandTR909_oh not found! Is it loaded? background-color: black;color:white;border-radius:15px @ http://localhost:5200/node_modules/.vite/deps/@strudel_web.js?v=271342c3:10
[   46816ms] [LOG] %c[getTrigger] error: sound RolandTR909_hh not found! Is it loaded? background-color: black;color:white;border-radius:15px @ http://localhost:5200/node_modules/.vite/deps/@strudel_web.js?v=271342c3:10
[   47004ms] [LOG] %c[getTrigger] error: sound RolandTR909_bd not found! Is it loaded? background-color: black;color:white;border-radius:15px @ http://localhost:5200/node_modules/.vite/deps/@strudel_web.js?v=271342c3:10
[   47005ms] [LOG] %c[getTrigger] error: sound RolandTR909_hh not found! Is it loaded? background-color: black;color:white;border-radius:15px @ http://localhost:5200/node_modules/.vite/deps/@strudel_web.js?v=271342c3:10
[   47005ms] [LOG] %c[getTrigger] error: sound RolandTR909_cp not found! Is it loaded? background-color: black;color:white;border-radius:15px @ http://localhost:5200/node_modules/.vite/deps/@strudel_web.js?v=271342c3:10
[   47005ms] [LOG] %c[getTrigger] error: sound RolandTR909_hh not found! Is it loaded? background-color: black;color:white;border-radius:15px @ http://localhost:5200/node_modules/.vite/deps/@strudel_web.js?v=271342c3:10
[   47005ms] [LOG] %c[getTrigger] error: sound RolandTR808_sd not found! Is it loaded? background-color: black;color:white;border-radius:15px @ http://localhost:5200/node_modules/.vite/deps/@strudel_web.js?v=271342c3:10
[   47104ms] [LOG] %c[getTrigger] error: sound RolandTR909_hh not found! Is it loaded? background-color: black;color:white;border-radius:15px @ http://localhost:5200/node_modules/.vite/deps/@strudel_web.js?v=271342c3:10
[   47205ms] [LOG] %c[getTrigger] error: sound RolandTR909_oh not found! Is it loaded? background-color: black;color:white;border-radius:15px @ http://localhost:5200/node_modules/.vite/deps/@strudel_web.js?v=271342c3:10
[   47205ms] [LOG] %c[getTrigger] error: sound RolandTR909_hh not found! Is it loaded? background-color: black;color:white;border-radius:15px @ http://localhost:5200/node_modules/.vite/deps/@strudel_web.js?v=271342c3:10
[   47316ms] [LOG] %c[getTrigger] error: sound RolandTR909_bd not found! Is it loaded? background-color: black;color:white;border-radius:15px @ http://localhost:5200/node_modules/.vite/deps/@strudel_web.js?v=271342c3:10
[   47316ms] [LOG] %c[getTrigger] error: sound RolandTR909_hh not found! Is it loaded? background-color: black;color:white;border-radius:15px @ http://localhost:5200/node_modules/.vite/deps/@strudel_web.js?v=271342c3:10
[   47504ms] [LOG] %c[getTrigger] error: sound RolandTR909_oh not found! Is it loaded? background-color: black;color:white;border-radius:15px @ http://localhost:5200/node_modules/.vite/deps/@strudel_web.js?v=271342c3:10
[   47505ms] [LOG] %c[getTrigger] error: sound RolandTR909_hh not found! Is it loaded? background-color: black;color:white;border-radius:15px @ http://localhost:5200/node_modules/.vite/deps/@strudel_web.js?v=271342c3:10
[   47705ms] [LOG] %c[getTrigger] error: sound RolandTR909_bd not found! Is it loaded? background-color: black;color:white;border-radius:15px @ http://localhost:5200/node_modules/.vite/deps/@strudel_web.js?v=271342c3:10
[   47705ms] [LOG] %c[getTrigger] error: sound RolandTR909_hh not found! Is it loaded? background-color: black;color:white;border-radius:15px @ http://localhost:5200/node_modules/.vite/deps/@strudel_web.js?v=271342c3:10
[   47705ms] [LOG] %c[getTrigger] error: sound RolandTR808_rim not found! Is it loaded? background-color: black;color:white;border-radius:15px @ http://localhost:5200/node_modules/.vite/deps/@strudel_web.js?v=271342c3:10
[   47705ms] [LOG] %c[getTrigger] error: sound RolandTR909_cp not found! Is it loaded? background-color: black;color:white;border-radius:15px @ http://localhost:5200/node_modules/.vite/deps/@strudel_web.js?v=271342c3:10
[   47705ms] [LOG] %c[getTrigger] error: sound RolandTR909_hh not found! Is it loaded? background-color: black;color:white;border-radius:15px @ http://localhost:5200/node_modules/.vite/deps/@strudel_web.js?v=271342c3:10
[   47705ms] [LOG] %c[getTrigger] error: sound RolandTR808_sd not found! Is it loaded? background-color: black;color:white;border-radius:15px @ http://localhost:5200/node_modules/.vite/deps/@strudel_web.js?v=271342c3:10
[   47816ms] [LOG] %c[getTrigger] error: sound RolandTR909_hh not found! Is it loaded? background-color: black;color:white;border-radius:15px @ http://localhost:5200/node_modules/.vite/deps/@strudel_web.js?v=271342c3:10
[   47904ms] [LOG] %c[getTrigger] error: sound RolandTR909_oh not found! Is it loaded? background-color: black;color:white;border-radius:15px @ http://localhost:5200/node_modules/.vite/deps/@strudel_web.js?v=271342c3:10
[   47904ms] [LOG] %c[getTrigger] error: sound RolandTR909_hh not found! Is it loaded? background-color: black;color:white;border-radius:15px @ http://localhost:5200/node_modules/.vite/deps/@strudel_web.js?v=271342c3:10
[   48105ms] [LOG] %c[getTrigger] error: sound RolandTR909_bd not found! Is it loaded? background-color: black;color:white;border-radius:15px @ http://localhost:5200/node_modules/.vite/deps/@strudel_web.js?v=271342c3:10
[   48105ms] [LOG] %c[getTrigger] error: sound RolandTR909_hh not found! Is it loaded? background-color: black;color:white;border-radius:15px @ http://localhost:5200/node_modules/.vite/deps/@strudel_web.js?v=271342c3:10
[   48106ms] [LOG] %c[getTrigger] error: sound RolandTR808_rim not found! Is it loaded? background-color: black;color:white;border-radius:15px @ http://localhost:5200/node_modules/.vite/deps/@strudel_web.js?v=271342c3:10
[   48106ms] [LOG] %c[getTrigger] error: sound RolandTR909_hh not found! Is it loaded? background-color: black;color:white;border-radius:15px @ http://localhost:5200/node_modules/.vite/deps/@strudel_web.js?v=271342c3:10
[   48205ms] [LOG] %c[getTrigger] error: sound RolandTR909_oh not found! Is it loaded? background-color: black;color:white;border-radius:15px @ http://localhost:5200/node_modules/.vite/deps/@strudel_web.js?v=271342c3:10
[   48205ms] [LOG] %c[getTrigger] error: sound RolandTR909_hh not found! Is it loaded? background-color: black;color:white;border-radius:15px @ http://localhost:5200/node_modules/.vite/deps/@strudel_web.js?v=271342c3:10
[   48405ms] [LOG] %c[getTrigger] error: sound RolandTR909_bd not found! Is it loaded? background-color: black;color:white;border-radius:15px @ http://localhost:5200/node_modules/.vite/deps/@strudel_web.js?v=271342c3:10
[   48405ms] [LOG] %c[getTrigger] error: sound RolandTR909_hh not found! Is it loaded? background-color: black;color:white;border-radius:15px @ http://localhost:5200/node_modules/.vite/deps/@strudel_web.js?v=271342c3:10
[   48405ms] [LOG] %c[getTrigger] error: sound RolandTR909_cp not found! Is it loaded? background-color: black;color:white;border-radius:15px @ http://localhost:5200/node_modules/.vite/deps/@strudel_web.js?v=271342c3:10
[   48405ms] [LOG] %c[getTrigger] error: sound RolandTR808_sd not found! Is it loaded? background-color: black;color:white;border-radius:15px @ http://localhost:5200/node_modules/.vite/deps/@strudel_web.js?v=271342c3:10
[   48505ms] [LOG] %c[getTrigger] error: sound RolandTR909_hh not found! Is it loaded? background-color: black;color:white;border-radius:15px @ http://localhost:5200/node_modules/.vite/deps/@strudel_web.js?v=271342c3:10
[   48605ms] [LOG] %c[getTrigger] error: sound RolandTR909_oh not found! Is it loaded? background-color: black;color:white;border-radius:15px @ http://localhost:5200/node_modules/.vite/deps/@strudel_web.js?v=271342c3:10
[   48605ms] [LOG] %c[getTrigger] error: sound RolandTR909_hh not found! Is it loaded? background-color: black;color:white;border-radius:15px @ http://localhost:5200/node_modules/.vite/deps/@strudel_web.js?v=271342c3:10
[   48805ms] [LOG] %c[getTrigger] error: sound RolandTR909_bd not found! Is it loaded? background-color: black;color:white;border-radius:15px @ http://localhost:5200/node_modules/.vite/deps/@strudel_web.js?v=271342c3:10
[   48805ms] [LOG] %c[getTrigger] error: sound RolandTR909_hh not found! Is it loaded? background-color: black;color:white;border-radius:15px @ http://localhost:5200/node_modules/.vite/deps/@strudel_web.js?v=271342c3:10
[   48805ms] [LOG] %c[getTrigger] error: sound RolandTR808_rim not found! Is it loaded? background-color: black;color:white;border-radius:15px @ http://localhost:5200/node_modules/.vite/deps/@strudel_web.js?v=271342c3:10
[   48805ms] [LOG] %c[getTrigger] error: sound RolandTR909_hh not found! Is it loaded? background-color: black;color:white;border-radius:15px @ http://localhost:5200/node_modules/.vite/deps/@strudel_web.js?v=271342c3:10
[   48905ms] [LOG] %c[getTrigger] error: sound RolandTR909_oh not found! Is it loaded? background-color: black;color:white;border-radius:15px @ http://localhost:5200/node_modules/.vite/deps/@strudel_web.js?v=271342c3:10
[   48905ms] [LOG] %c[getTrigger] error: sound RolandTR909_hh not found! Is it loaded? background-color: black;color:white;border-radius:15px @ http://localhost:5200/node_modules/.vite/deps/@strudel_web.js?v=271342c3:10
[   49105ms] [LOG] %c[getTrigger] error: sound RolandTR909_bd not found! Is it loaded? background-color: black;color:white;border-radius:15px @ http://localhost:5200/node_modules/.vite/deps/@strudel_web.js?v=271342c3:10
[   49105ms] [LOG] %c[getTrigger] error: sound RolandTR909_hh not found! Is it loaded? background-color: black;color:white;border-radius:15px @ http://localhost:5200/node_modules/.vite/deps/@strudel_web.js?v=271342c3:10
[   49105ms] [LOG] %c[getTrigger] error: sound RolandTR909_cp not found! Is it loaded? background-color: black;color:white;border-radius:15px @ http://localhost:5200/node_modules/.vite/deps/@strudel_web.js?v=271342c3:10
[   49105ms] [LOG] %c[getTrigger] error: sound RolandTR808_sd not found! Is it loaded? background-color: black;color:white;border-radius:15px @ http://localhost:5200/node_modules/.vite/deps/@strudel_web.js?v=271342c3:10
[   49204ms] [LOG] %c[getTrigger] error: sound RolandTR909_hh not found! Is it loaded? background-color: black;color:white;border-radius:15px @ http://localhost:5200/node_modules/.vite/deps/@strudel_web.js?v=271342c3:10
[   49304ms] [LOG] %c[getTrigger] error: sound RolandTR909_oh not found! Is it loaded? background-color: black;color:white;border-radius:15px @ http://localhost:5200/node_modules/.vite/deps/@strudel_web.js?v=271342c3:10
[   49304ms] [LOG] %c[getTrigger] error: sound RolandTR909_hh not found! Is it loaded? background-color: black;color:white;border-radius:15px @ http://localhost:5200/node_modules/.vite/deps/@strudel_web.js?v=271342c3:10
[   49505ms] [LOG] %c[getTrigger] error: sound RolandTR909_bd not found! Is it loaded? background-color: black;color:white;border-radius:15px @ http://localhost:5200/node_modules/.vite/deps/@strudel_web.js?v=271342c3:10
[   49506ms] [LOG] %c[getTrigger] error: sound RolandTR909_hh not found! Is it loaded? background-color: black;color:white;border-radius:15px @ http://localhost:5200/node_modules/.vite/deps/@strudel_web.js?v=271342c3:10
[   49506ms] [LOG] %c[getTrigger] error: sound RolandTR808_rim not found! Is it loaded? background-color: black;color:white;border-radius:15px @ http://localhost:5200/node_modules/.vite/deps/@strudel_web.js?v=271342c3:10
[   49506ms] [LOG] %c[getTrigger] error: sound RolandTR909_hh not found! Is it loaded? background-color: black;color:white;border-radius:15px @ http://localhost:5200/node_modules/.vite/deps/@strudel_web.js?v=271342c3:10
[   49605ms] [LOG] %c[getTrigger] error: sound RolandTR909_oh not found! Is it loaded? background-color: black;color:white;border-radius:15px @ http://localhost:5200/node_modules/.vite/deps/@strudel_web.js?v=271342c3:10
[   49605ms] [LOG] %c[getTrigger] error: sound RolandTR909_hh not found! Is it loaded? background-color: black;color:white;border-radius:15px @ http://localhost:5200/node_modules/.vite/deps/@strudel_web.js?v=271342c3:10
[   49805ms] [LOG] %c[getTrigger] error: sound RolandTR909_bd not found! Is it loaded? background-color: black;color:white;border-radius:15px @ http://localhost:5200/node_modules/.vite/deps/@strudel_web.js?v=271342c3:10
[   49805ms] [LOG] %c[getTrigger] error: sound RolandTR909_hh not found! Is it loaded? background-color: black;color:white;border-radius:15px @ http://localhost:5200/node_modules/.vite/deps/@strudel_web.js?v=271342c3:10
[   49805ms] [LOG] %c[getTrigger] error: sound RolandTR909_cp not found! Is it loaded? background-color: black;color:white;border-radius:15px @ http://localhost:5200/node_modules/.vite/deps/@strudel_web.js?v=271342c3:10
[   49805ms] [LOG] %c[getTrigger] error: sound RolandTR808_sd not found! Is it loaded? background-color: black;color:white;border-radius:15px @ http://localhost:5200/node_modules/.vite/deps/@strudel_web.js?v=271342c3:10
[   49918ms] [LOG] %c[getTrigger] error: sound RolandTR909_hh not found! Is it loaded? background-color: black;color:white;border-radius:15px @ http://localhost:5200/node_modules/.vite/deps/@strudel_web.js?v=271342c3:10
[   49918ms] [LOG] %c[getTrigger] error: sound RolandTR909_oh not found! Is it loaded? background-color: black;color:white;border-radius:15px @ http://localhost:5200/node_modules/.vite/deps/@strudel_web.js?v=271342c3:10
[   49918ms] [LOG] %c[getTrigger] error: sound RolandTR909_hh not found! Is it loaded? background-color: black;color:white;border-radius:15px @ http://localhost:5200/node_modules/.vite/deps/@strudel_web.js?v=271342c3:10
[   50204ms] [LOG] %c[getTrigger] error: sound RolandTR909_bd not found! Is it loaded? background-color: black;color:white;border-radius:15px @ http://localhost:5200/node_modules/.vite/deps/@strudel_web.js?v=271342c3:10
[   50204ms] [LOG] %c[getTrigger] error: sound RolandTR909_hh not found! Is it loaded? background-color: black;color:white;border-radius:15px @ http://localhost:5200/node_modules/.vite/deps/@strudel_web.js?v=271342c3:10
[   50304ms] [LOG] %c[getTrigger] error: sound RolandTR909_oh not found! Is it loaded? background-color: black;color:white;border-radius:15px @ http://localhost:5200/node_modules/.vite/deps/@strudel_web.js?v=271342c3:10
[   50305ms] [LOG] %c[getTrigger] error: sound RolandTR909_hh not found! Is it loaded? background-color: black;color:white;border-radius:15px @ http://localhost:5200/node_modules/.vite/deps/@strudel_web.js?v=271342c3:10
[   50504ms] [LOG] %c[getTrigger] error: sound RolandTR909_bd not found! Is it loaded? background-color: black;color:white;border-radius:15px @ http://localhost:5200/node_modules/.vite/deps/@strudel_web.js?v=271342c3:10
[   50505ms] [LOG] %c[getTrigger] error: sound RolandTR909_hh not found! Is it loaded? background-color: black;color:white;border-radius:15px @ http://localhost:5200/node_modules/.vite/deps/@strudel_web.js?v=271342c3:10
[   50505ms] [LOG] %c[getTrigger] error: sound RolandTR808_rim not found! Is it loaded? background-color: black;color:white;border-radius:15px @ http://localhost:5200/node_modules/.vite/deps/@strudel_web.js?v=271342c3:10
[   50505ms] [LOG] %c[getTrigger] error: sound RolandTR909_cp not found! Is it loaded? background-color: black;color:white;border-radius:15px @ http://localhost:5200/node_modules/.vite/deps/@strudel_web.js?v=271342c3:10
[   50505ms] [LOG] %c[getTrigger] error: sound RolandTR808_sd not found! Is it loaded? background-color: black;color:white;border-radius:15px @ http://localhost:5200/node_modules/.vite/deps/@strudel_web.js?v=271342c3:10
[   50604ms] [LOG] %c[getTrigger] error: sound RolandTR909_hh not found! Is it loaded? background-color: black;color:white;border-radius:15px @ http://localhost:5200/node_modules/.vite/deps/@strudel_web.js?v=271342c3:10
[   50704ms] [LOG] %c[getTrigger] error: sound RolandTR909_oh not found! Is it loaded? background-color: black;color:white;border-radius:15px @ http://localhost:5200/node_modules/.vite/deps/@strudel_web.js?v=271342c3:10
[   50704ms] [LOG] %c[getTrigger] error: sound RolandTR909_hh not found! Is it loaded? background-color: black;color:white;border-radius:15px @ http://localhost:5200/node_modules/.vite/deps/@strudel_web.js?v=271342c3:10
[   50905ms] [LOG] %c[getTrigger] error: sound RolandTR909_bd not found! Is it loaded? background-color: black;color:white;border-radius:15px @ http://localhost:5200/node_modules/.vite/deps/@strudel_web.js?v=271342c3:10
[   50906ms] [LOG] %c[getTrigger] error: sound RolandTR909_hh not found! Is it loaded? background-color: black;color:white;border-radius:15px @ http://localhost:5200/node_modules/.vite/deps/@strudel_web.js?v=271342c3:10
[   50906ms] [LOG] %c[getTrigger] error: sound RolandTR808_rim not found! Is it loaded? background-color: black;color:white;border-radius:15px @ http://localhost:5200/node_modules/.vite/deps/@strudel_web.js?v=271342c3:10
[   50906ms] [LOG] %c[getTrigger] error: sound RolandTR909_hh not found! Is it loaded? background-color: black;color:white;border-radius:15px @ http://localhost:5200/node_modules/.vite/deps/@strudel_web.js?v=271342c3:10
[   51104ms] [LOG] %c[getTrigger] error: sound RolandTR909_oh not found! Is it loaded? background-color: black;color:white;border-radius:15px @ http://localhost:5200/node_modules/.vite/deps/@strudel_web.js?v=271342c3:10
[   51105ms] [LOG] %c[getTrigger] error: sound RolandTR909_hh not found! Is it loaded? background-color: black;color:white;border-radius:15px @ http://localhost:5200/node_modules/.vite/deps/@strudel_web.js?v=271342c3:10
[   51204ms] [LOG] %c[getTrigger] error: sound RolandTR909_bd not found! Is it loaded? background-color: black;color:white;border-radius:15px @ http://localhost:5200/node_modules/.vite/deps/@strudel_web.js?v=271342c3:10
[   51204ms] [LOG] %c[getTrigger] error: sound RolandTR909_hh not found! Is it loaded? background-color: black;color:white;border-radius:15px @ http://localhost:5200/node_modules/.vite/deps/@strudel_web.js?v=271342c3:10
[   51204ms] [LOG] %c[getTrigger] error: sound RolandTR909_cp not found! Is it loaded? background-color: black;color:white;border-radius:15px @ http://localhost:5200/node_modules/.vite/deps/@strudel_web.js?v=271342c3:10
[   51204ms] [LOG] %c[getTrigger] error: sound RolandTR808_sd not found! Is it loaded? background-color: black;color:white;border-radius:15px @ http://localhost:5200/node_modules/.vite/deps/@strudel_web.js?v=271342c3:10
[   51304ms] [LOG] %c[getTrigger] error: sound RolandTR909_hh not found! Is it loaded? background-color: black;color:white;border-radius:15px @ http://localhost:5200/node_modules/.vite/deps/@strudel_web.js?v=271342c3:10
[   51404ms] [LOG] %c[getTrigger] error: sound RolandTR909_oh not found! Is it loaded? background-color: black;color:white;border-radius:15px @ http://localhost:5200/node_modules/.vite/deps/@strudel_web.js?v=271342c3:10
[   51405ms] [LOG] %c[getTrigger] error: sound RolandTR909_hh not found! Is it loaded? background-color: black;color:white;border-radius:15px @ http://localhost:5200/node_modules/.vite/deps/@strudel_web.js?v=271342c3:10
[   51604ms] [LOG] %c[getTrigger] error: sound RolandTR909_bd not found! Is it loaded? background-color: black;color:white;border-radius:15px @ http://localhost:5200/node_modules/.vite/deps/@strudel_web.js?v=271342c3:10
[   51605ms] [LOG] %c[getTrigger] error: sound RolandTR909_hh not found! Is it loaded? background-color: black;color:white;border-radius:15px @ http://localhost:5200/node_modules/.vite/deps/@strudel_web.js?v=271342c3:10
[   51605ms] [LOG] %c[getTrigger] error: sound RolandTR808_rim not found! Is it loaded? background-color: black;color:white;border-radius:15px @ http://localhost:5200/node_modules/.vite/deps/@strudel_web.js?v=271342c3:10
[   51605ms] [LOG] %c[getTrigger] error: sound RolandTR909_hh not found! Is it loaded? background-color: black;color:white;border-radius:15px @ http://localhost:5200/node_modules/.vite/deps/@strudel_web.js?v=271342c3:10
[   51804ms] [LOG] %c[getTrigger] error: sound RolandTR909_oh not found! Is it loaded? background-color: black;color:white;border-radius:15px @ http://localhost:5200/node_modules/.vite/deps/@strudel_web.js?v=271342c3:10
[   51804ms] [LOG] %c[getTrigger] error: sound RolandTR909_hh not found! Is it loaded? background-color: black;color:white;border-radius:15px @ http://localhost:5200/node_modules/.vite/deps/@strudel_web.js?v=271342c3:10
[   51905ms] [LOG] %c[getTrigger] error: sound RolandTR909_bd not found! Is it loaded? background-color: black;color:white;border-radius:15px @ http://localhost:5200/node_modules/.vite/deps/@strudel_web.js?v=271342c3:10
[   51905ms] [LOG] %c[getTrigger] error: sound RolandTR909_hh not found! Is it loaded? background-color: black;color:white;border-radius:15px @ http://localhost:5200/node_modules/.vite/deps/@strudel_web.js?v=271342c3:10
[   51905ms] [LOG] %c[getTrigger] error: sound RolandTR909_cp not found! Is it loaded? background-color: black;color:white;border-radius:15px @ http://localhost:5200/node_modules/.vite/deps/@strudel_web.js?v=271342c3:10
[   51905ms] [LOG] %c[getTrigger] error: sound RolandTR808_sd not found! Is it loaded? background-color: black;color:white;border-radius:15px @ http://localhost:5200/node_modules/.vite/deps/@strudel_web.js?v=271342c3:10
[   52018ms] [LOG] %c[getTrigger] error: sound RolandTR909_hh not found! Is it loaded? background-color: black;color:white;border-radius:15px @ http://localhost:5200/node_modules/.vite/deps/@strudel_web.js?v=271342c3:10
[   52104ms] [LOG] %c[getTrigger] error: sound RolandTR909_oh not found! Is it loaded? background-color: black;color:white;border-radius:15px @ http://localhost:5200/node_modules/.vite/deps/@strudel_web.js?v=271342c3:10
[   52104ms] [LOG] %c[getTrigger] error: sound RolandTR909_hh not found! Is it loaded? background-color: black;color:white;border-radius:15px @ http://localhost:5200/node_modules/.vite/deps/@strudel_web.js?v=271342c3:10
[   52304ms] [LOG] %c[getTrigger] error: sound RolandTR909_bd not found! Is it loaded? background-color: black;color:white;border-radius:15px @ http://localhost:5200/node_modules/.vite/deps/@strudel_web.js?v=271342c3:10
[   52305ms] [LOG] %c[getTrigger] error: sound RolandTR909_hh not found! Is it loaded? background-color: black;color:white;border-radius:15px @ http://localhost:5200/node_modules/.vite/deps/@strudel_web.js?v=271342c3:10
[   52305ms] [LOG] %c[getTrigger] error: sound RolandTR808_rim not found! Is it loaded? background-color: black;color:white;border-radius:15px @ http://localhost:5200/node_modules/.vite/deps/@strudel_web.js?v=271342c3:10
[   52305ms] [LOG] %c[getTrigger] error: sound RolandTR909_hh not found! Is it loaded? background-color: black;color:white;border-radius:15px @ http://localhost:5200/node_modules/.vite/deps/@strudel_web.js?v=271342c3:10
[   52520ms] [LOG] %c[eval] code updated background-color: black;color:white;border-radius:15px @ http://localhost:5200/node_modules/.vite/deps/@strudel_web.js?v=271342c3:10
[   52521ms] [LOG] %c[getTrigger] error: sound RolandTR909_oh not found! Is it loaded? background-color: black;color:white;border-radius:15px @ http://localhost:5200/node_modules/.vite/deps/@strudel_web.js?v=271342c3:10
[   52521ms] [LOG] %c[getTrigger] error: sound RolandTR909_hh not found! Is it loaded? background-color: black;color:white;border-radius:15px @ http://localhost:5200/node_modules/.vite/deps/@strudel_web.js?v=271342c3:10
[   52604ms] [LOG] %c[getTrigger] error: sound RolandTR909_bd not found! Is it loaded? background-color: black;color:white;border-radius:15px @ http://localhost:5200/node_modules/.vite/deps/@strudel_web.js?v=271342c3:10
[   52604ms] [LOG] %c[getTrigger] error: sound RolandTR909_hh not found! Is it loaded? background-color: black;color:white;border-radius:15px @ http://localhost:5200/node_modules/.vite/deps/@strudel_web.js?v=271342c3:10
[   52604ms] [LOG] %c[getTrigger] error: sound RolandTR909_cp not found! Is it loaded? background-color: black;color:white;border-radius:15px @ http://localhost:5200/node_modules/.vite/deps/@strudel_web.js?v=271342c3:10
[   52604ms] [LOG] %c[getTrigger] error: sound RolandTR909_hh not found! Is it loaded? background-color: black;color:white;border-radius:15px @ http://localhost:5200/node_modules/.vite/deps/@strudel_web.js?v=271342c3:10
[   52704ms] [LOG] %c[getTrigger] error: sound RolandTR808_sd not found! Is it loaded? background-color: black;color:white;border-radius:15px @ http://localhost:5200/node_modules/.vite/deps/@strudel_web.js?v=271342c3:10
[   52704ms] [LOG] %c[getTrigger] error: sound RolandTR909_hh not found! Is it loaded? background-color: black;color:white;border-radius:15px @ http://localhost:5200/node_modules/.vite/deps/@strudel_web.js?v=271342c3:10
[   52805ms] [LOG] %c[getTrigger] error: sound RolandTR909_oh not found! Is it loaded? background-color: black;color:white;border-radius:15px @ http://localhost:5200/node_modules/.vite/deps/@strudel_web.js?v=271342c3:10
[   52805ms] [LOG] %c[getTrigger] error: sound RolandTR909_hh not found! Is it loaded? background-color: black;color:white;border-radius:15px @ http://localhost:5200/node_modules/.vite/deps/@strudel_web.js?v=271342c3:10
[   53017ms] [LOG] %c[getTrigger] error: sound RolandTR909_bd not found! Is it loaded? background-color: black;color:white;border-radius:15px @ http://localhost:5200/node_modules/.vite/deps/@strudel_web.js?v=271342c3:10
[   53017ms] [LOG] %c[getTrigger] error: sound RolandTR909_hh not found! Is it loaded? background-color: black;color:white;border-radius:15px @ http://localhost:5200/node_modules/.vite/deps/@strudel_web.js?v=271342c3:10
[   53204ms] [LOG] %c[getTrigger] error: sound RolandTR909_oh not found! Is it loaded? background-color: black;color:white;border-radius:15px @ http://localhost:5200/node_modules/.vite/deps/@strudel_web.js?v=271342c3:10
[   53204ms] [LOG] %c[getTrigger] error: sound RolandTR909_hh not found! Is it loaded? background-color: black;color:white;border-radius:15px @ http://localhost:5200/node_modules/.vite/deps/@strudel_web.js?v=271342c3:10
[   53305ms] [LOG] %c[getTrigger] error: sound RolandTR909_bd not found! Is it loaded? background-color: black;color:white;border-radius:15px @ http://localhost:5200/node_modules/.vite/deps/@strudel_web.js?v=271342c3:10
[   53306ms] [LOG] %c[getTrigger] error: sound RolandTR909_hh not found! Is it loaded? background-color: black;color:white;border-radius:15px @ http://localhost:5200/node_modules/.vite/deps/@strudel_web.js?v=271342c3:10
[   53306ms] [LOG] %c[getTrigger] error: sound RolandTR808_rim not found! Is it loaded? background-color: black;color:white;border-radius:15px @ http://localhost:5200/node_modules/.vite/deps/@strudel_web.js?v=271342c3:10
[   53306ms] [LOG] %c[getTrigger] error: sound RolandTR909_cp not found! Is it loaded? background-color: black;color:white;border-radius:15px @ http://localhost:5200/node_modules/.vite/deps/@strudel_web.js?v=271342c3:10
[   53306ms] [LOG] %c[getTrigger] error: sound RolandTR909_hh not found! Is it loaded? background-color: black;color:white;border-radius:15px @ http://localhost:5200/node_modules/.vite/deps/@strudel_web.js?v=271342c3:10
[   53405ms] [LOG] %c[getTrigger] error: sound RolandTR808_sd not found! Is it loaded? background-color: black;color:white;border-radius:15px @ http://localhost:5200/node_modules/.vite/deps/@strudel_web.js?v=271342c3:10
[   53405ms] [LOG] %c[getTrigger] error: sound RolandTR909_hh not found! Is it loaded? background-color: black;color:white;border-radius:15px @ http://localhost:5200/node_modules/.vite/deps/@strudel_web.js?v=271342c3:10
[   53504ms] [LOG] %c[getTrigger] error: sound RolandTR909_oh not found! Is it loaded? background-color: black;color:white;border-radius:15px @ http://localhost:5200/node_modules/.vite/deps/@strudel_web.js?v=271342c3:10
[   53504ms] [LOG] %c[getTrigger] error: sound RolandTR909_hh not found! Is it loaded? background-color: black;color:white;border-radius:15px @ http://localhost:5200/node_modules/.vite/deps/@strudel_web.js?v=271342c3:10
[   53705ms] [LOG] %c[getTrigger] error: sound RolandTR909_bd not found! Is it loaded? background-color: black;color:white;border-radius:15px @ http://localhost:5200/node_modules/.vite/deps/@strudel_web.js?v=271342c3:10
[   53705ms] [LOG] %c[getTrigger] error: sound RolandTR909_hh not found! Is it loaded? background-color: black;color:white;border-radius:15px @ http://localhost:5200/node_modules/.vite/deps/@strudel_web.js?v=271342c3:10
[   53705ms] [LOG] %c[getTrigger] error: sound RolandTR808_rim not found! Is it loaded? background-color: black;color:white;border-radius:15px @ http://localhost:5200/node_modules/.vite/deps/@strudel_web.js?v=271342c3:10
[   53706ms] [LOG] %c[getTrigger] error: sound RolandTR909_hh not found! Is it loaded? background-color: black;color:white;border-radius:15px @ http://localhost:5200/node_modules/.vite/deps/@strudel_web.js?v=271342c3:10
[   53904ms] [LOG] %c[getTrigger] error: sound RolandTR909_oh not found! Is it loaded? background-color: black;color:white;border-radius:15px @ http://localhost:5200/node_modules/.vite/deps/@strudel_web.js?v=271342c3:10
[   53904ms] [LOG] %c[getTrigger] error: sound RolandTR909_hh not found! Is it loaded? background-color: black;color:white;border-radius:15px @ http://localhost:5200/node_modules/.vite/deps/@strudel_web.js?v=271342c3:10
[   54105ms] [LOG] %c[getTrigger] error: sound RolandTR909_bd not found! Is it loaded? background-color: black;color:white;border-radius:15px @ http://localhost:5200/node_modules/.vite/deps/@strudel_web.js?v=271342c3:10
[   54105ms] [LOG] %c[getTrigger] error: sound RolandTR909_hh not found! Is it loaded? background-color: black;color:white;border-radius:15px @ http://localhost:5200/node_modules/.vite/deps/@strudel_web.js?v=271342c3:10
[   54105ms] [LOG] %c[getTrigger] error: sound RolandTR909_cp not found! Is it loaded? background-color: black;color:white;border-radius:15px @ http://localhost:5200/node_modules/.vite/deps/@strudel_web.js?v=271342c3:10
[   54105ms] [LOG] %c[getTrigger] error: sound RolandTR808_sd not found! Is it loaded? background-color: black;color:white;border-radius:15px @ http://localhost:5200/node_modules/.vite/deps/@strudel_web.js?v=271342c3:10
[   54105ms] [LOG] %c[getTrigger] error: sound RolandTR909_hh not found! Is it loaded? background-color: black;color:white;border-radius:15px @ http://localhost:5200/node_modules/.vite/deps/@strudel_web.js?v=271342c3:10
[   54204ms] [LOG] %c[getTrigger] error: sound RolandTR909_oh not found! Is it loaded? background-color: black;color:white;border-radius:15px @ http://localhost:5200/node_modules/.vite/deps/@strudel_web.js?v=271342c3:10
[   54204ms] [LOG] %c[getTrigger] error: sound RolandTR909_hh not found! Is it loaded? background-color: black;color:white;border-radius:15px @ http://localhost:5200/node_modules/.vite/deps/@strudel_web.js?v=271342c3:10
[   54404ms] [LOG] %c[getTrigger] error: sound RolandTR909_bd not found! Is it loaded? background-color: black;color:white;border-radius:15px @ http://localhost:5200/node_modules/.vite/deps/@strudel_web.js?v=271342c3:10
[   54405ms] [LOG] %c[getTrigger] error: sound RolandTR909_hh not found! Is it loaded? background-color: black;color:white;border-radius:15px @ http://localhost:5200/node_modules/.vite/deps/@strudel_web.js?v=271342c3:10
[   54405ms] [LOG] %c[getTrigger] error: sound RolandTR808_rim not found! Is it loaded? background-color: black;color:white;border-radius:15px @ http://localhost:5200/node_modules/.vite/deps/@strudel_web.js?v=271342c3:10
[   54405ms] [LOG] %c[getTrigger] error: sound RolandTR909_hh not found! Is it loaded? background-color: black;color:white;border-radius:15px @ http://localhost:5200/node_modules/.vite/deps/@strudel_web.js?v=271342c3:10
[   54604ms] [LOG] %c[getTrigger] error: sound RolandTR909_oh not found! Is it loaded? background-color: black;color:white;border-radius:15px @ http://localhost:5200/node_modules/.vite/deps/@strudel_web.js?v=271342c3:10
[   54604ms] [LOG] %c[getTrigger] error: sound RolandTR909_hh not found! Is it loaded? background-color: black;color:white;border-radius:15px @ http://localhost:5200/node_modules/.vite/deps/@strudel_web.js?v=271342c3:10
[   54804ms] [LOG] %c[getTrigger] error: sound RolandTR909_bd not found! Is it loaded? background-color: black;color:white;border-radius:15px @ http://localhost:5200/node_modules/.vite/deps/@strudel_web.js?v=271342c3:10
[   54805ms] [LOG] %c[getTrigger] error: sound RolandTR909_hh not found! Is it loaded? background-color: black;color:white;border-radius:15px @ http://localhost:5200/node_modules/.vite/deps/@strudel_web.js?v=271342c3:10
[   54805ms] [LOG] %c[getTrigger] error: sound RolandTR909_cp not found! Is it loaded? background-color: black;color:white;border-radius:15px @ http://localhost:5200/node_modules/.vite/deps/@strudel_web.js?v=271342c3:10
[   54805ms] [LOG] %c[getTrigger] error: sound RolandTR808_sd not found! Is it loaded? background-color: black;color:white;border-radius:15px @ http://localhost:5200/node_modules/.vite/deps/@strudel_web.js?v=271342c3:10
[   54805ms] [LOG] %c[getTrigger] error: sound RolandTR909_hh not found! Is it loaded? background-color: black;color:white;border-radius:15px @ http://localhost:5200/node_modules/.vite/deps/@strudel_web.js?v=271342c3:10
[   54905ms] [LOG] %c[getTrigger] error: sound RolandTR909_oh not found! Is it loaded? background-color: black;color:white;border-radius:15px @ http://localhost:5200/node_modules/.vite/deps/@strudel_web.js?v=271342c3:10
[   54905ms] [LOG] %c[getTrigger] error: sound RolandTR909_hh not found! Is it loaded? background-color: black;color:white;border-radius:15px @ http://localhost:5200/node_modules/.vite/deps/@strudel_web.js?v=271342c3:10
[   55119ms] [LOG] %c[getTrigger] error: sound RolandTR909_bd not found! Is it loaded? background-color: black;color:white;border-radius:15px @ http://localhost:5200/node_modules/.vite/deps/@strudel_web.js?v=271342c3:10
[   55119ms] [LOG] %c[getTrigger] error: sound RolandTR909_hh not found! Is it loaded? background-color: black;color:white;border-radius:15px @ http://localhost:5200/node_modules/.vite/deps/@strudel_web.js?v=271342c3:10
[   55119ms] [LOG] %c[getTrigger] error: sound RolandTR808_rim not found! Is it loaded? background-color: black;color:white;border-radius:15px @ http://localhost:5200/node_modules/.vite/deps/@strudel_web.js?v=271342c3:10
[   55120ms] [LOG] %c[getTrigger] error: sound RolandTR909_hh not found! Is it loaded? background-color: black;color:white;border-radius:15px @ http://localhost:5200/node_modules/.vite/deps/@strudel_web.js?v=271342c3:10
[   55304ms] [LOG] %c[getTrigger] error: sound RolandTR909_oh not found! Is it loaded? background-color: black;color:white;border-radius:15px @ http://localhost:5200/node_modules/.vite/deps/@strudel_web.js?v=271342c3:10
[   55304ms] [LOG] %c[getTrigger] error: sound RolandTR909_hh not found! Is it loaded? background-color: black;color:white;border-radius:15px @ http://localhost:5200/node_modules/.vite/deps/@strudel_web.js?v=271342c3:10
[   55503ms] [LOG] %c[getTrigger] error: sound RolandTR909_bd not found! Is it loaded? background-color: black;color:white;border-radius:15px @ http://localhost:5200/node_modules/.vite/deps/@strudel_web.js?v=271342c3:10
[   55503ms] [LOG] %c[getTrigger] error: sound RolandTR909_hh not found! Is it loaded? background-color: black;color:white;border-radius:15px @ http://localhost:5200/node_modules/.vite/deps/@strudel_web.js?v=271342c3:10
[   55503ms] [LOG] %c[getTrigger] error: sound RolandTR909_cp not found! Is it loaded? background-color: black;color:white;border-radius:15px @ http://localhost:5200/node_modules/.vite/deps/@strudel_web.js?v=271342c3:10
[   55503ms] [LOG] %c[getTrigger] error: sound RolandTR808_sd not found! Is it loaded? background-color: black;color:white;border-radius:15px @ http://localhost:5200/node_modules/.vite/deps/@strudel_web.js?v=271342c3:10
[   55503ms] [LOG] %c[getTrigger] error: sound RolandTR909_hh not found! Is it loaded? background-color: black;color:white;border-radius:15px @ http://localhost:5200/node_modules/.vite/deps/@strudel_web.js?v=271342c3:10
[   55618ms] [LOG] %c[getTrigger] error: sound RolandTR909_oh not found! Is it loaded? background-color: black;color:white;border-radius:15px @ http://localhost:5200/node_modules/.vite/deps/@strudel_web.js?v=271342c3:10
[   55618ms] [LOG] %c[getTrigger] error: sound RolandTR909_hh not found! Is it loaded? background-color: black;color:white;border-radius:15px @ http://localhost:5200/node_modules/.vite/deps/@strudel_web.js?v=271342c3:10
[   55804ms] [LOG] %c[getTrigger] error: sound RolandTR909_bd not found! Is it loaded? background-color: black;color:white;border-radius:15px @ http://localhost:5200/node_modules/.vite/deps/@strudel_web.js?v=271342c3:10
[   55804ms] [LOG] %c[getTrigger] error: sound RolandTR909_hh not found! Is it loaded? background-color: black;color:white;border-radius:15px @ http://localhost:5200/node_modules/.vite/deps/@strudel_web.js?v=271342c3:10
[   56004ms] [LOG] %c[getTrigger] error: sound RolandTR909_oh not found! Is it loaded? background-color: black;color:white;border-radius:15px @ http://localhost:5200/node_modules/.vite/deps/@strudel_web.js?v=271342c3:10
[   56004ms] [LOG] %c[getTrigger] error: sound RolandTR909_hh not found! Is it loaded? background-color: black;color:white;border-radius:15px @ http://localhost:5200/node_modules/.vite/deps/@strudel_web.js?v=271342c3:10
[   56119ms] [LOG] %c[getTrigger] error: sound RolandTR909_bd not found! Is it loaded? background-color: black;color:white;border-radius:15px @ http://localhost:5200/node_modules/.vite/deps/@strudel_web.js?v=271342c3:10
[   56119ms] [LOG] %c[getTrigger] error: sound RolandTR909_hh not found! Is it loaded? background-color: black;color:white;border-radius:15px @ http://localhost:5200/node_modules/.vite/deps/@strudel_web.js?v=271342c3:10
[   56119ms] [LOG] %c[getTrigger] error: sound RolandTR808_rim not found! Is it loaded? background-color: black;color:white;border-radius:15px @ http://localhost:5200/node_modules/.vite/deps/@strudel_web.js?v=271342c3:10
[   56119ms] [LOG] %c[getTrigger] error: sound RolandTR909_cp not found! Is it loaded? background-color: black;color:white;border-radius:15px @ http://localhost:5200/node_modules/.vite/deps/@strudel_web.js?v=271342c3:10
[   56119ms] [LOG] %c[getTrigger] error: sound RolandTR808_sd not found! Is it loaded? background-color: black;color:white;border-radius:15px @ http://localhost:5200/node_modules/.vite/deps/@strudel_web.js?v=271342c3:10
[   56119ms] [LOG] %c[getTrigger] error: sound RolandTR909_hh not found! Is it loaded? background-color: black;color:white;border-radius:15px @ http://localhost:5200/node_modules/.vite/deps/@strudel_web.js?v=271342c3:10
[   56304ms] [LOG] %c[getTrigger] error: sound RolandTR909_oh not found! Is it loaded? background-color: black;color:white;border-radius:15px @ http://localhost:5200/node_modules/.vite/deps/@strudel_web.js?v=271342c3:10
[   56304ms] [LOG] %c[getTrigger] error: sound RolandTR909_hh not found! Is it loaded? background-color: black;color:white;border-radius:15px @ http://localhost:5200/node_modules/.vite/deps/@strudel_web.js?v=271342c3:10
[   56504ms] [LOG] %c[getTrigger] error: sound RolandTR909_bd not found! Is it loaded? background-color: black;color:white;border-radius:15px @ http://localhost:5200/node_modules/.vite/deps/@strudel_web.js?v=271342c3:10
[   56504ms] [LOG] %c[getTrigger] error: sound RolandTR909_hh not found! Is it loaded? background-color: black;color:white;border-radius:15px @ http://localhost:5200/node_modules/.vite/deps/@strudel_web.js?v=271342c3:10
[   56504ms] [LOG] %c[getTrigger] error: sound RolandTR808_rim not found! Is it loaded? background-color: black;color:white;border-radius:15px @ http://localhost:5200/node_modules/.vite/deps/@strudel_web.js?v=271342c3:10
[   56505ms] [LOG] %c[getTrigger] error: sound RolandTR909_hh not found! Is it loaded? background-color: black;color:white;border-radius:15px @ http://localhost:5200/node_modules/.vite/deps/@strudel_web.js?v=271342c3:10
[   56705ms] [LOG] %c[getTrigger] error: sound RolandTR909_oh not found! Is it loaded? background-color: black;color:white;border-radius:15px @ http://localhost:5200/node_modules/.vite/deps/@strudel_web.js?v=271342c3:10
[   56705ms] [LOG] %c[getTrigger] error: sound RolandTR909_hh not found! Is it loaded? background-color: black;color:white;border-radius:15px @ http://localhost:5200/node_modules/.vite/deps/@strudel_web.js?v=271342c3:10
[   56740ms] [LOG] %c[eval] code updated background-color: black;color:white;border-radius:15px @ http://localhost:5200/node_modules/.vite/deps/@strudel_web.js?v=271342c3:10
[   56804ms] [LOG] %c[getTrigger] error: sound RolandTR909_hh not found! Is it loaded? background-color: black;color:white;border-radius:15px @ http://localhost:5200/node_modules/.vite/deps/@strudel_web.js?v=271342c3:10
[   56904ms] [LOG] %c[getTrigger] error: sound RolandTR909_bd not found! Is it loaded? background-color: black;color:white;border-radius:15px @ http://localhost:5200/node_modules/.vite/deps/@strudel_web.js?v=271342c3:10
[   56904ms] [LOG] %c[getTrigger] error: sound RolandTR909_hh not found! Is it loaded? background-color: black;color:white;border-radius:15px @ http://localhost:5200/node_modules/.vite/deps/@strudel_web.js?v=271342c3:10
[   56904ms] [LOG] %c[getTrigger] error: sound RolandTR909_cp not found! Is it loaded? background-color: black;color:white;border-radius:15px @ http://localhost:5200/node_modules/.vite/deps/@strudel_web.js?v=271342c3:10
[   56904ms] [LOG] %c[getTrigger] error: sound RolandTR808_sd not found! Is it loaded? background-color: black;color:white;border-radius:15px @ http://localhost:5200/node_modules/.vite/deps/@strudel_web.js?v=271342c3:10
[   56904ms] [LOG] %c[getTrigger] error: sound RolandTR909_hh not found! Is it loaded? background-color: black;color:white;border-radius:15px @ http://localhost:5200/node_modules/.vite/deps/@strudel_web.js?v=271342c3:10
[   57104ms] [LOG] %c[getTrigger] error: sound RolandTR909_oh not found! Is it loaded? background-color: black;color:white;border-radius:15px @ http://localhost:5200/node_modules/.vite/deps/@strudel_web.js?v=271342c3:10
[   57104ms] [LOG] %c[getTrigger] error: sound RolandTR909_hh not found! Is it loaded? background-color: black;color:white;border-radius:15px @ http://localhost:5200/node_modules/.vite/deps/@strudel_web.js?v=271342c3:10
[   57205ms] [LOG] %c[getTrigger] error: sound RolandTR909_bd not found! Is it loaded? background-color: black;color:white;border-radius:15px @ http://localhost:5200/node_modules/.vite/deps/@strudel_web.js?v=271342c3:10
[   57205ms] [LOG] %c[getTrigger] error: sound RolandTR909_hh not found! Is it loaded? background-color: black;color:white;border-radius:15px @ http://localhost:5200/node_modules/.vite/deps/@strudel_web.js?v=271342c3:10
[   57205ms] [LOG] %c[getTrigger] error: sound RolandTR808_rim not found! Is it loaded? background-color: black;color:white;border-radius:15px @ http://localhost:5200/node_modules/.vite/deps/@strudel_web.js?v=271342c3:10
[   57205ms] [LOG] %c[getTrigger] error: sound RolandTR909_hh not found! Is it loaded? background-color: black;color:white;border-radius:15px @ http://localhost:5200/node_modules/.vite/deps/@strudel_web.js?v=271342c3:10
[   57404ms] [LOG] %c[getTrigger] error: sound RolandTR909_oh not found! Is it loaded? background-color: black;color:white;border-radius:15px @ http://localhost:5200/node_modules/.vite/deps/@strudel_web.js?v=271342c3:10
[   57404ms] [LOG] %c[getTrigger] error: sound RolandTR909_hh not found! Is it loaded? background-color: black;color:white;border-radius:15px @ http://localhost:5200/node_modules/.vite/deps/@strudel_web.js?v=271342c3:10
[   57604ms] [LOG] %c[getTrigger] error: sound RolandTR909_bd not found! Is it loaded? background-color: black;color:white;border-radius:15px @ http://localhost:5200/node_modules/.vite/deps/@strudel_web.js?v=271342c3:10
[   57604ms] [LOG] %c[getTrigger] error: sound RolandTR909_hh not found! Is it loaded? background-color: black;color:white;border-radius:15px @ http://localhost:5200/node_modules/.vite/deps/@strudel_web.js?v=271342c3:10
[   57604ms] [LOG] %c[getTrigger] error: sound RolandTR909_cp not found! Is it loaded? background-color: black;color:white;border-radius:15px @ http://localhost:5200/node_modules/.vite/deps/@strudel_web.js?v=271342c3:10
[   57604ms] [LOG] %c[getTrigger] error: sound RolandTR808_sd not found! Is it loaded? background-color: black;color:white;border-radius:15px @ http://localhost:5200/node_modules/.vite/deps/@strudel_web.js?v=271342c3:10
[   57604ms] [LOG] %c[getTrigger] error: sound RolandTR909_hh not found! Is it loaded? background-color: black;color:white;border-radius:15px @ http://localhost:5200/node_modules/.vite/deps/@strudel_web.js?v=271342c3:10
[   57803ms] [LOG] %c[getTrigger] error: sound RolandTR909_oh not found! Is it loaded? background-color: black;color:white;border-radius:15px @ http://localhost:5200/node_modules/.vite/deps/@strudel_web.js?v=271342c3:10
[   57804ms] [LOG] %c[getTrigger] error: sound RolandTR909_hh not found! Is it loaded? background-color: black;color:white;border-radius:15px @ http://localhost:5200/node_modules/.vite/deps/@strudel_web.js?v=271342c3:10
[   57904ms] [LOG] %c[getTrigger] error: sound RolandTR909_bd not found! Is it loaded? background-color: black;color:white;border-radius:15px @ http://localhost:5200/node_modules/.vite/deps/@strudel_web.js?v=271342c3:10
[   57904ms] [LOG] %c[getTrigger] error: sound RolandTR909_hh not found! Is it loaded? background-color: black;color:white;border-radius:15px @ http://localhost:5200/node_modules/.vite/deps/@strudel_web.js?v=271342c3:10
[   57904ms] [LOG] %c[getTrigger] error: sound RolandTR808_rim not found! Is it loaded? background-color: black;color:white;border-radius:15px @ http://localhost:5200/node_modules/.vite/deps/@strudel_web.js?v=271342c3:10
[   57904ms] [LOG] %c[getTrigger] error: sound RolandTR909_hh not found! Is it loaded? background-color: black;color:white;border-radius:15px @ http://localhost:5200/node_modules/.vite/deps/@strudel_web.js?v=271342c3:10
[   58104ms] [LOG] %c[getTrigger] error: sound RolandTR909_oh not found! Is it loaded? background-color: black;color:white;border-radius:15px @ http://localhost:5200/node_modules/.vite/deps/@strudel_web.js?v=271342c3:10
[   58104ms] [LOG] %c[getTrigger] error: sound RolandTR909_hh not found! Is it loaded? background-color: black;color:white;border-radius:15px @ http://localhost:5200/node_modules/.vite/deps/@strudel_web.js?v=271342c3:10
[   58304ms] [LOG] %c[getTrigger] error: sound RolandTR909_bd not found! Is it loaded? background-color: black;color:white;border-radius:15px @ http://localhost:5200/node_modules/.vite/deps/@strudel_web.js?v=271342c3:10
[   58305ms] [LOG] %c[getTrigger] error: sound RolandTR909_hh not found! Is it loaded? background-color: black;color:white;border-radius:15px @ http://localhost:5200/node_modules/.vite/deps/@strudel_web.js?v=271342c3:10
[   58305ms] [LOG] %c[getTrigger] error: sound RolandTR909_cp not found! Is it loaded? background-color: black;color:white;border-radius:15px @ http://localhost:5200/node_modules/.vite/deps/@strudel_web.js?v=271342c3:10
[   58305ms] [LOG] %c[getTrigger] error: sound RolandTR909_hh not found! Is it loaded? background-color: black;color:white;border-radius:15px @ http://localhost:5200/node_modules/.vite/deps/@strudel_web.js?v=271342c3:10
[   58305ms] [LOG] %c[getTrigger] error: sound RolandTR808_sd not found! Is it loaded? background-color: black;color:white;border-radius:15px @ http://localhost:5200/node_modules/.vite/deps/@strudel_web.js?v=271342c3:10
[   58404ms] [LOG] %c[getTrigger] error: sound RolandTR909_hh not found! Is it loaded? background-color: black;color:white;border-radius:15px @ http://localhost:5200/node_modules/.vite/deps/@strudel_web.js?v=271342c3:10
[   58504ms] [LOG] %c[getTrigger] error: sound RolandTR909_oh not found! Is it loaded? background-color: black;color:white;border-radius:15px @ http://localhost:5200/node_modules/.vite/deps/@strudel_web.js?v=271342c3:10
[   58504ms] [LOG] %c[getTrigger] error: sound RolandTR909_hh not found! Is it loaded? background-color: black;color:white;border-radius:15px @ http://localhost:5200/node_modules/.vite/deps/@strudel_web.js?v=271342c3:10
[   58604ms] [LOG] %c[getTrigger] error: sound RolandTR909_bd not found! Is it loaded? background-color: black;color:white;border-radius:15px @ http://localhost:5200/node_modules/.vite/deps/@strudel_web.js?v=271342c3:10
[   58604ms] [LOG] %c[getTrigger] error: sound RolandTR909_hh not found! Is it loaded? background-color: black;color:white;border-radius:15px @ http://localhost:5200/node_modules/.vite/deps/@strudel_web.js?v=271342c3:10
[   58804ms] [LOG] %c[getTrigger] error: sound RolandTR909_oh not found! Is it loaded? background-color: black;color:white;border-radius:15px @ http://localhost:5200/node_modules/.vite/deps/@strudel_web.js?v=271342c3:10
[   58804ms] [LOG] %c[getTrigger] error: sound RolandTR909_hh not found! Is it loaded? background-color: black;color:white;border-radius:15px @ http://localhost:5200/node_modules/.vite/deps/@strudel_web.js?v=271342c3:10
[   59004ms] [LOG] %c[getTrigger] error: sound RolandTR909_bd not found! Is it loaded? background-color: black;color:white;border-radius:15px @ http://localhost:5200/node_modules/.vite/deps/@strudel_web.js?v=271342c3:10
[   59004ms] [LOG] %c[getTrigger] error: sound RolandTR909_hh not found! Is it loaded? background-color: black;color:white;border-radius:15px @ http://localhost:5200/node_modules/.vite/deps/@strudel_web.js?v=271342c3:10
[   59004ms] [LOG] %c[getTrigger] error: sound RolandTR808_rim not found! Is it loaded? background-color: black;color:white;border-radius:15px @ http://localhost:5200/node_modules/.vite/deps/@strudel_web.js?v=271342c3:10
[   59004ms] [LOG] %c[getTrigger] error: sound RolandTR909_cp not found! Is it loaded? background-color: black;color:white;border-radius:15px @ http://localhost:5200/node_modules/.vite/deps/@strudel_web.js?v=271342c3:10
[   59004ms] [LOG] %c[getTrigger] error: sound RolandTR909_hh not found! Is it loaded? background-color: black;color:white;border-radius:15px @ http://localhost:5200/node_modules/.vite/deps/@strudel_web.js?v=271342c3:10
[   59004ms] [LOG] %c[getTrigger] error: sound RolandTR808_sd not found! Is it loaded? background-color: black;color:white;border-radius:15px @ http://localhost:5200/node_modules/.vite/deps/@strudel_web.js?v=271342c3:10
[   59104ms] [LOG] %c[getTrigger] error: sound RolandTR909_hh not found! Is it loaded? background-color: black;color:white;border-radius:15px @ http://localhost:5200/node_modules/.vite/deps/@strudel_web.js?v=271342c3:10
[   59220ms] [LOG] %c[getTrigger] error: sound RolandTR909_oh not found! Is it loaded? background-color: black;color:white;border-radius:15px @ http://localhost:5200/node_modules/.vite/deps/@strudel_web.js?v=271342c3:10
[   59220ms] [LOG] %c[getTrigger] error: sound RolandTR909_hh not found! Is it loaded? background-color: black;color:white;border-radius:15px @ http://localhost:5200/node_modules/.vite/deps/@strudel_web.js?v=271342c3:10
[   59304ms] [LOG] %c[getTrigger] error: sound RolandTR909_bd not found! Is it loaded? background-color: black;color:white;border-radius:15px @ http://localhost:5200/node_modules/.vite/deps/@strudel_web.js?v=271342c3:10
[   59304ms] [LOG] %c[getTrigger] error: sound RolandTR909_hh not found! Is it loaded? background-color: black;color:white;border-radius:15px @ http://localhost:5200/node_modules/.vite/deps/@strudel_web.js?v=271342c3:10
[   59304ms] [LOG] %c[getTrigger] error: sound RolandTR808_rim not found! Is it loaded? background-color: black;color:white;border-radius:15px @ http://localhost:5200/node_modules/.vite/deps/@strudel_web.js?v=271342c3:10
[   59304ms] [LOG] %c[getTrigger] error: sound RolandTR909_hh not found! Is it loaded? background-color: black;color:white;border-radius:15px @ http://localhost:5200/node_modules/.vite/deps/@strudel_web.js?v=271342c3:10
[   59504ms] [LOG] %c[getTrigger] error: sound RolandTR909_oh not found! Is it loaded? background-color: black;color:white;border-radius:15px @ http://localhost:5200/node_modules/.vite/deps/@strudel_web.js?v=271342c3:10
[   59504ms] [LOG] %c[getTrigger] error: sound RolandTR909_hh not found! Is it loaded? background-color: black;color:white;border-radius:15px @ http://localhost:5200/node_modules/.vite/deps/@strudel_web.js?v=271342c3:10
[   59704ms] [LOG] %c[getTrigger] error: sound RolandTR909_bd not found! Is it loaded? background-color: black;color:white;border-radius:15px @ http://localhost:5200/node_modules/.vite/deps/@strudel_web.js?v=271342c3:10
[   59704ms] [LOG] %c[getTrigger] error: sound RolandTR909_hh not found! Is it loaded? background-color: black;color:white;border-radius:15px @ http://localhost:5200/node_modules/.vite/deps/@strudel_web.js?v=271342c3:10
[   59704ms] [LOG] %c[getTrigger] error: sound RolandTR909_cp not found! Is it loaded? background-color: black;color:white;border-radius:15px @ http://localhost:5200/node_modules/.vite/deps/@strudel_web.js?v=271342c3:10
[   59704ms] [LOG] %c[getTrigger] error: sound RolandTR909_hh not found! Is it loaded? background-color: black;color:white;border-radius:15px @ http://localhost:5200/node_modules/.vite/deps/@strudel_web.js?v=271342c3:10
[   59704ms] [LOG] %c[getTrigger] error: sound RolandTR808_sd not found! Is it loaded? background-color: black;color:white;border-radius:15px @ http://localhost:5200/node_modules/.vite/deps/@strudel_web.js?v=271342c3:10
[   59804ms] [LOG] %c[getTrigger] error: sound RolandTR909_hh not found! Is it loaded? background-color: black;color:white;border-radius:15px @ http://localhost:5200/node_modules/.vite/deps/@strudel_web.js?v=271342c3:10
[   59904ms] [LOG] %c[getTrigger] error: sound RolandTR909_oh not found! Is it loaded? background-color: black;color:white;border-radius:15px @ http://localhost:5200/node_modules/.vite/deps/@strudel_web.js?v=271342c3:10
[   59904ms] [LOG] %c[getTrigger] error: sound RolandTR909_hh not found! Is it loaded? background-color: black;color:white;border-radius:15px @ http://localhost:5200/node_modules/.vite/deps/@strudel_web.js?v=271342c3:10
[   60104ms] [LOG] %c[getTrigger] error: sound RolandTR909_bd not found! Is it loaded? background-color: black;color:white;border-radius:15px @ http://localhost:5200/node_modules/.vite/deps/@strudel_web.js?v=271342c3:10
[   60105ms] [LOG] %c[getTrigger] error: sound RolandTR909_hh not found! Is it loaded? background-color: black;color:white;border-radius:15px @ http://localhost:5200/node_modules/.vite/deps/@strudel_web.js?v=271342c3:10
[   60105ms] [LOG] %c[getTrigger] error: sound RolandTR808_rim not found! Is it loaded? background-color: black;color:white;border-radius:15px @ http://localhost:5200/node_modules/.vite/deps/@strudel_web.js?v=271342c3:10
[   60105ms] [LOG] %c[getTrigger] error: sound RolandTR909_hh not found! Is it loaded? background-color: black;color:white;border-radius:15px @ http://localhost:5200/node_modules/.vite/deps/@strudel_web.js?v=271342c3:10
[   60204ms] [LOG] %c[getTrigger] error: sound RolandTR909_oh not found! Is it loaded? background-color: black;color:white;border-radius:15px @ http://localhost:5200/node_modules/.vite/deps/@strudel_web.js?v=271342c3:10
[   60204ms] [LOG] %c[getTrigger] error: sound RolandTR909_hh not found! Is it loaded? background-color: black;color:white;border-radius:15px @ http://localhost:5200/node_modules/.vite/deps/@strudel_web.js?v=271342c3:10
[   60404ms] [LOG] %c[getTrigger] error: sound RolandTR909_bd not found! Is it loaded? background-color: black;color:white;border-radius:15px @ http://localhost:5200/node_modules/.vite/deps/@strudel_web.js?v=271342c3:10
[   60404ms] [LOG] %c[getTrigger] error: sound RolandTR909_hh not found! Is it loaded? background-color: black;color:white;border-radius:15px @ http://localhost:5200/node_modules/.vite/deps/@strudel_web.js?v=271342c3:10
[   60404ms] [LOG] %c[getTrigger] error: sound RolandTR909_cp not found! Is it loaded? background-color: black;color:white;border-radius:15px @ http://localhost:5200/node_modules/.vite/deps/@strudel_web.js?v=271342c3:10
[   60404ms] [LOG] %c[getTrigger] error: sound RolandTR808_sd not found! Is it loaded? background-color: black;color:white;border-radius:15px @ http://localhost:5200/node_modules/.vite/deps/@strudel_web.js?v=271342c3:10
[   60405ms] [LOG] %c[getTrigger] error: sound RolandTR909_hh not found! Is it loaded? background-color: black;color:white;border-radius:15px @ http://localhost:5200/node_modules/.vite/deps/@strudel_web.js?v=271342c3:10
[   60604ms] [LOG] %c[getTrigger] error: sound RolandTR909_oh not found! Is it loaded? background-color: black;color:white;border-radius:15px @ http://localhost:5200/node_modules/.vite/deps/@strudel_web.js?v=271342c3:10
[   60604ms] [LOG] %c[getTrigger] error: sound RolandTR909_hh not found! Is it loaded? background-color: black;color:white;border-radius:15px @ http://localhost:5200/node_modules/.vite/deps/@strudel_web.js?v=271342c3:10
[   60805ms] [LOG] %c[getTrigger] error: sound RolandTR909_bd not found! Is it loaded? background-color: black;color:white;border-radius:15px @ http://localhost:5200/node_modules/.vite/deps/@strudel_web.js?v=271342c3:10
[   60805ms] [LOG] %c[getTrigger] error: sound RolandTR909_hh not found! Is it loaded? background-color: black;color:white;border-radius:15px @ http://localhost:5200/node_modules/.vite/deps/@strudel_web.js?v=271342c3:10
[   60805ms] [LOG] %c[getTrigger] error: sound RolandTR808_rim not found! Is it loaded? background-color: black;color:white;border-radius:15px @ http://localhost:5200/node_modules/.vite/deps/@strudel_web.js?v=271342c3:10
[   60806ms] [LOG] %c[getTrigger] error: sound RolandTR909_hh not found! Is it loaded? background-color: black;color:white;border-radius:15px @ http://localhost:5200/node_modules/.vite/deps/@strudel_web.js?v=271342c3:10
[   60904ms] [LOG] %c[getTrigger] error: sound RolandTR909_oh not found! Is it loaded? background-color: black;color:white;border-radius:15px @ http://localhost:5200/node_modules/.vite/deps/@strudel_web.js?v=271342c3:10
[   60904ms] [LOG] %c[getTrigger] error: sound RolandTR909_hh not found! Is it loaded? background-color: black;color:white;border-radius:15px @ http://localhost:5200/node_modules/.vite/deps/@strudel_web.js?v=271342c3:10
[   61104ms] [LOG] %c[getTrigger] error: sound RolandTR909_bd not found! Is it loaded? background-color: black;color:white;border-radius:15px @ http://localhost:5200/node_modules/.vite/deps/@strudel_web.js?v=271342c3:10
[   61104ms] [LOG] %c[getTrigger] error: sound RolandTR909_hh not found! Is it loaded? background-color: black;color:white;border-radius:15px @ http://localhost:5200/node_modules/.vite/deps/@strudel_web.js?v=271342c3:10
[   61104ms] [LOG] %c[getTrigger] error: sound RolandTR909_cp not found! Is it loaded? background-color: black;color:white;border-radius:15px @ http://localhost:5200/node_modules/.vite/deps/@strudel_web.js?v=271342c3:10
[   61104ms] [LOG] %c[getTrigger] error: sound RolandTR808_sd not found! Is it loaded? background-color: black;color:white;border-radius:15px @ http://localhost:5200/node_modules/.vite/deps/@strudel_web.js?v=271342c3:10
[   61104ms] [LOG] %c[getTrigger] error: sound RolandTR909_hh not found! Is it loaded? background-color: black;color:white;border-radius:15px @ http://localhost:5200/node_modules/.vite/deps/@strudel_web.js?v=271342c3:10
[   61321ms] [LOG] %c[getTrigger] error: sound RolandTR909_oh not found! Is it loaded? background-color: black;color:white;border-radius:15px @ http://localhost:5200/node_modules/.vite/deps/@strudel_web.js?v=271342c3:10
[   61321ms] [LOG] %c[getTrigger] error: sound RolandTR909_hh not found! Is it loaded? background-color: black;color:white;border-radius:15px @ http://localhost:5200/node_modules/.vite/deps/@strudel_web.js?v=271342c3:10
[   61505ms] [LOG] %c[getTrigger] error: sound RolandTR909_bd not found! Is it loaded? background-color: black;color:white;border-radius:15px @ http://localhost:5200/node_modules/.vite/deps/@strudel_web.js?v=271342c3:10
[   61505ms] [LOG] %c[getTrigger] error: sound RolandTR909_hh not found! Is it loaded? background-color: black;color:white;border-radius:15px @ http://localhost:5200/node_modules/.vite/deps/@strudel_web.js?v=271342c3:10
[   61604ms] [LOG] %c[getTrigger] error: sound RolandTR909_oh not found! Is it loaded? background-color: black;color:white;border-radius:15px @ http://localhost:5200/node_modules/.vite/deps/@strudel_web.js?v=271342c3:10
[   61604ms] [LOG] %c[getTrigger] error: sound RolandTR909_hh not found! Is it loaded? background-color: black;color:white;border-radius:15px @ http://localhost:5200/node_modules/.vite/deps/@strudel_web.js?v=271342c3:10
[   61821ms] [LOG] %c[getTrigger] error: sound RolandTR909_bd not found! Is it loaded? background-color: black;color:white;border-radius:15px @ http://localhost:5200/node_modules/.vite/deps/@strudel_web.js?v=271342c3:10
[   61821ms] [LOG] %c[getTrigger] error: sound RolandTR909_hh not found! Is it loaded? background-color: black;color:white;border-radius:15px @ http://localhost:5200/node_modules/.vite/deps/@strudel_web.js?v=271342c3:10
[   61821ms] [LOG] %c[getTrigger] error: sound RolandTR808_rim not found! Is it loaded? background-color: black;color:white;border-radius:15px @ http://localhost:5200/node_modules/.vite/deps/@strudel_web.js?v=271342c3:10
[   61821ms] [LOG] %c[getTrigger] error: sound RolandTR909_cp not found! Is it loaded? background-color: black;color:white;border-radius:15px @ http://localhost:5200/node_modules/.vite/deps/@strudel_web.js?v=271342c3:10
[   61821ms] [LOG] %c[getTrigger] error: sound RolandTR808_sd not found! Is it loaded? background-color: black;color:white;border-radius:15px @ http://localhost:5200/node_modules/.vite/deps/@strudel_web.js?v=271342c3:10
[   61821ms] [LOG] %c[getTrigger] error: sound RolandTR909_hh not found! Is it loaded? background-color: black;color:white;border-radius:15px @ http://localhost:5200/node_modules/.vite/deps/@strudel_web.js?v=271342c3:10
[   62004ms] [LOG] %c[getTrigger] error: sound RolandTR909_oh not found! Is it loaded? background-color: black;color:white;border-radius:15px @ http://localhost:5200/node_modules/.vite/deps/@strudel_web.js?v=271342c3:10
[   62004ms] [LOG] %c[getTrigger] error: sound RolandTR909_hh not found! Is it loaded? background-color: black;color:white;border-radius:15px @ http://localhost:5200/node_modules/.vite/deps/@strudel_web.js?v=271342c3:10
[   62204ms] [LOG] %c[getTrigger] error: sound RolandTR909_bd not found! Is it loaded? background-color: black;color:white;border-radius:15px @ http://localhost:5200/node_modules/.vite/deps/@strudel_web.js?v=271342c3:10
[   62205ms] [LOG] %c[getTrigger] error: sound RolandTR909_hh not found! Is it loaded? background-color: black;color:white;border-radius:15px @ http://localhost:5200/node_modules/.vite/deps/@strudel_web.js?v=271342c3:10
[   62205ms] [LOG] %c[getTrigger] error: sound RolandTR808_rim not found! Is it loaded? background-color: black;color:white;border-radius:15px @ http://localhost:5200/node_modules/.vite/deps/@strudel_web.js?v=271342c3:10
[   62205ms] [LOG] %c[getTrigger] error: sound RolandTR909_hh not found! Is it loaded? background-color: black;color:white;border-radius:15px @ http://localhost:5200/node_modules/.vite/deps/@strudel_web.js?v=271342c3:10
[   62304ms] [LOG] %c[getTrigger] error: sound RolandTR909_oh not found! Is it loaded? background-color: black;color:white;border-radius:15px @ http://localhost:5200/node_modules/.vite/deps/@strudel_web.js?v=271342c3:10
[   62304ms] [LOG] %c[getTrigger] error: sound RolandTR909_hh not found! Is it loaded? background-color: black;color:white;border-radius:15px @ http://localhost:5200/node_modules/.vite/deps/@strudel_web.js?v=271342c3:10
[   62390ms] [LOG] %c[eval] code updated background-color: black;color:white;border-radius:15px @ http://localhost:5200/node_modules/.vite/deps/@strudel_web.js?v=271342c3:10
[   62403ms] [LOG] %c[getTrigger] error: sound RolandTR909_hh not found! Is it loaded? background-color: black;color:white;border-radius:15px @ http://localhost:5200/node_modules/.vite/deps/@strudel_web.js?v=271342c3:10
[   62504ms] [LOG] %c[getTrigger] error: sound RolandTR909_cp not found! Is it loaded? background-color: black;color:white;border-radius:15px @ http://localhost:5200/node_modules/.vite/deps/@strudel_web.js?v=271342c3:10
[   62504ms] [LOG] %c[getTrigger] error: sound RolandTR808_sd not found! Is it loaded? background-color: black;color:white;border-radius:15px @ http://localhost:5200/node_modules/.vite/deps/@strudel_web.js?v=271342c3:10
[   62504ms] [LOG] %c[getTrigger] error: sound RolandTR909_hh not found! Is it loaded? background-color: black;color:white;border-radius:15px @ http://localhost:5200/node_modules/.vite/deps/@strudel_web.js?v=271342c3:10
[   62704ms] [LOG] %c[getTrigger] error: sound RolandTR909_oh not found! Is it loaded? background-color: black;color:white;border-radius:15px @ http://localhost:5200/node_modules/.vite/deps/@strudel_web.js?v=271342c3:10
[   62704ms] [LOG] %c[getTrigger] error: sound RolandTR909_hh not found! Is it loaded? background-color: black;color:white;border-radius:15px @ http://localhost:5200/node_modules/.vite/deps/@strudel_web.js?v=271342c3:10
[   62904ms] [LOG] %c[getTrigger] error: sound RolandTR909_bd not found! Is it loaded? background-color: black;color:white;border-radius:15px @ http://localhost:5200/node_modules/.vite/deps/@strudel_web.js?v=271342c3:10
[   62904ms] [LOG] %c[getTrigger] error: sound RolandTR909_hh not found! Is it loaded? background-color: black;color:white;border-radius:15px @ http://localhost:5200/node_modules/.vite/deps/@strudel_web.js?v=271342c3:10
[   62904ms] [LOG] %c[getTrigger] error: sound RolandTR808_rim not found! Is it loaded? background-color: black;color:white;border-radius:15px @ http://localhost:5200/node_modules/.vite/deps/@strudel_web.js?v=271342c3:10
[   62904ms] [LOG] %c[getTrigger] error: sound RolandTR909_hh not found! Is it loaded? background-color: black;color:white;border-radius:15px @ http://localhost:5200/node_modules/.vite/deps/@strudel_web.js?v=271342c3:10
[   63104ms] [LOG] %c[getTrigger] error: sound RolandTR909_oh not found! Is it loaded? background-color: black;color:white;border-radius:15px @ http://localhost:5200/node_modules/.vite/deps/@strudel_web.js?v=271342c3:10
[   63104ms] [LOG] %c[getTrigger] error: sound RolandTR909_hh not found! Is it loaded? background-color: black;color:white;border-radius:15px @ http://localhost:5200/node_modules/.vite/deps/@strudel_web.js?v=271342c3:10
[   63204ms] [LOG] %c[getTrigger] error: sound RolandTR909_cp not found! Is it loaded? background-color: black;color:white;border-radius:15px @ http://localhost:5200/node_modules/.vite/deps/@strudel_web.js?v=271342c3:10
[   63205ms] [LOG] %c[getTrigger] error: sound RolandTR808_sd not found! Is it loaded? background-color: black;color:white;border-radius:15px @ http://localhost:5200/node_modules/.vite/deps/@strudel_web.js?v=271342c3:10
[   63205ms] [LOG] %c[getTrigger] error: sound RolandTR909_hh not found! Is it loaded? background-color: black;color:white;border-radius:15px @ http://localhost:5200/node_modules/.vite/deps/@strudel_web.js?v=271342c3:10
[   63404ms] [LOG] %c[getTrigger] error: sound RolandTR909_oh not found! Is it loaded? background-color: black;color:white;border-radius:15px @ http://localhost:5200/node_modules/.vite/deps/@strudel_web.js?v=271342c3:10
[   63404ms] [LOG] %c[getTrigger] error: sound RolandTR909_hh not found! Is it loaded? background-color: black;color:white;border-radius:15px @ http://localhost:5200/node_modules/.vite/deps/@strudel_web.js?v=271342c3:10
[   63604ms] [LOG] %c[getTrigger] error: sound RolandTR909_bd not found! Is it loaded? background-color: black;color:white;border-radius:15px @ http://localhost:5200/node_modules/.vite/deps/@strudel_web.js?v=271342c3:10
[   63604ms] [LOG] %c[getTrigger] error: sound RolandTR909_hh not found! Is it loaded? background-color: black;color:white;border-radius:15px @ http://localhost:5200/node_modules/.vite/deps/@strudel_web.js?v=271342c3:10
[   63604ms] [LOG] %c[getTrigger] error: sound RolandTR808_rim not found! Is it loaded? background-color: black;color:white;border-radius:15px @ http://localhost:5200/node_modules/.vite/deps/@strudel_web.js?v=271342c3:10
[   63604ms] [LOG] %c[getTrigger] error: sound RolandTR909_hh not found! Is it loaded? background-color: black;color:white;border-radius:15px @ http://localhost:5200/node_modules/.vite/deps/@strudel_web.js?v=271342c3:10
[   63801ms] [LOG] %c[eval] code updated background-color: black;color:white;border-radius:15px @ http://localhost:5200/node_modules/.vite/deps/@strudel_web.js?v=271342c3:10
[   63803ms] [LOG] %c[getTrigger] error: sound RolandTR909_oh not found! Is it loaded? background-color: black;color:white;border-radius:15px @ http://localhost:5200/node_modules/.vite/deps/@strudel_web.js?v=271342c3:10
[   63803ms] [LOG] %c[getTrigger] error: sound RolandTR909_hh not found! Is it loaded? background-color: black;color:white;border-radius:15px @ http://localhost:5200/node_modules/.vite/deps/@strudel_web.js?v=271342c3:10
[   63904ms] [LOG] %c[getTrigger] error: sound RolandTR909_bd not found! Is it loaded? background-color: black;color:white;border-radius:15px @ http://localhost:5200/node_modules/.vite/deps/@strudel_web.js?v=271342c3:10
[   63904ms] [LOG] %c[getTrigger] error: sound RolandTR909_hh not found! Is it loaded? background-color: black;color:white;border-radius:15px @ http://localhost:5200/node_modules/.vite/deps/@strudel_web.js?v=271342c3:10
[   63904ms] [LOG] %c[getTrigger] error: sound RolandTR909_cp not found! Is it loaded? background-color: black;color:white;border-radius:15px @ http://localhost:5200/node_modules/.vite/deps/@strudel_web.js?v=271342c3:10
[   63904ms] [LOG] %c[getTrigger] error: sound RolandTR808_sd not found! Is it loaded? background-color: black;color:white;border-radius:15px @ http://localhost:5200/node_modules/.vite/deps/@strudel_web.js?v=271342c3:10
[   63904ms] [LOG] %c[getTrigger] error: sound RolandTR909_hh not found! Is it loaded? background-color: black;color:white;border-radius:15px @ http://localhost:5200/node_modules/.vite/deps/@strudel_web.js?v=271342c3:10
[   64104ms] [LOG] %c[getTrigger] error: sound RolandTR909_oh not found! Is it loaded? background-color: black;color:white;border-radius:15px @ http://localhost:5200/node_modules/.vite/deps/@strudel_web.js?v=271342c3:10
[   64104ms] [LOG] %c[getTrigger] error: sound RolandTR909_hh not found! Is it loaded? background-color: black;color:white;border-radius:15px @ http://localhost:5200/node_modules/.vite/deps/@strudel_web.js?v=271342c3:10
[   64304ms] [LOG] %c[getTrigger] error: sound RolandTR909_bd not found! Is it loaded? background-color: black;color:white;border-radius:15px @ http://localhost:5200/node_modules/.vite/deps/@strudel_web.js?v=271342c3:10
[   64304ms] [LOG] %c[getTrigger] error: sound RolandTR909_hh not found! Is it loaded? background-color: black;color:white;border-radius:15px @ http://localhost:5200/node_modules/.vite/deps/@strudel_web.js?v=271342c3:10
[   64503ms] [LOG] %c[getTrigger] error: sound RolandTR909_oh not found! Is it loaded? background-color: black;color:white;border-radius:15px @ http://localhost:5200/node_modules/.vite/deps/@strudel_web.js?v=271342c3:10
[   64503ms] [LOG] %c[getTrigger] error: sound RolandTR909_hh not found! Is it loaded? background-color: black;color:white;border-radius:15px @ http://localhost:5200/node_modules/.vite/deps/@strudel_web.js?v=271342c3:10
[   64604ms] [LOG] %c[getTrigger] error: sound RolandTR909_bd not found! Is it loaded? background-color: black;color:white;border-radius:15px @ http://localhost:5200/node_modules/.vite/deps/@strudel_web.js?v=271342c3:10
[   64604ms] [LOG] %c[getTrigger] error: sound RolandTR909_hh not found! Is it loaded? background-color: black;color:white;border-radius:15px @ http://localhost:5200/node_modules/.vite/deps/@strudel_web.js?v=271342c3:10
[   64604ms] [LOG] %c[getTrigger] error: sound RolandTR808_rim not found! Is it loaded? background-color: black;color:white;border-radius:15px @ http://localhost:5200/node_modules/.vite/deps/@strudel_web.js?v=271342c3:10
[   64604ms] [LOG] %c[getTrigger] error: sound RolandTR909_cp not found! Is it loaded? background-color: black;color:white;border-radius:15px @ http://localhost:5200/node_modules/.vite/deps/@strudel_web.js?v=271342c3:10
[   64604ms] [LOG] %c[getTrigger] error: sound RolandTR909_hh not found! Is it loaded? background-color: black;color:white;border-radius:15px @ http://localhost:5200/node_modules/.vite/deps/@strudel_web.js?v=271342c3:10
[   64703ms] [LOG] %c[getTrigger] error: sound RolandTR808_sd not found! Is it loaded? background-color: black;color:white;border-radius:15px @ http://localhost:5200/node_modules/.vite/deps/@strudel_web.js?v=271342c3:10
[   64703ms] [LOG] %c[getTrigger] error: sound RolandTR909_hh not found! Is it loaded? background-color: black;color:white;border-radius:15px @ http://localhost:5200/node_modules/.vite/deps/@strudel_web.js?v=271342c3:10
[   64804ms] [LOG] %c[getTrigger] error: sound RolandTR909_oh not found! Is it loaded? background-color: black;color:white;border-radius:15px @ http://localhost:5200/node_modules/.vite/deps/@strudel_web.js?v=271342c3:10
[   64804ms] [LOG] %c[getTrigger] error: sound RolandTR909_hh not found! Is it loaded? background-color: black;color:white;border-radius:15px @ http://localhost:5200/node_modules/.vite/deps/@strudel_web.js?v=271342c3:10
[   65004ms] [LOG] %c[getTrigger] error: sound RolandTR909_bd not found! Is it loaded? background-color: black;color:white;border-radius:15px @ http://localhost:5200/node_modules/.vite/deps/@strudel_web.js?v=271342c3:10
[   65004ms] [LOG] %c[getTrigger] error: sound RolandTR909_hh not found! Is it loaded? background-color: black;color:white;border-radius:15px @ http://localhost:5200/node_modules/.vite/deps/@strudel_web.js?v=271342c3:10
[   65004ms] [LOG] %c[getTrigger] error: sound RolandTR808_rim not found! Is it loaded? background-color: black;color:white;border-radius:15px @ http://localhost:5200/node_modules/.vite/deps/@strudel_web.js?v=271342c3:10
[   65004ms] [LOG] %c[getTrigger] error: sound RolandTR909_hh not found! Is it loaded? background-color: black;color:white;border-radius:15px @ http://localhost:5200/node_modules/.vite/deps/@strudel_web.js?v=271342c3:10
[   65204ms] [LOG] %c[getTrigger] error: sound RolandTR909_oh not found! Is it loaded? background-color: black;color:white;border-radius:15px @ http://localhost:5200/node_modules/.vite/deps/@strudel_web.js?v=271342c3:10
[   65205ms] [LOG] %c[getTrigger] error: sound RolandTR909_hh not found! Is it loaded? background-color: black;color:white;border-radius:15px @ http://localhost:5200/node_modules/.vite/deps/@strudel_web.js?v=271342c3:10
[   65211ms] [LOG] %c[eval] code updated background-color: black;color:white;border-radius:15px @ http://localhost:5200/node_modules/.vite/deps/@strudel_web.js?v=271342c3:10
[   65304ms] [LOG] %c[getTrigger] error: sound RolandTR909_hh not found! Is it loaded? background-color: black;color:white;border-radius:15px @ http://localhost:5200/node_modules/.vite/deps/@strudel_web.js?v=271342c3:10
[   65304ms] [LOG] %c[getTrigger] error: sound RolandTR909_bd not found! Is it loaded? background-color: black;color:white;border-radius:15px @ http://localhost:5200/node_modules/.vite/deps/@strudel_web.js?v=271342c3:10
[   65304ms] [LOG] %c[getTrigger] error: sound RolandTR909_hh not found! Is it loaded? background-color: black;color:white;border-radius:15px @ http://localhost:5200/node_modules/.vite/deps/@strudel_web.js?v=271342c3:10
[   65304ms] [LOG] %c[getTrigger] error: sound RolandTR909_cp not found! Is it loaded? background-color: black;color:white;border-radius:15px @ http://localhost:5200/node_modules/.vite/deps/@strudel_web.js?v=271342c3:10
[   65304ms] [LOG] %c[getTrigger] error: sound RolandTR909_hh not found! Is it loaded? background-color: black;color:white;border-radius:15px @ http://localhost:5200/node_modules/.vite/deps/@strudel_web.js?v=271342c3:10
[   65420ms] [LOG] %c[getTrigger] error: sound RolandTR808_sd not found! Is it loaded? background-color: black;color:white;border-radius:15px @ http://localhost:5200/node_modules/.vite/deps/@strudel_web.js?v=271342c3:10
[   65421ms] [LOG] %c[getTrigger] error: sound RolandTR909_hh not found! Is it loaded? background-color: black;color:white;border-radius:15px @ http://localhost:5200/node_modules/.vite/deps/@strudel_web.js?v=271342c3:10
[   65504ms] [LOG] %c[getTrigger] error: sound RolandTR909_oh not found! Is it loaded? background-color: black;color:white;border-radius:15px @ http://localhost:5200/node_modules/.vite/deps/@strudel_web.js?v=271342c3:10
[   65504ms] [LOG] %c[getTrigger] error: sound RolandTR909_hh not found! Is it loaded? background-color: black;color:white;border-radius:15px @ http://localhost:5200/node_modules/.vite/deps/@strudel_web.js?v=271342c3:10
[   65704ms] [LOG] %c[getTrigger] error: sound RolandTR909_bd not found! Is it loaded? background-color: black;color:white;border-radius:15px @ http://localhost:5200/node_modules/.vite/deps/@strudel_web.js?v=271342c3:10
[   65704ms] [LOG] %c[getTrigger] error: sound RolandTR909_hh not found! Is it loaded? background-color: black;color:white;border-radius:15px @ http://localhost:5200/node_modules/.vite/deps/@strudel_web.js?v=271342c3:10
[   65704ms] [LOG] %c[getTrigger] error: sound RolandTR808_rim not found! Is it loaded? background-color: black;color:white;border-radius:15px @ http://localhost:5200/node_modules/.vite/deps/@strudel_web.js?v=271342c3:10
[   65704ms] [LOG] %c[getTrigger] error: sound RolandTR909_hh not found! Is it loaded? background-color: black;color:white;border-radius:15px @ http://localhost:5200/node_modules/.vite/deps/@strudel_web.js?v=271342c3:10
[   65904ms] [LOG] %c[getTrigger] error: sound RolandTR909_oh not found! Is it loaded? background-color: black;color:white;border-radius:15px @ http://localhost:5200/node_modules/.vite/deps/@strudel_web.js?v=271342c3:10
[   65904ms] [LOG] %c[getTrigger] error: sound RolandTR909_hh not found! Is it loaded? background-color: black;color:white;border-radius:15px @ http://localhost:5200/node_modules/.vite/deps/@strudel_web.js?v=271342c3:10
[   66103ms] [LOG] %c[getTrigger] error: sound RolandTR909_bd not found! Is it loaded? background-color: black;color:white;border-radius:15px @ http://localhost:5200/node_modules/.vite/deps/@strudel_web.js?v=271342c3:10
[   66103ms] [LOG] %c[getTrigger] error: sound RolandTR909_hh not found! Is it loaded? background-color: black;color:white;border-radius:15px @ http://localhost:5200/node_modules/.vite/deps/@strudel_web.js?v=271342c3:10
[   66103ms] [LOG] %c[getTrigger] error: sound RolandTR909_cp not found! Is it loaded? background-color: black;color:white;border-radius:15px @ http://localhost:5200/node_modules/.vite/deps/@strudel_web.js?v=271342c3:10
[   66103ms] [LOG] %c[getTrigger] error: sound RolandTR808_sd not found! Is it loaded? background-color: black;color:white;border-radius:15px @ http://localhost:5200/node_modules/.vite/deps/@strudel_web.js?v=271342c3:10
[   66103ms] [LOG] %c[getTrigger] error: sound RolandTR909_hh not found! Is it loaded? background-color: black;color:white;border-radius:15px @ http://localhost:5200/node_modules/.vite/deps/@strudel_web.js?v=271342c3:10
[   66204ms] [LOG] %c[getTrigger] error: sound RolandTR909_oh not found! Is it loaded? background-color: black;color:white;border-radius:15px @ http://localhost:5200/node_modules/.vite/deps/@strudel_web.js?v=271342c3:10
[   66204ms] [LOG] %c[getTrigger] error: sound RolandTR909_hh not found! Is it loaded? background-color: black;color:white;border-radius:15px @ http://localhost:5200/node_modules/.vite/deps/@strudel_web.js?v=271342c3:10
[   66404ms] [LOG] %c[getTrigger] error: sound RolandTR909_bd not found! Is it loaded? background-color: black;color:white;border-radius:15px @ http://localhost:5200/node_modules/.vite/deps/@strudel_web.js?v=271342c3:10
[   66404ms] [LOG] %c[getTrigger] error: sound RolandTR909_hh not found! Is it loaded? background-color: black;color:white;border-radius:15px @ http://localhost:5200/node_modules/.vite/deps/@strudel_web.js?v=271342c3:10
[   66404ms] [LOG] %c[getTrigger] error: sound RolandTR808_rim not found! Is it loaded? background-color: black;color:white;border-radius:15px @ http://localhost:5200/node_modules/.vite/deps/@strudel_web.js?v=271342c3:10
[   66405ms] [LOG] %c[getTrigger] error: sound RolandTR909_hh not found! Is it loaded? background-color: black;color:white;border-radius:15px @ http://localhost:5200/node_modules/.vite/deps/@strudel_web.js?v=271342c3:10
[   66604ms] [LOG] %c[getTrigger] error: sound RolandTR909_oh not found! Is it loaded? background-color: black;color:white;border-radius:15px @ http://localhost:5200/node_modules/.vite/deps/@strudel_web.js?v=271342c3:10
[   66604ms] [LOG] %c[getTrigger] error: sound RolandTR909_hh not found! Is it loaded? background-color: black;color:white;border-radius:15px @ http://localhost:5200/node_modules/.vite/deps/@strudel_web.js?v=271342c3:10
[   66623ms] [LOG] %c[eval] code updated background-color: black;color:white;border-radius:15px @ http://localhost:5200/node_modules/.vite/deps/@strudel_web.js?v=271342c3:10
[   66703ms] [LOG] %c[getTrigger] error: sound RolandTR909_hh not found! Is it loaded? background-color: black;color:white;border-radius:15px @ http://localhost:5200/node_modules/.vite/deps/@strudel_web.js?v=271342c3:10
[   66804ms] [LOG] %c[getTrigger] error: sound RolandTR909_bd not found! Is it loaded? background-color: black;color:white;border-radius:15px @ http://localhost:5200/node_modules/.vite/deps/@strudel_web.js?v=271342c3:10
[   66804ms] [LOG] %c[getTrigger] error: sound RolandTR909_hh not found! Is it loaded? background-color: black;color:white;border-radius:15px @ http://localhost:5200/node_modules/.vite/deps/@strudel_web.js?v=271342c3:10
[   66804ms] [LOG] %c[getTrigger] error: sound RolandTR909_cp not found! Is it loaded? background-color: black;color:white;border-radius:15px @ http://localhost:5200/node_modules/.vite/deps/@strudel_web.js?v=271342c3:10
[   66804ms] [LOG] %c[getTrigger] error: sound RolandTR808_sd not found! Is it loaded? background-color: black;color:white;border-radius:15px @ http://localhost:5200/node_modules/.vite/deps/@strudel_web.js?v=271342c3:10
[   66804ms] [LOG] %c[getTrigger] error: sound RolandTR909_hh not found! Is it loaded? background-color: black;color:white;border-radius:15px @ http://localhost:5200/node_modules/.vite/deps/@strudel_web.js?v=271342c3:10
[   67004ms] [LOG] %c[getTrigger] error: sound RolandTR909_oh not found! Is it loaded? background-color: black;color:white;border-radius:15px @ http://localhost:5200/node_modules/.vite/deps/@strudel_web.js?v=271342c3:10
[   67004ms] [LOG] %c[getTrigger] error: sound RolandTR909_hh not found! Is it loaded? background-color: black;color:white;border-radius:15px @ http://localhost:5200/node_modules/.vite/deps/@strudel_web.js?v=271342c3:10
[   67204ms] [LOG] %c[getTrigger] error: sound RolandTR909_bd not found! Is it loaded? background-color: black;color:white;border-radius:15px @ http://localhost:5200/node_modules/.vite/deps/@strudel_web.js?v=271342c3:10
[   67204ms] [LOG] %c[getTrigger] error: sound RolandTR909_hh not found! Is it loaded? background-color: black;color:white;border-radius:15px @ http://localhost:5200/node_modules/.vite/deps/@strudel_web.js?v=271342c3:10
[   67404ms] [LOG] %c[getTrigger] error: sound RolandTR909_oh not found! Is it loaded? background-color: black;color:white;border-radius:15px @ http://localhost:5200/node_modules/.vite/deps/@strudel_web.js?v=271342c3:10
[   67405ms] [LOG] %c[getTrigger] error: sound RolandTR909_hh not found! Is it loaded? background-color: black;color:white;border-radius:15px @ http://localhost:5200/node_modules/.vite/deps/@strudel_web.js?v=271342c3:10
[   67605ms] [LOG] %c[getTrigger] error: sound RolandTR909_bd not found! Is it loaded? background-color: black;color:white;border-radius:15px @ http://localhost:5200/node_modules/.vite/deps/@strudel_web.js?v=271342c3:10
[   67605ms] [LOG] %c[getTrigger] error: sound RolandTR909_hh not found! Is it loaded? background-color: black;color:white;border-radius:15px @ http://localhost:5200/node_modules/.vite/deps/@strudel_web.js?v=271342c3:10
[   67605ms] [LOG] %c[getTrigger] error: sound RolandTR808_rim not found! Is it loaded? background-color: black;color:white;border-radius:15px @ http://localhost:5200/node_modules/.vite/deps/@strudel_web.js?v=271342c3:10
[   67605ms] [LOG] %c[getTrigger] error: sound RolandTR909_cp not found! Is it loaded? background-color: black;color:white;border-radius:15px @ http://localhost:5200/node_modules/.vite/deps/@strudel_web.js?v=271342c3:10
[   67605ms] [LOG] %c[getTrigger] error: sound RolandTR808_sd not found! Is it loaded? background-color: black;color:white;border-radius:15px @ http://localhost:5200/node_modules/.vite/deps/@strudel_web.js?v=271342c3:10
[   67605ms] [LOG] %c[getTrigger] error: sound RolandTR909_hh not found! Is it loaded? background-color: black;color:white;border-radius:15px @ http://localhost:5200/node_modules/.vite/deps/@strudel_web.js?v=271342c3:10
[   67805ms] [LOG] %c[getTrigger] error: sound RolandTR909_oh not found! Is it loaded? background-color: black;color:white;border-radius:15px @ http://localhost:5200/node_modules/.vite/deps/@strudel_web.js?v=271342c3:10
[   67805ms] [LOG] %c[getTrigger] error: sound RolandTR909_hh not found! Is it loaded? background-color: black;color:white;border-radius:15px @ http://localhost:5200/node_modules/.vite/deps/@strudel_web.js?v=271342c3:10
[   68005ms] [LOG] %c[getTrigger] error: sound RolandTR909_bd not found! Is it loaded? background-color: black;color:white;border-radius:15px @ http://localhost:5200/node_modules/.vite/deps/@strudel_web.js?v=271342c3:10
[   68005ms] [LOG] %c[getTrigger] error: sound RolandTR909_hh not found! Is it loaded? background-color: black;color:white;border-radius:15px @ http://localhost:5200/node_modules/.vite/deps/@strudel_web.js?v=271342c3:10
[   68005ms] [LOG] %c[getTrigger] error: sound RolandTR808_rim not found! Is it loaded? background-color: black;color:white;border-radius:15px @ http://localhost:5200/node_modules/.vite/deps/@strudel_web.js?v=271342c3:10
[   68006ms] [LOG] %c[getTrigger] error: sound RolandTR909_hh not found! Is it loaded? background-color: black;color:white;border-radius:15px @ http://localhost:5200/node_modules/.vite/deps/@strudel_web.js?v=271342c3:10
[   68204ms] [LOG] %c[getTrigger] error: sound RolandTR909_oh not found! Is it loaded? background-color: black;color:white;border-radius:15px @ http://localhost:5200/node_modules/.vite/deps/@strudel_web.js?v=271342c3:10
[   68204ms] [LOG] %c[getTrigger] error: sound RolandTR909_hh not found! Is it loaded? background-color: black;color:white;border-radius:15px @ http://localhost:5200/node_modules/.vite/deps/@strudel_web.js?v=271342c3:10
[   68244ms] [LOG] %c[eval] code updated background-color: black;color:white;border-radius:15px @ http://localhost:5200/node_modules/.vite/deps/@strudel_web.js?v=271342c3:10
[   68303ms] [LOG] %c[getTrigger] error: sound RolandTR909_hh not found! Is it loaded? background-color: black;color:white;border-radius:15px @ http://localhost:5200/node_modules/.vite/deps/@strudel_web.js?v=271342c3:10
[   68404ms] [LOG] %c[getTrigger] error: sound RolandTR909_bd not found! Is it loaded? background-color: black;color:white;border-radius:15px @ http://localhost:5200/node_modules/.vite/deps/@strudel_web.js?v=271342c3:10
[   68404ms] [LOG] %c[getTrigger] error: sound RolandTR909_hh not found! Is it loaded? background-color: black;color:white;border-radius:15px @ http://localhost:5200/node_modules/.vite/deps/@strudel_web.js?v=271342c3:10
[   68404ms] [LOG] %c[getTrigger] error: sound RolandTR909_cp not found! Is it loaded? background-color: black;color:white;border-radius:15px @ http://localhost:5200/node_modules/.vite/deps/@strudel_web.js?v=271342c3:10
[   68404ms] [LOG] %c[getTrigger] error: sound RolandTR808_sd not found! Is it loaded? background-color: black;color:white;border-radius:15px @ http://localhost:5200/node_modules/.vite/deps/@strudel_web.js?v=271342c3:10
[   68404ms] [LOG] %c[getTrigger] error: sound RolandTR909_hh not found! Is it loaded? background-color: black;color:white;border-radius:15px @ http://localhost:5200/node_modules/.vite/deps/@strudel_web.js?v=271342c3:10
[   68522ms] [LOG] %c[getTrigger] error: sound RolandTR909_oh not found! Is it loaded? background-color: black;color:white;border-radius:15px @ http://localhost:5200/node_modules/.vite/deps/@strudel_web.js?v=271342c3:10
[   68523ms] [LOG] %c[getTrigger] error: sound RolandTR909_hh not found! Is it loaded? background-color: black;color:white;border-radius:15px @ http://localhost:5200/node_modules/.vite/deps/@strudel_web.js?v=271342c3:10
[   68804ms] [LOG] %c[getTrigger] error: sound RolandTR909_bd not found! Is it loaded? background-color: black;color:white;border-radius:15px @ http://localhost:5200/node_modules/.vite/deps/@strudel_web.js?v=271342c3:10
[   68805ms] [LOG] %c[getTrigger] error: sound RolandTR909_hh not found! Is it loaded? background-color: black;color:white;border-radius:15px @ http://localhost:5200/node_modules/.vite/deps/@strudel_web.js?v=271342c3:10
[   68805ms] [LOG] %c[getTrigger] error: sound RolandTR808_rim not found! Is it loaded? background-color: black;color:white;border-radius:15px @ http://localhost:5200/node_modules/.vite/deps/@strudel_web.js?v=271342c3:10
[   68805ms] [LOG] %c[getTrigger] error: sound RolandTR909_hh not found! Is it loaded? background-color: black;color:white;border-radius:15px @ http://localhost:5200/node_modules/.vite/deps/@strudel_web.js?v=271342c3:10
[   68904ms] [LOG] %c[getTrigger] error: sound RolandTR909_oh not found! Is it loaded? background-color: black;color:white;border-radius:15px @ http://localhost:5200/node_modules/.vite/deps/@strudel_web.js?v=271342c3:10
[   68904ms] [LOG] %c[getTrigger] error: sound RolandTR909_hh not found! Is it loaded? background-color: black;color:white;border-radius:15px @ http://localhost:5200/node_modules/.vite/deps/@strudel_web.js?v=271342c3:10
[   69105ms] [LOG] %c[getTrigger] error: sound RolandTR909_bd not found! Is it loaded? background-color: black;color:white;border-radius:15px @ http://localhost:5200/node_modules/.vite/deps/@strudel_web.js?v=271342c3:10
[   69106ms] [LOG] %c[getTrigger] error: sound RolandTR909_hh not found! Is it loaded? background-color: black;color:white;border-radius:15px @ http://localhost:5200/node_modules/.vite/deps/@strudel_web.js?v=271342c3:10
[   69106ms] [LOG] %c[getTrigger] error: sound RolandTR909_cp not found! Is it loaded? background-color: black;color:white;border-radius:15px @ http://localhost:5200/node_modules/.vite/deps/@strudel_web.js?v=271342c3:10
[   69106ms] [LOG] %c[getTrigger] error: sound RolandTR808_sd not found! Is it loaded? background-color: black;color:white;border-radius:15px @ http://localhost:5200/node_modules/.vite/deps/@strudel_web.js?v=271342c3:10
[   69106ms] [LOG] %c[getTrigger] error: sound RolandTR909_hh not found! Is it loaded? background-color: black;color:white;border-radius:15px @ http://localhost:5200/node_modules/.vite/deps/@strudel_web.js?v=271342c3:10
[   69304ms] [LOG] %c[getTrigger] error: sound RolandTR909_oh not found! Is it loaded? background-color: black;color:white;border-radius:15px @ http://localhost:5200/node_modules/.vite/deps/@strudel_web.js?v=271342c3:10
[   69305ms] [LOG] %c[getTrigger] error: sound RolandTR909_hh not found! Is it loaded? background-color: black;color:white;border-radius:15px @ http://localhost:5200/node_modules/.vite/deps/@strudel_web.js?v=271342c3:10
[   69504ms] [LOG] %c[getTrigger] error: sound RolandTR909_bd not found! Is it loaded? background-color: black;color:white;border-radius:15px @ http://localhost:5200/node_modules/.vite/deps/@strudel_web.js?v=271342c3:10
[   69505ms] [LOG] %c[getTrigger] error: sound RolandTR909_hh not found! Is it loaded? background-color: black;color:white;border-radius:15px @ http://localhost:5200/node_modules/.vite/deps/@strudel_web.js?v=271342c3:10
[   69505ms] [LOG] %c[getTrigger] error: sound RolandTR808_rim not found! Is it loaded? background-color: black;color:white;border-radius:15px @ http://localhost:5200/node_modules/.vite/deps/@strudel_web.js?v=271342c3:10
[   69505ms] [LOG] %c[getTrigger] error: sound RolandTR909_hh not found! Is it loaded? background-color: black;color:white;border-radius:15px @ http://localhost:5200/node_modules/.vite/deps/@strudel_web.js?v=271342c3:10
[   69604ms] [LOG] %c[getTrigger] error: sound RolandTR909_oh not found! Is it loaded? background-color: black;color:white;border-radius:15px @ http://localhost:5200/node_modules/.vite/deps/@strudel_web.js?v=271342c3:10
[   69605ms] [LOG] %c[getTrigger] error: sound RolandTR909_hh not found! Is it loaded? background-color: black;color:white;border-radius:15px @ http://localhost:5200/node_modules/.vite/deps/@strudel_web.js?v=271342c3:10
[   69803ms] [LOG] %c[getTrigger] error: sound RolandTR909_bd not found! Is it loaded? background-color: black;color:white;border-radius:15px @ http://localhost:5200/node_modules/.vite/deps/@strudel_web.js?v=271342c3:10
[   69804ms] [LOG] %c[getTrigger] error: sound RolandTR909_hh not found! Is it loaded? background-color: black;color:white;border-radius:15px @ http://localhost:5200/node_modules/.vite/deps/@strudel_web.js?v=271342c3:10
[   69804ms] [LOG] %c[getTrigger] error: sound RolandTR909_cp not found! Is it loaded? background-color: black;color:white;border-radius:15px @ http://localhost:5200/node_modules/.vite/deps/@strudel_web.js?v=271342c3:10
[   69804ms] [LOG] %c[getTrigger] error: sound RolandTR808_sd not found! Is it loaded? background-color: black;color:white;border-radius:15px @ http://localhost:5200/node_modules/.vite/deps/@strudel_web.js?v=271342c3:10
[   69804ms] [LOG] %c[getTrigger] error: sound RolandTR909_hh not found! Is it loaded? background-color: black;color:white;border-radius:15px @ http://localhost:5200/node_modules/.vite/deps/@strudel_web.js?v=271342c3:10
[   70004ms] [LOG] %c[getTrigger] error: sound RolandTR909_oh not found! Is it loaded? background-color: black;color:white;border-radius:15px @ http://localhost:5200/node_modules/.vite/deps/@strudel_web.js?v=271342c3:10
[   70004ms] [LOG] %c[getTrigger] error: sound RolandTR909_hh not found! Is it loaded? background-color: black;color:white;border-radius:15px @ http://localhost:5200/node_modules/.vite/deps/@strudel_web.js?v=271342c3:10
[   70204ms] [LOG] %c[getTrigger] error: sound RolandTR909_bd not found! Is it loaded? background-color: black;color:white;border-radius:15px @ http://localhost:5200/node_modules/.vite/deps/@strudel_web.js?v=271342c3:10
[   70204ms] [LOG] %c[getTrigger] error: sound RolandTR909_hh not found! Is it loaded? background-color: black;color:white;border-radius:15px @ http://localhost:5200/node_modules/.vite/deps/@strudel_web.js?v=271342c3:10
[   70304ms] [LOG] %c[getTrigger] error: sound RolandTR909_oh not found! Is it loaded? background-color: black;color:white;border-radius:15px @ http://localhost:5200/node_modules/.vite/deps/@strudel_web.js?v=271342c3:10
[   70304ms] [LOG] %c[getTrigger] error: sound RolandTR909_hh not found! Is it loaded? background-color: black;color:white;border-radius:15px @ http://localhost:5200/node_modules/.vite/deps/@strudel_web.js?v=271342c3:10
[   70504ms] [LOG] %c[getTrigger] error: sound RolandTR909_bd not found! Is it loaded? background-color: black;color:white;border-radius:15px @ http://localhost:5200/node_modules/.vite/deps/@strudel_web.js?v=271342c3:10
[   70504ms] [LOG] %c[getTrigger] error: sound RolandTR909_hh not found! Is it loaded? background-color: black;color:white;border-radius:15px @ http://localhost:5200/node_modules/.vite/deps/@strudel_web.js?v=271342c3:10
[   70504ms] [LOG] %c[getTrigger] error: sound RolandTR808_rim not found! Is it loaded? background-color: black;color:white;border-radius:15px @ http://localhost:5200/node_modules/.vite/deps/@strudel_web.js?v=271342c3:10
[   70504ms] [LOG] %c[getTrigger] error: sound RolandTR909_cp not found! Is it loaded? background-color: black;color:white;border-radius:15px @ http://localhost:5200/node_modules/.vite/deps/@strudel_web.js?v=271342c3:10
[   70504ms] [LOG] %c[getTrigger] error: sound RolandTR808_sd not found! Is it loaded? background-color: black;color:white;border-radius:15px @ http://localhost:5200/node_modules/.vite/deps/@strudel_web.js?v=271342c3:10
[   70504ms] [LOG] %c[getTrigger] error: sound RolandTR909_hh not found! Is it loaded? background-color: black;color:white;border-radius:15px @ http://localhost:5200/node_modules/.vite/deps/@strudel_web.js?v=271342c3:10
[   70704ms] [LOG] %c[getTrigger] error: sound RolandTR909_oh not found! Is it loaded? background-color: black;color:white;border-radius:15px @ http://localhost:5200/node_modules/.vite/deps/@strudel_web.js?v=271342c3:10
[   70704ms] [LOG] %c[getTrigger] error: sound RolandTR909_hh not found! Is it loaded? background-color: black;color:white;border-radius:15px @ http://localhost:5200/node_modules/.vite/deps/@strudel_web.js?v=271342c3:10
[   70904ms] [LOG] %c[getTrigger] error: sound RolandTR909_bd not found! Is it loaded? background-color: black;color:white;border-radius:15px @ http://localhost:5200/node_modules/.vite/deps/@strudel_web.js?v=271342c3:10
[   70904ms] [LOG] %c[getTrigger] error: sound RolandTR909_hh not found! Is it loaded? background-color: black;color:white;border-radius:15px @ http://localhost:5200/node_modules/.vite/deps/@strudel_web.js?v=271342c3:10
[   70904ms] [LOG] %c[getTrigger] error: sound RolandTR808_rim not found! Is it loaded? background-color: black;color:white;border-radius:15px @ http://localhost:5200/node_modules/.vite/deps/@strudel_web.js?v=271342c3:10
[   70905ms] [LOG] %c[getTrigger] error: sound RolandTR909_hh not found! Is it loaded? background-color: black;color:white;border-radius:15px @ http://localhost:5200/node_modules/.vite/deps/@strudel_web.js?v=271342c3:10
[   71104ms] [LOG] %c[getTrigger] error: sound RolandTR909_oh not found! Is it loaded? background-color: black;color:white;border-radius:15px @ http://localhost:5200/node_modules/.vite/deps/@strudel_web.js?v=271342c3:10
[   71104ms] [LOG] %c[getTrigger] error: sound RolandTR909_hh not found! Is it loaded? background-color: black;color:white;border-radius:15px @ http://localhost:5200/node_modules/.vite/deps/@strudel_web.js?v=271342c3:10
[   71205ms] [LOG] %c[getTrigger] error: sound RolandTR909_bd not found! Is it loaded? background-color: black;color:white;border-radius:15px @ http://localhost:5200/node_modules/.vite/deps/@strudel_web.js?v=271342c3:10
[   71205ms] [LOG] %c[getTrigger] error: sound RolandTR909_hh not found! Is it loaded? background-color: black;color:white;border-radius:15px @ http://localhost:5200/node_modules/.vite/deps/@strudel_web.js?v=271342c3:10
[   71205ms] [LOG] %c[getTrigger] error: sound RolandTR909_cp not found! Is it loaded? background-color: black;color:white;border-radius:15px @ http://localhost:5200/node_modules/.vite/deps/@strudel_web.js?v=271342c3:10
[   71205ms] [LOG] %c[getTrigger] error: sound RolandTR808_sd not found! Is it loaded? background-color: black;color:white;border-radius:15px @ http://localhost:5200/node_modules/.vite/deps/@strudel_web.js?v=271342c3:10
[   71205ms] [LOG] %c[getTrigger] error: sound RolandTR909_hh not found! Is it loaded? background-color: black;color:white;border-radius:15px @ http://localhost:5200/node_modules/.vite/deps/@strudel_web.js?v=271342c3:10
[   71404ms] [LOG] %c[getTrigger] error: sound RolandTR909_oh not found! Is it loaded? background-color: black;color:white;border-radius:15px @ http://localhost:5200/node_modules/.vite/deps/@strudel_web.js?v=271342c3:10
[   71404ms] [LOG] %c[getTrigger] error: sound RolandTR909_hh not found! Is it loaded? background-color: black;color:white;border-radius:15px @ http://localhost:5200/node_modules/.vite/deps/@strudel_web.js?v=271342c3:10
[   71623ms] [LOG] %c[getTrigger] error: sound RolandTR909_bd not found! Is it loaded? background-color: black;color:white;border-radius:15px @ http://localhost:5200/node_modules/.vite/deps/@strudel_web.js?v=271342c3:10
[   71623ms] [LOG] %c[getTrigger] error: sound RolandTR909_hh not found! Is it loaded? background-color: black;color:white;border-radius:15px @ http://localhost:5200/node_modules/.vite/deps/@strudel_web.js?v=271342c3:10
[   71624ms] [LOG] %c[getTrigger] error: sound RolandTR808_rim not found! Is it loaded? background-color: black;color:white;border-radius:15px @ http://localhost:5200/node_modules/.vite/deps/@strudel_web.js?v=271342c3:10
[   71624ms] [LOG] %c[getTrigger] error: sound RolandTR909_hh not found! Is it loaded? background-color: black;color:white;border-radius:15px @ http://localhost:5200/node_modules/.vite/deps/@strudel_web.js?v=271342c3:10
[   71804ms] [LOG] %c[getTrigger] error: sound RolandTR909_oh not found! Is it loaded? background-color: black;color:white;border-radius:15px @ http://localhost:5200/node_modules/.vite/deps/@strudel_web.js?v=271342c3:10
[   71804ms] [LOG] %c[getTrigger] error: sound RolandTR909_hh not found! Is it loaded? background-color: black;color:white;border-radius:15px @ http://localhost:5200/node_modules/.vite/deps/@strudel_web.js?v=271342c3:10
[   71904ms] [LOG] %c[getTrigger] error: sound RolandTR909_bd not found! Is it loaded? background-color: black;color:white;border-radius:15px @ http://localhost:5200/node_modules/.vite/deps/@strudel_web.js?v=271342c3:10
[   71904ms] [LOG] %c[getTrigger] error: sound RolandTR909_hh not found! Is it loaded? background-color: black;color:white;border-radius:15px @ http://localhost:5200/node_modules/.vite/deps/@strudel_web.js?v=271342c3:10
[   71904ms] [LOG] %c[getTrigger] error: sound RolandTR909_cp not found! Is it loaded? background-color: black;color:white;border-radius:15px @ http://localhost:5200/node_modules/.vite/deps/@strudel_web.js?v=271342c3:10
[   71904ms] [LOG] %c[getTrigger] error: sound RolandTR808_sd not found! Is it loaded? background-color: black;color:white;border-radius:15px @ http://localhost:5200/node_modules/.vite/deps/@strudel_web.js?v=271342c3:10
[   71904ms] [LOG] %c[getTrigger] error: sound RolandTR909_hh not found! Is it loaded? background-color: black;color:white;border-radius:15px @ http://localhost:5200/node_modules/.vite/deps/@strudel_web.js?v=271342c3:10
[   72104ms] [LOG] %c[getTrigger] error: sound RolandTR909_oh not found! Is it loaded? background-color: black;color:white;border-radius:15px @ http://localhost:5200/node_modules/.vite/deps/@strudel_web.js?v=271342c3:10
[   72104ms] [LOG] %c[getTrigger] error: sound RolandTR909_hh not found! Is it loaded? background-color: black;color:white;border-radius:15px @ http://localhost:5200/node_modules/.vite/deps/@strudel_web.js?v=271342c3:10
[   72304ms] [LOG] %c[getTrigger] error: sound RolandTR909_bd not found! Is it loaded? background-color: black;color:white;border-radius:15px @ http://localhost:5200/node_modules/.vite/deps/@strudel_web.js?v=271342c3:10
[   72304ms] [LOG] %c[getTrigger] error: sound RolandTR909_hh not found! Is it loaded? background-color: black;color:white;border-radius:15px @ http://localhost:5200/node_modules/.vite/deps/@strudel_web.js?v=271342c3:10
[   72304ms] [LOG] %c[getTrigger] error: sound RolandTR808_rim not found! Is it loaded? background-color: black;color:white;border-radius:15px @ http://localhost:5200/node_modules/.vite/deps/@strudel_web.js?v=271342c3:10
[   72304ms] [LOG] %c[getTrigger] error: sound RolandTR909_hh not found! Is it loaded? background-color: black;color:white;border-radius:15px @ http://localhost:5200/node_modules/.vite/deps/@strudel_web.js?v=271342c3:10
[   72503ms] [LOG] %c[eval] code updated background-color: black;color:white;border-radius:15px @ http://localhost:5200/node_modules/.vite/deps/@strudel_web.js?v=271342c3:10
[   72505ms] [LOG] %c[getTrigger] error: sound RolandTR909_oh not found! Is it loaded? background-color: black;color:white;border-radius:15px @ http://localhost:5200/node_modules/.vite/deps/@strudel_web.js?v=271342c3:10
[   72505ms] [LOG] %c[getTrigger] error: sound RolandTR909_hh not found! Is it loaded? background-color: black;color:white;border-radius:15px @ http://localhost:5200/node_modules/.vite/deps/@strudel_web.js?v=271342c3:10
[   72704ms] [LOG] %c[getTrigger] error: sound RolandTR909_bd not found! Is it loaded? background-color: black;color:white;border-radius:15px @ http://localhost:5200/node_modules/.vite/deps/@strudel_web.js?v=271342c3:10
[   72704ms] [LOG] %c[getTrigger] error: sound RolandTR909_hh not found! Is it loaded? background-color: black;color:white;border-radius:15px @ http://localhost:5200/node_modules/.vite/deps/@strudel_web.js?v=271342c3:10
[   72704ms] [LOG] %c[getTrigger] error: sound RolandTR909_cp not found! Is it loaded? background-color: black;color:white;border-radius:15px @ http://localhost:5200/node_modules/.vite/deps/@strudel_web.js?v=271342c3:10
[   72704ms] [LOG] %c[getTrigger] error: sound RolandTR808_sd not found! Is it loaded? background-color: black;color:white;border-radius:15px @ http://localhost:5200/node_modules/.vite/deps/@strudel_web.js?v=271342c3:10
[   72704ms] [LOG] %c[getTrigger] error: sound RolandTR909_hh not found! Is it loaded? background-color: black;color:white;border-radius:15px @ http://localhost:5200/node_modules/.vite/deps/@strudel_web.js?v=271342c3:10
[   72903ms] [LOG] %c[getTrigger] error: sound RolandTR909_oh not found! Is it loaded? background-color: black;color:white;border-radius:15px @ http://localhost:5200/node_modules/.vite/deps/@strudel_web.js?v=271342c3:10
[   72903ms] [LOG] %c[getTrigger] error: sound RolandTR909_hh not found! Is it loaded? background-color: black;color:white;border-radius:15px @ http://localhost:5200/node_modules/.vite/deps/@strudel_web.js?v=271342c3:10
[   73204ms] [LOG] %c[getTrigger] error: sound RolandTR909_bd not found! Is it loaded? background-color: black;color:white;border-radius:15px @ http://localhost:5200/node_modules/.vite/deps/@strudel_web.js?v=271342c3:10
[   73204ms] [LOG] %c[getTrigger] error: sound RolandTR909_hh not found! Is it loaded? background-color: black;color:white;border-radius:15px @ http://localhost:5200/node_modules/.vite/deps/@strudel_web.js?v=271342c3:10
[   73404ms] [LOG] %c[getTrigger] error: sound RolandTR909_oh not found! Is it loaded? background-color: black;color:white;border-radius:15px @ http://localhost:5200/node_modules/.vite/deps/@strudel_web.js?v=271342c3:10
[   73404ms] [LOG] %c[getTrigger] error: sound RolandTR909_hh not found! Is it loaded? background-color: black;color:white;border-radius:15px @ http://localhost:5200/node_modules/.vite/deps/@strudel_web.js?v=271342c3:10
[   73605ms] [LOG] %c[getTrigger] error: sound RolandTR909_bd not found! Is it loaded? background-color: black;color:white;border-radius:15px @ http://localhost:5200/node_modules/.vite/deps/@strudel_web.js?v=271342c3:10
[   73605ms] [LOG] %c[getTrigger] error: sound RolandTR909_hh not found! Is it loaded? background-color: black;color:white;border-radius:15px @ http://localhost:5200/node_modules/.vite/deps/@strudel_web.js?v=271342c3:10
[   73605ms] [LOG] %c[getTrigger] error: sound RolandTR808_rim not found! Is it loaded? background-color: black;color:white;border-radius:15px @ http://localhost:5200/node_modules/.vite/deps/@strudel_web.js?v=271342c3:10
[   73605ms] [LOG] %c[getTrigger] error: sound RolandTR909_cp not found! Is it loaded? background-color: black;color:white;border-radius:15px @ http://localhost:5200/node_modules/.vite/deps/@strudel_web.js?v=271342c3:10
[   73605ms] [LOG] %c[getTrigger] error: sound RolandTR909_hh not found! Is it loaded? background-color: black;color:white;border-radius:15px @ http://localhost:5200/node_modules/.vite/deps/@strudel_web.js?v=271342c3:10
[   73704ms] [LOG] %c[getTrigger] error: sound RolandTR808_sd not found! Is it loaded? background-color: black;color:white;border-radius:15px @ http://localhost:5200/node_modules/.vite/deps/@strudel_web.js?v=271342c3:10
[   73803ms] [LOG] %c[getTrigger] error: sound RolandTR909_hh not found! Is it loaded? background-color: black;color:white;border-radius:15px @ http://localhost:5200/node_modules/.vite/deps/@strudel_web.js?v=271342c3:10
[   73903ms] [LOG] %c[getTrigger] error: sound RolandTR909_oh not found! Is it loaded? background-color: black;color:white;border-radius:15px @ http://localhost:5200/node_modules/.vite/deps/@strudel_web.js?v=271342c3:10
[   73903ms] [LOG] %c[getTrigger] error: sound RolandTR909_hh not found! Is it loaded? background-color: black;color:white;border-radius:15px @ http://localhost:5200/node_modules/.vite/deps/@strudel_web.js?v=271342c3:10
[   74103ms] [LOG] %c[getTrigger] error: sound RolandTR909_bd not found! Is it loaded? background-color: black;color:white;border-radius:15px @ http://localhost:5200/node_modules/.vite/deps/@strudel_web.js?v=271342c3:10
[   74103ms] [LOG] %c[getTrigger] error: sound RolandTR909_hh not found! Is it loaded? background-color: black;color:white;border-radius:15px @ http://localhost:5200/node_modules/.vite/deps/@strudel_web.js?v=271342c3:10
[   74103ms] [LOG] %c[getTrigger] error: sound RolandTR808_rim not found! Is it loaded? background-color: black;color:white;border-radius:15px @ http://localhost:5200/node_modules/.vite/deps/@strudel_web.js?v=271342c3:10
[   74104ms] [LOG] %c[getTrigger] error: sound RolandTR909_hh not found! Is it loaded? background-color: black;color:white;border-radius:15px @ http://localhost:5200/node_modules/.vite/deps/@strudel_web.js?v=271342c3:10
[   74303ms] [LOG] %c[getTrigger] error: sound RolandTR909_oh not found! Is it loaded? background-color: black;color:white;border-radius:15px @ http://localhost:5200/node_modules/.vite/deps/@strudel_web.js?v=271342c3:10
[   74303ms] [LOG] %c[getTrigger] error: sound RolandTR909_hh not found! Is it loaded? background-color: black;color:white;border-radius:15px @ http://localhost:5200/node_modules/.vite/deps/@strudel_web.js?v=271342c3:10
[   74326ms] [LOG] %c[eval] code updated background-color: black;color:white;border-radius:15px @ http://localhost:5200/node_modules/.vite/deps/@strudel_web.js?v=271342c3:10
[   74404ms] [LOG] %c[getTrigger] error: sound RolandTR909_hh not found! Is it loaded? background-color: black;color:white;border-radius:15px @ http://localhost:5200/node_modules/.vite/deps/@strudel_web.js?v=271342c3:10
[   74705ms] [LOG] %c[getTrigger] error: sound RolandTR909_cp not found! Is it loaded? background-color: black;color:white;border-radius:15px @ http://localhost:5200/node_modules/.vite/deps/@strudel_web.js?v=271342c3:10
[   74705ms] [LOG] %c[getTrigger] error: sound RolandTR808_sd not found! Is it loaded? background-color: black;color:white;border-radius:15px @ http://localhost:5200/node_modules/.vite/deps/@strudel_web.js?v=271342c3:10
[   74705ms] [LOG] %c[getTrigger] error: sound RolandTR909_hh not found! Is it loaded? background-color: black;color:white;border-radius:15px @ http://localhost:5200/node_modules/.vite/deps/@strudel_web.js?v=271342c3:10
[   75004ms] [LOG] %c[getTrigger] error: sound RolandTR909_oh not found! Is it loaded? background-color: black;color:white;border-radius:15px @ http://localhost:5200/node_modules/.vite/deps/@strudel_web.js?v=271342c3:10
[   75004ms] [LOG] %c[getTrigger] error: sound RolandTR909_hh not found! Is it loaded? background-color: black;color:white;border-radius:15px @ http://localhost:5200/node_modules/.vite/deps/@strudel_web.js?v=271342c3:10
[   75305ms] [LOG] %c[getTrigger] error: sound RolandTR909_bd not found! Is it loaded? background-color: black;color:white;border-radius:15px @ http://localhost:5200/node_modules/.vite/deps/@strudel_web.js?v=271342c3:10
[   75305ms] [LOG] %c[getTrigger] error: sound RolandTR909_hh not found! Is it loaded? background-color: black;color:white;border-radius:15px @ http://localhost:5200/node_modules/.vite/deps/@strudel_web.js?v=271342c3:10
[   75305ms] [LOG] %c[getTrigger] error: sound RolandTR808_rim not found! Is it loaded? background-color: black;color:white;border-radius:15px @ http://localhost:5200/node_modules/.vite/deps/@strudel_web.js?v=271342c3:10
[   75305ms] [LOG] %c[getTrigger] error: sound RolandTR909_hh not found! Is it loaded? background-color: black;color:white;border-radius:15px @ http://localhost:5200/node_modules/.vite/deps/@strudel_web.js?v=271342c3:10
[   75704ms] [LOG] %c[getTrigger] error: sound RolandTR909_oh not found! Is it loaded? background-color: black;color:white;border-radius:15px @ http://localhost:5200/node_modules/.vite/deps/@strudel_web.js?v=271342c3:10
[   75704ms] [LOG] %c[getTrigger] error: sound RolandTR909_hh not found! Is it loaded? background-color: black;color:white;border-radius:15px @ http://localhost:5200/node_modules/.vite/deps/@strudel_web.js?v=271342c3:10
[   76004ms] [LOG] %c[getTrigger] error: sound RolandTR909_cp not found! Is it loaded? background-color: black;color:white;border-radius:15px @ http://localhost:5200/node_modules/.vite/deps/@strudel_web.js?v=271342c3:10
[   76004ms] [LOG] %c[getTrigger] error: sound RolandTR808_sd not found! Is it loaded? background-color: black;color:white;border-radius:15px @ http://localhost:5200/node_modules/.vite/deps/@strudel_web.js?v=271342c3:10
[   76004ms] [LOG] %c[getTrigger] error: sound RolandTR909_hh not found! Is it loaded? background-color: black;color:white;border-radius:15px @ http://localhost:5200/node_modules/.vite/deps/@strudel_web.js?v=271342c3:10
[   76303ms] [LOG] %c[getTrigger] error: sound RolandTR909_oh not found! Is it loaded? background-color: black;color:white;border-radius:15px @ http://localhost:5200/node_modules/.vite/deps/@strudel_web.js?v=271342c3:10
[   76303ms] [LOG] %c[getTrigger] error: sound RolandTR909_hh not found! Is it loaded? background-color: black;color:white;border-radius:15px @ http://localhost:5200/node_modules/.vite/deps/@strudel_web.js?v=271342c3:10
[   76705ms] [LOG] %c[getTrigger] error: sound RolandTR909_bd not found! Is it loaded? background-color: black;color:white;border-radius:15px @ http://localhost:5200/node_modules/.vite/deps/@strudel_web.js?v=271342c3:10
[   76705ms] [LOG] %c[getTrigger] error: sound RolandTR909_hh not found! Is it loaded? background-color: black;color:white;border-radius:15px @ http://localhost:5200/node_modules/.vite/deps/@strudel_web.js?v=271342c3:10
[   76705ms] [LOG] %c[getTrigger] error: sound RolandTR808_rim not found! Is it loaded? background-color: black;color:white;border-radius:15px @ http://localhost:5200/node_modules/.vite/deps/@strudel_web.js?v=271342c3:10
[   76706ms] [LOG] %c[getTrigger] error: sound RolandTR909_hh not found! Is it loaded? background-color: black;color:white;border-radius:15px @ http://localhost:5200/node_modules/.vite/deps/@strudel_web.js?v=271342c3:10
[   76888ms] [LOG] %c[eval] code updated background-color: black;color:white;border-radius:15px @ http://localhost:5200/node_modules/.vite/deps/@strudel_web.js?v=271342c3:10
[   76904ms] [LOG] %c[getTrigger] error: sound RolandTR909_hh not found! Is it loaded? background-color: black;color:white;border-radius:15px @ http://localhost:5200/node_modules/.vite/deps/@strudel_web.js?v=271342c3:10
[   77006ms] [LOG] %c[getTrigger] error: sound RolandTR909_oh not found! Is it loaded? background-color: black;color:white;border-radius:15px @ http://localhost:5200/node_modules/.vite/deps/@strudel_web.js?v=271342c3:10
[   77006ms] [LOG] %c[getTrigger] error: sound RolandTR909_hh not found! Is it loaded? background-color: black;color:white;border-radius:15px @ http://localhost:5200/node_modules/.vite/deps/@strudel_web.js?v=271342c3:10
[   77304ms] [LOG] %c[getTrigger] error: sound RolandTR909_cp not found! Is it loaded? background-color: black;color:white;border-radius:15px @ http://localhost:5200/node_modules/.vite/deps/@strudel_web.js?v=271342c3:10
[   77305ms] [LOG] %c[getTrigger] error: sound RolandTR909_hh not found! Is it loaded? background-color: black;color:white;border-radius:15px @ http://localhost:5200/node_modules/.vite/deps/@strudel_web.js?v=271342c3:10
[   77404ms] [LOG] %c[getTrigger] error: sound RolandTR808_sd not found! Is it loaded? background-color: black;color:white;border-radius:15px @ http://localhost:5200/node_modules/.vite/deps/@strudel_web.js?v=271342c3:10
[   77404ms] [LOG] %c[getTrigger] error: sound RolandTR909_hh not found! Is it loaded? background-color: black;color:white;border-radius:15px @ http://localhost:5200/node_modules/.vite/deps/@strudel_web.js?v=271342c3:10
[   77704ms] [LOG] %c[getTrigger] error: sound RolandTR909_oh not found! Is it loaded? background-color: black;color:white;border-radius:15px @ http://localhost:5200/node_modules/.vite/deps/@strudel_web.js?v=271342c3:10
[   77704ms] [LOG] %c[getTrigger] error: sound RolandTR909_hh not found! Is it loaded? background-color: black;color:white;border-radius:15px @ http://localhost:5200/node_modules/.vite/deps/@strudel_web.js?v=271342c3:10
[   78305ms] [LOG] %c[getTrigger] error: sound RolandTR909_oh not found! Is it loaded? background-color: black;color:white;border-radius:15px @ http://localhost:5200/node_modules/.vite/deps/@strudel_web.js?v=271342c3:10
[   78305ms] [LOG] %c[getTrigger] error: sound RolandTR909_hh not found! Is it loaded? background-color: black;color:white;border-radius:15px @ http://localhost:5200/node_modules/.vite/deps/@strudel_web.js?v=271342c3:10
[   78704ms] [LOG] %c[getTrigger] error: sound RolandTR808_rim not found! Is it loaded? background-color: black;color:white;border-radius:15px @ http://localhost:5200/node_modules/.vite/deps/@strudel_web.js?v=271342c3:10
[   78704ms] [LOG] %c[getTrigger] error: sound RolandTR909_cp not found! Is it loaded? background-color: black;color:white;border-radius:15px @ http://localhost:5200/node_modules/.vite/deps/@strudel_web.js?v=271342c3:10
[   78704ms] [LOG] %c[getTrigger] error: sound RolandTR808_sd not found! Is it loaded? background-color: black;color:white;border-radius:15px @ http://localhost:5200/node_modules/.vite/deps/@strudel_web.js?v=271342c3:10
[   78704ms] [LOG] %c[getTrigger] error: sound RolandTR909_hh not found! Is it loaded? background-color: black;color:white;border-radius:15px @ http://localhost:5200/node_modules/.vite/deps/@strudel_web.js?v=271342c3:10
[   79004ms] [LOG] %c[getTrigger] error: sound RolandTR909_oh not found! Is it loaded? background-color: black;color:white;border-radius:15px @ http://localhost:5200/node_modules/.vite/deps/@strudel_web.js?v=271342c3:10
[   79004ms] [LOG] %c[getTrigger] error: sound RolandTR909_hh not found! Is it loaded? background-color: black;color:white;border-radius:15px @ http://localhost:5200/node_modules/.vite/deps/@strudel_web.js?v=271342c3:10
[   79305ms] [LOG] %c[getTrigger] error: sound RolandTR909_bd not found! Is it loaded? background-color: black;color:white;border-radius:15px @ http://localhost:5200/node_modules/.vite/deps/@strudel_web.js?v=271342c3:10
[   79306ms] [LOG] %c[getTrigger] error: sound RolandTR909_hh not found! Is it loaded? background-color: black;color:white;border-radius:15px @ http://localhost:5200/node_modules/.vite/deps/@strudel_web.js?v=271342c3:10
[   79306ms] [LOG] %c[getTrigger] error: sound RolandTR808_rim not found! Is it loaded? background-color: black;color:white;border-radius:15px @ http://localhost:5200/node_modules/.vite/deps/@strudel_web.js?v=271342c3:10
[   79306ms] [LOG] %c[getTrigger] error: sound RolandTR909_hh not found! Is it loaded? background-color: black;color:white;border-radius:15px @ http://localhost:5200/node_modules/.vite/deps/@strudel_web.js?v=271342c3:10
[   79558ms] [LOG] %c[eval] code updated background-color: black;color:white;border-radius:15px @ http://localhost:5200/node_modules/.vite/deps/@strudel_web.js?v=271342c3:10
[   79604ms] [LOG] %c[getTrigger] error: sound RolandTR909_hh not found! Is it loaded? background-color: black;color:white;border-radius:15px @ http://localhost:5200/node_modules/.vite/deps/@strudel_web.js?v=271342c3:10
[   79704ms] [LOG] %c[getTrigger] error: sound RolandTR909_oh not found! Is it loaded? background-color: black;color:white;border-radius:15px @ http://localhost:5200/node_modules/.vite/deps/@strudel_web.js?v=271342c3:10
[   79704ms] [LOG] %c[getTrigger] error: sound RolandTR909_hh not found! Is it loaded? background-color: black;color:white;border-radius:15px @ http://localhost:5200/node_modules/.vite/deps/@strudel_web.js?v=271342c3:10
[   80005ms] [LOG] %c[getTrigger] error: sound RolandTR909_cp not found! Is it loaded? background-color: black;color:white;border-radius:15px @ http://localhost:5200/node_modules/.vite/deps/@strudel_web.js?v=271342c3:10
[   80005ms] [LOG] %c[getTrigger] error: sound RolandTR808_sd not found! Is it loaded? background-color: black;color:white;border-radius:15px @ http://localhost:5200/node_modules/.vite/deps/@strudel_web.js?v=271342c3:10
[   80005ms] [LOG] %c[getTrigger] error: sound RolandTR909_hh not found! Is it loaded? background-color: black;color:white;border-radius:15px @ http://localhost:5200/node_modules/.vite/deps/@strudel_web.js?v=271342c3:10
[   80305ms] [LOG] %c[getTrigger] error: sound RolandTR909_oh not found! Is it loaded? background-color: black;color:white;border-radius:15px @ http://localhost:5200/node_modules/.vite/deps/@strudel_web.js?v=271342c3:10
[   80305ms] [LOG] %c[getTrigger] error: sound RolandTR909_hh not found! Is it loaded? background-color: black;color:white;border-radius:15px @ http://localhost:5200/node_modules/.vite/deps/@strudel_web.js?v=271342c3:10
[   82223ms] [LOG] %c[eval] code updated background-color: black;color:white;border-radius:15px @ http://localhost:5200/node_modules/.vite/deps/@strudel_web.js?v=271342c3:10
[  103705ms] [LOG] %c[getTrigger] error: sound RolandTR909_hh not found! Is it loaded? background-color: black;color:white;border-radius:15px @ http://localhost:5200/node_modules/.vite/deps/@strudel_web.js?v=271342c3:10
[  103905ms] [LOG] %c[getTrigger] error: sound RolandTR808_rim not found! Is it loaded? background-color: black;color:white;border-radius:15px @ http://localhost:5200/node_modules/.vite/deps/@strudel_web.js?v=271342c3:10
[  103906ms] [LOG] %c[getTrigger] error: sound RolandTR909_hh not found! Is it loaded? background-color: black;color:white;border-radius:15px @ http://localhost:5200/node_modules/.vite/deps/@strudel_web.js?v=271342c3:10
[  104305ms] [LOG] %c[getTrigger] error: sound RolandTR909_oh not found! Is it loaded? background-color: black;color:white;border-radius:15px @ http://localhost:5200/node_modules/.vite/deps/@strudel_web.js?v=271342c3:10
[  104305ms] [LOG] %c[getTrigger] error: sound RolandTR909_hh not found! Is it loaded? background-color: black;color:white;border-radius:15px @ http://localhost:5200/node_modules/.vite/deps/@strudel_web.js?v=271342c3:10
[  105471ms] [LOG] %c[eval] code updated background-color: black;color:white;border-radius:15px @ http://localhost:5200/node_modules/.vite/deps/@strudel_web.js?v=271342c3:10
[  107418ms] [LOG] %c[eval] code updated background-color: black;color:white;border-radius:15px @ http://localhost:5200/node_modules/.vite/deps/@strudel_web.js?v=271342c3:10
[  109589ms] [LOG] %c🌀 @strudel/core loaded 🌀 background-color: black;color:white;border-radius:15px @ http://localhost:5200/node_modules/.vite/deps/@strudel_web.js?v=271342c3:10
[  109610ms] [VERBOSE] [DOM] Password field is not contained in a form: (More info: https://goo.gl/9p2vKq) %o @ http://localhost:5200/:0
[  155569ms] [LOG] %c[eval] code updated background-color: black;color:white;border-radius:15px @ http://localhost:5200/node_modules/.vite/deps/@strudel_web.js?v=271342c3:10
[  155569ms] [LOG] %c[cyclist] start background-color: black;color:white;border-radius:15px @ http://localhost:5200/node_modules/.vite/deps/@strudel_web.js?v=271342c3:10
[  155577ms] [LOG] %c[getTrigger] error: sound RolandTR909_bd not found! Is it loaded? background-color: black;color:white;border-radius:15px @ http://localhost:5200/node_modules/.vite/deps/@strudel_web.js?v=271342c3:10
[  155577ms] [LOG] %c[getTrigger] error: sound RolandTR909_hh not found! Is it loaded? background-color: black;color:white;border-radius:15px @ http://localhost:5200/node_modules/.vite/deps/@strudel_web.js?v=271342c3:10
[  155577ms] [LOG] %c[getTrigger] error: sound RolandTR808_rim not found! Is it loaded? background-color: black;color:white;border-radius:15px @ http://localhost:5200/node_modules/.vite/deps/@strudel_web.js?v=271342c3:10
[  155583ms] [LOG] %c[getTrigger] error: sound RolandTR909_hh not found! Is it loaded? background-color: black;color:white;border-radius:15px @ http://localhost:5200/node_modules/.vite/deps/@strudel_web.js?v=271342c3:10
[  155583ms] [LOG] %c[getTrigger] error: Failed to construct 'AudioWorkletNode': AudioWorkletNode cannot be created: AudioWorklet does not have a valid AudioWorkletGlobalScope. Load a script via audioWorklet.addModule() first. background-color: black;color:white;border-radius:15px @ http://localhost:5200/node_modules/.vite/deps/@strudel_web.js?v=271342c3:10
[  155681ms] [LOG] %c[getTrigger] error: sound RolandTR909_hh not found! Is it loaded? background-color: black;color:white;border-radius:15px @ http://localhost:5200/node_modules/.vite/deps/@strudel_web.js?v=271342c3:10
[  155681ms] [LOG] %c[getTrigger] error: sound RolandTR909_oh not found! Is it loaded? background-color: black;color:white;border-radius:15px @ http://localhost:5200/node_modules/.vite/deps/@strudel_web.js?v=271342c3:10
[  155681ms] [LOG] %c[getTrigger] error: sound RolandTR909_hh not found! Is it loaded? background-color: black;color:white;border-radius:15px @ http://localhost:5200/node_modules/.vite/deps/@strudel_web.js?v=271342c3:10
[  156081ms] [LOG] %c[getTrigger] error: sound RolandTR909_cp not found! Is it loaded? background-color: black;color:white;border-radius:15px @ http://localhost:5200/node_modules/.vite/deps/@strudel_web.js?v=271342c3:10
[  156081ms] [LOG] %c[getTrigger] error: sound RolandTR808_sd not found! Is it loaded? background-color: black;color:white;border-radius:15px @ http://localhost:5200/node_modules/.vite/deps/@strudel_web.js?v=271342c3:10
[  156081ms] [LOG] %c[getTrigger] error: sound RolandTR909_hh not found! Is it loaded? background-color: black;color:white;border-radius:15px @ http://localhost:5200/node_modules/.vite/deps/@strudel_web.js?v=271342c3:10
[  156383ms] [LOG] %c[getTrigger] error: sound RolandTR909_oh not found! Is it loaded? background-color: black;color:white;border-radius:15px @ http://localhost:5200/node_modules/.vite/deps/@strudel_web.js?v=271342c3:10
[  156384ms] [LOG] %c[getTrigger] error: sound RolandTR909_hh not found! Is it loaded? background-color: black;color:white;border-radius:15px @ http://localhost:5200/node_modules/.vite/deps/@strudel_web.js?v=271342c3:10
[  156783ms] [LOG] %c[getTrigger] error: Failed to construct 'AudioWorkletNode': AudioWorkletNode cannot be created: AudioWorklet does not have a valid AudioWorkletGlobalScope. Load a script via audioWorklet.addModule() first. background-color: black;color:white;border-radius:15px @ http://localhost:5200/node_modules/.vite/deps/@strudel_web.js?v=271342c3:10
[  156880ms] [LOG] %c[getTrigger] error: sound RolandTR909_hh not found! Is it loaded? background-color: black;color:white;border-radius:15px @ http://localhost:5200/node_modules/.vite/deps/@strudel_web.js?v=271342c3:10
[  157080ms] [LOG] %c[getTrigger] error: sound RolandTR909_oh not found! Is it loaded? background-color: black;color:white;border-radius:15px @ http://localhost:5200/node_modules/.vite/deps/@strudel_web.js?v=271342c3:10
[  157080ms] [LOG] %c[getTrigger] error: sound RolandTR909_hh not found! Is it loaded? background-color: black;color:white;border-radius:15px @ http://localhost:5200/node_modules/.vite/deps/@strudel_web.js?v=271342c3:10
[  157386ms] [LOG] %c[getTrigger] error: sound RolandTR808_rim not found! Is it loaded? background-color: black;color:white;border-radius:15px @ http://localhost:5200/node_modules/.vite/deps/@strudel_web.js?v=271342c3:10
[  157386ms] [LOG] %c[getTrigger] error: sound RolandTR909_cp not found! Is it loaded? background-color: black;color:white;border-radius:15px @ http://localhost:5200/node_modules/.vite/deps/@strudel_web.js?v=271342c3:10
[  157386ms] [LOG] %c[getTrigger] error: sound RolandTR808_sd not found! Is it loaded? background-color: black;color:white;border-radius:15px @ http://localhost:5200/node_modules/.vite/deps/@strudel_web.js?v=271342c3:10
[  157386ms] [LOG] %c[getTrigger] error: sound RolandTR909_hh not found! Is it loaded? background-color: black;color:white;border-radius:15px @ http://localhost:5200/node_modules/.vite/deps/@strudel_web.js?v=271342c3:10
[  157687ms] [LOG] %c[getTrigger] error: sound RolandTR909_oh not found! Is it loaded? background-color: black;color:white;border-radius:15px @ http://localhost:5200/node_modules/.vite/deps/@strudel_web.js?v=271342c3:10
[  157687ms] [LOG] %c[getTrigger] error: sound RolandTR909_hh not found! Is it loaded? background-color: black;color:white;border-radius:15px @ http://localhost:5200/node_modules/.vite/deps/@strudel_web.js?v=271342c3:10
[  158082ms] [LOG] %c[getTrigger] error: sound RolandTR909_bd not found! Is it loaded? background-color: black;color:white;border-radius:15px @ http://localhost:5200/node_modules/.vite/deps/@strudel_web.js?v=271342c3:10
[  158082ms] [LOG] %c[getTrigger] error: sound RolandTR909_hh not found! Is it loaded? background-color: black;color:white;border-radius:15px @ http://localhost:5200/node_modules/.vite/deps/@strudel_web.js?v=271342c3:10
[  158082ms] [LOG] %c[getTrigger] error: sound RolandTR808_rim not found! Is it loaded? background-color: black;color:white;border-radius:15px @ http://localhost:5200/node_modules/.vite/deps/@strudel_web.js?v=271342c3:10
[  158082ms] [LOG] %c[getTrigger] error: sound RolandTR909_hh not found! Is it loaded? background-color: black;color:white;border-radius:15px @ http://localhost:5200/node_modules/.vite/deps/@strudel_web.js?v=271342c3:10
[  158082ms] [LOG] %c[getTrigger] error: Failed to construct 'AudioWorkletNode': AudioWorkletNode cannot be created: AudioWorklet does not have a valid AudioWorkletGlobalScope. Load a script via audioWorklet.addModule() first. background-color: black;color:white;border-radius:15px @ http://localhost:5200/node_modules/.vite/deps/@strudel_web.js?v=271342c3:10
[  158180ms] [LOG] %c[getTrigger] error: sound RolandTR909_hh not found! Is it loaded? background-color: black;color:white;border-radius:15px @ http://localhost:5200/node_modules/.vite/deps/@strudel_web.js?v=271342c3:10
[  158297ms] [LOG] %c[eval] code updated background-color: black;color:white;border-radius:15px @ http://localhost:5200/node_modules/.vite/deps/@strudel_web.js?v=271342c3:10
[  158380ms] [LOG] %c[getTrigger] error: sound RolandTR909_hh not found! Is it loaded? background-color: black;color:white;border-radius:15px @ http://localhost:5200/node_modules/.vite/deps/@strudel_web.js?v=271342c3:10
[  158380ms] [LOG] %c[getTrigger] error: sound RolandTR909_oh not found! Is it loaded? background-color: black;color:white;border-radius:15px @ http://localhost:5200/node_modules/.vite/deps/@strudel_web.js?v=271342c3:10
[  158380ms] [LOG] %c[getTrigger] error: sound RolandTR909_hh not found! Is it loaded? background-color: black;color:white;border-radius:15px @ http://localhost:5200/node_modules/.vite/deps/@strudel_web.js?v=271342c3:10
[  158509ms] [LOG] %c[superdough] AudioWorklets loaded background-color: black;color:white;border-radius:15px @ http://localhost:5200/node_modules/.vite/deps/@strudel_web.js?v=271342c3:10
[  158509ms] [LOG] %c[superdough] ready background-color: black;color:white;border-radius:15px @ http://localhost:5200/node_modules/.vite/deps/@strudel_web.js?v=271342c3:10
[  158586ms] [LOG] %c[getTrigger] error: sound RolandTR909_hh not found! Is it loaded? background-color: black;color:white;border-radius:15px @ http://localhost:5200/node_modules/.vite/deps/@strudel_web.js?v=271342c3:10
[  158780ms] [LOG] %c[getTrigger] error: sound RolandTR909_cp not found! Is it loaded? background-color: black;color:white;border-radius:15px @ http://localhost:5200/node_modules/.vite/deps/@strudel_web.js?v=271342c3:10
[  158780ms] [LOG] %c[getTrigger] error: sound RolandTR909_hh not found! Is it loaded? background-color: black;color:white;border-radius:15px @ http://localhost:5200/node_modules/.vite/deps/@strudel_web.js?v=271342c3:10
[  158780ms] [LOG] %c[getTrigger] error: sound RolandTR808_sd not found! Is it loaded? background-color: black;color:white;border-radius:15px @ http://localhost:5200/node_modules/.vite/deps/@strudel_web.js?v=271342c3:10
[  158880ms] [LOG] %c[getTrigger] error: sound RolandTR909_hh not found! Is it loaded? background-color: black;color:white;border-radius:15px @ http://localhost:5200/node_modules/.vite/deps/@strudel_web.js?v=271342c3:10
[  159081ms] [LOG] %c[getTrigger] error: sound RolandTR909_oh not found! Is it loaded? background-color: black;color:white;border-radius:15px @ http://localhost:5200/node_modules/.vite/deps/@strudel_web.js?v=271342c3:10
[  159081ms] [LOG] %c[getTrigger] error: sound RolandTR909_hh not found! Is it loaded? background-color: black;color:white;border-radius:15px @ http://localhost:5200/node_modules/.vite/deps/@strudel_web.js?v=271342c3:10
[  159487ms] [LOG] %c[getTrigger] error: sound RolandTR808_rim not found! Is it loaded? background-color: black;color:white;border-radius:15px @ http://localhost:5200/node_modules/.vite/deps/@strudel_web.js?v=271342c3:10
[  159487ms] [LOG] %c[getTrigger] error: sound RolandTR909_hh not found! Is it loaded? background-color: black;color:white;border-radius:15px @ http://localhost:5200/node_modules/.vite/deps/@strudel_web.js?v=271342c3:10
[  159780ms] [LOG] %c[getTrigger] error: sound RolandTR909_oh not found! Is it loaded? background-color: black;color:white;border-radius:15px @ http://localhost:5200/node_modules/.vite/deps/@strudel_web.js?v=271342c3:10
[  159781ms] [LOG] %c[getTrigger] error: sound RolandTR909_hh not found! Is it loaded? background-color: black;color:white;border-radius:15px @ http://localhost:5200/node_modules/.vite/deps/@strudel_web.js?v=271342c3:10
[  160080ms] [LOG] %c[getTrigger] error: sound RolandTR909_cp not found! Is it loaded? background-color: black;color:white;border-radius:15px @ http://localhost:5200/node_modules/.vite/deps/@strudel_web.js?v=271342c3:10
[  160080ms] [LOG] %c[getTrigger] error: sound RolandTR808_sd not found! Is it loaded? background-color: black;color:white;border-radius:15px @ http://localhost:5200/node_modules/.vite/deps/@strudel_web.js?v=271342c3:10
[  160080ms] [LOG] %c[getTrigger] error: sound RolandTR909_hh not found! Is it loaded? background-color: black;color:white;border-radius:15px @ http://localhost:5200/node_modules/.vite/deps/@strudel_web.js?v=271342c3:10
[  160487ms] [LOG] %c[getTrigger] error: sound RolandTR909_oh not found! Is it loaded? background-color: black;color:white;border-radius:15px @ http://localhost:5200/node_modules/.vite/deps/@strudel_web.js?v=271342c3:10
[  160488ms] [LOG] %c[getTrigger] error: sound RolandTR909_hh not found! Is it loaded? background-color: black;color:white;border-radius:15px @ http://localhost:5200/node_modules/.vite/deps/@strudel_web.js?v=271342c3:10
[  160780ms] [LOG] %c[getTrigger] error: sound RolandTR909_bd not found! Is it loaded? background-color: black;color:white;border-radius:15px @ http://localhost:5200/node_modules/.vite/deps/@strudel_web.js?v=271342c3:10
[  160780ms] [LOG] %c[getTrigger] error: sound RolandTR909_hh not found! Is it loaded? background-color: black;color:white;border-radius:15px @ http://localhost:5200/node_modules/.vite/deps/@strudel_web.js?v=271342c3:10
[  160780ms] [LOG] %c[getTrigger] error: sound RolandTR808_rim not found! Is it loaded? background-color: black;color:white;border-radius:15px @ http://localhost:5200/node_modules/.vite/deps/@strudel_web.js?v=271342c3:10
[  160780ms] [LOG] %c[getTrigger] error: sound RolandTR909_hh not found! Is it loaded? background-color: black;color:white;border-radius:15px @ http://localhost:5200/node_modules/.vite/deps/@strudel_web.js?v=271342c3:10
[  161012ms] [LOG] %c[eval] code updated background-color: black;color:white;border-radius:15px @ http://localhost:5200/node_modules/.vite/deps/@strudel_web.js?v=271342c3:10
[  161080ms] [LOG] %c[getTrigger] error: sound RolandTR909_oh not found! Is it loaded? background-color: black;color:white;border-radius:15px @ http://localhost:5200/node_modules/.vite/deps/@strudel_web.js?v=271342c3:10
[  161080ms] [LOG] %c[getTrigger] error: sound RolandTR909_hh not found! Is it loaded? background-color: black;color:white;border-radius:15px @ http://localhost:5200/node_modules/.vite/deps/@strudel_web.js?v=271342c3:10
[  161279ms] [LOG] %c[getTrigger] error: sound RolandTR909_cp not found! Is it loaded? background-color: black;color:white;border-radius:15px @ http://localhost:5200/node_modules/.vite/deps/@strudel_web.js?v=271342c3:10
[  161279ms] [LOG] %c[getTrigger] error: sound RolandTR909_hh not found! Is it loaded? background-color: black;color:white;border-radius:15px @ http://localhost:5200/node_modules/.vite/deps/@strudel_web.js?v=271342c3:10
[  161380ms] [LOG] %c[getTrigger] error: sound RolandTR808_sd not found! Is it loaded? background-color: black;color:white;border-radius:15px @ http://localhost:5200/node_modules/.vite/deps/@strudel_web.js?v=271342c3:10
[  161380ms] [LOG] %c[getTrigger] error: sound RolandTR909_hh not found! Is it loaded? background-color: black;color:white;border-radius:15px @ http://localhost:5200/node_modules/.vite/deps/@strudel_web.js?v=271342c3:10
[  161580ms] [LOG] %c[getTrigger] error: sound RolandTR909_oh not found! Is it loaded? background-color: black;color:white;border-radius:15px @ http://localhost:5200/node_modules/.vite/deps/@strudel_web.js?v=271342c3:10
[  161580ms] [LOG] %c[getTrigger] error: sound RolandTR909_hh not found! Is it loaded? background-color: black;color:white;border-radius:15px @ http://localhost:5200/node_modules/.vite/deps/@strudel_web.js?v=271342c3:10
[  161780ms] [LOG] %c[getTrigger] error: sound RolandTR909_bd not found! Is it loaded? background-color: black;color:white;border-radius:15px @ http://localhost:5200/node_modules/.vite/deps/@strudel_web.js?v=271342c3:10
[  161780ms] [LOG] %c[getTrigger] error: sound RolandTR909_hh not found! Is it loaded? background-color: black;color:white;border-radius:15px @ http://localhost:5200/node_modules/.vite/deps/@strudel_web.js?v=271342c3:10
[  161979ms] [LOG] %c[getTrigger] error: sound RolandTR909_oh not found! Is it loaded? background-color: black;color:white;border-radius:15px @ http://localhost:5200/node_modules/.vite/deps/@strudel_web.js?v=271342c3:10
[  161979ms] [LOG] %c[getTrigger] error: sound RolandTR909_hh not found! Is it loaded? background-color: black;color:white;border-radius:15px @ http://localhost:5200/node_modules/.vite/deps/@strudel_web.js?v=271342c3:10
[  162280ms] [LOG] %c[getTrigger] error: sound RolandTR808_rim not found! Is it loaded? background-color: black;color:white;border-radius:15px @ http://localhost:5200/node_modules/.vite/deps/@strudel_web.js?v=271342c3:10
[  162280ms] [LOG] %c[getTrigger] error: sound RolandTR909_cp not found! Is it loaded? background-color: black;color:white;border-radius:15px @ http://localhost:5200/node_modules/.vite/deps/@strudel_web.js?v=271342c3:10
[  162280ms] [LOG] %c[getTrigger] error: sound RolandTR808_sd not found! Is it loaded? background-color: black;color:white;border-radius:15px @ http://localhost:5200/node_modules/.vite/deps/@strudel_web.js?v=271342c3:10
[  162280ms] [LOG] %c[getTrigger] error: sound RolandTR909_hh not found! Is it loaded? background-color: black;color:white;border-radius:15px @ http://localhost:5200/node_modules/.vite/deps/@strudel_web.js?v=271342c3:10
[  162480ms] [LOG] %c[getTrigger] error: sound RolandTR909_oh not found! Is it loaded? background-color: black;color:white;border-radius:15px @ http://localhost:5200/node_modules/.vite/deps/@strudel_web.js?v=271342c3:10
[  162480ms] [LOG] %c[getTrigger] error: sound RolandTR909_hh not found! Is it loaded? background-color: black;color:white;border-radius:15px @ http://localhost:5200/node_modules/.vite/deps/@strudel_web.js?v=271342c3:10
[  162681ms] [LOG] %c[getTrigger] error: sound RolandTR909_bd not found! Is it loaded? background-color: black;color:white;border-radius:15px @ http://localhost:5200/node_modules/.vite/deps/@strudel_web.js?v=271342c3:10
[  162681ms] [LOG] %c[getTrigger] error: sound RolandTR909_hh not found! Is it loaded? background-color: black;color:white;border-radius:15px @ http://localhost:5200/node_modules/.vite/deps/@strudel_web.js?v=271342c3:10
[  162681ms] [LOG] %c[getTrigger] error: sound RolandTR808_rim not found! Is it loaded? background-color: black;color:white;border-radius:15px @ http://localhost:5200/node_modules/.vite/deps/@strudel_web.js?v=271342c3:10
[  162682ms] [LOG] %c[getTrigger] error: sound RolandTR909_hh not found! Is it loaded? background-color: black;color:white;border-radius:15px @ http://localhost:5200/node_modules/.vite/deps/@strudel_web.js?v=271342c3:10
[  162968ms] [LOG] %c[eval] code updated background-color: black;color:white;border-radius:15px @ http://localhost:5200/node_modules/.vite/deps/@strudel_web.js?v=271342c3:10
[  162979ms] [LOG] %c[getTrigger] error: sound RolandTR909_oh not found! Is it loaded? background-color: black;color:white;border-radius:15px @ http://localhost:5200/node_modules/.vite/deps/@strudel_web.js?v=271342c3:10
[  162979ms] [LOG] %c[getTrigger] error: sound RolandTR909_hh not found! Is it loaded? background-color: black;color:white;border-radius:15px @ http://localhost:5200/node_modules/.vite/deps/@strudel_web.js?v=271342c3:10
[  163180ms] [LOG] %c[getTrigger] error: sound RolandTR909_bd not found! Is it loaded? background-color: black;color:white;border-radius:15px @ http://localhost:5200/node_modules/.vite/deps/@strudel_web.js?v=271342c3:10
[  163180ms] [LOG] %c[getTrigger] error: sound RolandTR909_hh not found! Is it loaded? background-color: black;color:white;border-radius:15px @ http://localhost:5200/node_modules/.vite/deps/@strudel_web.js?v=271342c3:10
[  163180ms] [LOG] %c[getTrigger] error: sound RolandTR909_cp not found! Is it loaded? background-color: black;color:white;border-radius:15px @ http://localhost:5200/node_modules/.vite/deps/@strudel_web.js?v=271342c3:10
[  163180ms] [LOG] %c[getTrigger] error: sound RolandTR808_sd not found! Is it loaded? background-color: black;color:white;border-radius:15px @ http://localhost:5200/node_modules/.vite/deps/@strudel_web.js?v=271342c3:10
[  163180ms] [LOG] %c[getTrigger] error: sound RolandTR909_hh not found! Is it loaded? background-color: black;color:white;border-radius:15px @ http://localhost:5200/node_modules/.vite/deps/@strudel_web.js?v=271342c3:10
[  163380ms] [LOG] %c[getTrigger] error: sound RolandTR909_oh not found! Is it loaded? background-color: black;color:white;border-radius:15px @ http://localhost:5200/node_modules/.vite/deps/@strudel_web.js?v=271342c3:10
[  163380ms] [LOG] %c[getTrigger] error: sound RolandTR909_hh not found! Is it loaded? background-color: black;color:white;border-radius:15px @ http://localhost:5200/node_modules/.vite/deps/@strudel_web.js?v=271342c3:10
[  163680ms] [LOG] %c[getTrigger] error: sound RolandTR909_bd not found! Is it loaded? background-color: black;color:white;border-radius:15px @ http://localhost:5200/node_modules/.vite/deps/@strudel_web.js?v=271342c3:10
[  163680ms] [LOG] %c[getTrigger] error: sound RolandTR909_hh not found! Is it loaded? background-color: black;color:white;border-radius:15px @ http://localhost:5200/node_modules/.vite/deps/@strudel_web.js?v=271342c3:10
[  163680ms] [LOG] %c[getTrigger] error: sound RolandTR808_rim not found! Is it loaded? background-color: black;color:white;border-radius:15px @ http://localhost:5200/node_modules/.vite/deps/@strudel_web.js?v=271342c3:10
[  163681ms] [LOG] %c[getTrigger] error: sound RolandTR909_hh not found! Is it loaded? background-color: black;color:white;border-radius:15px @ http://localhost:5200/node_modules/.vite/deps/@strudel_web.js?v=271342c3:10
[  163880ms] [LOG] %c[getTrigger] error: sound RolandTR909_oh not found! Is it loaded? background-color: black;color:white;border-radius:15px @ http://localhost:5200/node_modules/.vite/deps/@strudel_web.js?v=271342c3:10
[  163880ms] [LOG] %c[getTrigger] error: sound RolandTR909_hh not found! Is it loaded? background-color: black;color:white;border-radius:15px @ http://localhost:5200/node_modules/.vite/deps/@strudel_web.js?v=271342c3:10
[  164085ms] [LOG] %c[getTrigger] error: sound RolandTR909_bd not found! Is it loaded? background-color: black;color:white;border-radius:15px @ http://localhost:5200/node_modules/.vite/deps/@strudel_web.js?v=271342c3:10
[  164085ms] [LOG] %c[getTrigger] error: sound RolandTR909_hh not found! Is it loaded? background-color: black;color:white;border-radius:15px @ http://localhost:5200/node_modules/.vite/deps/@strudel_web.js?v=271342c3:10
[  164085ms] [LOG] %c[getTrigger] error: sound RolandTR909_cp not found! Is it loaded? background-color: black;color:white;border-radius:15px @ http://localhost:5200/node_modules/.vite/deps/@strudel_web.js?v=271342c3:10
[  164085ms] [LOG] %c[getTrigger] error: sound RolandTR909_hh not found! Is it loaded? background-color: black;color:white;border-radius:15px @ http://localhost:5200/node_modules/.vite/deps/@strudel_web.js?v=271342c3:10
[  164179ms] [LOG] %c[getTrigger] error: sound RolandTR808_sd not found! Is it loaded? background-color: black;color:white;border-radius:15px @ http://localhost:5200/node_modules/.vite/deps/@strudel_web.js?v=271342c3:10
[  164179ms] [LOG] %c[getTrigger] error: sound RolandTR909_hh not found! Is it loaded? background-color: black;color:white;border-radius:15px @ http://localhost:5200/node_modules/.vite/deps/@strudel_web.js?v=271342c3:10
[  164380ms] [LOG] %c[getTrigger] error: sound RolandTR909_oh not found! Is it loaded? background-color: black;color:white;border-radius:15px @ http://localhost:5200/node_modules/.vite/deps/@strudel_web.js?v=271342c3:10
[  164380ms] [LOG] %c[getTrigger] error: sound RolandTR909_hh not found! Is it loaded? background-color: black;color:white;border-radius:15px @ http://localhost:5200/node_modules/.vite/deps/@strudel_web.js?v=271342c3:10
[  164580ms] [LOG] %c[getTrigger] error: sound RolandTR909_bd not found! Is it loaded? background-color: black;color:white;border-radius:15px @ http://localhost:5200/node_modules/.vite/deps/@strudel_web.js?v=271342c3:10
[  164580ms] [LOG] %c[getTrigger] error: sound RolandTR909_hh not found! Is it loaded? background-color: black;color:white;border-radius:15px @ http://localhost:5200/node_modules/.vite/deps/@strudel_web.js?v=271342c3:10
[  164580ms] [LOG] %c[getTrigger] error: sound RolandTR808_rim not found! Is it loaded? background-color: black;color:white;border-radius:15px @ http://localhost:5200/node_modules/.vite/deps/@strudel_web.js?v=271342c3:10
[  164581ms] [LOG] %c[getTrigger] error: sound RolandTR909_hh not found! Is it loaded? background-color: black;color:white;border-radius:15px @ http://localhost:5200/node_modules/.vite/deps/@strudel_web.js?v=271342c3:10
[  164781ms] [LOG] %c[getTrigger] error: sound RolandTR909_oh not found! Is it loaded? background-color: black;color:white;border-radius:15px @ http://localhost:5200/node_modules/.vite/deps/@strudel_web.js?v=271342c3:10
[  164781ms] [LOG] %c[getTrigger] error: sound RolandTR909_hh not found! Is it loaded? background-color: black;color:white;border-radius:15px @ http://localhost:5200/node_modules/.vite/deps/@strudel_web.js?v=271342c3:10
[  164845ms] [LOG] %c[eval] code updated background-color: black;color:white;border-radius:15px @ http://localhost:5200/node_modules/.vite/deps/@strudel_web.js?v=271342c3:10
[  164880ms] [LOG] %c[getTrigger] error: sound RolandTR909_hh not found! Is it loaded? background-color: black;color:white;border-radius:15px @ http://localhost:5200/node_modules/.vite/deps/@strudel_web.js?v=271342c3:10
[  165080ms] [LOG] %c[getTrigger] error: sound RolandTR909_bd not found! Is it loaded? background-color: black;color:white;border-radius:15px @ http://localhost:5200/node_modules/.vite/deps/@strudel_web.js?v=271342c3:10
[  165081ms] [LOG] %c[getTrigger] error: sound RolandTR909_hh not found! Is it loaded? background-color: black;color:white;border-radius:15px @ http://localhost:5200/node_modules/.vite/deps/@strudel_web.js?v=271342c3:10
[  165081ms] [LOG] %c[getTrigger] error: sound RolandTR909_cp not found! Is it loaded? background-color: black;color:white;border-radius:15px @ http://localhost:5200/node_modules/.vite/deps/@strudel_web.js?v=271342c3:10
[  165081ms] [LOG] %c[getTrigger] error: sound RolandTR909_hh not found! Is it loaded? background-color: black;color:white;border-radius:15px @ http://localhost:5200/node_modules/.vite/deps/@strudel_web.js?v=271342c3:10
[  165081ms] [LOG] %c[getTrigger] error: sound RolandTR808_sd not found! Is it loaded? background-color: black;color:white;border-radius:15px @ http://localhost:5200/node_modules/.vite/deps/@strudel_web.js?v=271342c3:10
[  165179ms] [LOG] %c[getTrigger] error: sound RolandTR909_hh not found! Is it loaded? background-color: black;color:white;border-radius:15px @ http://localhost:5200/node_modules/.vite/deps/@strudel_web.js?v=271342c3:10
[  165281ms] [LOG] %c[getTrigger] error: sound RolandTR909_oh not found! Is it loaded? background-color: black;color:white;border-radius:15px @ http://localhost:5200/node_modules/.vite/deps/@strudel_web.js?v=271342c3:10
[  165281ms] [LOG] %c[getTrigger] error: sound RolandTR909_hh not found! Is it loaded? background-color: black;color:white;border-radius:15px @ http://localhost:5200/node_modules/.vite/deps/@strudel_web.js?v=271342c3:10
[  165581ms] [LOG] %c[getTrigger] error: sound RolandTR909_bd not found! Is it loaded? background-color: black;color:white;border-radius:15px @ http://localhost:5200/node_modules/.vite/deps/@strudel_web.js?v=271342c3:10
[  165581ms] [LOG] %c[getTrigger] error: sound RolandTR909_hh not found! Is it loaded? background-color: black;color:white;border-radius:15px @ http://localhost:5200/node_modules/.vite/deps/@strudel_web.js?v=271342c3:10
[  165780ms] [LOG] %c[getTrigger] error: sound RolandTR909_oh not found! Is it loaded? background-color: black;color:white;border-radius:15px @ http://localhost:5200/node_modules/.vite/deps/@strudel_web.js?v=271342c3:10
[  165780ms] [LOG] %c[getTrigger] error: sound RolandTR909_hh not found! Is it loaded? background-color: black;color:white;border-radius:15px @ http://localhost:5200/node_modules/.vite/deps/@strudel_web.js?v=271342c3:10
[  165982ms] [LOG] %c[getTrigger] error: sound RolandTR909_bd not found! Is it loaded? background-color: black;color:white;border-radius:15px @ http://localhost:5200/node_modules/.vite/deps/@strudel_web.js?v=271342c3:10
[  165982ms] [LOG] %c[getTrigger] error: sound RolandTR909_hh not found! Is it loaded? background-color: black;color:white;border-radius:15px @ http://localhost:5200/node_modules/.vite/deps/@strudel_web.js?v=271342c3:10
[  165982ms] [LOG] %c[getTrigger] error: sound RolandTR808_rim not found! Is it loaded? background-color: black;color:white;border-radius:15px @ http://localhost:5200/node_modules/.vite/deps/@strudel_web.js?v=271342c3:10
[  165982ms] [LOG] %c[getTrigger] error: sound RolandTR909_cp not found! Is it loaded? background-color: black;color:white;border-radius:15px @ http://localhost:5200/node_modules/.vite/deps/@strudel_web.js?v=271342c3:10
[  165982ms] [LOG] %c[getTrigger] error: sound RolandTR808_sd not found! Is it loaded? background-color: black;color:white;border-radius:15px @ http://localhost:5200/node_modules/.vite/deps/@strudel_web.js?v=271342c3:10
[  165982ms] [LOG] %c[getTrigger] error: sound RolandTR909_hh not found! Is it loaded? background-color: black;color:white;border-radius:15px @ http://localhost:5200/node_modules/.vite/deps/@strudel_web.js?v=271342c3:10
[  166281ms] [LOG] %c[getTrigger] error: sound RolandTR909_oh not found! Is it loaded? background-color: black;color:white;border-radius:15px @ http://localhost:5200/node_modules/.vite/deps/@strudel_web.js?v=271342c3:10
[  166281ms] [LOG] %c[getTrigger] error: sound RolandTR909_hh not found! Is it loaded? background-color: black;color:white;border-radius:15px @ http://localhost:5200/node_modules/.vite/deps/@strudel_web.js?v=271342c3:10
[  166481ms] [LOG] %c[getTrigger] error: sound RolandTR909_bd not found! Is it loaded? background-color: black;color:white;border-radius:15px @ http://localhost:5200/node_modules/.vite/deps/@strudel_web.js?v=271342c3:10
[  166482ms] [LOG] %c[getTrigger] error: sound RolandTR909_hh not found! Is it loaded? background-color: black;color:white;border-radius:15px @ http://localhost:5200/node_modules/.vite/deps/@strudel_web.js?v=271342c3:10
[  166482ms] [LOG] %c[getTrigger] error: sound RolandTR808_rim not found! Is it loaded? background-color: black;color:white;border-radius:15px @ http://localhost:5200/node_modules/.vite/deps/@strudel_web.js?v=271342c3:10
[  166482ms] [LOG] %c[getTrigger] error: sound RolandTR909_hh not found! Is it loaded? background-color: black;color:white;border-radius:15px @ http://localhost:5200/node_modules/.vite/deps/@strudel_web.js?v=271342c3:10
[  166688ms] [LOG] %c[getTrigger] error: sound RolandTR909_oh not found! Is it loaded? background-color: black;color:white;border-radius:15px @ http://localhost:5200/node_modules/.vite/deps/@strudel_web.js?v=271342c3:10
[  166688ms] [LOG] %c[getTrigger] error: sound RolandTR909_hh not found! Is it loaded? background-color: black;color:white;border-radius:15px @ http://localhost:5200/node_modules/.vite/deps/@strudel_web.js?v=271342c3:10
[  166980ms] [LOG] %c[getTrigger] error: sound RolandTR909_bd not found! Is it loaded? background-color: black;color:white;border-radius:15px @ http://localhost:5200/node_modules/.vite/deps/@strudel_web.js?v=271342c3:10
[  166981ms] [LOG] %c[getTrigger] error: sound RolandTR909_hh not found! Is it loaded? background-color: black;color:white;border-radius:15px @ http://localhost:5200/node_modules/.vite/deps/@strudel_web.js?v=271342c3:10
[  166981ms] [LOG] %c[getTrigger] error: sound RolandTR909_cp not found! Is it loaded? background-color: black;color:white;border-radius:15px @ http://localhost:5200/node_modules/.vite/deps/@strudel_web.js?v=271342c3:10
[  166981ms] [LOG] %c[getTrigger] error: sound RolandTR808_sd not found! Is it loaded? background-color: black;color:white;border-radius:15px @ http://localhost:5200/node_modules/.vite/deps/@strudel_web.js?v=271342c3:10
[  166981ms] [LOG] %c[getTrigger] error: sound RolandTR909_hh not found! Is it loaded? background-color: black;color:white;border-radius:15px @ http://localhost:5200/node_modules/.vite/deps/@strudel_web.js?v=271342c3:10
[  167190ms] [LOG] %c[getTrigger] error: sound RolandTR909_oh not found! Is it loaded? background-color: black;color:white;border-radius:15px @ http://localhost:5200/node_modules/.vite/deps/@strudel_web.js?v=271342c3:10
[  167190ms] [LOG] %c[getTrigger] error: sound RolandTR909_hh not found! Is it loaded? background-color: black;color:white;border-radius:15px @ http://localhost:5200/node_modules/.vite/deps/@strudel_web.js?v=271342c3:10
[  167380ms] [LOG] %c[getTrigger] error: sound RolandTR909_bd not found! Is it loaded? background-color: black;color:white;border-radius:15px @ http://localhost:5200/node_modules/.vite/deps/@strudel_web.js?v=271342c3:10
[  167380ms] [LOG] %c[getTrigger] error: sound RolandTR909_hh not found! Is it loaded? background-color: black;color:white;border-radius:15px @ http://localhost:5200/node_modules/.vite/deps/@strudel_web.js?v=271342c3:10
[  167380ms] [LOG] %c[getTrigger] error: sound RolandTR808_rim not found! Is it loaded? background-color: black;color:white;border-radius:15px @ http://localhost:5200/node_modules/.vite/deps/@strudel_web.js?v=271342c3:10
[  167380ms] [LOG] %c[getTrigger] error: sound RolandTR909_hh not found! Is it loaded? background-color: black;color:white;border-radius:15px @ http://localhost:5200/node_modules/.vite/deps/@strudel_web.js?v=271342c3:10
[  167680ms] [LOG] %c[getTrigger] error: sound RolandTR909_oh not found! Is it loaded? background-color: black;color:white;border-radius:15px @ http://localhost:5200/node_modules/.vite/deps/@strudel_web.js?v=271342c3:10
[  167681ms] [LOG] %c[getTrigger] error: sound RolandTR909_hh not found! Is it loaded? background-color: black;color:white;border-radius:15px @ http://localhost:5200/node_modules/.vite/deps/@strudel_web.js?v=271342c3:10
[  167880ms] [LOG] %c[getTrigger] error: sound RolandTR909_bd not found! Is it loaded? background-color: black;color:white;border-radius:15px @ http://localhost:5200/node_modules/.vite/deps/@strudel_web.js?v=271342c3:10
[  167880ms] [LOG] %c[getTrigger] error: sound RolandTR909_hh not found! Is it loaded? background-color: black;color:white;border-radius:15px @ http://localhost:5200/node_modules/.vite/deps/@strudel_web.js?v=271342c3:10
[  167880ms] [LOG] %c[getTrigger] error: sound RolandTR909_cp not found! Is it loaded? background-color: black;color:white;border-radius:15px @ http://localhost:5200/node_modules/.vite/deps/@strudel_web.js?v=271342c3:10
[  167880ms] [LOG] %c[getTrigger] error: sound RolandTR909_hh not found! Is it loaded? background-color: black;color:white;border-radius:15px @ http://localhost:5200/node_modules/.vite/deps/@strudel_web.js?v=271342c3:10
[  167880ms] [LOG] %c[getTrigger] error: sound RolandTR808_sd not found! Is it loaded? background-color: black;color:white;border-radius:15px @ http://localhost:5200/node_modules/.vite/deps/@strudel_web.js?v=271342c3:10
[  167981ms] [LOG] %c[getTrigger] error: sound RolandTR909_hh not found! Is it loaded? background-color: black;color:white;border-radius:15px @ http://localhost:5200/node_modules/.vite/deps/@strudel_web.js?v=271342c3:10
[  168080ms] [LOG] %c[getTrigger] error: sound RolandTR909_oh not found! Is it loaded? background-color: black;color:white;border-radius:15px @ http://localhost:5200/node_modules/.vite/deps/@strudel_web.js?v=271342c3:10
[  168080ms] [LOG] %c[getTrigger] error: sound RolandTR909_hh not found! Is it loaded? background-color: black;color:white;border-radius:15px @ http://localhost:5200/node_modules/.vite/deps/@strudel_web.js?v=271342c3:10
[  168382ms] [LOG] %c[getTrigger] error: sound RolandTR909_bd not found! Is it loaded? background-color: black;color:white;border-radius:15px @ http://localhost:5200/node_modules/.vite/deps/@strudel_web.js?v=271342c3:10
[  168382ms] [LOG] %c[getTrigger] error: sound RolandTR909_hh not found! Is it loaded? background-color: black;color:white;border-radius:15px @ http://localhost:5200/node_modules/.vite/deps/@strudel_web.js?v=271342c3:10
[  168382ms] [LOG] %c[getTrigger] error: sound RolandTR808_rim not found! Is it loaded? background-color: black;color:white;border-radius:15px @ http://localhost:5200/node_modules/.vite/deps/@strudel_web.js?v=271342c3:10
[  168383ms] [LOG] %c[getTrigger] error: sound RolandTR909_hh not found! Is it loaded? background-color: black;color:white;border-radius:15px @ http://localhost:5200/node_modules/.vite/deps/@strudel_web.js?v=271342c3:10
[  168580ms] [LOG] %c[getTrigger] error: sound RolandTR909_oh not found! Is it loaded? background-color: black;color:white;border-radius:15px @ http://localhost:5200/node_modules/.vite/deps/@strudel_web.js?v=271342c3:10
[  168580ms] [LOG] %c[getTrigger] error: sound RolandTR909_hh not found! Is it loaded? background-color: black;color:white;border-radius:15px @ http://localhost:5200/node_modules/.vite/deps/@strudel_web.js?v=271342c3:10
[  168591ms] [LOG] %c[eval] code updated background-color: black;color:white;border-radius:15px @ http://localhost:5200/node_modules/.vite/deps/@strudel_web.js?v=271342c3:10
[  168681ms] [LOG] %c[getTrigger] error: sound RolandTR909_hh not found! Is it loaded? background-color: black;color:white;border-radius:15px @ http://localhost:5200/node_modules/.vite/deps/@strudel_web.js?v=271342c3:10
[  168789ms] [LOG] %c[getTrigger] error: sound RolandTR909_bd not found! Is it loaded? background-color: black;color:white;border-radius:15px @ http://localhost:5200/node_modules/.vite/deps/@strudel_web.js?v=271342c3:10
[  168789ms] [LOG] %c[getTrigger] error: sound RolandTR909_hh not found! Is it loaded? background-color: black;color:white;border-radius:15px @ http://localhost:5200/node_modules/.vite/deps/@strudel_web.js?v=271342c3:10
[  168789ms] [LOG] %c[getTrigger] error: sound RolandTR909_cp not found! Is it loaded? background-color: black;color:white;border-radius:15px @ http://localhost:5200/node_modules/.vite/deps/@strudel_web.js?v=271342c3:10
[  168789ms] [LOG] %c[getTrigger] error: sound RolandTR909_hh not found! Is it loaded? background-color: black;color:white;border-radius:15px @ http://localhost:5200/node_modules/.vite/deps/@strudel_web.js?v=271342c3:10
[  168880ms] [LOG] %c[getTrigger] error: sound RolandTR808_sd not found! Is it loaded? background-color: black;color:white;border-radius:15px @ http://localhost:5200/node_modules/.vite/deps/@strudel_web.js?v=271342c3:10
[  168880ms] [LOG] %c[getTrigger] error: sound RolandTR909_hh not found! Is it loaded? background-color: black;color:white;border-radius:15px @ http://localhost:5200/node_modules/.vite/deps/@strudel_web.js?v=271342c3:10
[  169080ms] [LOG] %c[getTrigger] error: sound RolandTR909_oh not found! Is it loaded? background-color: black;color:white;border-radius:15px @ http://localhost:5200/node_modules/.vite/deps/@strudel_web.js?v=271342c3:10
[  169080ms] [LOG] %c[getTrigger] error: sound RolandTR909_hh not found! Is it loaded? background-color: black;color:white;border-radius:15px @ http://localhost:5200/node_modules/.vite/deps/@strudel_web.js?v=271342c3:10
[  169287ms] [LOG] %c[getTrigger] error: sound RolandTR909_bd not found! Is it loaded? background-color: black;color:white;border-radius:15px @ http://localhost:5200/node_modules/.vite/deps/@strudel_web.js?v=271342c3:10
[  169287ms] [LOG] %c[getTrigger] error: sound RolandTR909_hh not found! Is it loaded? background-color: black;color:white;border-radius:15px @ http://localhost:5200/node_modules/.vite/deps/@strudel_web.js?v=271342c3:10
[  169481ms] [LOG] %c[getTrigger] error: sound RolandTR909_oh not found! Is it loaded? background-color: black;color:white;border-radius:15px @ http://localhost:5200/node_modules/.vite/deps/@strudel_web.js?v=271342c3:10
[  169481ms] [LOG] %c[getTrigger] error: sound RolandTR909_hh not found! Is it loaded? background-color: black;color:white;border-radius:15px @ http://localhost:5200/node_modules/.vite/deps/@strudel_web.js?v=271342c3:10
[  169790ms] [LOG] %c[getTrigger] error: sound RolandTR909_bd not found! Is it loaded? background-color: black;color:white;border-radius:15px @ http://localhost:5200/node_modules/.vite/deps/@strudel_web.js?v=271342c3:10
[  169790ms] [LOG] %c[getTrigger] error: sound RolandTR909_hh not found! Is it loaded? background-color: black;color:white;border-radius:15px @ http://localhost:5200/node_modules/.vite/deps/@strudel_web.js?v=271342c3:10
[  169790ms] [LOG] %c[getTrigger] error: sound RolandTR808_rim not found! Is it loaded? background-color: black;color:white;border-radius:15px @ http://localhost:5200/node_modules/.vite/deps/@strudel_web.js?v=271342c3:10
[  169790ms] [LOG] %c[getTrigger] error: sound RolandTR909_cp not found! Is it loaded? background-color: black;color:white;border-radius:15px @ http://localhost:5200/node_modules/.vite/deps/@strudel_web.js?v=271342c3:10
[  169790ms] [LOG] %c[getTrigger] error: sound RolandTR808_sd not found! Is it loaded? background-color: black;color:white;border-radius:15px @ http://localhost:5200/node_modules/.vite/deps/@strudel_web.js?v=271342c3:10
[  169790ms] [LOG] %c[getTrigger] error: sound RolandTR909_hh not found! Is it loaded? background-color: black;color:white;border-radius:15px @ http://localhost:5200/node_modules/.vite/deps/@strudel_web.js?v=271342c3:10
[  169981ms] [LOG] %c[getTrigger] error: sound RolandTR909_oh not found! Is it loaded? background-color: black;color:white;border-radius:15px @ http://localhost:5200/node_modules/.vite/deps/@strudel_web.js?v=271342c3:10
[  169982ms] [LOG] %c[getTrigger] error: sound RolandTR909_hh not found! Is it loaded? background-color: black;color:white;border-radius:15px @ http://localhost:5200/node_modules/.vite/deps/@strudel_web.js?v=271342c3:10
[  170181ms] [LOG] %c[getTrigger] error: sound RolandTR909_bd not found! Is it loaded? background-color: black;color:white;border-radius:15px @ http://localhost:5200/node_modules/.vite/deps/@strudel_web.js?v=271342c3:10
[  170181ms] [LOG] %c[getTrigger] error: sound RolandTR909_hh not found! Is it loaded? background-color: black;color:white;border-radius:15px @ http://localhost:5200/node_modules/.vite/deps/@strudel_web.js?v=271342c3:10
[  170181ms] [LOG] %c[getTrigger] error: sound RolandTR808_rim not found! Is it loaded? background-color: black;color:white;border-radius:15px @ http://localhost:5200/node_modules/.vite/deps/@strudel_web.js?v=271342c3:10
[  170181ms] [LOG] %c[getTrigger] error: sound RolandTR909_hh not found! Is it loaded? background-color: black;color:white;border-radius:15px @ http://localhost:5200/node_modules/.vite/deps/@strudel_web.js?v=271342c3:10
[  170476ms] [LOG] %c[eval] code updated background-color: black;color:white;border-radius:15px @ http://localhost:5200/node_modules/.vite/deps/@strudel_web.js?v=271342c3:10
[  170481ms] [LOG] %c[getTrigger] error: sound RolandTR909_oh not found! Is it loaded? background-color: black;color:white;border-radius:15px @ http://localhost:5200/node_modules/.vite/deps/@strudel_web.js?v=271342c3:10
[  170481ms] [LOG] %c[getTrigger] error: sound RolandTR909_hh not found! Is it loaded? background-color: black;color:white;border-radius:15px @ http://localhost:5200/node_modules/.vite/deps/@strudel_web.js?v=271342c3:10
[  170680ms] [LOG] %c[getTrigger] error: sound RolandTR909_bd not found! Is it loaded? background-color: black;color:white;border-radius:15px @ http://localhost:5200/node_modules/.vite/deps/@strudel_web.js?v=271342c3:10
[  170681ms] [LOG] %c[getTrigger] error: sound RolandTR909_hh not found! Is it loaded? background-color: black;color:white;border-radius:15px @ http://localhost:5200/node_modules/.vite/deps/@strudel_web.js?v=271342c3:10
[  170681ms] [LOG] %c[getTrigger] error: sound RolandTR909_cp not found! Is it loaded? background-color: black;color:white;border-radius:15px @ http://localhost:5200/node_modules/.vite/deps/@strudel_web.js?v=271342c3:10
[  170681ms] [LOG] %c[getTrigger] error: sound RolandTR808_sd not found! Is it loaded? background-color: black;color:white;border-radius:15px @ http://localhost:5200/node_modules/.vite/deps/@strudel_web.js?v=271342c3:10
[  170681ms] [LOG] %c[getTrigger] error: sound RolandTR909_hh not found! Is it loaded? background-color: black;color:white;border-radius:15px @ http://localhost:5200/node_modules/.vite/deps/@strudel_web.js?v=271342c3:10
[  170881ms] [LOG] %c[getTrigger] error: sound RolandTR909_oh not found! Is it loaded? background-color: black;color:white;border-radius:15px @ http://localhost:5200/node_modules/.vite/deps/@strudel_web.js?v=271342c3:10
[  170881ms] [LOG] %c[getTrigger] error: sound RolandTR909_hh not found! Is it loaded? background-color: black;color:white;border-radius:15px @ http://localhost:5200/node_modules/.vite/deps/@strudel_web.js?v=271342c3:10
[  171180ms] [LOG] %c[getTrigger] error: sound RolandTR909_bd not found! Is it loaded? background-color: black;color:white;border-radius:15px @ http://localhost:5200/node_modules/.vite/deps/@strudel_web.js?v=271342c3:10
[  171181ms] [LOG] %c[getTrigger] error: sound RolandTR909_hh not found! Is it loaded? background-color: black;color:white;border-radius:15px @ http://localhost:5200/node_modules/.vite/deps/@strudel_web.js?v=271342c3:10
[  171181ms] [LOG] %c[getTrigger] error: sound RolandTR808_rim not found! Is it loaded? background-color: black;color:white;border-radius:15px @ http://localhost:5200/node_modules/.vite/deps/@strudel_web.js?v=271342c3:10
[  171181ms] [LOG] %c[getTrigger] error: sound RolandTR909_hh not found! Is it loaded? background-color: black;color:white;border-radius:15px @ http://localhost:5200/node_modules/.vite/deps/@strudel_web.js?v=271342c3:10
[  171389ms] [LOG] %c[getTrigger] error: sound RolandTR909_oh not found! Is it loaded? background-color: black;color:white;border-radius:15px @ http://localhost:5200/node_modules/.vite/deps/@strudel_web.js?v=271342c3:10
[  171389ms] [LOG] %c[getTrigger] error: sound RolandTR909_hh not found! Is it loaded? background-color: black;color:white;border-radius:15px @ http://localhost:5200/node_modules/.vite/deps/@strudel_web.js?v=271342c3:10
[  171581ms] [LOG] %c[getTrigger] error: sound RolandTR909_bd not found! Is it loaded? background-color: black;color:white;border-radius:15px @ http://localhost:5200/node_modules/.vite/deps/@strudel_web.js?v=271342c3:10
[  171582ms] [LOG] %c[getTrigger] error: sound RolandTR909_hh not found! Is it loaded? background-color: black;color:white;border-radius:15px @ http://localhost:5200/node_modules/.vite/deps/@strudel_web.js?v=271342c3:10
[  171582ms] [LOG] %c[getTrigger] error: sound RolandTR909_cp not found! Is it loaded? background-color: black;color:white;border-radius:15px @ http://localhost:5200/node_modules/.vite/deps/@strudel_web.js?v=271342c3:10
[  171582ms] [LOG] %c[getTrigger] error: sound RolandTR909_hh not found! Is it loaded? background-color: black;color:white;border-radius:15px @ http://localhost:5200/node_modules/.vite/deps/@strudel_web.js?v=271342c3:10
[  171680ms] [LOG] %c[getTrigger] error: sound RolandTR808_sd not found! Is it loaded? background-color: black;color:white;border-radius:15px @ http://localhost:5200/node_modules/.vite/deps/@strudel_web.js?v=271342c3:10
[  171680ms] [LOG] %c[getTrigger] error: sound RolandTR909_hh not found! Is it loaded? background-color: black;color:white;border-radius:15px @ http://localhost:5200/node_modules/.vite/deps/@strudel_web.js?v=271342c3:10
[  171889ms] [LOG] %c[getTrigger] error: sound RolandTR909_oh not found! Is it loaded? background-color: black;color:white;border-radius:15px @ http://localhost:5200/node_modules/.vite/deps/@strudel_web.js?v=271342c3:10
[  171890ms] [LOG] %c[getTrigger] error: sound RolandTR909_hh not found! Is it loaded? background-color: black;color:white;border-radius:15px @ http://localhost:5200/node_modules/.vite/deps/@strudel_web.js?v=271342c3:10
[  172081ms] [LOG] %c[getTrigger] error: sound RolandTR909_bd not found! Is it loaded? background-color: black;color:white;border-radius:15px @ http://localhost:5200/node_modules/.vite/deps/@strudel_web.js?v=271342c3:10
[  172081ms] [LOG] %c[getTrigger] error: sound RolandTR909_hh not found! Is it loaded? background-color: black;color:white;border-radius:15px @ http://localhost:5200/node_modules/.vite/deps/@strudel_web.js?v=271342c3:10
[  172081ms] [LOG] %c[getTrigger] error: sound RolandTR808_rim not found! Is it loaded? background-color: black;color:white;border-radius:15px @ http://localhost:5200/node_modules/.vite/deps/@strudel_web.js?v=271342c3:10
[  172082ms] [LOG] %c[getTrigger] error: sound RolandTR909_hh not found! Is it loaded? background-color: black;color:white;border-radius:15px @ http://localhost:5200/node_modules/.vite/deps/@strudel_web.js?v=271342c3:10
[  172281ms] [LOG] %c[getTrigger] error: sound RolandTR909_oh not found! Is it loaded? background-color: black;color:white;border-radius:15px @ http://localhost:5200/node_modules/.vite/deps/@strudel_web.js?v=271342c3:10
[  172281ms] [LOG] %c[getTrigger] error: sound RolandTR909_hh not found! Is it loaded? background-color: black;color:white;border-radius:15px @ http://localhost:5200/node_modules/.vite/deps/@strudel_web.js?v=271342c3:10
[  172346ms] [LOG] %c[eval] code updated background-color: black;color:white;border-radius:15px @ http://localhost:5200/node_modules/.vite/deps/@strudel_web.js?v=271342c3:10
[  172389ms] [LOG] %c[getTrigger] error: sound RolandTR909_hh not found! Is it loaded? background-color: black;color:white;border-radius:15px @ http://localhost:5200/node_modules/.vite/deps/@strudel_web.js?v=271342c3:10
[  172480ms] [LOG] %c[getTrigger] error: sound RolandTR909_bd not found! Is it loaded? background-color: black;color:white;border-radius:15px @ http://localhost:5200/node_modules/.vite/deps/@strudel_web.js?v=271342c3:10
[  172480ms] [LOG] %c[getTrigger] error: sound RolandTR909_hh not found! Is it loaded? background-color: black;color:white;border-radius:15px @ http://localhost:5200/node_modules/.vite/deps/@strudel_web.js?v=271342c3:10
[  172480ms] [LOG] %c[getTrigger] error: sound RolandTR909_cp not found! Is it loaded? background-color: black;color:white;border-radius:15px @ http://localhost:5200/node_modules/.vite/deps/@strudel_web.js?v=271342c3:10
[  172480ms] [LOG] %c[getTrigger] error: sound RolandTR808_sd not found! Is it loaded? background-color: black;color:white;border-radius:15px @ http://localhost:5200/node_modules/.vite/deps/@strudel_web.js?v=271342c3:10
[  172481ms] [LOG] %c[getTrigger] error: sound RolandTR909_hh not found! Is it loaded? background-color: black;color:white;border-radius:15px @ http://localhost:5200/node_modules/.vite/deps/@strudel_web.js?v=271342c3:10
[  172680ms] [LOG] %c[getTrigger] error: sound RolandTR909_oh not found! Is it loaded? background-color: black;color:white;border-radius:15px @ http://localhost:5200/node_modules/.vite/deps/@strudel_web.js?v=271342c3:10
[  172681ms] [LOG] %c[getTrigger] error: sound RolandTR909_hh not found! Is it loaded? background-color: black;color:white;border-radius:15px @ http://localhost:5200/node_modules/.vite/deps/@strudel_web.js?v=271342c3:10
[  172891ms] [LOG] %c[getTrigger] error: sound RolandTR909_bd not found! Is it loaded? background-color: black;color:white;border-radius:15px @ http://localhost:5200/node_modules/.vite/deps/@strudel_web.js?v=271342c3:10
[  172891ms] [LOG] %c[getTrigger] error: sound RolandTR909_hh not found! Is it loaded? background-color: black;color:white;border-radius:15px @ http://localhost:5200/node_modules/.vite/deps/@strudel_web.js?v=271342c3:10
[  173080ms] [LOG] %c[getTrigger] error: sound RolandTR909_oh not found! Is it loaded? background-color: black;color:white;border-radius:15px @ http://localhost:5200/node_modules/.vite/deps/@strudel_web.js?v=271342c3:10
[  173080ms] [LOG] %c[getTrigger] error: sound RolandTR909_hh not found! Is it loaded? background-color: black;color:white;border-radius:15px @ http://localhost:5200/node_modules/.vite/deps/@strudel_web.js?v=271342c3:10
[  173181ms] [LOG] %c[getTrigger] error: sound RolandTR909_bd not found! Is it loaded? background-color: black;color:white;border-radius:15px @ http://localhost:5200/node_modules/.vite/deps/@strudel_web.js?v=271342c3:10
[  173181ms] [LOG] %c[getTrigger] error: sound RolandTR909_hh not found! Is it loaded? background-color: black;color:white;border-radius:15px @ http://localhost:5200/node_modules/.vite/deps/@strudel_web.js?v=271342c3:10
[  173181ms] [LOG] %c[getTrigger] error: sound RolandTR808_rim not found! Is it loaded? background-color: black;color:white;border-radius:15px @ http://localhost:5200/node_modules/.vite/deps/@strudel_web.js?v=271342c3:10
[  173181ms] [LOG] %c[getTrigger] error: sound RolandTR909_cp not found! Is it loaded? background-color: black;color:white;border-radius:15px @ http://localhost:5200/node_modules/.vite/deps/@strudel_web.js?v=271342c3:10
[  173181ms] [LOG] %c[getTrigger] error: sound RolandTR808_sd not found! Is it loaded? background-color: black;color:white;border-radius:15px @ http://localhost:5200/node_modules/.vite/deps/@strudel_web.js?v=271342c3:10
[  173181ms] [LOG] %c[getTrigger] error: sound RolandTR909_hh not found! Is it loaded? background-color: black;color:white;border-radius:15px @ http://localhost:5200/node_modules/.vite/deps/@strudel_web.js?v=271342c3:10
[  173381ms] [LOG] %c[getTrigger] error: sound RolandTR909_oh not found! Is it loaded? background-color: black;color:white;border-radius:15px @ http://localhost:5200/node_modules/.vite/deps/@strudel_web.js?v=271342c3:10
[  173381ms] [LOG] %c[getTrigger] error: sound RolandTR909_hh not found! Is it loaded? background-color: black;color:white;border-radius:15px @ http://localhost:5200/node_modules/.vite/deps/@strudel_web.js?v=271342c3:10
[  173582ms] [LOG] %c[getTrigger] error: sound RolandTR909_bd not found! Is it loaded? background-color: black;color:white;border-radius:15px @ http://localhost:5200/node_modules/.vite/deps/@strudel_web.js?v=271342c3:10
[  173582ms] [LOG] %c[getTrigger] error: sound RolandTR909_hh not found! Is it loaded? background-color: black;color:white;border-radius:15px @ http://localhost:5200/node_modules/.vite/deps/@strudel_web.js?v=271342c3:10
[  173582ms] [LOG] %c[getTrigger] error: sound RolandTR808_rim not found! Is it loaded? background-color: black;color:white;border-radius:15px @ http://localhost:5200/node_modules/.vite/deps/@strudel_web.js?v=271342c3:10
[  173583ms] [LOG] %c[getTrigger] error: sound RolandTR909_hh not found! Is it loaded? background-color: black;color:white;border-radius:15px @ http://localhost:5200/node_modules/.vite/deps/@strudel_web.js?v=271342c3:10
[  173781ms] [LOG] %c[getTrigger] error: sound RolandTR909_oh not found! Is it loaded? background-color: black;color:white;border-radius:15px @ http://localhost:5200/node_modules/.vite/deps/@strudel_web.js?v=271342c3:10
[  173782ms] [LOG] %c[getTrigger] error: sound RolandTR909_hh not found! Is it loaded? background-color: black;color:white;border-radius:15px @ http://localhost:5200/node_modules/.vite/deps/@strudel_web.js?v=271342c3:10
[  173880ms] [LOG] %c[getTrigger] error: sound RolandTR909_bd not found! Is it loaded? background-color: black;color:white;border-radius:15px @ http://localhost:5200/node_modules/.vite/deps/@strudel_web.js?v=271342c3:10
[  173880ms] [LOG] %c[getTrigger] error: sound RolandTR909_hh not found! Is it loaded? background-color: black;color:white;border-radius:15px @ http://localhost:5200/node_modules/.vite/deps/@strudel_web.js?v=271342c3:10
[  173880ms] [LOG] %c[getTrigger] error: sound RolandTR909_cp not found! Is it loaded? background-color: black;color:white;border-radius:15px @ http://localhost:5200/node_modules/.vite/deps/@strudel_web.js?v=271342c3:10
[  173880ms] [LOG] %c[getTrigger] error: sound RolandTR909_hh not found! Is it loaded? background-color: black;color:white;border-radius:15px @ http://localhost:5200/node_modules/.vite/deps/@strudel_web.js?v=271342c3:10
[  173980ms] [LOG] %c[getTrigger] error: sound RolandTR808_sd not found! Is it loaded? background-color: black;color:white;border-radius:15px @ http://localhost:5200/node_modules/.vite/deps/@strudel_web.js?v=271342c3:10
[  173980ms] [LOG] %c[getTrigger] error: sound RolandTR909_hh not found! Is it loaded? background-color: black;color:white;border-radius:15px @ http://localhost:5200/node_modules/.vite/deps/@strudel_web.js?v=271342c3:10
[  174080ms] [LOG] %c[getTrigger] error: sound RolandTR909_oh not found! Is it loaded? background-color: black;color:white;border-radius:15px @ http://localhost:5200/node_modules/.vite/deps/@strudel_web.js?v=271342c3:10
[  174080ms] [LOG] %c[getTrigger] error: sound RolandTR909_hh not found! Is it loaded? background-color: black;color:white;border-radius:15px @ http://localhost:5200/node_modules/.vite/deps/@strudel_web.js?v=271342c3:10
[  174280ms] [LOG] %c[getTrigger] error: sound RolandTR909_bd not found! Is it loaded? background-color: black;color:white;border-radius:15px @ http://localhost:5200/node_modules/.vite/deps/@strudel_web.js?v=271342c3:10
[  174280ms] [LOG] %c[getTrigger] error: sound RolandTR909_hh not found! Is it loaded? background-color: black;color:white;border-radius:15px @ http://localhost:5200/node_modules/.vite/deps/@strudel_web.js?v=271342c3:10
[  174280ms] [LOG] %c[getTrigger] error: sound RolandTR808_rim not found! Is it loaded? background-color: black;color:white;border-radius:15px @ http://localhost:5200/node_modules/.vite/deps/@strudel_web.js?v=271342c3:10
[  174281ms] [LOG] %c[getTrigger] error: sound RolandTR909_hh not found! Is it loaded? background-color: black;color:white;border-radius:15px @ http://localhost:5200/node_modules/.vite/deps/@strudel_web.js?v=271342c3:10
[  174481ms] [LOG] %c[getTrigger] error: sound RolandTR909_oh not found! Is it loaded? background-color: black;color:white;border-radius:15px @ http://localhost:5200/node_modules/.vite/deps/@strudel_web.js?v=271342c3:10
[  174482ms] [LOG] %c[getTrigger] error: sound RolandTR909_hh not found! Is it loaded? background-color: black;color:white;border-radius:15px @ http://localhost:5200/node_modules/.vite/deps/@strudel_web.js?v=271342c3:10
[  174580ms] [LOG] %c[getTrigger] error: sound RolandTR909_bd not found! Is it loaded? background-color: black;color:white;border-radius:15px @ http://localhost:5200/node_modules/.vite/deps/@strudel_web.js?v=271342c3:10
[  174580ms] [LOG] %c[getTrigger] error: sound RolandTR909_hh not found! Is it loaded? background-color: black;color:white;border-radius:15px @ http://localhost:5200/node_modules/.vite/deps/@strudel_web.js?v=271342c3:10
[  174580ms] [LOG] %c[getTrigger] error: sound RolandTR909_cp not found! Is it loaded? background-color: black;color:white;border-radius:15px @ http://localhost:5200/node_modules/.vite/deps/@strudel_web.js?v=271342c3:10
[  174580ms] [LOG] %c[getTrigger] error: sound RolandTR909_hh not found! Is it loaded? background-color: black;color:white;border-radius:15px @ http://localhost:5200/node_modules/.vite/deps/@strudel_web.js?v=271342c3:10
[  174680ms] [LOG] %c[getTrigger] error: sound RolandTR808_sd not found! Is it loaded? background-color: black;color:white;border-radius:15px @ http://localhost:5200/node_modules/.vite/deps/@strudel_web.js?v=271342c3:10
[  174680ms] [LOG] %c[getTrigger] error: sound RolandTR909_hh not found! Is it loaded? background-color: black;color:white;border-radius:15px @ http://localhost:5200/node_modules/.vite/deps/@strudel_web.js?v=271342c3:10
[  174780ms] [LOG] %c[getTrigger] error: sound RolandTR909_oh not found! Is it loaded? background-color: black;color:white;border-radius:15px @ http://localhost:5200/node_modules/.vite/deps/@strudel_web.js?v=271342c3:10
[  174780ms] [LOG] %c[getTrigger] error: sound RolandTR909_hh not found! Is it loaded? background-color: black;color:white;border-radius:15px @ http://localhost:5200/node_modules/.vite/deps/@strudel_web.js?v=271342c3:10
[  174991ms] [LOG] %c[getTrigger] error: sound RolandTR909_bd not found! Is it loaded? background-color: black;color:white;border-radius:15px @ http://localhost:5200/node_modules/.vite/deps/@strudel_web.js?v=271342c3:10
[  174991ms] [LOG] %c[getTrigger] error: sound RolandTR909_hh not found! Is it loaded? background-color: black;color:white;border-radius:15px @ http://localhost:5200/node_modules/.vite/deps/@strudel_web.js?v=271342c3:10
[  174991ms] [LOG] %c[getTrigger] error: sound RolandTR808_rim not found! Is it loaded? background-color: black;color:white;border-radius:15px @ http://localhost:5200/node_modules/.vite/deps/@strudel_web.js?v=271342c3:10
[  174992ms] [LOG] %c[getTrigger] error: sound RolandTR909_hh not found! Is it loaded? background-color: black;color:white;border-radius:15px @ http://localhost:5200/node_modules/.vite/deps/@strudel_web.js?v=271342c3:10
[  175180ms] [LOG] %c[getTrigger] error: sound RolandTR909_oh not found! Is it loaded? background-color: black;color:white;border-radius:15px @ http://localhost:5200/node_modules/.vite/deps/@strudel_web.js?v=271342c3:10
[  175180ms] [LOG] %c[getTrigger] error: sound RolandTR909_hh not found! Is it loaded? background-color: black;color:white;border-radius:15px @ http://localhost:5200/node_modules/.vite/deps/@strudel_web.js?v=271342c3:10
[  175280ms] [LOG] %c[getTrigger] error: sound RolandTR909_bd not found! Is it loaded? background-color: black;color:white;border-radius:15px @ http://localhost:5200/node_modules/.vite/deps/@strudel_web.js?v=271342c3:10
[  175281ms] [LOG] %c[getTrigger] error: sound RolandTR909_hh not found! Is it loaded? background-color: black;color:white;border-radius:15px @ http://localhost:5200/node_modules/.vite/deps/@strudel_web.js?v=271342c3:10
[  175281ms] [LOG] %c[getTrigger] error: sound RolandTR909_cp not found! Is it loaded? background-color: black;color:white;border-radius:15px @ http://localhost:5200/node_modules/.vite/deps/@strudel_web.js?v=271342c3:10
[  175281ms] [LOG] %c[getTrigger] error: sound RolandTR909_hh not found! Is it loaded? background-color: black;color:white;border-radius:15px @ http://localhost:5200/node_modules/.vite/deps/@strudel_web.js?v=271342c3:10
[  175381ms] [LOG] %c[getTrigger] error: sound RolandTR808_sd not found! Is it loaded? background-color: black;color:white;border-radius:15px @ http://localhost:5200/node_modules/.vite/deps/@strudel_web.js?v=271342c3:10
[  175381ms] [LOG] %c[getTrigger] error: sound RolandTR909_hh not found! Is it loaded? background-color: black;color:white;border-radius:15px @ http://localhost:5200/node_modules/.vite/deps/@strudel_web.js?v=271342c3:10
[  175490ms] [LOG] %c[getTrigger] error: sound RolandTR909_oh not found! Is it loaded? background-color: black;color:white;border-radius:15px @ http://localhost:5200/node_modules/.vite/deps/@strudel_web.js?v=271342c3:10
[  175490ms] [LOG] %c[getTrigger] error: sound RolandTR909_hh not found! Is it loaded? background-color: black;color:white;border-radius:15px @ http://localhost:5200/node_modules/.vite/deps/@strudel_web.js?v=271342c3:10
[  175680ms] [LOG] %c[getTrigger] error: sound RolandTR909_bd not found! Is it loaded? background-color: black;color:white;border-radius:15px @ http://localhost:5200/node_modules/.vite/deps/@strudel_web.js?v=271342c3:10
[  175680ms] [LOG] %c[getTrigger] error: sound RolandTR909_hh not found! Is it loaded? background-color: black;color:white;border-radius:15px @ http://localhost:5200/node_modules/.vite/deps/@strudel_web.js?v=271342c3:10
[  175880ms] [LOG] %c[getTrigger] error: sound RolandTR909_oh not found! Is it loaded? background-color: black;color:white;border-radius:15px @ http://localhost:5200/node_modules/.vite/deps/@strudel_web.js?v=271342c3:10
[  175880ms] [LOG] %c[getTrigger] error: sound RolandTR909_hh not found! Is it loaded? background-color: black;color:white;border-radius:15px @ http://localhost:5200/node_modules/.vite/deps/@strudel_web.js?v=271342c3:10
[  176081ms] [LOG] %c[getTrigger] error: sound RolandTR909_bd not found! Is it loaded? background-color: black;color:white;border-radius:15px @ http://localhost:5200/node_modules/.vite/deps/@strudel_web.js?v=271342c3:10
[  176081ms] [LOG] %c[getTrigger] error: sound RolandTR909_hh not found! Is it loaded? background-color: black;color:white;border-radius:15px @ http://localhost:5200/node_modules/.vite/deps/@strudel_web.js?v=271342c3:10
[  176081ms] [LOG] %c[getTrigger] error: sound RolandTR808_rim not found! Is it loaded? background-color: black;color:white;border-radius:15px @ http://localhost:5200/node_modules/.vite/deps/@strudel_web.js?v=271342c3:10
[  176081ms] [LOG] %c[getTrigger] error: sound RolandTR909_cp not found! Is it loaded? background-color: black;color:white;border-radius:15px @ http://localhost:5200/node_modules/.vite/deps/@strudel_web.js?v=271342c3:10
[  176081ms] [LOG] %c[getTrigger] error: sound RolandTR808_sd not found! Is it loaded? background-color: black;color:white;border-radius:15px @ http://localhost:5200/node_modules/.vite/deps/@strudel_web.js?v=271342c3:10
[  176081ms] [LOG] %c[getTrigger] error: sound RolandTR909_hh not found! Is it loaded? background-color: black;color:white;border-radius:15px @ http://localhost:5200/node_modules/.vite/deps/@strudel_web.js?v=271342c3:10
[  176180ms] [LOG] %c[getTrigger] error: sound RolandTR909_oh not found! Is it loaded? background-color: black;color:white;border-radius:15px @ http://localhost:5200/node_modules/.vite/deps/@strudel_web.js?v=271342c3:10
[  176180ms] [LOG] %c[getTrigger] error: sound RolandTR909_hh not found! Is it loaded? background-color: black;color:white;border-radius:15px @ http://localhost:5200/node_modules/.vite/deps/@strudel_web.js?v=271342c3:10
[  176382ms] [LOG] %c[getTrigger] error: sound RolandTR909_bd not found! Is it loaded? background-color: black;color:white;border-radius:15px @ http://localhost:5200/node_modules/.vite/deps/@strudel_web.js?v=271342c3:10
[  176382ms] [LOG] %c[getTrigger] error: sound RolandTR909_hh not found! Is it loaded? background-color: black;color:white;border-radius:15px @ http://localhost:5200/node_modules/.vite/deps/@strudel_web.js?v=271342c3:10
[  176382ms] [LOG] %c[getTrigger] error: sound RolandTR808_rim not found! Is it loaded? background-color: black;color:white;border-radius:15px @ http://localhost:5200/node_modules/.vite/deps/@strudel_web.js?v=271342c3:10
[  176382ms] [LOG] %c[getTrigger] error: sound RolandTR909_hh not found! Is it loaded? background-color: black;color:white;border-radius:15px @ http://localhost:5200/node_modules/.vite/deps/@strudel_web.js?v=271342c3:10
[  176579ms] [LOG] %c[getTrigger] error: sound RolandTR909_oh not found! Is it loaded? background-color: black;color:white;border-radius:15px @ http://localhost:5200/node_modules/.vite/deps/@strudel_web.js?v=271342c3:10
[  176580ms] [LOG] %c[getTrigger] error: sound RolandTR909_hh not found! Is it loaded? background-color: black;color:white;border-radius:15px @ http://localhost:5200/node_modules/.vite/deps/@strudel_web.js?v=271342c3:10
[  176637ms] [LOG] %c[eval] code updated background-color: black;color:white;border-radius:15px @ http://localhost:5200/node_modules/.vite/deps/@strudel_web.js?v=271342c3:10
[  176680ms] [LOG] %c[getTrigger] error: sound RolandTR909_hh not found! Is it loaded? background-color: black;color:white;border-radius:15px @ http://localhost:5200/node_modules/.vite/deps/@strudel_web.js?v=271342c3:10
[  176781ms] [LOG] %c[getTrigger] error: sound RolandTR909_cp not found! Is it loaded? background-color: black;color:white;border-radius:15px @ http://localhost:5200/node_modules/.vite/deps/@strudel_web.js?v=271342c3:10
[  176781ms] [LOG] %c[getTrigger] error: sound RolandTR808_sd not found! Is it loaded? background-color: black;color:white;border-radius:15px @ http://localhost:5200/node_modules/.vite/deps/@strudel_web.js?v=271342c3:10
[  176782ms] [LOG] %c[getTrigger] error: sound RolandTR909_hh not found! Is it loaded? background-color: black;color:white;border-radius:15px @ http://localhost:5200/node_modules/.vite/deps/@strudel_web.js?v=271342c3:10
[  177080ms] [LOG] %c[getTrigger] error: sound RolandTR909_oh not found! Is it loaded? background-color: black;color:white;border-radius:15px @ http://localhost:5200/node_modules/.vite/deps/@strudel_web.js?v=271342c3:10
[  177080ms] [LOG] %c[getTrigger] error: sound RolandTR909_hh not found! Is it loaded? background-color: black;color:white;border-radius:15px @ http://localhost:5200/node_modules/.vite/deps/@strudel_web.js?v=271342c3:10
[  177481ms] [LOG] %c[getTrigger] error: sound RolandTR909_cp not found! Is it loaded? background-color: black;color:white;border-radius:15px @ http://localhost:5200/node_modules/.vite/deps/@strudel_web.js?v=271342c3:10
[  177482ms] [LOG] %c[getTrigger] error: sound RolandTR808_sd not found! Is it loaded? background-color: black;color:white;border-radius:15px @ http://localhost:5200/node_modules/.vite/deps/@strudel_web.js?v=271342c3:10
[  177482ms] [LOG] %c[getTrigger] error: sound RolandTR909_hh not found! Is it loaded? background-color: black;color:white;border-radius:15px @ http://localhost:5200/node_modules/.vite/deps/@strudel_web.js?v=271342c3:10
[  177781ms] [LOG] %c[getTrigger] error: sound RolandTR909_bd not found! Is it loaded? background-color: black;color:white;border-radius:15px @ http://localhost:5200/node_modules/.vite/deps/@strudel_web.js?v=271342c3:10
[  177781ms] [LOG] %c[getTrigger] error: sound RolandTR909_hh not found! Is it loaded? background-color: black;color:white;border-radius:15px @ http://localhost:5200/node_modules/.vite/deps/@strudel_web.js?v=271342c3:10
[  178180ms] [LOG] %c[getTrigger] error: sound RolandTR808_sd not found! Is it loaded? background-color: black;color:white;border-radius:15px @ http://localhost:5200/node_modules/.vite/deps/@strudel_web.js?v=271342c3:10
[  178180ms] [LOG] %c[getTrigger] error: sound RolandTR909_hh not found! Is it loaded? background-color: black;color:white;border-radius:15px @ http://localhost:5200/node_modules/.vite/deps/@strudel_web.js?v=271342c3:10
[  178481ms] [LOG] %c[getTrigger] error: sound RolandTR909_oh not found! Is it loaded? background-color: black;color:white;border-radius:15px @ http://localhost:5200/node_modules/.vite/deps/@strudel_web.js?v=271342c3:10
[  178481ms] [LOG] %c[getTrigger] error: sound RolandTR909_hh not found! Is it loaded? background-color: black;color:white;border-radius:15px @ http://localhost:5200/node_modules/.vite/deps/@strudel_web.js?v=271342c3:10
[  178879ms] [LOG] %c[getTrigger] error: sound RolandTR808_sd not found! Is it loaded? background-color: black;color:white;border-radius:15px @ http://localhost:5200/node_modules/.vite/deps/@strudel_web.js?v=271342c3:10
[  178879ms] [LOG] %c[getTrigger] error: sound RolandTR909_hh not found! Is it loaded? background-color: black;color:white;border-radius:15px @ http://localhost:5200/node_modules/.vite/deps/@strudel_web.js?v=271342c3:10
[  179180ms] [LOG] %c[getTrigger] error: sound RolandTR909_bd not found! Is it loaded? background-color: black;color:white;border-radius:15px @ http://localhost:5200/node_modules/.vite/deps/@strudel_web.js?v=271342c3:10
[  179180ms] [LOG] %c[getTrigger] error: sound RolandTR909_hh not found! Is it loaded? background-color: black;color:white;border-radius:15px @ http://localhost:5200/node_modules/.vite/deps/@strudel_web.js?v=271342c3:10
[  179591ms] [LOG] %c[getTrigger] error: sound RolandTR909_cp not found! Is it loaded? background-color: black;color:white;border-radius:15px @ http://localhost:5200/node_modules/.vite/deps/@strudel_web.js?v=271342c3:10
[  179591ms] [LOG] %c[getTrigger] error: sound RolandTR808_sd not found! Is it loaded? background-color: black;color:white;border-radius:15px @ http://localhost:5200/node_modules/.vite/deps/@strudel_web.js?v=271342c3:10
[  179591ms] [LOG] %c[getTrigger] error: sound RolandTR909_hh not found! Is it loaded? background-color: black;color:white;border-radius:15px @ http://localhost:5200/node_modules/.vite/deps/@strudel_web.js?v=271342c3:10
[  179879ms] [LOG] %c[getTrigger] error: sound RolandTR909_oh not found! Is it loaded? background-color: black;color:white;border-radius:15px @ http://localhost:5200/node_modules/.vite/deps/@strudel_web.js?v=271342c3:10
[  179879ms] [LOG] %c[getTrigger] error: sound RolandTR909_hh not found! Is it loaded? background-color: black;color:white;border-radius:15px @ http://localhost:5200/node_modules/.vite/deps/@strudel_web.js?v=271342c3:10
[  180280ms] [LOG] %c[getTrigger] error: sound RolandTR909_cp not found! Is it loaded? background-color: black;color:white;border-radius:15px @ http://localhost:5200/node_modules/.vite/deps/@strudel_web.js?v=271342c3:10
[  180280ms] [LOG] %c[getTrigger] error: sound RolandTR909_hh not found! Is it loaded? background-color: black;color:white;border-radius:15px @ http://localhost:5200/node_modules/.vite/deps/@strudel_web.js?v=271342c3:10
[  180280ms] [LOG] %c[getTrigger] error: sound RolandTR808_sd not found! Is it loaded? background-color: black;color:white;border-radius:15px @ http://localhost:5200/node_modules/.vite/deps/@strudel_web.js?v=271342c3:10
[  180380ms] [LOG] %c[getTrigger] error: sound RolandTR909_hh not found! Is it loaded? background-color: black;color:white;border-radius:15px @ http://localhost:5200/node_modules/.vite/deps/@strudel_web.js?v=271342c3:10
[  180593ms] [LOG] %c[getTrigger] error: sound RolandTR909_bd not found! Is it loaded? background-color: black;color:white;border-radius:15px @ http://localhost:5200/node_modules/.vite/deps/@strudel_web.js?v=271342c3:10
[  180594ms] [LOG] %c[getTrigger] error: sound RolandTR909_hh not found! Is it loaded? background-color: black;color:white;border-radius:15px @ http://localhost:5200/node_modules/.vite/deps/@strudel_web.js?v=271342c3:10
[  180877ms] [LOG] %c[eval] code updated background-color: black;color:white;border-radius:15px @ http://localhost:5200/node_modules/.vite/deps/@strudel_web.js?v=271342c3:10
[  180879ms] [LOG] %c[getTrigger] error: sound RolandTR909_hh not found! Is it loaded? background-color: black;color:white;border-radius:15px @ http://localhost:5200/node_modules/.vite/deps/@strudel_web.js?v=271342c3:10
[  180981ms] [LOG] %c[getTrigger] error: sound RolandTR909_cp not found! Is it loaded? background-color: black;color:white;border-radius:15px @ http://localhost:5200/node_modules/.vite/deps/@strudel_web.js?v=271342c3:10
[  180981ms] [LOG] %c[getTrigger] error: sound RolandTR909_hh not found! Is it loaded? background-color: black;color:white;border-radius:15px @ http://localhost:5200/node_modules/.vite/deps/@strudel_web.js?v=271342c3:10
[  180981ms] [LOG] %c[getTrigger] error: sound RolandTR808_sd not found! Is it loaded? background-color: black;color:white;border-radius:15px @ http://localhost:5200/node_modules/.vite/deps/@strudel_web.js?v=271342c3:10
[  181080ms] [LOG] %c[getTrigger] error: sound RolandTR909_hh not found! Is it loaded? background-color: black;color:white;border-radius:15px @ http://localhost:5200/node_modules/.vite/deps/@strudel_web.js?v=271342c3:10
[  181080ms] [LOG] %c[getTrigger] error: sound RolandTR808_rim not found! Is it loaded? background-color: black;color:white;border-radius:15px @ http://localhost:5200/node_modules/.vite/deps/@strudel_web.js?v=271342c3:10
[  181178ms] [LOG] %c[getTrigger] error: sound RolandTR909_hh not found! Is it loaded? background-color: black;color:white;border-radius:15px @ http://localhost:5200/node_modules/.vite/deps/@strudel_web.js?v=271342c3:10
[  181481ms] [LOG] %c[getTrigger] error: sound RolandTR909_bd not found! Is it loaded? background-color: black;color:white;border-radius:15px @ http://localhost:5200/node_modules/.vite/deps/@strudel_web.js?v=271342c3:10
[  181481ms] [LOG] %c[getTrigger] error: sound RolandTR909_hh not found! Is it loaded? background-color: black;color:white;border-radius:15px @ http://localhost:5200/node_modules/.vite/deps/@strudel_web.js?v=271342c3:10
[  181580ms] [LOG] %c[getTrigger] error: sound RolandTR808_rim not found! Is it loaded? background-color: black;color:white;border-radius:15px @ http://localhost:5200/node_modules/.vite/deps/@strudel_web.js?v=271342c3:10
[  181580ms] [LOG] %c[getTrigger] error: sound RolandTR909_hh not found! Is it loaded? background-color: black;color:white;border-radius:15px @ http://localhost:5200/node_modules/.vite/deps/@strudel_web.js?v=271342c3:10
[  181682ms] [LOG] %c[getTrigger] error: sound RolandTR909_cp not found! Is it loaded? background-color: black;color:white;border-radius:15px @ http://localhost:5200/node_modules/.vite/deps/@strudel_web.js?v=271342c3:10
[  181682ms] [LOG] %c[getTrigger] error: sound RolandTR808_sd not found! Is it loaded? background-color: black;color:white;border-radius:15px @ http://localhost:5200/node_modules/.vite/deps/@strudel_web.js?v=271342c3:10
[  181780ms] [LOG] %c[getTrigger] error: sound RolandTR909_hh not found! Is it loaded? background-color: black;color:white;border-radius:15px @ http://localhost:5200/node_modules/.vite/deps/@strudel_web.js?v=271342c3:10
[  182081ms] [LOG] %c[getTrigger] error: sound RolandTR909_bd not found! Is it loaded? background-color: black;color:white;border-radius:15px @ http://localhost:5200/node_modules/.vite/deps/@strudel_web.js?v=271342c3:10
[  182081ms] [LOG] %c[getTrigger] error: sound RolandTR909_hh not found! Is it loaded? background-color: black;color:white;border-radius:15px @ http://localhost:5200/node_modules/.vite/deps/@strudel_web.js?v=271342c3:10
[  182380ms] [LOG] %c[getTrigger] error: sound RolandTR909_cp not found! Is it loaded? background-color: black;color:white;border-radius:15px @ http://localhost:5200/node_modules/.vite/deps/@strudel_web.js?v=271342c3:10
[  182380ms] [LOG] %c[getTrigger] error: sound RolandTR808_sd not found! Is it loaded? background-color: black;color:white;border-radius:15px @ http://localhost:5200/node_modules/.vite/deps/@strudel_web.js?v=271342c3:10
[  182481ms] [LOG] %c[getTrigger] error: sound RolandTR909_hh not found! Is it loaded? background-color: black;color:white;border-radius:15px @ http://localhost:5200/node_modules/.vite/deps/@strudel_web.js?v=271342c3:10
[  182481ms] [LOG] %c[getTrigger] error: sound RolandTR808_rim not found! Is it loaded? background-color: black;color:white;border-radius:15px @ http://localhost:5200/node_modules/.vite/deps/@strudel_web.js?v=271342c3:10
[  182581ms] [LOG] %c[getTrigger] error: sound RolandTR909_hh not found! Is it loaded? background-color: black;color:white;border-radius:15px @ http://localhost:5200/node_modules/.vite/deps/@strudel_web.js?v=271342c3:10
[  182880ms] [LOG] %c[getTrigger] error: sound RolandTR909_bd not found! Is it loaded? background-color: black;color:white;border-radius:15px @ http://localhost:5200/node_modules/.vite/deps/@strudel_web.js?v=271342c3:10
[  182880ms] [LOG] %c[getTrigger] error: sound RolandTR909_hh not found! Is it loaded? background-color: black;color:white;border-radius:15px @ http://localhost:5200/node_modules/.vite/deps/@strudel_web.js?v=271342c3:10
[  183080ms] [LOG] %c[getTrigger] error: sound RolandTR909_cp not found! Is it loaded? background-color: black;color:white;border-radius:15px @ http://localhost:5200/node_modules/.vite/deps/@strudel_web.js?v=271342c3:10
[  183081ms] [LOG] %c[getTrigger] error: sound RolandTR808_sd not found! Is it loaded? background-color: black;color:white;border-radius:15px @ http://localhost:5200/node_modules/.vite/deps/@strudel_web.js?v=271342c3:10
[  183192ms] [LOG] %c[getTrigger] error: sound RolandTR909_hh not found! Is it loaded? background-color: black;color:white;border-radius:15px @ http://localhost:5200/node_modules/.vite/deps/@strudel_web.js?v=271342c3:10
[  183482ms] [LOG] %c[getTrigger] error: sound RolandTR909_bd not found! Is it loaded? background-color: black;color:white;border-radius:15px @ http://localhost:5200/node_modules/.vite/deps/@strudel_web.js?v=271342c3:10
[  183482ms] [LOG] %c[getTrigger] error: sound RolandTR909_hh not found! Is it loaded? background-color: black;color:white;border-radius:15px @ http://localhost:5200/node_modules/.vite/deps/@strudel_web.js?v=271342c3:10
[  183482ms] [LOG] %c[getTrigger] error: sound RolandTR808_rim not found! Is it loaded? background-color: black;color:white;border-radius:15px @ http://localhost:5200/node_modules/.vite/deps/@strudel_web.js?v=271342c3:10
[  183483ms] [LOG] %c[getTrigger] error: sound RolandTR909_hh not found! Is it loaded? background-color: black;color:white;border-radius:15px @ http://localhost:5200/node_modules/.vite/deps/@strudel_web.js?v=271342c3:10
[  183700ms] [LOG] %c[eval] code updated background-color: black;color:white;border-radius:15px @ http://localhost:5200/node_modules/.vite/deps/@strudel_web.js?v=271342c3:10
[  183780ms] [LOG] %c[getTrigger] error: sound RolandTR909_hh not found! Is it loaded? background-color: black;color:white;border-radius:15px @ http://localhost:5200/node_modules/.vite/deps/@strudel_web.js?v=271342c3:10
[  183780ms] [LOG] %c[getTrigger] error: sound RolandTR909_cp not found! Is it loaded? background-color: black;color:white;border-radius:15px @ http://localhost:5200/node_modules/.vite/deps/@strudel_web.js?v=271342c3:10
[  183780ms] [LOG] %c[getTrigger] error: sound RolandTR808_sd not found! Is it loaded? background-color: black;color:white;border-radius:15px @ http://localhost:5200/node_modules/.vite/deps/@strudel_web.js?v=271342c3:10
[  183880ms] [LOG] %c[getTrigger] error: sound RolandTR909_hh not found! Is it loaded? background-color: black;color:white;border-radius:15px @ http://localhost:5200/node_modules/.vite/deps/@strudel_web.js?v=271342c3:10
[  184283ms] [LOG] %c[getTrigger] error: sound RolandTR909_bd not found! Is it loaded? background-color: black;color:white;border-radius:15px @ http://localhost:5200/node_modules/.vite/deps/@strudel_web.js?v=271342c3:10
[  184283ms] [LOG] %c[getTrigger] error: sound RolandTR909_hh not found! Is it loaded? background-color: black;color:white;border-radius:15px @ http://localhost:5200/node_modules/.vite/deps/@strudel_web.js?v=271342c3:10
[  184480ms] [LOG] %c[getTrigger] error: sound RolandTR808_sd not found! Is it loaded? background-color: black;color:white;border-radius:15px @ http://localhost:5200/node_modules/.vite/deps/@strudel_web.js?v=271342c3:10
[  184579ms] [LOG] %c[getTrigger] error: sound RolandTR909_hh not found! Is it loaded? background-color: black;color:white;border-radius:15px @ http://localhost:5200/node_modules/.vite/deps/@strudel_web.js?v=271342c3:10
[  184881ms] [LOG] %c[getTrigger] error: sound RolandTR909_bd not found! Is it loaded? background-color: black;color:white;border-radius:15px @ http://localhost:5200/node_modules/.vite/deps/@strudel_web.js?v=271342c3:10
[  184881ms] [LOG] %c[getTrigger] error: sound RolandTR909_hh not found! Is it loaded? background-color: black;color:white;border-radius:15px @ http://localhost:5200/node_modules/.vite/deps/@strudel_web.js?v=271342c3:10
[  184881ms] [LOG] %c[getTrigger] error: sound RolandTR808_rim not found! Is it loaded? background-color: black;color:white;border-radius:15px @ http://localhost:5200/node_modules/.vite/deps/@strudel_web.js?v=271342c3:10
[  184882ms] [LOG] %c[getTrigger] error: sound RolandTR909_hh not found! Is it loaded? background-color: black;color:white;border-radius:15px @ http://localhost:5200/node_modules/.vite/deps/@strudel_web.js?v=271342c3:10
[  185181ms] [LOG] %c[getTrigger] error: sound RolandTR909_cp not found! Is it loaded? background-color: black;color:white;border-radius:15px @ http://localhost:5200/node_modules/.vite/deps/@strudel_web.js?v=271342c3:10
[  185181ms] [LOG] %c[getTrigger] error: sound RolandTR808_sd not found! Is it loaded? background-color: black;color:white;border-radius:15px @ http://localhost:5200/node_modules/.vite/deps/@strudel_web.js?v=271342c3:10
[  185281ms] [LOG] %c[getTrigger] error: sound RolandTR909_hh not found! Is it loaded? background-color: black;color:white;border-radius:15px @ http://localhost:5200/node_modules/.vite/deps/@strudel_web.js?v=271342c3:10
[  185281ms] [LOG] %c[getTrigger] error: sound RolandTR808_rim not found! Is it loaded? background-color: black;color:white;border-radius:15px @ http://localhost:5200/node_modules/.vite/deps/@strudel_web.js?v=271342c3:10
[  185381ms] [LOG] %c[getTrigger] error: sound RolandTR909_hh not found! Is it loaded? background-color: black;color:white;border-radius:15px @ http://localhost:5200/node_modules/.vite/deps/@strudel_web.js?v=271342c3:10
[  185793ms] [LOG] %c[getTrigger] error: sound RolandTR909_bd not found! Is it loaded? background-color: black;color:white;border-radius:15px @ http://localhost:5200/node_modules/.vite/deps/@strudel_web.js?v=271342c3:10
[  185793ms] [LOG] %c[getTrigger] error: sound RolandTR909_hh not found! Is it loaded? background-color: black;color:white;border-radius:15px @ http://localhost:5200/node_modules/.vite/deps/@strudel_web.js?v=271342c3:10
[  185880ms] [LOG] %c[getTrigger] error: sound RolandTR909_cp not found! Is it loaded? background-color: black;color:white;border-radius:15px @ http://localhost:5200/node_modules/.vite/deps/@strudel_web.js?v=271342c3:10
[  185980ms] [LOG] %c[getTrigger] error: sound RolandTR909_hh not found! Is it loaded? background-color: black;color:white;border-radius:15px @ http://localhost:5200/node_modules/.vite/deps/@strudel_web.js?v=271342c3:10
[  185980ms] [LOG] %c[getTrigger] error: sound RolandTR808_sd not found! Is it loaded? background-color: black;color:white;border-radius:15px @ http://localhost:5200/node_modules/.vite/deps/@strudel_web.js?v=271342c3:10
[  185980ms] [LOG] %c[getTrigger] error: sound RolandTR909_hh not found! Is it loaded? background-color: black;color:white;border-radius:15px @ http://localhost:5200/node_modules/.vite/deps/@strudel_web.js?v=271342c3:10
[  186294ms] [LOG] %c[getTrigger] error: sound RolandTR909_bd not found! Is it loaded? background-color: black;color:white;border-radius:15px @ http://localhost:5200/node_modules/.vite/deps/@strudel_web.js?v=271342c3:10
[  186294ms] [LOG] %c[getTrigger] error: sound RolandTR909_hh not found! Is it loaded? background-color: black;color:white;border-radius:15px @ http://localhost:5200/node_modules/.vite/deps/@strudel_web.js?v=271342c3:10
[  186294ms] [LOG] %c[getTrigger] error: sound RolandTR808_rim not found! Is it loaded? background-color: black;color:white;border-radius:15px @ http://localhost:5200/node_modules/.vite/deps/@strudel_web.js?v=271342c3:10
[  186295ms] [LOG] %c[getTrigger] error: sound RolandTR909_hh not found! Is it loaded? background-color: black;color:white;border-radius:15px @ http://localhost:5200/node_modules/.vite/deps/@strudel_web.js?v=271342c3:10
[  186581ms] [LOG] %c[getTrigger] error: sound RolandTR909_cp not found! Is it loaded? background-color: black;color:white;border-radius:15px @ http://localhost:5200/node_modules/.vite/deps/@strudel_web.js?v=271342c3:10
[  186680ms] [LOG] %c[getTrigger] error: sound RolandTR909_hh not found! Is it loaded? background-color: black;color:white;border-radius:15px @ http://localhost:5200/node_modules/.vite/deps/@strudel_web.js?v=271342c3:10
[  186680ms] [LOG] %c[getTrigger] error: sound RolandTR808_sd not found! Is it loaded? background-color: black;color:white;border-radius:15px @ http://localhost:5200/node_modules/.vite/deps/@strudel_web.js?v=271342c3:10
[  186680ms] [LOG] %c[getTrigger] error: sound RolandTR909_hh not found! Is it loaded? background-color: black;color:white;border-radius:15px @ http://localhost:5200/node_modules/.vite/deps/@strudel_web.js?v=271342c3:10
[  187181ms] [LOG] %c[getTrigger] error: sound RolandTR909_bd not found! Is it loaded? background-color: black;color:white;border-radius:15px @ http://localhost:5200/node_modules/.vite/deps/@strudel_web.js?v=271342c3:10
[  187181ms] [LOG] %c[getTrigger] error: sound RolandTR909_hh not found! Is it loaded? background-color: black;color:white;border-radius:15px @ http://localhost:5200/node_modules/.vite/deps/@strudel_web.js?v=271342c3:10
[  187181ms] [LOG] %c[getTrigger] error: sound RolandTR808_rim not found! Is it loaded? background-color: black;color:white;border-radius:15px @ http://localhost:5200/node_modules/.vite/deps/@strudel_web.js?v=271342c3:10
[  187280ms] [LOG] %c[getTrigger] error: sound RolandTR909_hh not found! Is it loaded? background-color: black;color:white;border-radius:15px @ http://localhost:5200/node_modules/.vite/deps/@strudel_web.js?v=271342c3:10
[  187380ms] [LOG] %c[getTrigger] error: sound RolandTR808_sd not found! Is it loaded? background-color: black;color:white;border-radius:15px @ http://localhost:5200/node_modules/.vite/deps/@strudel_web.js?v=271342c3:10
[  187380ms] [LOG] %c[getTrigger] error: sound RolandTR909_hh not found! Is it loaded? background-color: black;color:white;border-radius:15px @ http://localhost:5200/node_modules/.vite/deps/@strudel_web.js?v=271342c3:10
[  187681ms] [LOG] %c[getTrigger] error: sound RolandTR909_bd not found! Is it loaded? background-color: black;color:white;border-radius:15px @ http://localhost:5200/node_modules/.vite/deps/@strudel_web.js?v=271342c3:10
[  187681ms] [LOG] %c[getTrigger] error: sound RolandTR909_hh not found! Is it loaded? background-color: black;color:white;border-radius:15px @ http://localhost:5200/node_modules/.vite/deps/@strudel_web.js?v=271342c3:10
[  188080ms] [LOG] %c[getTrigger] error: sound RolandTR808_sd not found! Is it loaded? background-color: black;color:white;border-radius:15px @ http://localhost:5200/node_modules/.vite/deps/@strudel_web.js?v=271342c3:10
[  188080ms] [LOG] %c[getTrigger] error: sound RolandTR909_hh not found! Is it loaded? background-color: black;color:white;border-radius:15px @ http://localhost:5200/node_modules/.vite/deps/@strudel_web.js?v=271342c3:10
[  188580ms] [LOG] %c[getTrigger] error: sound RolandTR909_bd not found! Is it loaded? background-color: black;color:white;border-radius:15px @ http://localhost:5200/node_modules/.vite/deps/@strudel_web.js?v=271342c3:10
[  188580ms] [LOG] %c[getTrigger] error: sound RolandTR909_hh not found! Is it loaded? background-color: black;color:white;border-radius:15px @ http://localhost:5200/node_modules/.vite/deps/@strudel_web.js?v=271342c3:10
[  188580ms] [LOG] %c[getTrigger] error: sound RolandTR808_rim not found! Is it loaded? background-color: black;color:white;border-radius:15px @ http://localhost:5200/node_modules/.vite/deps/@strudel_web.js?v=271342c3:10
[  188679ms] [LOG] %c[getTrigger] error: sound RolandTR909_hh not found! Is it loaded? background-color: black;color:white;border-radius:15px @ http://localhost:5200/node_modules/.vite/deps/@strudel_web.js?v=271342c3:10
[  188782ms] [LOG] %c[getTrigger] error: sound RolandTR909_cp not found! Is it loaded? background-color: black;color:white;border-radius:15px @ http://localhost:5200/node_modules/.vite/deps/@strudel_web.js?v=271342c3:10
[  188782ms] [LOG] %c[getTrigger] error: sound RolandTR808_sd not found! Is it loaded? background-color: black;color:white;border-radius:15px @ http://localhost:5200/node_modules/.vite/deps/@strudel_web.js?v=271342c3:10
[  188782ms] [LOG] %c[getTrigger] error: sound RolandTR909_hh not found! Is it loaded? background-color: black;color:white;border-radius:15px @ http://localhost:5200/node_modules/.vite/deps/@strudel_web.js?v=271342c3:10
[  189081ms] [LOG] %c[getTrigger] error: sound RolandTR909_bd not found! Is it loaded? background-color: black;color:white;border-radius:15px @ http://localhost:5200/node_modules/.vite/deps/@strudel_web.js?v=271342c3:10
[  189082ms] [LOG] %c[getTrigger] error: sound RolandTR909_hh not found! Is it loaded? background-color: black;color:white;border-radius:15px @ http://localhost:5200/node_modules/.vite/deps/@strudel_web.js?v=271342c3:10
[  189082ms] [LOG] %c[getTrigger] error: sound RolandTR808_rim not found! Is it loaded? background-color: black;color:white;border-radius:15px @ http://localhost:5200/node_modules/.vite/deps/@strudel_web.js?v=271342c3:10
[  189082ms] [LOG] %c[getTrigger] error: sound RolandTR909_hh not found! Is it loaded? background-color: black;color:white;border-radius:15px @ http://localhost:5200/node_modules/.vite/deps/@strudel_web.js?v=271342c3:10
[  189479ms] [LOG] %c[getTrigger] error: sound RolandTR909_cp not found! Is it loaded? background-color: black;color:white;border-radius:15px @ http://localhost:5200/node_modules/.vite/deps/@strudel_web.js?v=271342c3:10
[  189479ms] [LOG] %c[getTrigger] error: sound RolandTR808_sd not found! Is it loaded? background-color: black;color:white;border-radius:15px @ http://localhost:5200/node_modules/.vite/deps/@strudel_web.js?v=271342c3:10
[  189479ms] [LOG] %c[getTrigger] error: sound RolandTR909_hh not found! Is it loaded? background-color: black;color:white;border-radius:15px @ http://localhost:5200/node_modules/.vite/deps/@strudel_web.js?v=271342c3:10
[  189980ms] [LOG] %c[getTrigger] error: sound RolandTR909_bd not found! Is it loaded? background-color: black;color:white;border-radius:15px @ http://localhost:5200/node_modules/.vite/deps/@strudel_web.js?v=271342c3:10
[  189980ms] [LOG] %c[getTrigger] error: sound RolandTR909_hh not found! Is it loaded? background-color: black;color:white;border-radius:15px @ http://localhost:5200/node_modules/.vite/deps/@strudel_web.js?v=271342c3:10
[  190080ms] [LOG] %c[getTrigger] error: sound RolandTR808_rim not found! Is it loaded? background-color: black;color:white;border-radius:15px @ http://localhost:5200/node_modules/.vite/deps/@strudel_web.js?v=271342c3:10
[  190080ms] [LOG] %c[getTrigger] error: sound RolandTR909_hh not found! Is it loaded? background-color: black;color:white;border-radius:15px @ http://localhost:5200/node_modules/.vite/deps/@strudel_web.js?v=271342c3:10
[  190180ms] [LOG] %c[getTrigger] error: sound RolandTR909_cp not found! Is it loaded? background-color: black;color:white;border-radius:15px @ http://localhost:5200/node_modules/.vite/deps/@strudel_web.js?v=271342c3:10
[  190180ms] [LOG] %c[getTrigger] error: sound RolandTR808_sd not found! Is it loaded? background-color: black;color:white;border-radius:15px @ http://localhost:5200/node_modules/.vite/deps/@strudel_web.js?v=271342c3:10
[  190180ms] [LOG] %c[getTrigger] error: sound RolandTR909_hh not found! Is it loaded? background-color: black;color:white;border-radius:15px @ http://localhost:5200/node_modules/.vite/deps/@strudel_web.js?v=271342c3:10
[  190480ms] [LOG] %c[getTrigger] error: sound RolandTR909_bd not found! Is it loaded? background-color: black;color:white;border-radius:15px @ http://localhost:5200/node_modules/.vite/deps/@strudel_web.js?v=271342c3:10
[  190481ms] [LOG] %c[getTrigger] error: sound RolandTR909_hh not found! Is it loaded? background-color: black;color:white;border-radius:15px @ http://localhost:5200/node_modules/.vite/deps/@strudel_web.js?v=271342c3:10
[  190881ms] [LOG] %c[getTrigger] error: sound RolandTR808_sd not found! Is it loaded? background-color: black;color:white;border-radius:15px @ http://localhost:5200/node_modules/.vite/deps/@strudel_web.js?v=271342c3:10
[  190881ms] [LOG] %c[getTrigger] error: sound RolandTR909_hh not found! Is it loaded? background-color: black;color:white;border-radius:15px @ http://localhost:5200/node_modules/.vite/deps/@strudel_web.js?v=271342c3:10
[  190979ms] [LOG] %c[getTrigger] error: sound RolandTR808_rim not found! Is it loaded? background-color: black;color:white;border-radius:15px @ http://localhost:5200/node_modules/.vite/deps/@strudel_web.js?v=271342c3:10
[  190980ms] [LOG] %c[getTrigger] error: sound RolandTR909_hh not found! Is it loaded? background-color: black;color:white;border-radius:15px @ http://localhost:5200/node_modules/.vite/deps/@strudel_web.js?v=271342c3:10
[  191380ms] [LOG] %c[getTrigger] error: sound RolandTR909_bd not found! Is it loaded? background-color: black;color:white;border-radius:15px @ http://localhost:5200/node_modules/.vite/deps/@strudel_web.js?v=271342c3:10
[  191380ms] [LOG] %c[getTrigger] error: sound RolandTR909_hh not found! Is it loaded? background-color: black;color:white;border-radius:15px @ http://localhost:5200/node_modules/.vite/deps/@strudel_web.js?v=271342c3:10
[  191581ms] [LOG] %c[getTrigger] error: sound RolandTR808_sd not found! Is it loaded? background-color: black;color:white;border-radius:15px @ http://localhost:5200/node_modules/.vite/deps/@strudel_web.js?v=271342c3:10
[  191581ms] [LOG] %c[getTrigger] error: sound RolandTR909_hh not found! Is it loaded? background-color: black;color:white;border-radius:15px @ http://localhost:5200/node_modules/.vite/deps/@strudel_web.js?v=271342c3:10
[  191881ms] [LOG] %c[getTrigger] error: sound RolandTR909_bd not found! Is it loaded? background-color: black;color:white;border-radius:15px @ http://localhost:5200/node_modules/.vite/deps/@strudel_web.js?v=271342c3:10
[  191881ms] [LOG] %c[getTrigger] error: sound RolandTR909_hh not found! Is it loaded? background-color: black;color:white;border-radius:15px @ http://localhost:5200/node_modules/.vite/deps/@strudel_web.js?v=271342c3:10
[  192280ms] [LOG] %c[getTrigger] error: sound RolandTR909_cp not found! Is it loaded? background-color: black;color:white;border-radius:15px @ http://localhost:5200/node_modules/.vite/deps/@strudel_web.js?v=271342c3:10
[  192280ms] [LOG] %c[getTrigger] error: sound RolandTR909_hh not found! Is it loaded? background-color: black;color:white;border-radius:15px @ http://localhost:5200/node_modules/.vite/deps/@strudel_web.js?v=271342c3:10
[  192280ms] [LOG] %c[getTrigger] error: sound RolandTR808_sd not found! Is it loaded? background-color: black;color:white;border-radius:15px @ http://localhost:5200/node_modules/.vite/deps/@strudel_web.js?v=271342c3:10
[  192379ms] [LOG] %c[getTrigger] error: sound RolandTR909_hh not found! Is it loaded? background-color: black;color:white;border-radius:15px @ http://localhost:5200/node_modules/.vite/deps/@strudel_web.js?v=271342c3:10
[  192379ms] [LOG] %c[getTrigger] error: sound RolandTR808_rim not found! Is it loaded? background-color: black;color:white;border-radius:15px @ http://localhost:5200/node_modules/.vite/deps/@strudel_web.js?v=271342c3:10
[  192479ms] [LOG] %c[getTrigger] error: sound RolandTR909_hh not found! Is it loaded? background-color: black;color:white;border-radius:15px @ http://localhost:5200/node_modules/.vite/deps/@strudel_web.js?v=271342c3:10
[  192780ms] [LOG] %c[getTrigger] error: sound RolandTR909_bd not found! Is it loaded? background-color: black;color:white;border-radius:15px @ http://localhost:5200/node_modules/.vite/deps/@strudel_web.js?v=271342c3:10
[  192780ms] [LOG] %c[getTrigger] error: sound RolandTR909_hh not found! Is it loaded? background-color: black;color:white;border-radius:15px @ http://localhost:5200/node_modules/.vite/deps/@strudel_web.js?v=271342c3:10
[  192879ms] [LOG] %c[getTrigger] error: sound RolandTR808_rim not found! Is it loaded? background-color: black;color:white;border-radius:15px @ http://localhost:5200/node_modules/.vite/deps/@strudel_web.js?v=271342c3:10
[  192879ms] [LOG] %c[getTrigger] error: sound RolandTR909_hh not found! Is it loaded? background-color: black;color:white;border-radius:15px @ http://localhost:5200/node_modules/.vite/deps/@strudel_web.js?v=271342c3:10
[  192980ms] [LOG] %c[getTrigger] error: sound RolandTR808_sd not found! Is it loaded? background-color: black;color:white;border-radius:15px @ http://localhost:5200/node_modules/.vite/deps/@strudel_web.js?v=271342c3:10
[  193079ms] [LOG] %c[getTrigger] error: sound RolandTR909_hh not found! Is it loaded? background-color: black;color:white;border-radius:15px @ http://localhost:5200/node_modules/.vite/deps/@strudel_web.js?v=271342c3:10
[  193281ms] [LOG] %c[getTrigger] error: sound RolandTR909_bd not found! Is it loaded? background-color: black;color:white;border-radius:15px @ http://localhost:5200/node_modules/.vite/deps/@strudel_web.js?v=271342c3:10
[  193281ms] [LOG] %c[getTrigger] error: sound RolandTR909_hh not found! Is it loaded? background-color: black;color:white;border-radius:15px @ http://localhost:5200/node_modules/.vite/deps/@strudel_web.js?v=271342c3:10
[  193680ms] [LOG] %c[getTrigger] error: sound RolandTR808_sd not found! Is it loaded? background-color: black;color:white;border-radius:15px @ http://localhost:5200/node_modules/.vite/deps/@strudel_web.js?v=271342c3:10
[  193780ms] [LOG] %c[getTrigger] error: sound RolandTR909_hh not found! Is it loaded? background-color: black;color:white;border-radius:15px @ http://localhost:5200/node_modules/.vite/deps/@strudel_web.js?v=271342c3:10
[  193780ms] [LOG] %c[getTrigger] error: sound RolandTR808_rim not found! Is it loaded? background-color: black;color:white;border-radius:15px @ http://localhost:5200/node_modules/.vite/deps/@strudel_web.js?v=271342c3:10
[  193879ms] [LOG] %c[getTrigger] error: sound RolandTR909_hh not found! Is it loaded? background-color: black;color:white;border-radius:15px @ http://localhost:5200/node_modules/.vite/deps/@strudel_web.js?v=271342c3:10
[  194179ms] [LOG] %c[getTrigger] error: sound RolandTR909_bd not found! Is it loaded? background-color: black;color:white;border-radius:15px @ http://localhost:5200/node_modules/.vite/deps/@strudel_web.js?v=271342c3:10
[  194179ms] [LOG] %c[getTrigger] error: sound RolandTR909_hh not found! Is it loaded? background-color: black;color:white;border-radius:15px @ http://localhost:5200/node_modules/.vite/deps/@strudel_web.js?v=271342c3:10
[  194379ms] [LOG] %c[getTrigger] error: sound RolandTR808_sd not found! Is it loaded? background-color: black;color:white;border-radius:15px @ http://localhost:5200/node_modules/.vite/deps/@strudel_web.js?v=271342c3:10
[  194479ms] [LOG] %c[getTrigger] error: sound RolandTR909_hh not found! Is it loaded? background-color: black;color:white;border-radius:15px @ http://localhost:5200/node_modules/.vite/deps/@strudel_web.js?v=271342c3:10
[  194781ms] [LOG] %c[getTrigger] error: sound RolandTR909_bd not found! Is it loaded? background-color: black;color:white;border-radius:15px @ http://localhost:5200/node_modules/.vite/deps/@strudel_web.js?v=271342c3:10
[  194781ms] [LOG] %c[getTrigger] error: sound RolandTR909_hh not found! Is it loaded? background-color: black;color:white;border-radius:15px @ http://localhost:5200/node_modules/.vite/deps/@strudel_web.js?v=271342c3:10
[  194781ms] [LOG] %c[getTrigger] error: sound RolandTR808_rim not found! Is it loaded? background-color: black;color:white;border-radius:15px @ http://localhost:5200/node_modules/.vite/deps/@strudel_web.js?v=271342c3:10
[  194781ms] [LOG] %c[getTrigger] error: sound RolandTR909_hh not found! Is it loaded? background-color: black;color:white;border-radius:15px @ http://localhost:5200/node_modules/.vite/deps/@strudel_web.js?v=271342c3:10
[  195080ms] [LOG] %c[getTrigger] error: sound RolandTR808_sd not found! Is it loaded? background-color: black;color:white;border-radius:15px @ http://localhost:5200/node_modules/.vite/deps/@strudel_web.js?v=271342c3:10
[  195180ms] [LOG] %c[getTrigger] error: sound RolandTR909_hh not found! Is it loaded? background-color: black;color:white;border-radius:15px @ http://localhost:5200/node_modules/.vite/deps/@strudel_web.js?v=271342c3:10
[  195580ms] [LOG] %c[getTrigger] error: sound RolandTR909_bd not found! Is it loaded? background-color: black;color:white;border-radius:15px @ http://localhost:5200/node_modules/.vite/deps/@strudel_web.js?v=271342c3:10
[  195580ms] [LOG] %c[getTrigger] error: sound RolandTR909_hh not found! Is it loaded? background-color: black;color:white;border-radius:15px @ http://localhost:5200/node_modules/.vite/deps/@strudel_web.js?v=271342c3:10
[  195780ms] [LOG] %c[getTrigger] error: sound RolandTR909_cp not found! Is it loaded? background-color: black;color:white;border-radius:15px @ http://localhost:5200/node_modules/.vite/deps/@strudel_web.js?v=271342c3:10
[  195780ms] [LOG] %c[getTrigger] error: sound RolandTR808_sd not found! Is it loaded? background-color: black;color:white;border-radius:15px @ http://localhost:5200/node_modules/.vite/deps/@strudel_web.js?v=271342c3:10
[  195880ms] [LOG] %c[getTrigger] error: sound RolandTR909_hh not found! Is it loaded? background-color: black;color:white;border-radius:15px @ http://localhost:5200/node_modules/.vite/deps/@strudel_web.js?v=271342c3:10
[  196180ms] [LOG] %c[getTrigger] error: sound RolandTR909_bd not found! Is it loaded? background-color: black;color:white;border-radius:15px @ http://localhost:5200/node_modules/.vite/deps/@strudel_web.js?v=271342c3:10
[  196180ms] [LOG] %c[getTrigger] error: sound RolandTR909_hh not found! Is it loaded? background-color: black;color:white;border-radius:15px @ http://localhost:5200/node_modules/.vite/deps/@strudel_web.js?v=271342c3:10
[  196181ms] [LOG] %c[getTrigger] error: sound RolandTR808_rim not found! Is it loaded? background-color: black;color:white;border-radius:15px @ http://localhost:5200/node_modules/.vite/deps/@strudel_web.js?v=271342c3:10
[  196181ms] [LOG] %c[getTrigger] error: sound RolandTR909_hh not found! Is it loaded? background-color: black;color:white;border-radius:15px @ http://localhost:5200/node_modules/.vite/deps/@strudel_web.js?v=271342c3:10
[  196480ms] [LOG] %c[getTrigger] error: sound RolandTR909_cp not found! Is it loaded? background-color: black;color:white;border-radius:15px @ http://localhost:5200/node_modules/.vite/deps/@strudel_web.js?v=271342c3:10
[  196480ms] [LOG] %c[getTrigger] error: sound RolandTR808_sd not found! Is it loaded? background-color: black;color:white;border-radius:15px @ http://localhost:5200/node_modules/.vite/deps/@strudel_web.js?v=271342c3:10
[  196579ms] [LOG] %c[getTrigger] error: sound RolandTR909_hh not found! Is it loaded? background-color: black;color:white;border-radius:15px @ http://localhost:5200/node_modules/.vite/deps/@strudel_web.js?v=271342c3:10
[  196580ms] [LOG] %c[getTrigger] error: sound RolandTR808_rim not found! Is it loaded? background-color: black;color:white;border-radius:15px @ http://localhost:5200/node_modules/.vite/deps/@strudel_web.js?v=271342c3:10
[  196680ms] [LOG] %c[getTrigger] error: sound RolandTR909_hh not found! Is it loaded? background-color: black;color:white;border-radius:15px @ http://localhost:5200/node_modules/.vite/deps/@strudel_web.js?v=271342c3:10
[  197080ms] [LOG] %c[getTrigger] error: sound RolandTR909_bd not found! Is it loaded? background-color: black;color:white;border-radius:15px @ http://localhost:5200/node_modules/.vite/deps/@strudel_web.js?v=271342c3:10
[  197080ms] [LOG] %c[getTrigger] error: sound RolandTR909_hh not found! Is it loaded? background-color: black;color:white;border-radius:15px @ http://localhost:5200/node_modules/.vite/deps/@strudel_web.js?v=271342c3:10
[  197179ms] [LOG] %c[getTrigger] error: sound RolandTR808_sd not found! Is it loaded? background-color: black;color:white;border-radius:15px @ http://localhost:5200/node_modules/.vite/deps/@strudel_web.js?v=271342c3:10
[  197280ms] [LOG] %c[getTrigger] error: sound RolandTR909_hh not found! Is it loaded? background-color: black;color:white;border-radius:15px @ http://localhost:5200/node_modules/.vite/deps/@strudel_web.js?v=271342c3:10
[  197581ms] [LOG] %c[getTrigger] error: sound RolandTR909_bd not found! Is it loaded? background-color: black;color:white;border-radius:15px @ http://localhost:5200/node_modules/.vite/deps/@strudel_web.js?v=271342c3:10
[  197581ms] [LOG] %c[getTrigger] error: sound RolandTR909_hh not found! Is it loaded? background-color: black;color:white;border-radius:15px @ http://localhost:5200/node_modules/.vite/deps/@strudel_web.js?v=271342c3:10
[  197581ms] [LOG] %c[getTrigger] error: sound RolandTR808_rim not found! Is it loaded? background-color: black;color:white;border-radius:15px @ http://localhost:5200/node_modules/.vite/deps/@strudel_web.js?v=271342c3:10
[  197582ms] [LOG] %c[getTrigger] error: sound RolandTR909_hh not found! Is it loaded? background-color: black;color:white;border-radius:15px @ http://localhost:5200/node_modules/.vite/deps/@strudel_web.js?v=271342c3:10
[  197880ms] [LOG] %c[getTrigger] error: sound RolandTR909_cp not found! Is it loaded? background-color: black;color:white;border-radius:15px @ http://localhost:5200/node_modules/.vite/deps/@strudel_web.js?v=271342c3:10
[  197980ms] [LOG] %c[getTrigger] error: sound RolandTR909_hh not found! Is it loaded? background-color: black;color:white;border-radius:15px @ http://localhost:5200/node_modules/.vite/deps/@strudel_web.js?v=271342c3:10
[  197980ms] [LOG] %c[getTrigger] error: sound RolandTR808_sd not found! Is it loaded? background-color: black;color:white;border-radius:15px @ http://localhost:5200/node_modules/.vite/deps/@strudel_web.js?v=271342c3:10
[  197980ms] [LOG] %c[getTrigger] error: sound RolandTR909_hh not found! Is it loaded? background-color: black;color:white;border-radius:15px @ http://localhost:5200/node_modules/.vite/deps/@strudel_web.js?v=271342c3:10
[  198480ms] [LOG] %c[getTrigger] error: sound RolandTR909_bd not found! Is it loaded? background-color: black;color:white;border-radius:15px @ http://localhost:5200/node_modules/.vite/deps/@strudel_web.js?v=271342c3:10
[  198480ms] [LOG] %c[getTrigger] error: sound RolandTR909_hh not found! Is it loaded? background-color: black;color:white;border-radius:15px @ http://localhost:5200/node_modules/.vite/deps/@strudel_web.js?v=271342c3:10
[  198480ms] [LOG] %c[getTrigger] error: sound RolandTR808_rim not found! Is it loaded? background-color: black;color:white;border-radius:15px @ http://localhost:5200/node_modules/.vite/deps/@strudel_web.js?v=271342c3:10
[  198580ms] [LOG] %c[getTrigger] error: sound RolandTR909_hh not found! Is it loaded? background-color: black;color:white;border-radius:15px @ http://localhost:5200/node_modules/.vite/deps/@strudel_web.js?v=271342c3:10
[  198580ms] [LOG] %c[getTrigger] error: sound RolandTR909_cp not found! Is it loaded? background-color: black;color:white;border-radius:15px @ http://localhost:5200/node_modules/.vite/deps/@strudel_web.js?v=271342c3:10
[  198679ms] [LOG] %c[getTrigger] error: sound RolandTR909_hh not found! Is it loaded? background-color: black;color:white;border-radius:15px @ http://localhost:5200/node_modules/.vite/deps/@strudel_web.js?v=271342c3:10
[  198679ms] [LOG] %c[getTrigger] error: sound RolandTR808_sd not found! Is it loaded? background-color: black;color:white;border-radius:15px @ http://localhost:5200/node_modules/.vite/deps/@strudel_web.js?v=271342c3:10
[  198679ms] [LOG] %c[getTrigger] error: sound RolandTR909_hh not found! Is it loaded? background-color: black;color:white;border-radius:15px @ http://localhost:5200/node_modules/.vite/deps/@strudel_web.js?v=271342c3:10
[  198980ms] [LOG] %c[getTrigger] error: sound RolandTR909_bd not found! Is it loaded? background-color: black;color:white;border-radius:15px @ http://localhost:5200/node_modules/.vite/deps/@strudel_web.js?v=271342c3:10
[  198981ms] [LOG] %c[getTrigger] error: sound RolandTR909_hh not found! Is it loaded? background-color: black;color:white;border-radius:15px @ http://localhost:5200/node_modules/.vite/deps/@strudel_web.js?v=271342c3:10
[  199280ms] [LOG] %c[getTrigger] error: sound RolandTR909_cp not found! Is it loaded? background-color: black;color:white;border-radius:15px @ http://localhost:5200/node_modules/.vite/deps/@strudel_web.js?v=271342c3:10
[  199379ms] [LOG] %c[getTrigger] error: sound RolandTR909_hh not found! Is it loaded? background-color: black;color:white;border-radius:15px @ http://localhost:5200/node_modules/.vite/deps/@strudel_web.js?v=271342c3:10
[  199379ms] [LOG] %c[getTrigger] error: sound RolandTR808_sd not found! Is it loaded? background-color: black;color:white;border-radius:15px @ http://localhost:5200/node_modules/.vite/deps/@strudel_web.js?v=271342c3:10
[  199379ms] [LOG] %c[getTrigger] error: sound RolandTR909_hh not found! Is it loaded? background-color: black;color:white;border-radius:15px @ http://localhost:5200/node_modules/.vite/deps/@strudel_web.js?v=271342c3:10
[  199879ms] [LOG] %c[getTrigger] error: sound RolandTR909_bd not found! Is it loaded? background-color: black;color:white;border-radius:15px @ http://localhost:5200/node_modules/.vite/deps/@strudel_web.js?v=271342c3:10
[  199879ms] [LOG] %c[getTrigger] error: sound RolandTR909_hh not found! Is it loaded? background-color: black;color:white;border-radius:15px @ http://localhost:5200/node_modules/.vite/deps/@strudel_web.js?v=271342c3:10
[  199879ms] [LOG] %c[getTrigger] error: sound RolandTR808_rim not found! Is it loaded? background-color: black;color:white;border-radius:15px @ http://localhost:5200/node_modules/.vite/deps/@strudel_web.js?v=271342c3:10
[  199980ms] [LOG] %c[getTrigger] error: sound RolandTR909_hh not found! Is it loaded? background-color: black;color:white;border-radius:15px @ http://localhost:5200/node_modules/.vite/deps/@strudel_web.js?v=271342c3:10
[  200080ms] [LOG] %c[getTrigger] error: sound RolandTR909_cp not found! Is it loaded? background-color: black;color:white;border-radius:15px @ http://localhost:5200/node_modules/.vite/deps/@strudel_web.js?v=271342c3:10
[  200080ms] [LOG] %c[getTrigger] error: sound RolandTR808_sd not found! Is it loaded? background-color: black;color:white;border-radius:15px @ http://localhost:5200/node_modules/.vite/deps/@strudel_web.js?v=271342c3:10
[  200080ms] [LOG] %c[getTrigger] error: sound RolandTR909_hh not found! Is it loaded? background-color: black;color:white;border-radius:15px @ http://localhost:5200/node_modules/.vite/deps/@strudel_web.js?v=271342c3:10
[  200381ms] [LOG] %c[getTrigger] error: sound RolandTR909_bd not found! Is it loaded? background-color: black;color:white;border-radius:15px @ http://localhost:5200/node_modules/.vite/deps/@strudel_web.js?v=271342c3:10
[  200381ms] [LOG] %c[getTrigger] error: sound RolandTR909_hh not found! Is it loaded? background-color: black;color:white;border-radius:15px @ http://localhost:5200/node_modules/.vite/deps/@strudel_web.js?v=271342c3:10
[  200381ms] [LOG] %c[getTrigger] error: sound RolandTR808_rim not found! Is it loaded? background-color: black;color:white;border-radius:15px @ http://localhost:5200/node_modules/.vite/deps/@strudel_web.js?v=271342c3:10
[  200381ms] [LOG] %c[getTrigger] error: sound RolandTR909_hh not found! Is it loaded? background-color: black;color:white;border-radius:15px @ http://localhost:5200/node_modules/.vite/deps/@strudel_web.js?v=271342c3:10
[  200781ms] [LOG] %c[getTrigger] error: sound RolandTR909_cp not found! Is it loaded? background-color: black;color:white;border-radius:15px @ http://localhost:5200/node_modules/.vite/deps/@strudel_web.js?v=271342c3:10
[  200781ms] [LOG] %c[getTrigger] error: sound RolandTR808_sd not found! Is it loaded? background-color: black;color:white;border-radius:15px @ http://localhost:5200/node_modules/.vite/deps/@strudel_web.js?v=271342c3:10
[  200781ms] [LOG] %c[getTrigger] error: sound RolandTR909_hh not found! Is it loaded? background-color: black;color:white;border-radius:15px @ http://localhost:5200/node_modules/.vite/deps/@strudel_web.js?v=271342c3:10
[  201281ms] [LOG] %c[getTrigger] error: sound RolandTR909_bd not found! Is it loaded? background-color: black;color:white;border-radius:15px @ http://localhost:5200/node_modules/.vite/deps/@strudel_web.js?v=271342c3:10
[  201281ms] [LOG] %c[getTrigger] error: sound RolandTR909_hh not found! Is it loaded? background-color: black;color:white;border-radius:15px @ http://localhost:5200/node_modules/.vite/deps/@strudel_web.js?v=271342c3:10
[  201281ms] [LOG] %c[getTrigger] error: sound RolandTR808_rim not found! Is it loaded? background-color: black;color:white;border-radius:15px @ http://localhost:5200/node_modules/.vite/deps/@strudel_web.js?v=271342c3:10
[  201381ms] [LOG] %c[getTrigger] error: sound RolandTR909_hh not found! Is it loaded? background-color: black;color:white;border-radius:15px @ http://localhost:5200/node_modules/.vite/deps/@strudel_web.js?v=271342c3:10
[  201480ms] [LOG] %c[getTrigger] error: sound RolandTR808_sd not found! Is it loaded? background-color: black;color:white;border-radius:15px @ http://localhost:5200/node_modules/.vite/deps/@strudel_web.js?v=271342c3:10
[  201480ms] [LOG] %c[getTrigger] error: sound RolandTR909_hh not found! Is it loaded? background-color: black;color:white;border-radius:15px @ http://localhost:5200/node_modules/.vite/deps/@strudel_web.js?v=271342c3:10
[  201782ms] [LOG] %c[getTrigger] error: sound RolandTR909_bd not found! Is it loaded? background-color: black;color:white;border-radius:15px @ http://localhost:5200/node_modules/.vite/deps/@strudel_web.js?v=271342c3:10
[  201782ms] [LOG] %c[getTrigger] error: sound RolandTR909_hh not found! Is it loaded? background-color: black;color:white;border-radius:15px @ http://localhost:5200/node_modules/.vite/deps/@strudel_web.js?v=271342c3:10
[  202179ms] [LOG] %c[getTrigger] error: sound RolandTR909_cp not found! Is it loaded? background-color: black;color:white;border-radius:15px @ http://localhost:5200/node_modules/.vite/deps/@strudel_web.js?v=271342c3:10
[  202179ms] [LOG] %c[getTrigger] error: sound RolandTR808_sd not found! Is it loaded? background-color: black;color:white;border-radius:15px @ http://localhost:5200/node_modules/.vite/deps/@strudel_web.js?v=271342c3:10
[  202179ms] [LOG] %c[getTrigger] error: sound RolandTR909_hh not found! Is it loaded? background-color: black;color:white;border-radius:15px @ http://localhost:5200/node_modules/.vite/deps/@strudel_web.js?v=271342c3:10
[  202280ms] [LOG] %c[getTrigger] error: sound RolandTR808_rim not found! Is it loaded? background-color: black;color:white;border-radius:15px @ http://localhost:5200/node_modules/.vite/deps/@strudel_web.js?v=271342c3:10
[  202280ms] [LOG] %c[getTrigger] error: sound RolandTR909_hh not found! Is it loaded? background-color: black;color:white;border-radius:15px @ http://localhost:5200/node_modules/.vite/deps/@strudel_web.js?v=271342c3:10
[  202679ms] [LOG] %c[getTrigger] error: sound RolandTR909_bd not found! Is it loaded? background-color: black;color:white;border-radius:15px @ http://localhost:5200/node_modules/.vite/deps/@strudel_web.js?v=271342c3:10
[  202679ms] [LOG] %c[getTrigger] error: sound RolandTR909_hh not found! Is it loaded? background-color: black;color:white;border-radius:15px @ http://localhost:5200/node_modules/.vite/deps/@strudel_web.js?v=271342c3:10
[  202880ms] [LOG] %c[getTrigger] error: sound RolandTR909_cp not found! Is it loaded? background-color: black;color:white;border-radius:15px @ http://localhost:5200/node_modules/.vite/deps/@strudel_web.js?v=271342c3:10
[  202880ms] [LOG] %c[getTrigger] error: sound RolandTR808_sd not found! Is it loaded? background-color: black;color:white;border-radius:15px @ http://localhost:5200/node_modules/.vite/deps/@strudel_web.js?v=271342c3:10
[  202880ms] [LOG] %c[getTrigger] error: sound RolandTR909_hh not found! Is it loaded? background-color: black;color:white;border-radius:15px @ http://localhost:5200/node_modules/.vite/deps/@strudel_web.js?v=271342c3:10
[  203180ms] [LOG] %c[getTrigger] error: sound RolandTR909_bd not found! Is it loaded? background-color: black;color:white;border-radius:15px @ http://localhost:5200/node_modules/.vite/deps/@strudel_web.js?v=271342c3:10
[  203180ms] [LOG] %c[getTrigger] error: sound RolandTR909_hh not found! Is it loaded? background-color: black;color:white;border-radius:15px @ http://localhost:5200/node_modules/.vite/deps/@strudel_web.js?v=271342c3:10
[  203579ms] [LOG] %c[getTrigger] error: sound RolandTR909_cp not found! Is it loaded? background-color: black;color:white;border-radius:15px @ http://localhost:5200/node_modules/.vite/deps/@strudel_web.js?v=271342c3:10
[  203580ms] [LOG] %c[getTrigger] error: sound RolandTR808_sd not found! Is it loaded? background-color: black;color:white;border-radius:15px @ http://localhost:5200/node_modules/.vite/deps/@strudel_web.js?v=271342c3:10
[  203580ms] [LOG] %c[getTrigger] error: sound RolandTR909_hh not found! Is it loaded? background-color: black;color:white;border-radius:15px @ http://localhost:5200/node_modules/.vite/deps/@strudel_web.js?v=271342c3:10
[  203679ms] [LOG] %c[getTrigger] error: sound RolandTR808_rim not found! Is it loaded? background-color: black;color:white;border-radius:15px @ http://localhost:5200/node_modules/.vite/deps/@strudel_web.js?v=271342c3:10
[  203779ms] [LOG] %c[getTrigger] error: sound RolandTR909_hh not found! Is it loaded? background-color: black;color:white;border-radius:15px @ http://localhost:5200/node_modules/.vite/deps/@strudel_web.js?v=271342c3:10
[  204079ms] [LOG] %c[getTrigger] error: sound RolandTR909_bd not found! Is it loaded? background-color: black;color:white;border-radius:15px @ http://localhost:5200/node_modules/.vite/deps/@strudel_web.js?v=271342c3:10
[  204079ms] [LOG] %c[getTrigger] error: sound RolandTR909_hh not found! Is it loaded? background-color: black;color:white;border-radius:15px @ http://localhost:5200/node_modules/.vite/deps/@strudel_web.js?v=271342c3:10
[  204180ms] [LOG] %c[getTrigger] error: sound RolandTR808_rim not found! Is it loaded? background-color: black;color:white;border-radius:15px @ http://localhost:5200/node_modules/.vite/deps/@strudel_web.js?v=271342c3:10
[  204180ms] [LOG] %c[getTrigger] error: sound RolandTR909_hh not found! Is it loaded? background-color: black;color:white;border-radius:15px @ http://localhost:5200/node_modules/.vite/deps/@strudel_web.js?v=271342c3:10
[  204280ms] [LOG] %c[getTrigger] error: sound RolandTR808_sd not found! Is it loaded? background-color: black;color:white;border-radius:15px @ http://localhost:5200/node_modules/.vite/deps/@strudel_web.js?v=271342c3:10
[  204379ms] [LOG] %c[getTrigger] error: sound RolandTR909_hh not found! Is it loaded? background-color: black;color:white;border-radius:15px @ http://localhost:5200/node_modules/.vite/deps/@strudel_web.js?v=271342c3:10
[  204580ms] [LOG] %c[getTrigger] error: sound RolandTR909_bd not found! Is it loaded? background-color: black;color:white;border-radius:15px @ http://localhost:5200/node_modules/.vite/deps/@strudel_web.js?v=271342c3:10
[  204580ms] [LOG] %c[getTrigger] error: sound RolandTR909_hh not found! Is it loaded? background-color: black;color:white;border-radius:15px @ http://localhost:5200/node_modules/.vite/deps/@strudel_web.js?v=271342c3:10
[  204874ms] [LOG] %c[eval] code updated background-color: black;color:white;border-radius:15px @ http://localhost:5200/node_modules/.vite/deps/@strudel_web.js?v=271342c3:10
[  204879ms] [LOG] %c[getTrigger] error: sound RolandTR909_hh not found! Is it loaded? background-color: black;color:white;border-radius:15px @ http://localhost:5200/node_modules/.vite/deps/@strudel_web.js?v=271342c3:10
[  204980ms] [LOG] %c[getTrigger] error: sound RolandTR808_sd not found! Is it loaded? background-color: black;color:white;border-radius:15px @ http://localhost:5200/node_modules/.vite/deps/@strudel_web.js?v=271342c3:10
[  205079ms] [LOG] %c[getTrigger] error: sound RolandTR909_hh not found! Is it loaded? background-color: black;color:white;border-radius:15px @ http://localhost:5200/node_modules/.vite/deps/@strudel_web.js?v=271342c3:10
[  205079ms] [LOG] %c[getTrigger] error: sound RolandTR808_rim not found! Is it loaded? background-color: black;color:white;border-radius:15px @ http://localhost:5200/node_modules/.vite/deps/@strudel_web.js?v=271342c3:10
[  205179ms] [LOG] %c[getTrigger] error: sound RolandTR909_hh not found! Is it loaded? background-color: black;color:white;border-radius:15px @ http://localhost:5200/node_modules/.vite/deps/@strudel_web.js?v=271342c3:10
[  205479ms] [LOG] %c[getTrigger] error: sound RolandTR909_bd not found! Is it loaded? background-color: black;color:white;border-radius:15px @ http://localhost:5200/node_modules/.vite/deps/@strudel_web.js?v=271342c3:10
[  205479ms] [LOG] %c[getTrigger] error: sound RolandTR909_hh not found! Is it loaded? background-color: black;color:white;border-radius:15px @ http://localhost:5200/node_modules/.vite/deps/@strudel_web.js?v=271342c3:10
[  205680ms] [LOG] %c[getTrigger] error: sound RolandTR909_cp not found! Is it loaded? background-color: black;color:white;border-radius:15px @ http://localhost:5200/node_modules/.vite/deps/@strudel_web.js?v=271342c3:10
[  205680ms] [LOG] %c[getTrigger] error: sound RolandTR808_sd not found! Is it loaded? background-color: black;color:white;border-radius:15px @ http://localhost:5200/node_modules/.vite/deps/@strudel_web.js?v=271342c3:10
[  205780ms] [LOG] %c[getTrigger] error: sound RolandTR909_hh not found! Is it loaded? background-color: black;color:white;border-radius:15px @ http://localhost:5200/node_modules/.vite/deps/@strudel_web.js?v=271342c3:10
[  206080ms] [LOG] %c[getTrigger] error: sound RolandTR909_bd not found! Is it loaded? background-color: black;color:white;border-radius:15px @ http://localhost:5200/node_modules/.vite/deps/@strudel_web.js?v=271342c3:10
[  206080ms] [LOG] %c[getTrigger] error: sound RolandTR909_hh not found! Is it loaded? background-color: black;color:white;border-radius:15px @ http://localhost:5200/node_modules/.vite/deps/@strudel_web.js?v=271342c3:10
[  206080ms] [LOG] %c[getTrigger] error: sound RolandTR808_rim not found! Is it loaded? background-color: black;color:white;border-radius:15px @ http://localhost:5200/node_modules/.vite/deps/@strudel_web.js?v=271342c3:10
[  206081ms] [LOG] %c[getTrigger] error: sound RolandTR909_hh not found! Is it loaded? background-color: black;color:white;border-radius:15px @ http://localhost:5200/node_modules/.vite/deps/@strudel_web.js?v=271342c3:10
[  206379ms] [LOG] %c[getTrigger] error: sound RolandTR808_sd not found! Is it loaded? background-color: black;color:white;border-radius:15px @ http://localhost:5200/node_modules/.vite/deps/@strudel_web.js?v=271342c3:10
[  206479ms] [LOG] %c[getTrigger] error: sound RolandTR909_hh not found! Is it loaded? background-color: black;color:white;border-radius:15px @ http://localhost:5200/node_modules/.vite/deps/@strudel_web.js?v=271342c3:10
[  206880ms] [LOG] %c[getTrigger] error: sound RolandTR909_bd not found! Is it loaded? background-color: black;color:white;border-radius:15px @ http://localhost:5200/node_modules/.vite/deps/@strudel_web.js?v=271342c3:10
[  206880ms] [LOG] %c[getTrigger] error: sound RolandTR909_hh not found! Is it loaded? background-color: black;color:white;border-radius:15px @ http://localhost:5200/node_modules/.vite/deps/@strudel_web.js?v=271342c3:10
[  207079ms] [LOG] %c[getTrigger] error: sound RolandTR909_cp not found! Is it loaded? background-color: black;color:white;border-radius:15px @ http://localhost:5200/node_modules/.vite/deps/@strudel_web.js?v=271342c3:10
[  207080ms] [LOG] %c[getTrigger] error: sound RolandTR808_sd not found! Is it loaded? background-color: black;color:white;border-radius:15px @ http://localhost:5200/node_modules/.vite/deps/@strudel_web.js?v=271342c3:10
[  207179ms] [LOG] %c[getTrigger] error: sound RolandTR909_hh not found! Is it loaded? background-color: black;color:white;border-radius:15px @ http://localhost:5200/node_modules/.vite/deps/@strudel_web.js?v=271342c3:10
[  207480ms] [LOG] %c[getTrigger] error: sound RolandTR909_bd not found! Is it loaded? background-color: black;color:white;border-radius:15px @ http://localhost:5200/node_modules/.vite/deps/@strudel_web.js?v=271342c3:10
[  207480ms] [LOG] %c[getTrigger] error: sound RolandTR909_hh not found! Is it loaded? background-color: black;color:white;border-radius:15px @ http://localhost:5200/node_modules/.vite/deps/@strudel_web.js?v=271342c3:10
[  207480ms] [LOG] %c[getTrigger] error: sound RolandTR808_rim not found! Is it loaded? background-color: black;color:white;border-radius:15px @ http://localhost:5200/node_modules/.vite/deps/@strudel_web.js?v=271342c3:10
[  207481ms] [LOG] %c[getTrigger] error: sound RolandTR909_hh not found! Is it loaded? background-color: black;color:white;border-radius:15px @ http://localhost:5200/node_modules/.vite/deps/@strudel_web.js?v=271342c3:10
[  207780ms] [LOG] %c[getTrigger] error: sound RolandTR909_cp not found! Is it loaded? background-color: black;color:white;border-radius:15px @ http://localhost:5200/node_modules/.vite/deps/@strudel_web.js?v=271342c3:10
[  207780ms] [LOG] %c[getTrigger] error: sound RolandTR808_sd not found! Is it loaded? background-color: black;color:white;border-radius:15px @ http://localhost:5200/node_modules/.vite/deps/@strudel_web.js?v=271342c3:10
[  207880ms] [LOG] %c[getTrigger] error: sound RolandTR909_hh not found! Is it loaded? background-color: black;color:white;border-radius:15px @ http://localhost:5200/node_modules/.vite/deps/@strudel_web.js?v=271342c3:10
[  207880ms] [LOG] %c[getTrigger] error: sound RolandTR808_rim not found! Is it loaded? background-color: black;color:white;border-radius:15px @ http://localhost:5200/node_modules/.vite/deps/@strudel_web.js?v=271342c3:10
[  207979ms] [LOG] %c[getTrigger] error: sound RolandTR909_hh not found! Is it loaded? background-color: black;color:white;border-radius:15px @ http://localhost:5200/node_modules/.vite/deps/@strudel_web.js?v=271342c3:10
[  208280ms] [LOG] %c[getTrigger] error: sound RolandTR909_bd not found! Is it loaded? background-color: black;color:white;border-radius:15px @ http://localhost:5200/node_modules/.vite/deps/@strudel_web.js?v=271342c3:10
[  208280ms] [LOG] %c[getTrigger] error: sound RolandTR909_hh not found! Is it loaded? background-color: black;color:white;border-radius:15px @ http://localhost:5200/node_modules/.vite/deps/@strudel_web.js?v=271342c3:10
[  208480ms] [LOG] %c[getTrigger] error: sound RolandTR808_sd not found! Is it loaded? background-color: black;color:white;border-radius:15px @ http://localhost:5200/node_modules/.vite/deps/@strudel_web.js?v=271342c3:10
[  208580ms] [LOG] %c[getTrigger] error: sound RolandTR909_hh not found! Is it loaded? background-color: black;color:white;border-radius:15px @ http://localhost:5200/node_modules/.vite/deps/@strudel_web.js?v=271342c3:10
[  208881ms] [LOG] %c[getTrigger] error: sound RolandTR909_bd not found! Is it loaded? background-color: black;color:white;border-radius:15px @ http://localhost:5200/node_modules/.vite/deps/@strudel_web.js?v=271342c3:10
[  208881ms] [LOG] %c[getTrigger] error: sound RolandTR909_hh not found! Is it loaded? background-color: black;color:white;border-radius:15px @ http://localhost:5200/node_modules/.vite/deps/@strudel_web.js?v=271342c3:10
[  208881ms] [LOG] %c[getTrigger] error: sound RolandTR808_rim not found! Is it loaded? background-color: black;color:white;border-radius:15px @ http://localhost:5200/node_modules/.vite/deps/@strudel_web.js?v=271342c3:10
[  208881ms] [LOG] %c[getTrigger] error: sound RolandTR909_hh not found! Is it loaded? background-color: black;color:white;border-radius:15px @ http://localhost:5200/node_modules/.vite/deps/@strudel_web.js?v=271342c3:10
[  209179ms] [LOG] %c[getTrigger] error: sound RolandTR808_sd not found! Is it loaded? background-color: black;color:white;border-radius:15px @ http://localhost:5200/node_modules/.vite/deps/@strudel_web.js?v=271342c3:10
[  209279ms] [LOG] %c[getTrigger] error: sound RolandTR909_hh not found! Is it loaded? background-color: black;color:white;border-radius:15px @ http://localhost:5200/node_modules/.vite/deps/@strudel_web.js?v=271342c3:10
[  209779ms] [LOG] %c[getTrigger] error: sound RolandTR909_bd not found! Is it loaded? background-color: black;color:white;border-radius:15px @ http://localhost:5200/node_modules/.vite/deps/@strudel_web.js?v=271342c3:10
[  209779ms] [LOG] %c[getTrigger] error: sound RolandTR909_hh not found! Is it loaded? background-color: black;color:white;border-radius:15px @ http://localhost:5200/node_modules/.vite/deps/@strudel_web.js?v=271342c3:10
[  209779ms] [LOG] %c[getTrigger] error: sound RolandTR808_rim not found! Is it loaded? background-color: black;color:white;border-radius:15px @ http://localhost:5200/node_modules/.vite/deps/@strudel_web.js?v=271342c3:10
[  209880ms] [LOG] %c[getTrigger] error: sound RolandTR909_hh not found! Is it loaded? background-color: black;color:white;border-radius:15px @ http://localhost:5200/node_modules/.vite/deps/@strudel_web.js?v=271342c3:10
[  209979ms] [LOG] %c[getTrigger] error: sound RolandTR808_sd not found! Is it loaded? background-color: black;color:white;border-radius:15px @ http://localhost:5200/node_modules/.vite/deps/@strudel_web.js?v=271342c3:10
[  209979ms] [LOG] %c[getTrigger] error: sound RolandTR909_hh not found! Is it loaded? background-color: black;color:white;border-radius:15px @ http://localhost:5200/node_modules/.vite/deps/@strudel_web.js?v=271342c3:10
[  210281ms] [LOG] %c[getTrigger] error: sound RolandTR909_bd not found! Is it loaded? background-color: black;color:white;border-radius:15px @ http://localhost:5200/node_modules/.vite/deps/@strudel_web.js?v=271342c3:10
[  210281ms] [LOG] %c[getTrigger] error: sound RolandTR909_hh not found! Is it loaded? background-color: black;color:white;border-radius:15px @ http://localhost:5200/node_modules/.vite/deps/@strudel_web.js?v=271342c3:10
[  210520ms] [LOG] %c[eval] code updated background-color: black;color:white;border-radius:15px @ http://localhost:5200/node_modules/.vite/deps/@strudel_web.js?v=271342c3:10
[  210582ms] [LOG] %c[getTrigger] error: sound RolandTR909_hh not found! Is it loaded? background-color: black;color:white;border-radius:15px @ http://localhost:5200/node_modules/.vite/deps/@strudel_web.js?v=271342c3:10
[  210680ms] [LOG] %c[getTrigger] error: sound RolandTR909_cp not found! Is it loaded? background-color: black;color:white;border-radius:15px @ http://localhost:5200/node_modules/.vite/deps/@strudel_web.js?v=271342c3:10
[  210680ms] [LOG] %c[getTrigger] error: sound RolandTR808_sd not found! Is it loaded? background-color: black;color:white;border-radius:15px @ http://localhost:5200/node_modules/.vite/deps/@strudel_web.js?v=271342c3:10
[  210681ms] [LOG] %c[getTrigger] error: sound RolandTR909_hh not found! Is it loaded? background-color: black;color:white;border-radius:15px @ http://localhost:5200/node_modules/.vite/deps/@strudel_web.js?v=271342c3:10
[  211281ms] [LOG] %c[getTrigger] error: sound RolandTR909_bd not found! Is it loaded? background-color: black;color:white;border-radius:15px @ http://localhost:5200/node_modules/.vite/deps/@strudel_web.js?v=271342c3:10
[  211282ms] [LOG] %c[getTrigger] error: sound RolandTR909_hh not found! Is it loaded? background-color: black;color:white;border-radius:15px @ http://localhost:5200/node_modules/.vite/deps/@strudel_web.js?v=271342c3:10
[  211282ms] [LOG] %c[getTrigger] error: sound RolandTR808_rim not found! Is it loaded? background-color: black;color:white;border-radius:15px @ http://localhost:5200/node_modules/.vite/deps/@strudel_web.js?v=271342c3:10
[  211382ms] [LOG] %c[getTrigger] error: sound RolandTR909_hh not found! Is it loaded? background-color: black;color:white;border-radius:15px @ http://localhost:5200/node_modules/.vite/deps/@strudel_web.js?v=271342c3:10
[  211478ms] [LOG] %c[getTrigger] error: sound RolandTR909_cp not found! Is it loaded? background-color: black;color:white;border-radius:15px @ http://localhost:5200/node_modules/.vite/deps/@strudel_web.js?v=271342c3:10
[  212132ms] [LOG] %c[eval] code updated background-color: black;color:white;border-radius:15px @ http://localhost:5200/node_modules/.vite/deps/@strudel_web.js?v=271342c3:10
[  223096ms] [LOG] %c[eval] code updated background-color: black;color:white;border-radius:15px @ http://localhost:5200/node_modules/.vite/deps/@strudel_web.js?v=271342c3:10
[  224582ms] [LOG] %c[getTrigger] error: sound RolandTR808_sd not found! Is it loaded? background-color: black;color:white;border-radius:15px @ http://localhost:5200/node_modules/.vite/deps/@strudel_web.js?v=271342c3:10
[  224680ms] [LOG] %c[getTrigger] error: sound RolandTR909_hh not found! Is it loaded? background-color: black;color:white;border-radius:15px @ http://localhost:5200/node_modules/.vite/deps/@strudel_web.js?v=271342c3:10
[  224759ms] [LOG] %c[eval] code updated background-color: black;color:white;border-radius:15px @ http://localhost:5200/node_modules/.vite/deps/@strudel_web.js?v=271342c3:10
[  225178ms] [LOG] %c[getTrigger] error: sound RolandTR909_bd not found! Is it loaded? background-color: black;color:white;border-radius:15px @ http://localhost:5200/node_modules/.vite/deps/@strudel_web.js?v=271342c3:10
[  225440ms] [LOG] %c[eval] code updated background-color: black;color:white;border-radius:15px @ http://localhost:5200/node_modules/.vite/deps/@strudel_web.js?v=271342c3:10
[  226579ms] [LOG] %c[getTrigger] error: sound RolandTR909_bd not found! Is it loaded? background-color: black;color:white;border-radius:15px @ http://localhost:5200/node_modules/.vite/deps/@strudel_web.js?v=271342c3:10
[  227879ms] [LOG] %c[getTrigger] error: sound RolandTR909_bd not found! Is it loaded? background-color: black;color:white;border-radius:15px @ http://localhost:5200/node_modules/.vite/deps/@strudel_web.js?v=271342c3:10
[  228102ms] [LOG] %c[eval] code updated background-color: black;color:white;border-radius:15px @ http://localhost:5200/node_modules/.vite/deps/@strudel_web.js?v=271342c3:10
[  230579ms] [LOG] %c[getTrigger] error: sound RolandTR909_bd not found! Is it loaded? background-color: black;color:white;border-radius:15px @ http://localhost:5200/node_modules/.vite/deps/@strudel_web.js?v=271342c3:10
[  230774ms] [LOG] %c[eval] code updated background-color: black;color:white;border-radius:15px @ http://localhost:5200/node_modules/.vite/deps/@strudel_web.js?v=271342c3:10
[  232479ms] [LOG] %c[getTrigger] error: sound RolandTR909_bd not found! Is it loaded? background-color: black;color:white;border-radius:15px @ http://localhost:5200/node_modules/.vite/deps/@strudel_web.js?v=271342c3:10
[  232697ms] [LOG] %c[eval] code updated background-color: black;color:white;border-radius:15px @ http://localhost:5200/node_modules/.vite/deps/@strudel_web.js?v=271342c3:10
[  233379ms] [LOG] %c[getTrigger] error: sound RolandTR909_bd not found! Is it loaded? background-color: black;color:white;border-radius:15px @ http://localhost:5200/node_modules/.vite/deps/@strudel_web.js?v=271342c3:10
[  234379ms] [LOG] %c[getTrigger] error: sound RolandTR909_bd not found! Is it loaded? background-color: black;color:white;border-radius:15px @ http://localhost:5200/node_modules/.vite/deps/@strudel_web.js?v=271342c3:10
[  234571ms] [LOG] %c[eval] code updated background-color: black;color:white;border-radius:15px @ http://localhost:5200/node_modules/.vite/deps/@strudel_web.js?v=271342c3:10
[  234577ms] [LOG] %c[getTrigger] error: sound RolandTR909_oh not found! Is it loaded? background-color: black;color:white;border-radius:15px @ http://localhost:5200/node_modules/.vite/deps/@strudel_web.js?v=271342c3:10
[  234679ms] [LOG] %c[getTrigger] error: sound RolandTR909_hh not found! Is it loaded? background-color: black;color:white;border-radius:15px @ http://localhost:5200/node_modules/.vite/deps/@strudel_web.js?v=271342c3:10
[  234779ms] [LOG] %c[getTrigger] error: sound RolandTR909_bd not found! Is it loaded? background-color: black;color:white;border-radius:15px @ http://localhost:5200/node_modules/.vite/deps/@strudel_web.js?v=271342c3:10
[  234979ms] [LOG] %c[getTrigger] error: sound RolandTR909_hh not found! Is it loaded? background-color: black;color:white;border-radius:15px @ http://localhost:5200/node_modules/.vite/deps/@strudel_web.js?v=271342c3:10
[  235079ms] [LOG] %c[getTrigger] error: sound RolandTR909_oh not found! Is it loaded? background-color: black;color:white;border-radius:15px @ http://localhost:5200/node_modules/.vite/deps/@strudel_web.js?v=271342c3:10
[  235179ms] [LOG] %c[getTrigger] error: sound RolandTR909_hh not found! Is it loaded? background-color: black;color:white;border-radius:15px @ http://localhost:5200/node_modules/.vite/deps/@strudel_web.js?v=271342c3:10
[  236445ms] [LOG] %c[eval] code updated background-color: black;color:white;border-radius:15px @ http://localhost:5200/node_modules/.vite/deps/@strudel_web.js?v=271342c3:10
