# MakeHuman hm08 base mesh - body skin only (helper + joint geometry removed)
# Source: https://github.com/makehumancommunity/makehuman  makehuman/data/3dobjs/base.obj
# License: CC0 1.0 Universal (see LICENSE.md in this folder)
# Transformed: units decimetres -> metres, feet placed at y=0, centred on x/z. Y-up.
v -0.034730 1.550590 0.030805
v -0.034920 1.549750 0.030795
v -0.031100 1.549910 0.031105
v -0.030960 1.550500 0.031305
v -0.034870 1.552500 0.030425
v -0.034810 1.551410 0.030655
v -0.030950 1.551320 0.031205
v -0.030800 1.552420 0.031065
v -0.038240 1.550080 0.030085
v -0.038490 1.550890 0.029755
v -0.038860 1.551840 0.029335
v -0.041540 1.549860 0.028535
v -0.042300 1.550660 0.027805
v -0.041030 1.549180 0.028925
v -0.043630 1.548640 0.027305
v -0.044620 1.549220 0.026535
v -0.042950 1.548190 0.027845
v -0.044730 1.547610 0.026275
v -0.045820 1.547900 0.025175
v -0.043920 1.547260 0.026935
v -0.045210 1.546670 0.025515
v -0.046380 1.546770 0.024235
v -0.044380 1.546540 0.026155
v -0.045310 1.545730 0.024655
v -0.046450 1.545750 0.023615
v -0.044480 1.545750 0.025535
v -0.045130 1.544860 0.024655
v -0.046310 1.544600 0.023585
v -0.044280 1.545020 0.025425
v -0.044630 1.543900 0.024685
v -0.045840 1.543410 0.023425
v -0.043880 1.544290 0.025515
v -0.044060 1.543050 0.024985
v -0.045180 1.542270 0.023795
v -0.043310 1.543610 0.025865
v -0.039270 1.540080 0.028255
v -0.041420 1.541030 0.027005
v -0.042370 1.539910 0.026335
v -0.039760 1.538770 0.027775
v -0.039050 1.540970 0.028615
v -0.041060 1.541880 0.027445
v -0.027380 1.540430 0.029865
v -0.031090 1.540140 0.030315
v -0.030970 1.538910 0.029845
v -0.026960 1.539160 0.029815
v -0.031610 1.537720 0.030125
v -0.027080 1.538090 0.029985
v -0.023820 1.540990 0.029235
v -0.023320 1.540030 0.029355
v -0.023220 1.538920 0.029375
v -0.021790 1.541430 0.028665
v -0.021200 1.540610 0.028785
v -0.020670 1.539720 0.028825
v -0.027010 1.549710 0.030795
v -0.027250 1.549030 0.030585
v -0.026550 1.551530 0.030835
v -0.026820 1.550480 0.030855
v -0.022650 1.549950 0.030475
v -0.023030 1.549080 0.030155
v -0.023330 1.548400 0.029805
v -0.023530 1.547730 0.029525
v -0.019640 1.548110 0.030235
v -0.020160 1.547370 0.029955
v -0.020670 1.546800 0.029705
v -0.020930 1.546210 0.029215
v -0.017880 1.546630 0.030095
v -0.018500 1.546170 0.029875
v -0.018990 1.545760 0.029685
v -0.019520 1.545240 0.028815
v -0.016120 1.544380 0.030015
v -0.016780 1.545350 0.030095
v -0.017400 1.545160 0.029925
v -0.016760 1.544370 0.029455
v -0.017170 1.544350 0.028885
v -0.017890 1.545020 0.029785
v -0.018170 1.544750 0.028385
v -0.017520 1.544120 0.028105
v -0.015830 1.543320 0.029855
v -0.016510 1.543490 0.029215
v -0.017040 1.543520 0.028255
v -0.017570 1.543470 0.027845
v -0.016020 1.542210 0.029395
v -0.016750 1.542520 0.028905
v -0.017560 1.542740 0.028195
v -0.018460 1.542640 0.027645
v -0.040370 1.537080 0.026605
v -0.043300 1.538460 0.025245
v -0.019710 1.538560 0.028745
v -0.022450 1.537510 0.029375
v -0.026720 1.536420 0.029835
v -0.031780 1.535960 0.029705
v -0.031790 1.533730 0.029165
v -0.026250 1.534360 0.029865
v -0.046390 1.541510 0.022485
v -0.047010 1.542970 0.022265
v -0.047410 1.544400 0.022545
v -0.047470 1.545680 0.022675
v -0.047330 1.546890 0.023195
v -0.046780 1.548150 0.024175
v -0.045440 1.549550 0.025465
v -0.042840 1.551200 0.027155
v -0.039160 1.552560 0.028625
v -0.034990 1.553280 0.030235
v -0.030730 1.553190 0.030875
v -0.026270 1.552310 0.030805
v -0.022170 1.550690 0.030755
v -0.019020 1.548660 0.030485
v -0.043510 1.551780 0.026495
v -0.046360 1.549840 0.024055
v -0.016060 1.545720 0.030435
v -0.015420 1.544490 0.030485
v -0.015200 1.543220 0.030255
v -0.015530 1.541810 0.029525
v -0.017180 1.547120 0.030365
v -0.014840 1.546130 0.031205
v -0.016030 1.547790 0.031115
v -0.018210 1.549650 0.031305
v -0.014240 1.548410 0.032595
v -0.012930 1.546430 0.032505
v -0.014220 1.544630 0.031175
v -0.012300 1.544640 0.032325
v -0.014090 1.543070 0.030945
v -0.012250 1.542770 0.032055
v -0.014540 1.541230 0.029995
v -0.012990 1.540540 0.031635
v -0.009250 1.550020 0.037045
v -0.011850 1.549080 0.034665
v -0.010550 1.546770 0.034525
v -0.008120 1.547450 0.037035
v -0.007570 1.544770 0.036895
v -0.009940 1.544600 0.034315
v -0.010030 1.542430 0.034155
v -0.007800 1.542130 0.036805
v -0.010890 1.539760 0.033685
v -0.008860 1.538930 0.036095
v -0.006350 1.550730 0.039215
v -0.005500 1.547960 0.039135
v -0.005150 1.545130 0.039085
v -0.005460 1.542020 0.039115
v -0.006660 1.537880 0.038865
v -0.003250 1.551400 0.040495
v -0.002850 1.548540 0.040355
v -0.006450 1.533810 0.040805
v -0.003320 1.535520 0.042815
v -0.003200 1.539460 0.041485
v -0.002710 1.545520 0.040475
v -0.002860 1.542500 0.040975
v 0.000000 1.551880 0.040775
v 0.000000 1.549070 0.040605
v 0.000000 1.536390 0.043675
v 0.000000 1.540060 0.042265
v 0.000000 1.545920 0.040785
v 0.000000 1.542850 0.041425
v -0.032060 1.531050 0.030135
v -0.025880 1.531900 0.031125
v -0.020580 1.533640 0.030995
v -0.021450 1.535770 0.029375
v -0.017430 1.535540 0.030735
v -0.018510 1.537180 0.028925
v -0.042930 1.532420 0.025155
v -0.041290 1.535050 0.025425
v -0.044420 1.536680 0.023485
v -0.046290 1.534400 0.022475
v -0.050570 1.545490 0.019985
v -0.048650 1.545610 0.021575
v -0.048410 1.546900 0.021985
v -0.050230 1.547050 0.020485
v -0.050480 1.541670 0.019525
v -0.048410 1.542390 0.021025
v -0.048670 1.544180 0.021345
v -0.050620 1.543730 0.019575
v -0.047840 1.548250 0.022765
v -0.049330 1.548650 0.021305
v -0.047510 1.550510 0.023025
v -0.044430 1.552450 0.025575
v -0.039500 1.553330 0.028285
v -0.040080 1.554250 0.028235
v -0.025030 1.554480 0.032065
v -0.025930 1.553140 0.031095
v -0.021570 1.551530 0.031235
v -0.020230 1.552660 0.032515
v -0.035020 1.554140 0.030025
v -0.035190 1.555320 0.030255
v -0.030210 1.555420 0.031335
v -0.030590 1.554100 0.030765
v -0.016540 1.550560 0.032655
v -0.011150 1.552790 0.037035
v -0.014070 1.551650 0.034635
v -0.007800 1.553790 0.039355
v -0.003820 1.554430 0.040525
v 0.000000 1.554960 0.040955
v -0.020480 1.558980 0.036155
v -0.023240 1.556580 0.034055
v -0.017830 1.554380 0.034855
v -0.014850 1.556110 0.036965
v -0.027740 1.560090 0.033825
v -0.029280 1.557660 0.032415
v -0.041390 1.558370 0.027825
v -0.040860 1.555990 0.028045
v -0.035220 1.557390 0.030585
v -0.035000 1.559770 0.031145
v -0.046880 1.555920 0.024025
v -0.045780 1.553690 0.024665
v -0.055790 1.542330 0.014895
v -0.053010 1.543130 0.017525
v -0.052890 1.545300 0.018005
v -0.055430 1.545180 0.015425
v -0.052410 1.547200 0.018575
v -0.054850 1.547680 0.016215
v -0.055380 1.539290 0.014655
v -0.052830 1.540630 0.017305
v -0.051400 1.549150 0.019645
v -0.053490 1.550380 0.017825
v -0.049220 1.551380 0.021705
v -0.050870 1.553150 0.020575
v -0.047710 1.558700 0.023405
v -0.041490 1.561440 0.027915
v -0.052440 1.555350 0.019265
v -0.025580 1.563610 0.035565
v -0.016150 1.562480 0.038945
v -0.010630 1.557760 0.039375
v -0.058230 1.541500 0.011735
v -0.057580 1.545140 0.012325
v -0.056780 1.548550 0.013665
v -0.058140 1.537840 0.011805
v -0.055010 1.551970 0.015845
v -0.034000 1.563120 0.032005
v -0.057630 1.534170 0.012535
v -0.054670 1.536100 0.015235
v -0.004930 1.558700 0.041125
v 0.000000 1.559420 0.041755
v -0.048330 1.561910 0.022595
v -0.041880 1.564950 0.027695
v -0.033730 1.566920 0.032355
v -0.024940 1.568000 0.036575
v -0.006820 1.563230 0.041565
v 0.000000 1.563400 0.042445
v -0.015370 1.568210 0.040305
v -0.006690 1.568290 0.042185
v -0.033820 1.570870 0.032445
v -0.024700 1.572090 0.036955
v -0.049180 1.565120 0.021565
v -0.042300 1.568600 0.027295
v 0.000000 1.568340 0.042975
v -0.014750 1.572560 0.040755
v -0.006360 1.572540 0.042615
v 0.000000 1.572780 0.043385
v -0.059770 1.588570 0.003415
v -0.057760 1.583670 0.008705
v -0.048910 1.590310 0.018275
v -0.051300 1.596720 0.013395
v -0.037870 1.595090 0.025365
v -0.039790 1.602110 0.021465
v -0.026930 1.598530 0.031485
v -0.027940 1.606040 0.028705
v -0.060410 1.536370 0.008055
v -0.060360 1.540870 0.007895
v -0.059990 1.545270 0.008805
v -0.058590 1.549410 0.010655
v -0.056450 1.553860 0.013565
v -0.053400 1.557970 0.017745
v -0.060070 1.532000 0.009155
v -0.057660 1.555580 0.010855
v -0.054110 1.560570 0.015765
v -0.060000 1.550450 0.006945
v -0.061630 1.545330 0.004375
v -0.066370 1.568660 -0.013995
v -0.064920 1.566140 -0.009225
v -0.062460 1.575120 -0.000745
v -0.064390 1.578850 -0.005755
v -0.062190 1.594100 -0.002415
v -0.066710 1.583260 -0.011975
v -0.055180 1.578880 0.012825
v -0.060630 1.571650 0.003765
v -0.067590 1.557590 -0.020385
v -0.068020 1.571420 -0.018915
v -0.068480 1.558800 -0.024175
v -0.054440 1.641350 -0.075665
v -0.053330 1.645050 -0.045325
v -0.041280 1.655880 -0.043525
v -0.043620 1.652530 -0.078585
v 0.000000 1.513640 0.056925
v 0.000000 1.517050 0.055255
v -0.003740 1.516870 0.054375
v -0.003480 1.513830 0.055985
v -0.012240 1.515030 0.048255
v -0.009450 1.515890 0.050405
v -0.009380 1.518360 0.048655
v -0.011500 1.517090 0.045725
v -0.014190 1.513650 0.045255
v -0.013970 1.515420 0.043565
v -0.008970 1.520860 0.046005
v -0.011460 1.519270 0.043625
v -0.013620 1.517160 0.040885
v -0.006640 1.519200 0.050815
v -0.006740 1.516510 0.052835
v -0.003690 1.519760 0.052245
v 0.000000 1.520160 0.053135
v 0.000000 1.523410 0.050835
v -0.003670 1.522840 0.049945
v -0.006370 1.522010 0.048205
v -0.006740 1.513830 0.054415
v -0.015770 1.514500 0.038575
v -0.018110 1.511070 0.037395
v -0.017100 1.509950 0.038845
v -0.015920 1.513120 0.041205
v -0.008720 1.504540 0.052005
v -0.006450 1.502860 0.051635
v -0.005430 1.502830 0.052555
v -0.007880 1.505380 0.053685
v -0.015840 1.506750 0.044275
v -0.016870 1.504860 0.040755
v -0.015820 1.503280 0.040845
v -0.015450 1.505430 0.044755
v -0.005200 1.505270 0.055565
v -0.003800 1.502760 0.052975
v -0.001980 1.502410 0.053475
v -0.002670 1.505040 0.056365
v -0.005240 1.501380 0.049585
v -0.004290 1.500720 0.050285
v 0.000000 1.502160 0.054085
v 0.000000 1.504850 0.056815
v -0.002890 1.500270 0.050175
v -0.001510 1.499800 0.050415
v -0.005200 1.499860 0.047565
v -0.004290 1.499100 0.047735
v 0.000000 1.499440 0.050365
v -0.002660 1.498350 0.047655
v -0.001250 1.497860 0.047435
v -0.005770 1.498820 0.045255
v -0.005340 1.497400 0.045325
v 0.000000 1.497290 0.047355
v -0.011470 1.499230 0.041215
v -0.011910 1.497560 0.041345
v -0.008240 1.496760 0.043375
v -0.008060 1.498060 0.043205
v -0.013940 1.500630 0.040075
v -0.011370 1.500360 0.041485
v -0.013000 1.501440 0.041075
v -0.009830 1.503980 0.050145
v -0.008780 1.503810 0.050825
v -0.010120 1.505060 0.051145
v -0.013830 1.503190 0.045825
v -0.012170 1.503880 0.048075
v -0.012920 1.505210 0.048125
v -0.014580 1.504010 0.045405
v -0.013950 1.502640 0.042375
v -0.015120 1.502340 0.042295
v -0.007010 1.502840 0.050855
v -0.005570 1.502040 0.048925
v -0.005750 1.500700 0.047195
v -0.006290 1.500040 0.045135
v -0.008160 1.499570 0.043365
v -0.013600 1.506510 0.048115
v 0.000000 1.510610 0.058015
v -0.003340 1.511000 0.057195
v -0.002950 1.508140 0.057435
v 0.000000 1.507660 0.058105
v -0.010780 1.506610 0.051245
v -0.009590 1.513470 0.051955
v -0.012260 1.512890 0.049415
v -0.015900 1.511780 0.042645
v -0.016060 1.510510 0.043505
v -0.014460 1.511890 0.046355
v -0.017050 1.509410 0.040215
v -0.016940 1.509080 0.041425
v -0.015090 1.500420 0.038845
v -0.023740 1.508050 0.035545
v -0.028810 1.510030 0.034825
v -0.032550 1.504350 0.032215
v -0.027440 1.502560 0.034345
v -0.003060 1.496630 0.046305
v -0.001390 1.495990 0.046805
v 0.000000 1.495700 0.046305
v -0.012270 1.502030 0.041925
v -0.012630 1.503090 0.042955
v -0.010950 1.501170 0.042065
v -0.005750 1.501970 0.046375
v -0.006650 1.500930 0.044865
v -0.008340 1.503940 0.048955
v -0.007190 1.503540 0.048885
v -0.012650 1.503470 0.045215
v -0.006010 1.503120 0.047965
v -0.009720 1.503760 0.048715
v -0.008180 1.500590 0.043535
v -0.011050 1.504300 0.046535
v 0.000000 1.493920 0.045885
v -0.001850 1.494250 0.046535
v -0.024540 1.484990 0.036145
v -0.027310 1.481610 0.032975
v -0.026620 1.480290 0.033265
v -0.024270 1.482730 0.036175
v -0.022800 1.473390 0.033665
v -0.022930 1.472310 0.033455
v -0.018890 1.469180 0.036535
v -0.018650 1.471050 0.037315
v -0.024840 1.474850 0.032055
v -0.025150 1.474060 0.031925
v 0.000000 1.486360 0.049765
v 0.000000 1.488920 0.047095
v -0.001770 1.489190 0.047455
v -0.002240 1.486590 0.049785
v 0.000000 1.491780 0.046385
v -0.001850 1.492110 0.046925
v -0.007940 1.502300 0.044535
v -0.008810 1.501860 0.043705
v -0.011390 1.503750 0.044895
v -0.011800 1.503390 0.043635
v -0.010140 1.502390 0.043215
v -0.011230 1.502980 0.043215
v -0.008630 1.504110 0.047945
v -0.008050 1.503940 0.047555
v -0.007290 1.503610 0.046975
v -0.009450 1.504120 0.047425
v -0.010410 1.504000 0.046445
v -0.007180 1.502970 0.045745
v -0.008920 1.504120 0.046695
v -0.009700 1.503980 0.045705
v -0.010500 1.503620 0.044445
v -0.008200 1.503890 0.046285
v -0.008560 1.503610 0.045405
v -0.009300 1.503120 0.044245
v -0.026050 1.471500 0.031245
v -0.023480 1.469450 0.032825
v -0.019170 1.467160 0.035475
v -0.025990 1.479570 0.033575
v -0.023910 1.481340 0.036225
v -0.004090 1.492640 0.046485
v -0.003740 1.494700 0.045965
v -0.023430 1.480310 0.036205
v -0.020690 1.482250 0.039655
v -0.021080 1.483460 0.039615
v -0.022960 1.479650 0.036355
v -0.020250 1.481230 0.039675
v -0.022430 1.478900 0.036155
v -0.022090 1.478310 0.035885
v -0.019060 1.479210 0.038825
v -0.019600 1.480000 0.039075
v -0.021170 1.478250 0.034915
v -0.018460 1.478230 0.038575
v -0.020730 1.478470 0.034055
v -0.017280 1.478410 0.036885
v -0.025280 1.477630 0.031995
v -0.025890 1.477720 0.031755
v -0.025650 1.476980 0.031215
v -0.025280 1.477240 0.031425
v -0.024940 1.477650 0.031955
v -0.024900 1.477430 0.031715
v -0.024280 1.477840 0.031185
v -0.024630 1.477700 0.031775
v -0.024640 1.477540 0.031455
v -0.024390 1.477710 0.030755
v -0.024090 1.478190 0.029935
v -0.024410 1.477960 0.029385
v -0.021970 1.475550 0.034435
v -0.023790 1.476270 0.032525
v -0.024260 1.475670 0.032335
v -0.022400 1.474630 0.034245
v -0.021740 1.477580 0.030445
v -0.023130 1.477530 0.029515
v -0.022940 1.477440 0.031205
v -0.021070 1.477380 0.032645
v -0.025380 1.478840 0.033775
v -0.024660 1.478430 0.033765
v -0.023910 1.478190 0.033575
v -0.023350 1.478070 0.033555
v -0.022730 1.478080 0.033175
v -0.022210 1.478430 0.032305
v -0.027450 1.477650 0.031365
v -0.027140 1.476100 0.031085
v -0.026400 1.476490 0.031315
v -0.026680 1.477650 0.031565
v -0.021480 1.476330 0.034225
v -0.023390 1.476780 0.032545
v -0.023120 1.477170 0.032145
v -0.021170 1.476930 0.033735
v -0.004590 1.490040 0.047705
v -0.007190 1.490770 0.046095
v -0.007990 1.488620 0.048565
v -0.005150 1.487690 0.049585
v -0.014530 1.485700 0.044825
v -0.017820 1.484250 0.042925
v -0.017550 1.483210 0.042705
v -0.014240 1.484620 0.044885
v -0.013810 1.482570 0.044275
v -0.016800 1.481460 0.042215
v -0.016260 1.479830 0.041875
v -0.013400 1.480590 0.043865
v -0.006670 1.493120 0.045335
v -0.006040 1.495120 0.044775
v -0.008890 1.495390 0.043545
v -0.009500 1.493410 0.043835
v -0.013580 1.490160 0.042835
v -0.017310 1.488290 0.040975
v -0.017870 1.485460 0.042385
v -0.014380 1.487280 0.044455
v -0.007850 1.483360 0.047795
v -0.010610 1.483210 0.046445
v -0.010450 1.480940 0.045695
v -0.007700 1.480890 0.046605
v -0.008060 1.487230 0.048835
v -0.011050 1.486860 0.047065
v -0.010880 1.485610 0.047325
v -0.008030 1.486220 0.049085
v -0.005150 1.482570 0.048315
v -0.005000 1.480280 0.047255
v -0.005320 1.486330 0.049605
v -0.005330 1.485160 0.049585
v -0.002140 1.481850 0.048635
v -0.001980 1.479710 0.047785
v -0.002300 1.485150 0.049955
v -0.002330 1.484180 0.049845
v 0.000000 1.481670 0.048905
v 0.000000 1.479730 0.047815
v 0.000000 1.485020 0.050225
v 0.000000 1.483880 0.050155
v -0.012880 1.478240 0.043645
v -0.010140 1.478090 0.044555
v -0.007610 1.478030 0.044555
v -0.004660 1.477900 0.044915
v -0.002150 1.477710 0.045005
v 0.000000 1.477570 0.045335
v -0.010910 1.488380 0.046575
v -0.018240 1.474490 0.037885
v -0.018370 1.472930 0.037685
v -0.016380 1.477390 0.035895
v -0.017240 1.476750 0.037925
v -0.017860 1.475790 0.038225
v -0.012960 1.468110 0.041195
v -0.012770 1.470820 0.041715
v -0.012340 1.473240 0.042565
v -0.011960 1.474730 0.042515
v -0.011510 1.476040 0.041765
v -0.011070 1.477190 0.041735
v -0.005170 1.473860 0.045325
v -0.005280 1.472200 0.045385
v -0.005440 1.469720 0.044925
v -0.005360 1.465170 0.041345
v -0.013110 1.466450 0.039495
v -0.012970 1.464260 0.038345
v -0.005340 1.462910 0.040045
v -0.005710 1.466290 0.044205
v -0.005080 1.476870 0.043485
v -0.005110 1.475750 0.044225
v -0.010440 1.477460 0.040805
v -0.015870 1.477730 0.034335
v -0.005080 1.477370 0.043155
v -0.009490 1.478740 0.040765
v -0.007340 1.478740 0.041205
v -0.004230 1.478590 0.040835
v -0.010940 1.478690 0.040065
v -0.009600 1.477450 0.039235
v -0.018000 1.477180 0.031205
v -0.001900 1.478580 0.040795
v 0.000000 1.478250 0.041475
v -0.024190 1.478770 0.028155
v -0.024960 1.478260 0.027425
v -0.001810 1.479690 0.040715
v 0.000000 1.479450 0.041125
v -0.020600 1.479180 0.032995
v -0.021880 1.479090 0.031065
v -0.009320 1.479710 0.039915
v -0.007260 1.479720 0.040465
v -0.023950 1.477360 0.027175
v -0.021220 1.477210 0.028835
v -0.010870 1.475900 0.036665
v -0.017140 1.475270 0.029105
v -0.004320 1.479660 0.040685
v -0.005520 1.476980 0.041085
v -0.010850 1.479660 0.039145
v -0.016670 1.479440 0.035475
v -0.001560 1.482310 0.040455
v 0.000000 1.481730 0.040735
v -0.006410 1.483220 0.039675
v -0.003860 1.482860 0.040165
v -0.006380 1.475550 0.038845
v -0.010040 1.482930 0.037675
v -0.008630 1.483080 0.038505
v -0.022930 1.475760 0.025985
v -0.020080 1.474970 0.027155
v -0.019350 1.481490 0.031455
v -0.020950 1.481090 0.029555
v -0.015640 1.482060 0.033985
v -0.016580 1.471840 0.029195
v -0.011580 1.472050 0.035445
v -0.024690 1.479540 0.026375
v -0.025600 1.478450 0.025795
v -0.019790 1.471890 0.026775
v -0.024830 1.481450 0.025665
v -0.026080 1.478820 0.024605
v -0.001530 1.487070 0.040555
v 0.000000 1.486720 0.040815
v -0.006130 1.487550 0.039715
v -0.003700 1.487270 0.040345
v -0.006180 1.471300 0.038545
v -0.009630 1.487480 0.037615
v -0.008260 1.487640 0.038455
v -0.022870 1.473200 0.025215
v -0.018660 1.485510 0.031315
v -0.020640 1.484730 0.029405
v -0.015370 1.486480 0.033665
v -0.011810 1.468140 0.034215
v -0.016050 1.468860 0.028795
v -0.015980 1.464320 0.025865
v -0.012450 1.462930 0.029195
v -0.019500 1.469480 0.026205
v -0.025290 1.483540 0.024705
v -0.026610 1.479340 0.023435
v -0.001500 1.491460 0.040005
v 0.000000 1.491140 0.040025
v -0.005830 1.492070 0.039185
v -0.003550 1.491870 0.039755
v -0.005880 1.467520 0.037865
v -0.009220 1.491830 0.037215
v -0.007850 1.491990 0.038055
v -0.022830 1.471380 0.024405
v -0.018170 1.489510 0.030955
v -0.020440 1.488420 0.028985
v -0.014620 1.490360 0.033415
v -0.008240 1.440560 -0.041605
v 0.000000 1.439250 -0.040795
v 0.000000 1.447210 -0.047975
v -0.006490 1.448420 -0.048485
v -0.018200 1.494270 0.029205
v -0.020820 1.492800 0.027335
v -0.014820 1.495760 0.031315
v -0.007410 1.457600 -0.007865
v 0.000000 1.455880 -0.007155
v -0.007870 1.497640 0.035695
v -0.005760 1.497630 0.036745
v -0.012390 1.459150 0.022275
v -0.017070 1.460120 0.019525
v -0.019670 1.465810 0.023775
v -0.006290 1.456260 0.008505
v 0.000000 1.453650 0.009925
v -0.026500 1.486160 0.022765
v -0.027790 1.479910 0.021305
v -0.001390 1.496630 0.037335
v 0.000000 1.496050 0.036855
v -0.006090 1.456820 0.024745
v 0.000000 1.457220 0.023825
v -0.003250 1.497250 0.037255
v -0.004530 1.461900 0.033145
v -0.009280 1.497400 0.034895
v -0.023240 1.468750 0.022035
v -0.001170 1.504040 0.028525
v 0.000000 1.503200 0.027985
v 0.000000 1.462030 0.032405
v -0.005890 1.505410 0.028025
v -0.003410 1.504910 0.028425
v -0.010080 1.504920 0.026725
v -0.008640 1.505290 0.027265
v -0.025260 1.466660 0.016765
v -0.021100 1.462500 0.017985
v -0.019580 1.500600 0.023065
v -0.022730 1.498480 0.021785
v -0.016050 1.502620 0.024085
v 0.000000 1.467540 0.039705
v -0.019140 1.460830 0.007015
v -0.013840 1.458170 0.007875
v 0.000000 1.470420 0.040635
v -0.029150 1.489250 0.018005
v -0.030410 1.481170 0.016685
v -0.023190 1.463270 0.006255
v 0.000000 1.474450 0.039675
v -0.031680 1.492140 0.007575
v -0.032650 1.482660 0.006565
v -0.001310 1.510990 0.014035
v 0.000000 1.509700 0.013885
v 0.000000 1.477010 0.040895
v -0.006700 1.512780 0.013475
v -0.003990 1.512160 0.013765
v -0.011080 1.512070 0.012855
v -0.009550 1.512580 0.013145
v -0.027220 1.465670 0.006265
v -0.021070 1.506650 0.011565
v -0.024530 1.504150 0.011165
v -0.018260 1.508410 0.011745
v 0.000000 1.477330 0.042745
v -0.014950 1.459010 -0.008375
v -0.021220 1.460370 -0.009065
v -0.017070 1.444290 -0.038825
v -0.024520 1.449000 -0.035275
v -0.025280 1.463340 -0.009345
v 0.000000 1.476900 0.043995
v -0.035790 1.495000 -0.008845
v -0.036360 1.484220 -0.009735
v -0.001450 1.513890 -0.006165
v 0.000000 1.512480 -0.005225
v 0.000000 1.475610 0.045155
v -0.008610 1.516130 -0.006885
v -0.005010 1.515290 -0.006625
v -0.015560 1.514780 -0.007175
v -0.012230 1.516140 -0.006955
v -0.029590 1.465660 -0.008385
v -0.025360 1.510100 -0.007335
v -0.028920 1.507400 -0.007595
v -0.022370 1.512010 -0.007285
v 0.000000 1.474120 0.045965
v -0.001600 1.510770 -0.025475
v 0.000000 1.509410 -0.024715
v 0.000000 1.472390 0.046605
v -0.008340 1.512350 -0.026905
v -0.005010 1.511760 -0.026555
v -0.014800 1.510860 -0.026985
v -0.011790 1.512310 -0.027025
v -0.029800 1.465790 -0.027695
v -0.027750 1.455910 -0.029505
v -0.024810 1.506650 -0.027345
v -0.028660 1.503670 -0.027665
v -0.021530 1.508700 -0.027205
v 0.000000 1.469470 0.046195
v -0.011290 1.450630 -0.049145
v -0.016630 1.454510 -0.048965
v 0.000000 1.465610 0.045685
v -0.036020 1.492010 -0.028995
v -0.035070 1.483210 -0.029295
v -0.021620 1.496890 -0.044365
v -0.025570 1.494780 -0.045075
v -0.018120 1.498340 -0.043865
v -0.009330 1.500820 -0.043205
v -0.006870 1.500850 -0.043115
v -0.020760 1.460420 -0.049665
v -0.032230 1.486760 -0.046665
v -0.030850 1.481160 -0.048835
v -0.001690 1.499720 -0.042195
v 0.000000 1.499190 -0.041075
v -0.003780 1.500390 -0.042815
v -0.011990 1.499820 -0.042955
v -0.021500 1.469030 -0.049745
v -0.016650 1.473480 -0.053015
v -0.014970 1.471670 -0.052625
v -0.008240 1.469740 -0.052085
v -0.012330 1.470020 -0.053005
v 0.000000 1.469320 -0.051235
v -0.004450 1.468580 -0.052525
v -0.015120 1.484340 -0.052845
v -0.016680 1.483680 -0.053045
v -0.014110 1.486430 -0.053105
v -0.014600 1.498870 -0.042705
v -0.011410 1.487120 -0.053225
v -0.022830 1.481630 -0.053945
v -0.021200 1.478120 -0.053575
v -0.001740 1.485160 -0.051215
v 0.000000 1.484800 -0.051065
v -0.005210 1.487130 -0.053045
v -0.003150 1.486860 -0.052855
v -0.009040 1.485560 -0.052805
v -0.007330 1.485570 -0.052745
v -0.016230 1.600490 0.035315
v -0.015690 1.607850 0.032935
v -0.005370 1.459870 0.038375
v -0.012920 1.461480 0.036785
v -0.030650 1.477200 0.029735
v -0.030260 1.474370 0.029315
v -0.028860 1.475120 0.030265
v -0.028800 1.477630 0.030895
v -0.026930 1.469350 0.030425
v -0.023740 1.466890 0.032225
v -0.019230 1.464000 0.034045
v -0.006380 1.433560 0.024135
v -0.014430 1.435450 0.021845
v -0.013770 1.435330 0.015815
v -0.005900 1.433510 0.018705
v -0.047450 1.459970 -0.016125
v -0.050050 1.463700 -0.011055
v -0.053780 1.469380 -0.019075
v -0.051230 1.465930 -0.023335
v -0.044890 1.466050 -0.050835
v -0.048840 1.472080 -0.047445
v -0.050590 1.477270 -0.056325
v -0.046740 1.469570 -0.059315
v -0.040690 1.455140 -0.055655
v -0.044110 1.459470 -0.063175
v -0.040710 1.441560 -0.061555
v -0.043290 1.446610 -0.068255
v -0.041920 1.426370 -0.068765
v -0.043270 1.428980 -0.076105
v -0.045820 1.409780 -0.076905
v -0.048280 1.413450 -0.084395
v -0.053180 1.396150 -0.083915
v -0.054470 1.397380 -0.091395
v -0.038570 1.455780 -0.038685
v -0.043100 1.460060 -0.032345
v -0.046310 1.465790 -0.039335
v -0.041920 1.460160 -0.044115
v -0.034160 1.448130 -0.046235
v -0.037420 1.452530 -0.051365
v -0.033530 1.435050 -0.052595
v -0.037920 1.438080 -0.055835
v -0.037040 1.420850 -0.056445
v -0.039450 1.423440 -0.062155
v -0.040820 1.406160 -0.063345
v -0.043950 1.407870 -0.069795
v -0.048020 1.392890 -0.070835
v -0.050210 1.394060 -0.076585
v -0.057960 1.478030 -0.027355
v -0.055270 1.474670 -0.031835
v -0.013100 1.435420 0.008745
v -0.012380 1.436450 -0.000195
v -0.005620 1.434200 0.003275
v -0.005500 1.433360 0.011895
v -0.011030 1.436130 -0.011505
v -0.005200 1.434670 -0.008865
v -0.008150 1.434020 -0.026615
v -0.003780 1.433210 -0.025085
v -0.006530 1.424400 -0.036615
v -0.002860 1.424050 -0.035495
v -0.015890 1.412770 -0.044555
v -0.011420 1.411290 -0.041835
v -0.010980 1.424630 -0.037625
v -0.015290 1.425420 -0.039605
v -0.009180 1.395550 -0.041425
v -0.007330 1.410320 -0.040065
v -0.013750 1.397180 -0.043385
v -0.003390 1.410090 -0.039125
v -0.004660 1.395090 -0.041015
v -0.019240 1.397830 -0.044265
v -0.011570 1.381340 -0.040745
v -0.005750 1.379860 -0.040425
v -0.017650 1.435840 -0.031655
v -0.021640 1.437220 -0.034125
v -0.019240 1.426950 -0.042355
v 0.000000 1.394910 -0.040795
v 0.000000 1.409830 -0.038935
v -0.024620 1.383430 -0.042115
v -0.018050 1.381800 -0.039885
v -0.044840 1.390260 -0.063655
v -0.037350 1.403900 -0.057515
v -0.033050 1.418400 -0.052725
v -0.029340 1.432360 -0.050075
v 0.000000 1.432910 -0.024795
v 0.000000 1.433630 -0.006945
v -0.044290 1.455560 -0.009845
v -0.045810 1.458210 -0.004975
v -0.054060 1.603950 0.007805
v -0.048810 1.474150 -0.070905
v -0.046750 1.464560 -0.073895
v -0.049620 1.416770 -0.092165
v -0.057440 1.400200 -0.099505
v -0.044820 1.433050 -0.084695
v -0.044830 1.451940 -0.077485
v -0.048610 1.477210 -0.084335
v -0.046680 1.467620 -0.086565
v -0.049850 1.420230 -0.100725
v -0.059030 1.405380 -0.108095
v -0.044450 1.455500 -0.088675
v -0.046140 1.437860 -0.094515
v -0.046120 1.478750 -0.098225
v -0.045010 1.469660 -0.099695
v -0.048970 1.424200 -0.110085
v -0.056600 1.408670 -0.116345
v -0.044970 1.458060 -0.101565
v -0.045900 1.441630 -0.105045
v -0.042650 1.479760 -0.110675
v -0.042180 1.471440 -0.111305
v -0.044600 1.427060 -0.118435
v -0.051110 1.411000 -0.124855
v -0.041750 1.460080 -0.112485
v -0.042170 1.444950 -0.114545
v -0.035630 1.481000 -0.118525
v -0.034750 1.472920 -0.118465
v -0.034530 1.427360 -0.124345
v -0.040870 1.412000 -0.130665
v -0.034330 1.461560 -0.118845
v -0.034380 1.445920 -0.120485
v -0.024940 1.482640 -0.122535
v -0.023930 1.474540 -0.121375
v -0.024940 1.427480 -0.126765
v -0.030240 1.412350 -0.133885
v -0.023390 1.463670 -0.120955
v -0.023620 1.447550 -0.122305
v -0.005400 1.485260 -0.123505
v 0.000000 1.485730 -0.123315
v 0.000000 1.477040 -0.120935
v -0.004900 1.476810 -0.121605
v -0.006830 1.427960 -0.126455
v 0.000000 1.427390 -0.123915
v 0.000000 1.410920 -0.133375
v -0.009000 1.411690 -0.133095
v 0.000000 1.465380 -0.118715
v -0.004610 1.465410 -0.119475
v 0.000000 1.448750 -0.119855
v -0.004750 1.449290 -0.120575
v -0.040480 1.617860 -0.130085
v -0.044430 1.638210 -0.109625
v -0.030430 1.643490 -0.112955
v -0.027900 1.621750 -0.133985
v -0.016960 1.646510 -0.114465
v -0.014970 1.623620 -0.135315
v -0.059870 1.601460 -0.111935
v -0.063870 1.616750 -0.095625
v -0.054080 1.628440 -0.103925
v -0.051240 1.611220 -0.123785
v -0.073140 1.570850 -0.082985
v -0.074660 1.577230 -0.074205
v -0.073130 1.589950 -0.080595
v -0.070870 1.580920 -0.091815
v -0.068880 1.602500 -0.087755
v -0.066150 1.591250 -0.101505
v -0.069440 1.524230 -0.026865
v -0.069630 1.534690 -0.025675
v -0.070110 1.534270 -0.030665
v -0.069820 1.523310 -0.032185
v -0.068750 1.545670 -0.023385
v -0.069640 1.546210 -0.028385
v -0.070730 1.614540 -0.050555
v -0.070670 1.611810 -0.069235
v -0.074430 1.596690 -0.065685
v -0.074070 1.598240 -0.052125
v -0.068240 1.514060 -0.027045
v -0.068710 1.512650 -0.033185
v -0.055290 1.517280 -0.096235
v -0.057240 1.527150 -0.098815
v -0.053060 1.527830 -0.109405
v -0.051090 1.516630 -0.106825
v -0.063850 1.627340 -0.072315
v -0.063260 1.630960 -0.047785
v -0.047020 1.528860 -0.120065
v -0.045380 1.517100 -0.117265
v -0.055370 1.474680 -0.013085
v -0.059810 1.483050 -0.020455
v -0.051030 1.481980 -0.067425
v -0.051040 1.486560 -0.081475
v -0.047670 1.486320 -0.097735
v -0.042830 1.486580 -0.110205
v -0.035000 1.487740 -0.119155
v -0.025380 1.488930 -0.123265
v -0.052780 1.519050 0.019975
v -0.049540 1.522940 0.022655
v -0.053520 1.526450 0.018115
v -0.056300 1.523120 0.015085
v -0.047840 1.540700 0.021285
v -0.049950 1.539470 0.019885
v -0.048600 1.531820 0.021405
v -0.044950 1.529360 0.024705
v -0.052230 1.537930 0.017615
v -0.050930 1.535020 0.019065
v -0.048670 1.536970 0.020625
v -0.047060 1.526230 0.023875
v -0.050800 1.529390 0.020095
v -0.063640 1.488950 -0.033225
v -0.060720 1.486810 -0.040295
v -0.063390 1.492800 -0.025435
v 0.000000 1.423950 -0.035405
v 0.000000 1.380500 -0.040225
v -0.006490 1.434230 0.026565
v -0.014720 1.436020 0.024565
v -0.022310 1.439880 0.020345
v -0.029070 1.445050 0.014905
v -0.029460 1.443640 0.011215
v -0.022240 1.439000 0.016995
v -0.029200 1.442530 0.006345
v -0.021580 1.438280 0.011735
v -0.035530 1.448370 0.005635
v -0.035210 1.450180 0.009515
v -0.035580 1.446740 0.001115
v -0.031350 1.445430 -0.011615
v -0.027070 1.444420 -0.021815
v -0.022750 1.442000 -0.018285
v -0.026190 1.442540 -0.007575
v -0.013230 1.434750 -0.028595
v -0.024820 1.399110 -0.046265
v -0.031130 1.384160 -0.044935
v -0.020480 1.413730 -0.046365
v -0.017200 1.438870 -0.014685
v -0.019670 1.439370 -0.003645
v -0.028080 1.442150 0.000115
v -0.020540 1.438420 0.005055
v -0.033900 1.445900 -0.004675
v -0.045620 1.461590 0.000045
v -0.050910 1.467830 -0.005725
v -0.032970 1.449580 -0.029705
v -0.037490 1.452370 -0.020935
v -0.040010 1.455820 -0.026345
v -0.035540 1.452010 -0.033895
v -0.029360 1.416450 -0.050325
v -0.026370 1.430730 -0.047955
v -0.034690 1.401920 -0.051625
v -0.040310 1.388040 -0.057685
v -0.043980 1.458030 -0.020925
v -0.047380 1.463160 -0.027745
v -0.053940 1.478200 -0.044125
v -0.054060 1.483650 -0.052925
v -0.040870 1.453860 -0.014945
v -0.050990 1.470180 -0.035705
v -0.053620 1.488330 -0.062435
v -0.072900 1.561810 -0.075755
v -0.074020 1.566940 -0.068315
v -0.072780 1.554150 -0.070035
v -0.073290 1.557480 -0.064535
v -0.069240 1.512030 -0.038885
v -0.070200 1.522590 -0.037095
v 0.000000 1.648850 -0.114285
v 0.000000 1.624770 -0.136005
v -0.066630 1.501370 -0.033675
v -0.067050 1.500530 -0.041695
v -0.052830 1.569910 -0.125275
v -0.056160 1.585050 -0.120635
v -0.047960 1.591190 -0.132575
v -0.044680 1.573230 -0.135805
v -0.054020 1.493130 -0.071605
v -0.005790 1.497050 -0.126575
v 0.000000 1.497220 -0.126805
v 0.000000 1.492740 -0.125115
v -0.005590 1.492080 -0.124715
v -0.016270 1.507230 -0.129995
v -0.017940 1.516150 -0.134525
v -0.007620 1.515860 -0.135325
v -0.006400 1.506890 -0.130355
v -0.027060 1.507170 -0.128005
v -0.028510 1.516170 -0.131355
v -0.035410 1.493560 -0.119815
v -0.025920 1.494630 -0.124635
v -0.043630 1.492890 -0.111315
v -0.048520 1.492890 -0.099685
v -0.051900 1.493840 -0.086025
v -0.014790 1.484370 -0.123205
v -0.015190 1.490770 -0.124325
v -0.055460 1.539970 -0.112915
v -0.049100 1.541740 -0.123445
v -0.010200 1.528300 -0.142015
v -0.011590 1.542850 -0.147095
v 0.000000 1.543390 -0.147875
v 0.000000 1.528400 -0.142925
v -0.060320 1.538010 -0.102495
v -0.039520 1.529640 -0.129015
v -0.041480 1.543230 -0.133025
v -0.032650 1.543600 -0.140275
v -0.030790 1.529320 -0.135895
v -0.060920 1.526400 -0.090265
v -0.064090 1.535200 -0.092675
v -0.067050 1.548510 -0.093645
v -0.069200 1.556760 -0.091125
v -0.065130 1.561070 -0.102675
v -0.062880 1.550530 -0.104355
v -0.050820 1.556040 -0.126585
v -0.042840 1.558050 -0.136385
v -0.057590 1.553430 -0.115555
v -0.059910 1.565800 -0.114485
v -0.011420 1.560300 -0.148785
v -0.012600 1.579580 -0.148685
v 0.000000 1.580330 -0.149065
v 0.000000 1.560960 -0.149125
v -0.035440 1.575890 -0.142915
v -0.033600 1.559300 -0.142755
v -0.037900 1.595480 -0.139895
v -0.071040 1.563960 -0.087725
v -0.068080 1.571150 -0.099235
v -0.063010 1.578400 -0.109835
v -0.013890 1.599300 -0.145745
v 0.000000 1.601750 -0.146015
v -0.011960 1.656500 -0.012985
v 0.000000 1.657800 -0.012815
v 0.000000 1.665890 -0.040355
v -0.015190 1.664470 -0.040705
v -0.051290 1.641170 -0.021975
v -0.038560 1.649700 -0.017565
v -0.042330 1.610710 0.016375
v -0.044250 1.619010 0.009535
v -0.056090 1.611040 0.000825
v -0.064670 1.599810 -0.008935
v -0.068720 1.587280 -0.017855
v -0.027080 1.662180 -0.041175
v -0.030190 1.659190 -0.079395
v -0.037790 1.517330 -0.125665
v -0.006270 1.608480 0.034195
v -0.006140 1.601540 0.036865
v 0.000000 1.601710 0.037305
v 0.000000 1.608670 0.034575
v -0.029700 1.615040 0.023205
v -0.031270 1.624540 0.016535
v -0.066130 1.604740 -0.015525
v -0.057590 1.616770 -0.005795
v -0.070510 1.591610 -0.023895
v -0.020900 1.528680 -0.140465
v -0.073060 1.597500 -0.040575
v -0.069200 1.612920 -0.035285
v -0.061820 1.628630 -0.028295
v -0.045830 1.625980 0.003015
v -0.057290 1.490630 -0.049285
v -0.056360 1.493920 -0.058335
v -0.056370 1.498210 -0.065515
v -0.054660 1.497900 -0.076655
v -0.062530 1.525840 -0.082275
v -0.065030 1.533320 -0.083505
v -0.068260 1.545880 -0.083955
v -0.070260 1.551950 -0.081345
v -0.071750 1.557560 -0.079155
v -0.067690 1.609130 -0.023565
v -0.059750 1.622830 -0.014245
v -0.072220 1.595250 -0.031105
v 0.000000 1.515660 -0.135675
v -0.048510 1.633540 -0.005815
v -0.007960 1.637430 0.014805
v -0.006510 1.629150 0.021495
v 0.000000 1.629320 0.022085
v 0.000000 1.637950 0.015455
v -0.013720 1.464460 -0.120945
v -0.013870 1.448080 -0.122035
v 0.000000 1.664530 -0.078385
v -0.017470 1.662510 -0.079235
v -0.056980 1.510240 -0.084205
v -0.058670 1.512650 -0.077375
v -0.060410 1.518740 -0.079945
v -0.058530 1.517500 -0.086995
v -0.023860 1.654630 -0.013885
v -0.035350 1.640150 0.000235
v -0.020570 1.642910 0.004735
v -0.006160 1.617770 0.029145
v 0.000000 1.618190 0.029515
v -0.022650 1.543030 -0.145375
v -0.014090 1.476090 -0.121765
v -0.026210 1.598060 -0.144325
v -0.009410 1.644250 0.006245
v 0.000000 1.645710 0.006745
v -0.015870 1.428300 -0.129235
v -0.019100 1.411920 -0.133265
v -0.022780 1.559740 -0.147115
v -0.024290 1.578030 -0.147015
v -0.033010 1.632120 0.009415
v 0.000000 1.462590 0.040355
v 0.000000 1.465480 0.041645
v 0.000000 1.459790 0.039115
v 0.000000 1.433210 0.004085
v 0.000000 1.432310 0.013095
v 0.000000 1.432640 0.019525
v 0.000000 1.432900 0.024585
v 0.000000 1.433590 0.027815
v -0.016180 1.533810 0.032145
v -0.015050 1.532200 0.033295
v -0.011760 1.535260 0.034185
v -0.013390 1.536570 0.032645
v -0.034890 1.451820 0.012885
v -0.028820 1.446420 0.017635
v -0.022230 1.441080 0.022795
v -0.014790 1.437230 0.027175
v -0.006710 1.435360 0.029345
v -0.027510 1.441400 -0.040245
v -0.030580 1.443860 -0.043685
v -0.064880 1.526090 -0.075965
v -0.066600 1.532200 -0.076765
v -0.069170 1.542020 -0.076785
v -0.070680 1.547090 -0.075145
v -0.017030 1.627650 0.020495
v -0.015950 1.616550 0.028165
v -0.018480 1.635420 0.013465
v -0.034900 1.549850 0.029865
v -0.034870 1.549940 0.028935
v -0.031140 1.549920 0.029765
v -0.031120 1.549910 0.030435
v -0.043430 1.546870 0.026175
v -0.043370 1.546840 0.027375
v -0.043850 1.546130 0.026565
v -0.043850 1.546060 0.025595
v -0.042870 1.547510 0.026675
v -0.042790 1.547420 0.027915
v -0.041040 1.548550 0.027815
v -0.040990 1.548450 0.028985
v -0.038330 1.549260 0.029035
v -0.038350 1.549180 0.030125
v -0.027230 1.549110 0.030105
v -0.019700 1.542740 0.026765
v -0.018510 1.543450 0.027495
v -0.020180 1.545510 0.027985
v -0.021390 1.545590 0.027275
v -0.020870 1.544880 0.027005
v -0.019340 1.544780 0.027505
v -0.018470 1.544160 0.027715
v -0.022440 1.542050 0.027885
v -0.022180 1.541960 0.028455
v -0.021000 1.542250 0.027985
v -0.021230 1.542360 0.027265
v -0.027600 1.541100 0.029395
v -0.027600 1.541100 0.029895
v -0.024100 1.541540 0.029185
v -0.024240 1.541630 0.028615
v -0.021160 1.546280 0.028305
v -0.031140 1.540740 0.030025
v -0.031090 1.540710 0.030495
v -0.023530 1.547730 0.029015
v -0.040710 1.542450 0.027425
v -0.040860 1.542460 0.027715
v -0.038650 1.541570 0.028765
v -0.038480 1.541540 0.028385
v -0.042960 1.543870 0.025605
v -0.042950 1.543880 0.026165
v -0.042490 1.543530 0.026595
v -0.042480 1.543520 0.026165
v -0.043770 1.545000 0.024955
v -0.043670 1.544990 0.025535
v -0.043360 1.544310 0.025655
v -0.043420 1.544260 0.025125
v -0.043940 1.545510 0.025125
v -0.043940 1.545500 0.025835
v -0.031030 1.541430 0.026145
v -0.031090 1.540910 0.029315
v -0.027600 1.541180 0.028825
v -0.027740 1.541630 0.025765
v -0.040170 1.542420 0.023655
v -0.040090 1.542540 0.026505
v -0.038070 1.541690 0.027555
v -0.038070 1.541950 0.024655
v -0.043220 1.546190 0.021575
v -0.043400 1.546070 0.024125
v -0.043500 1.545510 0.023925
v -0.043350 1.545530 0.021125
v -0.035080 1.549310 0.026205
v -0.038060 1.549240 0.027635
v -0.038460 1.548850 0.025255
v -0.021780 1.546640 0.024835
v -0.021940 1.546280 0.027545
v -0.023530 1.547730 0.028515
v -0.023540 1.547640 0.025775
v -0.024380 1.541720 0.028035
v -0.024040 1.542220 0.024745
v -0.043420 1.545060 0.023895
v -0.043380 1.544920 0.020845
v -0.040670 1.548350 0.026055
v -0.040660 1.548460 0.024025
v -0.021460 1.545800 0.024645
v -0.020960 1.545030 0.024655
v -0.022930 1.542360 0.024385
v -0.022700 1.542130 0.027305
v -0.021780 1.542470 0.026795
v -0.022220 1.542510 0.024245
v -0.043160 1.544260 0.024155
v -0.043470 1.544440 0.020805
v -0.042380 1.547640 0.024795
v -0.042170 1.547600 0.022805
v -0.020480 1.544300 0.024605
v -0.020300 1.544270 0.026935
v -0.043000 1.543910 0.021355
v -0.042670 1.543880 0.024645
v -0.042020 1.543520 0.025155
v -0.042540 1.543380 0.021905
v -0.042970 1.546820 0.024405
v -0.042800 1.546950 0.022215
v -0.020360 1.543910 0.024595
v -0.020300 1.543590 0.026785
v -0.027060 1.548600 0.026605
v -0.027200 1.549190 0.029635
v -0.031410 1.549260 0.026835
v -0.020810 1.543260 0.024485
v -0.021080 1.543010 0.026635
v -0.022530 1.551190 0.026235
v -0.026320 1.553160 0.027075
v -0.030180 1.535580 0.026915
v -0.025970 1.536250 0.026465
v -0.042000 1.538960 0.023735
v -0.039390 1.537260 0.025095
v -0.044760 1.547470 0.021495
v -0.045130 1.546070 0.021085
v -0.035120 1.554240 0.026445
v -0.038650 1.553300 0.025315
v -0.020050 1.549040 0.025115
v -0.022940 1.537330 0.025575
v -0.045240 1.544700 0.020925
v -0.041210 1.551980 0.024065
v -0.018670 1.547120 0.024145
v -0.017940 1.545500 0.023295
v -0.021230 1.538250 0.024815
v -0.019830 1.539380 0.024085
v -0.045100 1.543410 0.021035
v -0.042980 1.550430 0.022935
v -0.017650 1.544070 0.022745
v -0.044660 1.542200 0.021525
v -0.043830 1.540820 0.022325
v -0.044070 1.548940 0.022125
v -0.017760 1.542730 0.022765
v -0.030870 1.554270 0.027135
v -0.018380 1.541140 0.023165
v -0.016450 1.542160 0.020395
v -0.016250 1.544110 0.020595
v -0.025450 1.556810 0.023385
v -0.030440 1.558040 0.023325
v -0.045040 1.550460 0.018885
v -0.045820 1.548500 0.018255
v -0.035120 1.557780 0.022695
v -0.017170 1.539920 0.020365
v -0.021240 1.554260 0.022825
v -0.030070 1.531740 0.022795
v -0.025240 1.532760 0.022505
v -0.043250 1.536890 0.019845
v -0.040420 1.534390 0.021035
v -0.046230 1.546600 0.017835
v -0.038950 1.556440 0.021745
v -0.018490 1.551250 0.021955
v -0.022090 1.534310 0.021885
v -0.046340 1.544690 0.017675
v -0.041800 1.554560 0.020695
v -0.017030 1.548480 0.021155
v -0.016400 1.546130 0.020775
v -0.020210 1.535730 0.021345
v -0.018640 1.537450 0.020845
v -0.046170 1.542870 0.017785
v -0.043770 1.552490 0.019695
v -0.045760 1.541240 0.018135
v -0.044950 1.539370 0.018785
v -0.034840 1.559750 0.018675
v -0.038790 1.558270 0.018005
v -0.017680 1.552790 0.018415
v -0.020600 1.556200 0.018905
v -0.024950 1.530930 0.018305
v -0.021760 1.532660 0.018045
v -0.046600 1.546970 0.014775
v -0.046720 1.544690 0.014595
v -0.041770 1.556180 0.017215
v -0.016120 1.549510 0.017955
v -0.015470 1.546690 0.017605
v -0.019800 1.534280 0.017785
v -0.018090 1.536290 0.017565
v -0.046520 1.542510 0.014625
v -0.043880 1.553860 0.016425
v -0.015360 1.544250 0.017385
v -0.046080 1.540620 0.014835
v -0.045280 1.538520 0.015235
v -0.045270 1.551520 0.015735
v -0.015640 1.541910 0.017285
v -0.024960 1.558910 0.019195
v -0.030040 1.560120 0.019115
v -0.046140 1.549240 0.015165
v -0.016470 1.539210 0.017355
v -0.029910 1.529770 0.018305
v -0.043600 1.535760 0.015935
v -0.040690 1.532890 0.016815
v -0.034440 1.560460 0.015505
v -0.029750 1.560800 0.015785
v -0.016270 1.538930 0.014955
v -0.015360 1.541870 0.014985
v -0.020550 1.557000 0.015745
v -0.024820 1.559620 0.015865
v -0.029760 1.529260 0.014815
v -0.024890 1.530400 0.015055
v -0.043400 1.535420 0.012965
v -0.040500 1.532480 0.013555
v -0.045980 1.549660 0.012815
v -0.046480 1.547200 0.012465
v -0.038370 1.559010 0.015035
v -0.017580 1.553600 0.015545
v -0.021760 1.532110 0.015065
v -0.046600 1.544710 0.012265
v -0.041390 1.556920 0.014465
v -0.015910 1.550180 0.015345
v -0.015180 1.547130 0.015185
v -0.019800 1.533740 0.015025
v -0.018010 1.535820 0.014975
v -0.046370 1.542370 0.012225
v -0.043570 1.554550 0.013855
v -0.015050 1.544450 0.015065
v -0.045900 1.540380 0.012325
v -0.045080 1.538230 0.012545
v -0.045050 1.552100 0.013295
v -0.043120 1.554850 0.011865
v -0.044650 1.552390 0.011435
v -0.045630 1.549900 0.011045
v -0.046160 1.547370 0.010715
v -0.046030 1.542410 0.010425
v -0.046280 1.544800 0.010505
v -0.016290 1.538950 0.013035
v -0.015360 1.541990 0.013145
v -0.044720 1.538290 0.010515
v -0.045550 1.540410 0.010435
v -0.040170 1.532610 0.011065
v -0.043050 1.535530 0.010715
v -0.024840 1.530490 0.012595
v -0.029590 1.529390 0.012155
v -0.034030 1.560550 0.013035
v -0.037880 1.559200 0.012725
v -0.021800 1.532130 0.012805
v -0.024810 1.559680 0.013305
v -0.020730 1.557210 0.013315
v -0.015050 1.544700 0.013205
v -0.016050 1.550610 0.013275
v -0.015240 1.547500 0.013245
v -0.019870 1.533720 0.012895
v -0.018070 1.535790 0.012945
v -0.017790 1.553970 0.013295
v -0.029510 1.560820 0.013225
v -0.040900 1.557190 0.012315
v -0.042540 1.554930 0.010015
v -0.040300 1.557200 0.010325
v -0.016420 1.550890 0.011315
v -0.015520 1.547810 0.011395
v -0.018190 1.554090 0.011235
v -0.019990 1.534020 0.010905
v -0.021860 1.532500 0.010705
v -0.024800 1.530950 0.010315
v -0.029400 1.529930 0.009725
v -0.024880 1.559380 0.011005
v -0.021020 1.557090 0.011135
v -0.045540 1.542590 0.008735
v -0.045790 1.544970 0.008845
v -0.037330 1.559080 0.010605
v -0.033620 1.560300 0.010805
v -0.045050 1.540640 0.008675
v -0.044110 1.552530 0.009705
v -0.029310 1.560490 0.010905
v -0.015270 1.544980 0.011435
v -0.015530 1.542240 0.011375
v -0.039710 1.533070 0.008785
v -0.042560 1.535920 0.008635
v -0.045110 1.550080 0.009385
v -0.016450 1.539200 0.011205
v -0.045660 1.547550 0.009085
v -0.044220 1.538600 0.008635
v -0.044250 1.541060 0.006725
v -0.044720 1.542900 0.006825
v -0.043300 1.552490 0.007775
v -0.041730 1.554770 0.007955
v -0.025060 1.558700 0.008625
v -0.021480 1.556640 0.008835
v -0.015990 1.542620 0.009325
v -0.016880 1.539670 0.009085
v -0.015780 1.545270 0.009385
v -0.038990 1.533910 0.006405
v -0.041780 1.536620 0.006405
v -0.044300 1.550170 0.007525
v -0.033200 1.559660 0.008495
v -0.029190 1.559750 0.008515
v -0.016110 1.548020 0.009275
v -0.022070 1.533240 0.008385
v -0.024880 1.531840 0.007855
v -0.044830 1.547740 0.007205
v -0.017080 1.550990 0.009135
v -0.018830 1.553960 0.009015
v -0.043430 1.539140 0.006575
v -0.044950 1.545210 0.006945
v -0.039500 1.556900 0.008165
v -0.036660 1.558610 0.008375
v -0.020280 1.534640 0.008675
v -0.029270 1.530950 0.007175
v -0.016990 1.545560 0.006585
v -0.017150 1.543140 0.006525
v -0.037840 1.535400 0.003765
v -0.040410 1.537790 0.003855
v -0.042840 1.550020 0.005085
v -0.041920 1.552090 0.005285
v -0.032780 1.558330 0.005765
v -0.029250 1.558340 0.005725
v -0.017400 1.548090 0.006445
v -0.022770 1.534590 0.005515
v -0.025370 1.533440 0.004945
v -0.043290 1.547800 0.004765
v -0.018400 1.550800 0.006295
v -0.020040 1.553410 0.006215
v -0.041990 1.540000 0.004115
v -0.043390 1.545460 0.004515
v -0.038340 1.556000 0.005515
v -0.035800 1.557480 0.005695
v -0.022410 1.555680 0.006045
v -0.021120 1.535800 0.005835
v -0.029310 1.532780 0.004315
v -0.043200 1.543340 0.004415
v -0.040420 1.554100 0.005375
v -0.025580 1.557410 0.005805
v -0.042780 1.541690 0.004325
v -0.017990 1.540430 0.006235
v -0.034340 1.542000 -0.000935
v -0.039180 1.541230 0.001285
v -0.037900 1.539570 0.001115
v -0.033780 1.540970 -0.000815
v -0.039830 1.542540 0.001395
v -0.034550 1.542950 -0.001045
v -0.034520 1.544110 -0.001165
v -0.040140 1.543890 0.001415
v -0.024540 1.553800 0.002615
v -0.028350 1.551680 0.000045
v -0.027570 1.550600 -0.000255
v -0.022690 1.552120 0.002625
v -0.033520 1.550750 -0.000335
v -0.037960 1.552560 0.002195
v -0.039170 1.550980 0.002085
v -0.034030 1.549600 -0.000635
v -0.029710 1.535760 0.001445
v -0.030370 1.538540 -0.000215
v -0.032370 1.538850 -0.000285
v -0.033290 1.536310 0.001225
v -0.032890 1.551760 0.000005
v -0.036340 1.554020 0.002345
v -0.026790 1.536200 0.001735
v -0.029470 1.539230 -0.000445
v -0.035950 1.537770 0.001095
v -0.033060 1.539870 -0.000585
v -0.029340 1.552510 0.000315
v -0.026940 1.555040 0.002555
v -0.029650 1.555780 0.002605
v -0.030250 1.553230 0.000655
v -0.039890 1.549330 0.001905
v -0.034310 1.548320 -0.000905
v -0.031740 1.553270 0.000695
v -0.032320 1.555820 0.002675
v -0.034470 1.555160 0.002545
v -0.032280 1.552570 0.000335
v -0.027580 1.541670 -0.000905
v -0.022210 1.539340 0.002245
v -0.020910 1.541640 0.002375
v -0.026840 1.543210 -0.000995
v -0.024750 1.536990 0.002035
v -0.028690 1.539940 -0.000615
v -0.020160 1.543850 0.002605
v -0.026380 1.544780 -0.000975
v -0.040200 1.547530 0.001655
v -0.034410 1.546940 -0.001115
v -0.028160 1.540670 -0.000765
v -0.023440 1.537900 0.002195
v -0.040260 1.545620 0.001465
v -0.034460 1.545490 -0.001205
v -0.020050 1.545840 0.002675
v -0.026300 1.546270 -0.000905
v -0.021370 1.550090 0.002575
v -0.026990 1.549260 -0.000555
v -0.026540 1.547770 -0.000785
v -0.020470 1.547910 0.002605
v -0.034120 1.533480 0.003905
v -0.055990 1.530270 0.014565
v -0.058640 1.527490 0.011405
v -0.066560 1.504130 -0.026865
v -0.065250 1.499070 -0.050445
v -0.053330 1.532740 0.017165
v -0.046680 1.538780 0.021855
v -0.044220 1.541110 0.024725
v -0.045290 1.540020 0.023475
v -0.043130 1.542200 0.025755
v -0.042500 1.542940 0.026505
v -0.114580 1.379570 -0.071355
v -0.148540 1.386850 -0.066925
v -0.141470 1.379660 -0.050235
v -0.110270 1.375380 -0.056925
v -0.182790 1.379730 -0.064825
v -0.174360 1.374790 -0.047915
v -0.204540 1.360060 -0.065275
v -0.193570 1.357030 -0.049215
v -0.218120 1.345300 -0.067215
v -0.206980 1.341550 -0.054265
v -0.226970 1.334170 -0.069195
v -0.217000 1.330470 -0.056585
v -0.231950 1.324260 -0.070845
v -0.236980 1.316270 -0.071995
v -0.226440 1.313260 -0.060735
v -0.222110 1.320970 -0.058925
v -0.242340 1.307550 -0.072445
v -0.230710 1.304960 -0.061335
v -0.249190 1.297590 -0.072255
v -0.237140 1.295810 -0.060325
v -0.255600 1.284920 -0.072055
v -0.245170 1.283060 -0.059875
v -0.131980 1.370980 -0.037595
v -0.103530 1.370490 -0.044105
v -0.158420 1.365730 -0.037275
v -0.176900 1.352190 -0.039975
v -0.189900 1.337270 -0.045455
v -0.199380 1.326040 -0.049715
v -0.210090 1.308880 -0.054565
v -0.205410 1.316920 -0.052785
v -0.214690 1.301080 -0.055105
v -0.220960 1.291180 -0.054225
v -0.228960 1.278930 -0.053195
v -0.100640 1.351640 -0.020575
v -0.125890 1.347220 -0.021035
v -0.109630 1.336860 -0.014545
v -0.077730 1.340560 -0.013005
v -0.145650 1.339210 -0.024305
v -0.132560 1.329880 -0.019085
v -0.159150 1.327560 -0.030625
v -0.146860 1.318940 -0.026515
v -0.168440 1.316560 -0.038155
v -0.157120 1.308940 -0.035835
v -0.173620 1.307210 -0.045965
v -0.177730 1.300810 -0.053235
v -0.165110 1.294820 -0.057715
v -0.161930 1.301150 -0.046235
v -0.181640 1.294930 -0.059665
v -0.167750 1.287270 -0.072295
v -0.188410 1.285910 -0.062355
v -0.176430 1.281260 -0.077495
v -0.200700 1.270400 -0.063055
v -0.188540 1.267170 -0.077925
v -0.047880 1.335520 -0.010975
v -0.048280 1.323090 -0.005475
v -0.025310 1.321460 -0.006435
v -0.024840 1.332060 -0.010955
v -0.098750 1.325550 -0.008555
v -0.071890 1.326710 -0.005865
v -0.122320 1.319060 -0.014095
v -0.138260 1.308450 -0.022645
v -0.148710 1.299240 -0.033355
v -0.154850 1.286980 -0.058905
v -0.152770 1.292660 -0.045465
v -0.156530 1.281090 -0.074155
v -0.164440 1.277080 -0.090975
v -0.157330 1.274120 -0.091025
v -0.181070 1.264060 -0.093905
v -0.172090 1.273880 -0.092755
v 0.000000 1.318930 -0.007545
v 0.000000 1.329590 -0.011165
v -0.011150 1.330320 -0.011305
v -0.011090 1.319850 -0.007025
v -0.090820 1.315080 -0.002485
v -0.066630 1.315580 0.000315
v -0.114910 1.308970 -0.008375
v -0.132190 1.299050 -0.017855
v -0.141850 1.290340 -0.029595
v -0.147390 1.278210 -0.057475
v -0.145340 1.283640 -0.042845
v -0.149660 1.273710 -0.073475
v -0.171950 1.265930 -0.106565
v -0.164720 1.269020 -0.106515
v -0.084480 1.304260 0.004265
v -0.061620 1.303780 0.005455
v -0.109910 1.298400 -0.001135
v -0.127470 1.288520 -0.011465
v -0.135880 1.280260 -0.024055
v -0.141390 1.267600 -0.053835
v -0.138840 1.273440 -0.038155
v -0.144730 1.263730 -0.070865
v -0.152350 1.268410 -0.090545
v -0.148570 1.259690 -0.089015
v -0.080510 1.292330 0.009875
v -0.058560 1.293440 0.010045
v -0.106150 1.286030 0.005535
v -0.123300 1.275990 -0.004105
v -0.129940 1.268140 -0.016535
v -0.135050 1.254520 -0.048245
v -0.132100 1.261670 -0.031205
v -0.140140 1.250350 -0.066515
v -0.145380 1.247330 -0.086605
v 0.000000 1.288680 0.004285
v -0.011600 1.293060 0.004045
v -0.011280 1.279980 0.009335
v 0.000000 1.273990 0.010345
v -0.076660 1.278220 0.016255
v -0.055460 1.278220 0.016485
v -0.102330 1.272530 0.012225
v -0.118370 1.262500 0.004565
v -0.123720 1.252580 -0.006225
v -0.127200 1.237600 -0.041045
v -0.125410 1.246520 -0.021015
v -0.136020 1.231940 -0.060975
v -0.142270 1.229690 -0.083385
v -0.007060 1.256430 0.018565
v 0.000000 1.253610 0.019595
v 0.000000 1.309000 -0.003675
v -0.011340 1.309320 -0.003195
v -0.053960 1.375320 -0.059925
v -0.060610 1.378950 -0.067235
v -0.117670 1.381330 -0.084745
v -0.151320 1.389570 -0.083615
v -0.185290 1.380740 -0.083165
v -0.208850 1.361120 -0.083625
v -0.221720 1.346510 -0.084375
v -0.229750 1.335670 -0.085065
v -0.235350 1.325870 -0.085555
v -0.241270 1.317410 -0.085835
v -0.247950 1.308130 -0.085395
v -0.253100 1.296960 -0.085395
v -0.259880 1.284650 -0.086525
v -0.024740 1.310640 -0.002825
v -0.021010 1.283950 0.008855
v -0.018260 1.262990 0.017175
v -0.061240 1.352440 -0.018145
v -0.041490 1.346730 -0.016175
v -0.023270 1.296770 0.003495
v -0.024660 1.344070 -0.014685
v -0.078130 1.357890 -0.025765
v -0.024680 1.368340 -0.032095
v -0.033260 1.370370 -0.036015
v -0.016070 1.367350 -0.031005
v -0.040300 1.371010 -0.043995
v -0.088180 1.377170 -0.074405
v -0.082210 1.372130 -0.063725
v -0.065420 1.381920 -0.075615
v -0.069530 1.384780 -0.081955
v -0.071770 1.399440 -0.123975
v -0.063460 1.401280 -0.132395
v -0.023700 1.400750 -0.141535
v -0.011100 1.400000 -0.139775
v -0.075890 1.396360 -0.115565
v 0.000000 1.399100 -0.136505
v -0.036710 1.401030 -0.142675
v -0.077390 1.393550 -0.107105
v -0.074220 1.388750 -0.089855
v -0.076900 1.392020 -0.098485
v -0.049400 1.400710 -0.139925
v -0.099080 1.387250 -0.104315
v -0.098470 1.388840 -0.113745
v -0.059310 1.389680 -0.147045
v -0.043640 1.389420 -0.149605
v -0.096870 1.384720 -0.094235
v -0.076190 1.391560 -0.139495
v -0.087460 1.389670 -0.130965
v -0.093890 1.388530 -0.122535
v -0.028630 1.388940 -0.149175
v -0.013550 1.387630 -0.145975
v 0.000000 1.386340 -0.144315
v -0.016110 1.374940 -0.152175
v 0.000000 1.373840 -0.151135
v -0.100630 1.382330 -0.137825
v -0.088180 1.381810 -0.145305
v -0.070010 1.378960 -0.151675
v -0.051830 1.377800 -0.155055
v -0.122000 1.386180 -0.096855
v -0.121910 1.386140 -0.108995
v -0.034050 1.376740 -0.156295
v -0.118980 1.386450 -0.120255
v -0.111250 1.384360 -0.129845
v -0.074880 1.368490 -0.056005
v -0.033890 1.358110 -0.022335
v -0.045310 1.360090 -0.027975
v -0.021850 1.356100 -0.020815
v -0.054840 1.361190 -0.038075
v -0.093230 1.381890 -0.084355
v -0.005650 1.364050 -0.033755
v 0.000000 1.364510 -0.035145
v -0.010130 1.353830 -0.022275
v 0.000000 1.354470 -0.026375
v -0.011650 1.342390 -0.014865
v 0.000000 1.341560 -0.015735
v -0.046040 1.312490 -0.001375
v -0.043600 1.301690 0.003835
v -0.040270 1.289910 0.008855
v -0.036610 1.274240 0.014995
v -0.017870 1.361620 -0.156655
v 0.000000 1.359880 -0.155195
v -0.150260 1.389270 -0.114145
v -0.141780 1.383670 -0.127245
v -0.038600 1.363980 -0.159775
v -0.059200 1.365950 -0.158265
v -0.128590 1.378870 -0.137405
v -0.113010 1.374140 -0.144465
v -0.095870 1.370910 -0.150285
v -0.077900 1.368050 -0.155205
v -0.153730 1.390980 -0.099105
v -0.125080 1.364450 -0.150765
v -0.102610 1.359650 -0.155615
v -0.082250 1.356090 -0.159505
v -0.063340 1.353740 -0.161135
v -0.187930 1.381410 -0.101145
v -0.183050 1.380600 -0.119065
v -0.017390 1.348400 -0.159045
v 0.000000 1.346780 -0.158135
v -0.166400 1.375670 -0.133535
v -0.039760 1.350760 -0.161825
v -0.147000 1.370890 -0.144205
v -0.106790 1.346320 -0.160375
v -0.104070 1.330920 -0.164335
v -0.127650 1.333220 -0.160435
v -0.137630 1.350470 -0.155595
v -0.086340 1.256010 -0.158065
v -0.082530 1.241070 -0.152105
v -0.100400 1.239830 -0.149275
v -0.106520 1.255100 -0.158555
v -0.100540 1.315340 -0.167855
v -0.120740 1.317290 -0.162425
v -0.092480 1.284030 -0.165365
v -0.088850 1.269980 -0.161795
v -0.110940 1.268510 -0.164675
v -0.113130 1.285010 -0.162195
v -0.082980 1.342410 -0.163075
v -0.081410 1.327750 -0.165865
v -0.067520 1.257640 -0.154415
v -0.065860 1.241940 -0.152175
v -0.079490 1.313000 -0.170735
v -0.072470 1.284840 -0.162435
v -0.069200 1.271440 -0.155715
v -0.060790 1.338740 -0.159195
v -0.058330 1.324240 -0.156915
v -0.051890 1.257850 -0.156855
v -0.050930 1.242360 -0.154475
v -0.056900 1.310110 -0.158485
v -0.053970 1.284260 -0.159395
v -0.052830 1.271600 -0.158515
v -0.039550 1.336820 -0.162965
v -0.039040 1.321910 -0.162135
v -0.036150 1.257920 -0.157235
v -0.036040 1.242560 -0.154635
v -0.038340 1.307940 -0.162885
v -0.036850 1.283550 -0.160765
v -0.036300 1.271330 -0.158825
v -0.019150 1.334700 -0.161065
v -0.019770 1.320160 -0.161965
v -0.020150 1.259350 -0.156225
v -0.020230 1.242280 -0.153805
v -0.019740 1.305690 -0.161635
v -0.019360 1.283300 -0.159375
v -0.019560 1.271930 -0.157875
v 0.000000 1.333150 -0.159735
v 0.000000 1.318790 -0.160135
v 0.000000 1.260020 -0.153785
v 0.000000 1.242060 -0.150715
v 0.000000 1.306340 -0.159285
v 0.000000 1.284020 -0.157075
v 0.000000 1.272610 -0.155295
v -0.209300 1.361270 -0.102525
v -0.200260 1.362720 -0.120685
v -0.186450 1.362330 -0.136675
v -0.165170 1.359480 -0.147905
v -0.181960 1.302740 -0.147025
v -0.172190 1.295350 -0.146435
v -0.178980 1.289100 -0.143685
v -0.188690 1.294280 -0.145125
v -0.222600 1.347530 -0.102895
v -0.214050 1.348690 -0.120975
v -0.127430 1.268290 -0.152175
v -0.123130 1.253860 -0.147755
v -0.137460 1.250840 -0.136035
v -0.142970 1.265670 -0.139725
v -0.201390 1.349230 -0.136505
v -0.118080 1.238690 -0.142005
v -0.132330 1.236620 -0.131685
v -0.182850 1.348030 -0.147245
v -0.173300 1.314420 -0.149505
v -0.162510 1.306390 -0.149795
v -0.150720 1.255340 -0.123735
v -0.155350 1.262010 -0.122815
v -0.152410 1.270280 -0.135215
v -0.142790 1.284080 -0.147905
v -0.152500 1.282920 -0.142985
v -0.230470 1.337120 -0.102505
v -0.224330 1.337430 -0.120685
v -0.146100 1.245040 -0.121905
v -0.210790 1.337700 -0.134675
v -0.141000 1.232540 -0.118935
v -0.194530 1.336450 -0.144645
v -0.162250 1.342110 -0.153435
v -0.177180 1.332260 -0.150315
v -0.147980 1.330590 -0.156635
v -0.162690 1.323990 -0.152865
v -0.159130 1.270820 -0.132295
v -0.160670 1.279660 -0.139465
v -0.159720 1.265270 -0.121405
v -0.236460 1.327690 -0.101985
v -0.229950 1.328040 -0.119115
v -0.217630 1.327700 -0.133375
v -0.202190 1.325360 -0.141935
v -0.186810 1.321260 -0.147215
v -0.200490 1.299120 -0.144015
v -0.194380 1.309590 -0.144865
v -0.166280 1.268190 -0.130145
v -0.168620 1.275150 -0.136945
v -0.165590 1.264730 -0.119915
v -0.248320 1.308710 -0.102015
v -0.241860 1.318450 -0.101775
v -0.234980 1.318420 -0.118045
v -0.240090 1.307720 -0.117605
v -0.154840 1.263260 -0.107305
v -0.158940 1.267780 -0.107035
v -0.222890 1.317410 -0.131555
v -0.228500 1.305950 -0.130245
v -0.208490 1.314190 -0.139795
v -0.214440 1.303170 -0.138995
v -0.209210 1.286120 -0.140545
v -0.198230 1.283260 -0.141645
v -0.174910 1.262430 -0.128375
v -0.177700 1.268200 -0.134885
v -0.173440 1.260370 -0.118115
v -0.252870 1.296950 -0.102055
v -0.246400 1.296250 -0.118335
v -0.234770 1.293560 -0.130325
v -0.221720 1.289650 -0.137365
v -0.230850 1.274670 -0.136555
v -0.219810 1.270530 -0.139935
v -0.210100 1.267640 -0.138985
v -0.184800 1.253130 -0.125795
v -0.188040 1.257940 -0.132685
v -0.182220 1.250820 -0.117705
v -0.259140 1.284260 -0.102055
v -0.253320 1.282910 -0.117855
v -0.180880 1.258530 -0.105375
v -0.242680 1.278980 -0.129575
v -0.151750 1.255710 -0.107245
v -0.148040 1.245030 -0.105905
v -0.152260 1.312670 -0.153235
v -0.189110 1.279740 -0.139605
v -0.201660 1.264900 -0.138275
v -0.129560 1.284990 -0.155105
v -0.144020 1.230510 -0.103885
v -0.138460 1.316660 -0.157595
v -0.196250 1.238690 -0.115795
v -0.198050 1.239630 -0.124435
v -0.268570 1.270320 -0.101325
v -0.263440 1.268380 -0.116705
v -0.265280 1.270050 -0.071015
v -0.255250 1.267260 -0.058685
v -0.194970 1.242010 -0.104985
v -0.215160 1.246650 -0.138005
v -0.223360 1.250020 -0.138575
v -0.253140 1.264240 -0.128605
v -0.242570 1.261940 -0.053045
v -0.242400 1.258700 -0.135205
v -0.269380 1.270950 -0.086625
v -0.232250 1.253670 -0.139285
v -0.215520 1.250690 -0.062135
v -0.203800 1.248000 -0.075125
v -0.202580 1.242380 -0.129535
v -0.197990 1.244920 -0.091715
v -0.211940 1.221120 -0.115045
v -0.213420 1.220970 -0.123305
v -0.279700 1.255600 -0.099665
v -0.275370 1.253100 -0.115185
v -0.266920 1.251140 -0.057585
v -0.255200 1.242820 -0.052835
v -0.211450 1.220870 -0.105315
v -0.266240 1.248100 -0.127225
v -0.215860 1.223960 -0.091565
v -0.255860 1.242190 -0.134805
v -0.279760 1.256540 -0.084085
v -0.246460 1.237020 -0.138925
v -0.230680 1.232850 -0.061515
v -0.223130 1.227950 -0.074465
v -0.229690 1.228650 -0.137375
v -0.238020 1.232840 -0.138225
v -0.217680 1.223240 -0.128235
v -0.276270 1.255310 -0.067875
v -0.227370 1.204120 -0.103855
v -0.228090 1.205000 -0.113835
v -0.287930 1.238370 -0.112315
v -0.278910 1.233520 -0.124695
v -0.230860 1.207420 -0.089605
v -0.270350 1.227560 -0.132675
v -0.290530 1.243470 -0.080945
v -0.291290 1.241450 -0.095975
v -0.261440 1.221690 -0.137115
v -0.246050 1.214130 -0.061795
v -0.236800 1.211650 -0.074385
v -0.245530 1.213510 -0.135855
v -0.253650 1.217850 -0.136655
v -0.230190 1.206090 -0.121155
v -0.233530 1.208030 -0.127035
v -0.287510 1.241460 -0.065815
v -0.278310 1.234350 -0.055715
v -0.268510 1.225000 -0.051395
v -0.243850 1.191680 -0.088605
v -0.239450 1.189490 -0.103145
v -0.291570 1.220570 -0.120275
v -0.284690 1.214570 -0.128715
v -0.300570 1.231210 -0.077885
v -0.301510 1.228970 -0.092065
v -0.276830 1.209020 -0.133745
v -0.258710 1.198380 -0.061405
v -0.250920 1.194350 -0.074045
v -0.260470 1.200570 -0.133535
v -0.269350 1.204510 -0.134365
v -0.242930 1.191990 -0.120665
v -0.246230 1.194210 -0.125855
v -0.296270 1.228900 -0.064035
v -0.286760 1.221180 -0.054125
v -0.240700 1.190630 -0.113765
v -0.299340 1.226040 -0.107135
v -0.277490 1.213360 -0.051415
v -0.079080 1.193500 0.049405
v -0.080260 1.193190 0.049145
v -0.080080 1.191090 0.048905
v -0.078040 1.191620 0.049345
v -0.082710 1.198010 0.047955
v -0.081770 1.198720 0.048065
v -0.082700 1.200600 0.047265
v -0.084330 1.199390 0.047115
v -0.081460 1.193320 0.048865
v -0.082130 1.191320 0.048425
v -0.080610 1.199030 0.048215
v -0.080700 1.201130 0.047555
v -0.082500 1.193880 0.048525
v -0.083920 1.192280 0.047905
v -0.079430 1.198890 0.048495
v -0.078660 1.200900 0.047985
v -0.083200 1.194780 0.048265
v -0.085140 1.193830 0.047515
v -0.077330 1.196340 0.049315
v -0.077480 1.195200 0.049445
v -0.075310 1.194550 0.049595
v -0.075050 1.196500 0.049335
v -0.078390 1.198330 0.048795
v -0.076870 1.199930 0.048435
v -0.083490 1.195880 0.048065
v -0.085650 1.195720 0.047245
v -0.078090 1.194200 0.049475
v -0.076360 1.192840 0.049615
v -0.077650 1.197440 0.049085
v -0.075600 1.198390 0.048985
v -0.083320 1.197020 0.047965
v -0.085380 1.197670 0.047095
v -0.079610 1.186640 0.048055
v -0.075480 1.187730 0.049045
v -0.085010 1.206020 0.045085
v -0.088340 1.203540 0.044805
v -0.083750 1.187120 0.046845
v -0.080940 1.207100 0.045615
v -0.087430 1.189080 0.045765
v -0.076780 1.206620 0.046475
v -0.089990 1.192220 0.045365
v -0.069960 1.193690 0.049795
v -0.069430 1.197670 0.049305
v -0.073120 1.204660 0.047455
v -0.091020 1.196080 0.044975
v -0.072070 1.190200 0.049775
v -0.070540 1.201520 0.048465
v -0.090470 1.200050 0.044775
v -0.079400 1.220510 0.040495
v -0.087850 1.218390 0.039295
v -0.092660 1.186260 0.040865
v -0.085580 1.182280 0.043705
v -0.070680 1.219660 0.042075
v -0.098370 1.191960 0.039145
v -0.056650 1.195020 0.048865
v -0.055430 1.202630 0.047445
v -0.063030 1.215960 0.043895
v -0.100400 1.199320 0.038425
v -0.061160 1.188320 0.049365
v -0.057650 1.209980 0.045385
v -0.099190 1.206930 0.037695
v -0.068380 1.183550 0.048655
v -0.094830 1.213620 0.038775
v -0.076890 1.181420 0.045865
v -0.098390 1.221130 0.034075
v -0.089350 1.227350 0.035165
v -0.090900 1.238420 0.030455
v -0.101950 1.228650 0.029215
v -0.075100 1.178200 0.044195
v -0.086340 1.179110 0.040725
v -0.086850 1.176480 0.036165
v -0.072530 1.175230 0.042045
v -0.078220 1.230110 0.036255
v -0.077090 1.242070 0.030535
v -0.096080 1.183850 0.035365
v -0.099840 1.181710 0.028605
v -0.066770 1.229000 0.037885
v -0.062640 1.241760 0.031665
v -0.102560 1.191760 0.033355
v -0.108600 1.191960 0.024395
v -0.046890 1.206820 0.044785
v -0.048510 1.196920 0.047125
v -0.038260 1.198730 0.043745
v -0.036270 1.210960 0.041015
v -0.056760 1.224190 0.039965
v -0.048800 1.235060 0.033845
v -0.105280 1.202520 0.031285
v -0.110160 1.205720 0.023175
v -0.054500 1.188190 0.048295
v -0.044710 1.187980 0.045795
v -0.049800 1.216400 0.042145
v -0.039000 1.223810 0.037135
v -0.103920 1.212420 0.031305
v -0.108650 1.217910 0.025465
v -0.062550 1.181470 0.047715
v -0.055880 1.178770 0.045275
v -0.075530 1.253590 0.025085
v -0.093860 1.249060 0.024735
v -0.102310 1.178930 0.021735
v -0.088530 1.172400 0.031345
v -0.058290 1.252160 0.026555
v -0.113700 1.191700 0.012645
v -0.026610 1.199470 0.039665
v -0.023710 1.215670 0.035375
v -0.042500 1.245230 0.028155
v -0.114530 1.209330 0.012705
v -0.036710 1.185190 0.043585
v -0.028450 1.231300 0.031345
v -0.115590 1.228960 0.014655
v -0.049720 1.175610 0.043925
v -0.106890 1.240330 0.021315
v -0.070510 1.170540 0.038955
v -0.099020 1.260790 0.018855
v -0.113550 1.251340 0.013855
v -0.092740 1.164240 0.024195
v -0.069460 1.163140 0.038555
v -0.074290 1.267900 0.020145
v -0.106180 1.175220 0.010075
v -0.056260 1.266140 0.021265
v -0.112150 1.192650 -0.001435
v -0.014760 1.198500 0.038515
v -0.012330 1.218960 0.032385
v -0.038380 1.257470 0.022275
v -0.116580 1.214120 0.000865
v -0.027240 1.179910 0.043705
v -0.017030 1.239150 0.026115
v -0.119470 1.237650 0.004095
v -0.045070 1.169380 0.044405
v -0.006620 1.238180 0.025935
v -0.006090 1.217990 0.032475
v -0.008850 1.197060 0.039115
v -0.014210 1.178860 0.044415
v 0.000000 1.237950 0.025675
v 0.000000 1.214610 0.033395
v 0.000000 1.196720 0.039435
v 0.000000 1.178360 0.045055
v -0.127840 1.219760 -0.034555
v -0.122720 1.228030 -0.017075
v -0.451950 1.011760 0.180765
v -0.451600 1.013420 0.178485
v -0.455510 1.014090 0.177305
v -0.455570 1.012680 0.179965
v -0.461240 1.003680 0.171685
v -0.461230 1.005470 0.170255
v -0.459560 1.002260 0.168505
v -0.459520 1.001040 0.170025
v -0.460100 1.010570 0.177115
v -0.460140 1.012450 0.174895
v -0.461650 1.008910 0.172315
v -0.462410 1.006700 0.174075
v -0.457620 1.018740 0.163405
v -0.457450 1.020290 0.160895
v -0.458880 1.016940 0.157345
v -0.459060 1.015090 0.159805
v -0.450190 1.020970 0.166665
v -0.450250 1.022410 0.164535
v -0.454000 1.022160 0.163415
v -0.454190 1.020520 0.165935
v -0.458780 1.011830 0.157785
v -0.457960 1.012470 0.153875
v -0.456260 1.007780 0.153285
v -0.457010 1.008800 0.156185
v -0.450870 0.999500 0.193425
v -0.451100 1.004340 0.188185
v -0.455500 1.004540 0.187605
v -0.454960 0.999960 0.192805
v -0.459960 0.992480 0.186625
v -0.459860 0.996330 0.181285
v -0.457900 0.994120 0.179045
v -0.458070 0.989990 0.185065
v -0.458610 0.998650 0.191395
v -0.459070 1.003060 0.186135
v -0.460470 0.999520 0.183655
v -0.460250 0.995780 0.189055
v -0.444900 1.004730 0.181445
v -0.446460 1.006140 0.182995
v -0.446460 1.001920 0.187295
v -0.444620 0.999940 0.185555
v -0.459640 1.013780 0.172675
v -0.460540 1.010380 0.169805
v -0.444810 1.010000 0.175555
v -0.446610 1.012420 0.176355
v -0.446770 1.011230 0.177975
v -0.445030 1.009110 0.177035
v -0.441660 1.015860 0.163845
v -0.443360 1.018070 0.165915
v -0.444140 1.016610 0.168385
v -0.442320 1.014270 0.166625
v -0.455210 1.004890 0.161445
v -0.458480 1.007050 0.161795
v -0.457620 1.008540 0.158105
v -0.454710 1.006860 0.157415
v -0.454960 0.988230 0.184385
v -0.455210 0.992570 0.177745
v -0.453990 1.007440 0.155255
v -0.453520 1.006210 0.151245
v -0.455630 0.998870 0.169215
v -0.455720 0.999870 0.167515
v -0.448400 1.007030 0.184115
v -0.448660 1.003400 0.187955
v -0.446330 1.019910 0.166915
v -0.446920 1.018330 0.169185
v -0.447810 1.016400 0.172195
v -0.445450 1.014880 0.171725
v -0.451300 1.014600 0.176415
v -0.455100 1.015220 0.175265
v -0.460600 1.007470 0.167975
v -0.459350 1.004200 0.165985
v -0.459800 0.987380 0.192965
v -0.459830 0.985050 0.195255
v -0.459920 0.989050 0.196855
v -0.460040 0.990790 0.195275
v -0.458630 0.993690 0.197265
v -0.458460 0.992170 0.198475
v -0.455000 0.993520 0.200095
v -0.454840 0.994970 0.198835
v -0.447680 0.981940 0.207125
v -0.446540 0.986570 0.201915
v -0.447150 0.988750 0.201375
v -0.448380 0.985900 0.205635
v -0.449820 0.994280 0.198925
v -0.450220 0.992560 0.200965
v -0.448060 0.990450 0.201215
v -0.447850 0.992710 0.198845
v -0.451230 0.991200 0.202805
v -0.452290 0.989630 0.204555
v -0.450740 0.985990 0.207435
v -0.449270 0.988320 0.204395
v -0.451860 0.981780 0.210665
v -0.450430 0.982150 0.209985
v -0.451820 0.985210 0.208065
v -0.457490 0.977100 0.200095
v -0.459300 0.976620 0.204385
v -0.459620 0.979710 0.201825
v -0.458860 0.980120 0.198275
v -0.452090 0.979930 0.211505
v -0.450640 0.979980 0.210665
v -0.460090 0.983800 0.198175
v -0.459740 0.983140 0.199965
v -0.459380 0.987040 0.199475
v -0.459740 0.987890 0.198515
v -0.457280 0.975590 0.208245
v -0.456930 0.974740 0.207715
v -0.453840 0.975840 0.210015
v -0.455140 0.976720 0.210265
v -0.458140 0.990860 0.199825
v -0.457660 0.989540 0.200975
v -0.454970 0.990500 0.202525
v -0.455160 0.992060 0.201365
v -0.458640 0.985830 0.200135
v -0.457120 0.988510 0.201375
v -0.454370 0.989100 0.203155
v -0.450210 0.996160 0.173235
v -0.446140 0.997950 0.175265
v -0.445830 0.994470 0.179775
v -0.449700 0.992040 0.178145
v -0.449290 1.000720 0.167145
v -0.446030 1.002280 0.169945
v -0.446630 1.001630 0.171895
v -0.450210 0.999890 0.169295
v -0.447900 1.007970 0.155755
v -0.443930 1.009030 0.158215
v -0.443970 1.007540 0.160575
v -0.447790 1.006210 0.158525
v -0.454060 0.974190 0.204155
v -0.449630 0.975570 0.206805
v -0.458950 0.982630 0.201145
v -0.459320 0.976780 0.205755
v -0.459210 0.979690 0.203245
v -0.452760 0.987780 0.205225
v -0.451240 0.976160 0.199555
v -0.450250 0.980530 0.194295
v -0.447060 0.982270 0.196345
v -0.447610 0.977720 0.202335
v -0.446760 0.991040 0.198855
v -0.445930 0.988920 0.198695
v -0.456070 0.979390 0.195675
v -0.458340 0.981940 0.194915
v -0.459900 0.988820 0.191055
v -0.460160 0.992130 0.193925
v -0.458670 0.994890 0.195995
v -0.454870 0.996250 0.197445
v -0.449810 0.984530 0.189705
v -0.450050 0.986560 0.187675
v -0.447180 0.988340 0.189405
v -0.446990 0.986350 0.191445
v -0.458160 1.017560 0.165715
v -0.459350 1.014240 0.162105
v -0.459610 1.012550 0.166035
v -0.458730 1.016010 0.168795
v -0.443520 1.012300 0.170655
v -0.455850 1.001510 0.165135
v -0.448850 1.013590 0.176515
v -0.450220 1.019260 0.169165
v -0.454250 1.019060 0.168315
v -0.454330 1.017530 0.170895
v -0.450680 1.017270 0.171825
v -0.459160 1.011900 0.160185
v -0.459600 1.010050 0.164005
v -0.444860 1.005250 0.165245
v -0.448800 1.003520 0.162775
v -0.459800 1.006220 0.182595
v -0.459990 1.008450 0.179545
v -0.462160 1.004680 0.176385
v -0.461410 1.002630 0.178945
v -0.455060 0.984700 0.188815
v -0.455310 0.981980 0.191885
v -0.457730 0.983930 0.191985
v -0.457640 0.986350 0.189345
v -0.460640 0.999970 0.175905
v -0.461010 1.001690 0.173685
v -0.459280 0.999550 0.171725
v -0.458970 0.997910 0.173945
v -0.445770 0.991960 0.194895
v -0.445950 0.993660 0.193305
v -0.446860 0.995130 0.194425
v -0.446650 0.993460 0.195935
v -0.446960 0.996180 0.193415
v -0.448400 0.997320 0.194105
v -0.448120 0.996170 0.195145
v -0.444960 1.007850 0.178585
v -0.446640 1.009490 0.179695
v -0.446660 1.008120 0.181225
v -0.444970 1.006590 0.179915
v -0.450510 0.999070 0.170595
v -0.446390 1.000640 0.173075
v -0.446250 0.999290 0.174075
v -0.450230 0.997650 0.171895
v -0.455800 1.007930 0.184525
v -0.455830 1.010330 0.182165
v -0.451370 1.007900 0.184865
v -0.451750 1.010160 0.182735
v -0.455160 0.995980 0.172745
v -0.455360 0.997660 0.170675
v -0.449210 1.010830 0.180385
v -0.448900 1.009290 0.182015
v -0.449710 0.995980 0.196975
v -0.447880 0.994830 0.196435
v -0.450210 0.987700 0.186495
v -0.447430 0.989430 0.188155
v -0.446020 0.994740 0.192315
v -0.449140 1.012380 0.178315
v -0.450320 0.998220 0.194745
v -0.454960 0.998510 0.194795
v -0.460040 0.991210 0.188185
v -0.457960 0.988760 0.186455
v -0.458710 0.997020 0.193435
v -0.460300 0.994490 0.191195
v -0.455040 0.987410 0.185565
v -0.448550 0.998610 0.192835
v -0.446970 0.997330 0.192255
v -0.447170 0.990190 0.186755
v -0.449940 0.988340 0.185005
v -0.445880 0.995920 0.191215
v -0.449930 0.997050 0.195935
v -0.454960 0.997390 0.196315
v -0.459960 0.990040 0.189515
v -0.457710 0.987750 0.187795
v -0.458740 0.996020 0.194865
v -0.460420 0.993320 0.192665
v -0.454900 0.986540 0.186835
v -0.444050 1.001220 0.178815
v -0.444200 0.996980 0.182475
v -0.444050 1.006200 0.173245
v -0.444630 1.005560 0.174875
v -0.441580 1.012210 0.160915
v -0.441950 1.010650 0.164135
v -0.446180 0.981720 0.202605
v -0.447980 0.978970 0.207785
v -0.451760 0.978120 0.210915
v -0.452890 0.978750 0.211495
v -0.445700 0.985040 0.197565
v -0.442880 1.009140 0.168655
v -0.445830 0.990570 0.191345
v -0.445730 0.988230 0.193105
v -0.444600 1.004470 0.176225
v -0.444300 1.003030 0.177335
v -0.445970 0.991990 0.190075
v -0.445560 0.992810 0.188635
v -0.452500 1.003830 0.161625
v -0.452850 1.001090 0.165845
v -0.450820 1.007030 0.154835
v -0.451320 1.006280 0.157295
v -0.452360 0.987140 0.185715
v -0.452350 0.986260 0.186885
v -0.458260 0.974910 0.206265
v -0.456310 0.975050 0.201885
v -0.453070 0.999560 0.168115
v -0.452950 0.998780 0.169745
v -0.452440 0.992030 0.177305
v -0.452260 0.987760 0.184355
v -0.453910 0.977640 0.197025
v -0.452370 0.980650 0.193005
v -0.452870 0.996030 0.172945
v -0.452950 0.997490 0.171035
v -0.458530 0.975730 0.206585
v -0.452210 0.984420 0.188695
v -0.457620 0.976640 0.208115
v -0.455680 0.977660 0.210265
v -0.457900 0.985480 0.200345
v -0.456230 0.988030 0.201135
v -0.453640 0.979280 0.210775
v -0.458360 0.982330 0.201235
v -0.452540 0.981280 0.210205
v -0.452130 0.984130 0.207795
v -0.458340 0.977110 0.206165
v -0.458290 0.979480 0.203785
v -0.458230 0.976570 0.206945
v -0.452800 0.987170 0.205195
v -0.453070 0.980270 0.210865
v -0.454340 0.988240 0.202995
v -0.455770 0.978530 0.209295
v -0.456150 0.979530 0.209015
v -0.456530 0.982110 0.206885
v -0.456680 0.984110 0.205055
v -0.471470 0.989140 0.167385
v -0.471050 0.991590 0.165765
v -0.474010 0.992160 0.165135
v -0.474010 0.989410 0.166845
v -0.479770 0.983820 0.157625
v -0.479420 0.985990 0.155355
v -0.477050 0.982660 0.153095
v -0.477490 0.980880 0.155015
v -0.478360 0.988640 0.164165
v -0.478270 0.991330 0.161965
v -0.479810 0.988610 0.158135
v -0.479960 0.985750 0.160685
v -0.473160 1.005590 0.147965
v -0.472860 1.007440 0.146035
v -0.475130 1.005090 0.140875
v -0.475190 1.002570 0.144715
v -0.463630 1.004560 0.152965
v -0.460050 1.009020 0.149255
v -0.467410 1.009080 0.148745
v -0.468180 1.005560 0.151285
v -0.473040 0.998210 0.142185
v -0.470480 1.001680 0.136335
v -0.468340 0.997600 0.137265
v -0.470540 0.995170 0.140245
v -0.474600 0.973150 0.180075
v -0.472460 0.977650 0.175895
v -0.475450 0.977830 0.175155
v -0.476460 0.973190 0.179645
v -0.480730 0.967650 0.170975
v -0.479500 0.972170 0.166595
v -0.477950 0.969920 0.164865
v -0.479280 0.965740 0.169445
v -0.480480 0.972720 0.176505
v -0.479350 0.977590 0.172285
v -0.480440 0.975180 0.169285
v -0.481430 0.970120 0.173195
v -0.464830 0.978710 0.170335
v -0.466920 0.980660 0.171865
v -0.467650 0.975670 0.175525
v -0.465990 0.973390 0.173915
v -0.477380 0.993810 0.159665
v -0.478920 0.990890 0.155985
v -0.463390 0.988640 0.162155
v -0.465340 0.991080 0.163745
v -0.465890 0.989590 0.165015
v -0.464090 0.987220 0.163325
v -0.455800 0.998260 0.148925
v -0.457740 1.000700 0.151555
v -0.459390 0.997730 0.154185
v -0.457960 0.995410 0.152215
v -0.470260 0.987250 0.144685
v -0.473340 0.990040 0.145645
v -0.472410 0.991900 0.143735
v -0.468980 0.989440 0.142595
v -0.476290 0.963470 0.168305
v -0.474340 0.967580 0.163805
v -0.466890 0.992900 0.138935
v -0.465750 0.994540 0.136205
v -0.474570 0.979040 0.153565
v -0.474260 0.980600 0.152155
v -0.469020 0.981510 0.172385
v -0.470010 0.977220 0.175885
v -0.459920 1.002540 0.153075
v -0.462060 0.999670 0.155895
v -0.463770 0.997720 0.158155
v -0.461130 0.995690 0.157245
v -0.470460 0.993460 0.163805
v -0.472970 0.994040 0.162875
v -0.478350 0.987710 0.153375
v -0.476500 0.984630 0.151445
v -0.481910 0.961300 0.176445
v -0.482650 0.959300 0.178615
v -0.482460 0.961780 0.180115
v -0.482460 0.963860 0.178705
v -0.481220 0.966080 0.181555
v -0.481130 0.964160 0.182755
v -0.478530 0.965310 0.185405
v -0.478250 0.967210 0.184105
v -0.473980 0.954350 0.193095
v -0.471320 0.957100 0.189065
v -0.473250 0.961000 0.188925
v -0.474870 0.957510 0.192395
v -0.476070 0.967070 0.185045
v -0.476670 0.965070 0.186895
v -0.474940 0.963560 0.187975
v -0.473910 0.965880 0.185725
v -0.477070 0.963480 0.188275
v -0.477480 0.961860 0.189235
v -0.477330 0.959250 0.191545
v -0.475660 0.961260 0.190025
v -0.478740 0.956000 0.193465
v -0.477670 0.956260 0.193555
v -0.477790 0.958730 0.191585
v -0.481810 0.951760 0.181905
v -0.483310 0.950580 0.185115
v -0.483060 0.954700 0.182815
v -0.482770 0.955440 0.180525
v -0.479190 0.953760 0.194545
v -0.478230 0.953270 0.194685
v -0.483020 0.958240 0.180175
v -0.482880 0.957240 0.181575
v -0.482440 0.960070 0.181875
v -0.482660 0.961030 0.181015
v -0.482950 0.949530 0.189545
v -0.482100 0.948040 0.189055
v -0.480740 0.948890 0.192175
v -0.481800 0.950150 0.192115
v -0.481300 0.963550 0.183345
v -0.481030 0.962440 0.183935
v -0.478900 0.962930 0.186825
v -0.478900 0.964380 0.186025
v -0.481740 0.959440 0.182765
v -0.480540 0.961310 0.184385
v -0.478620 0.961660 0.187015
v -0.467900 0.971860 0.161715
v -0.465350 0.973670 0.164785
v -0.466830 0.969290 0.168525
v -0.469070 0.967660 0.165875
v -0.466260 0.981380 0.153205
v -0.463280 0.983380 0.156265
v -0.464050 0.982330 0.157585
v -0.467160 0.980280 0.154465
v -0.460300 0.992080 0.139055
v -0.455950 0.993420 0.142175
v -0.458910 0.990250 0.147115
v -0.462070 0.989140 0.144385
v -0.478460 0.946920 0.186545
v -0.476140 0.947760 0.190135
v -0.482490 0.957280 0.182485
v -0.483550 0.951170 0.186515
v -0.483210 0.954200 0.184085
v -0.477620 0.960790 0.189275
v -0.474750 0.950350 0.181795
v -0.472980 0.955200 0.177445
v -0.470270 0.956170 0.180355
v -0.472000 0.950760 0.185345
v -0.472220 0.964490 0.185705
v -0.470250 0.962130 0.185015
v -0.479690 0.953530 0.178915
v -0.481880 0.956780 0.178145
v -0.481530 0.963050 0.174865
v -0.482180 0.965210 0.177335
v -0.481030 0.967370 0.180635
v -0.477750 0.968520 0.183135
v -0.471560 0.958660 0.174335
v -0.471300 0.960570 0.172835
v -0.468830 0.961970 0.175385
v -0.469140 0.959980 0.176915
v -0.473960 1.002240 0.151355
v -0.475960 0.999600 0.147795
v -0.476810 0.996770 0.150655
v -0.475030 0.999150 0.154215
v -0.459640 0.993510 0.155775
v -0.473590 0.982110 0.150725
v -0.467690 0.992400 0.164055
v -0.465580 1.001040 0.155925
v -0.469830 1.002130 0.154135
v -0.470560 0.999330 0.156885
v -0.467070 0.998950 0.157865
v -0.474700 0.995760 0.145335
v -0.476120 0.993380 0.147545
v -0.459980 0.988250 0.150165
v -0.463600 0.986560 0.146965
v -0.478700 0.981550 0.169255
v -0.478380 0.984500 0.167045
v -0.479740 0.982360 0.163695
v -0.479940 0.979340 0.166225
v -0.477110 0.959390 0.172505
v -0.477950 0.957040 0.175085
v -0.480710 0.959330 0.175165
v -0.480130 0.961380 0.173245
v -0.479060 0.976660 0.163055
v -0.479120 0.980100 0.160495
v -0.477520 0.978330 0.157795
v -0.477520 0.974690 0.160955
v -0.469300 0.965140 0.182395
v -0.468930 0.966710 0.180985
v -0.470990 0.968550 0.182215
v -0.471680 0.967150 0.183585
v -0.470520 0.969850 0.180975
v -0.472460 0.970990 0.181345
v -0.472960 0.969300 0.182755
v -0.464260 0.985940 0.164895
v -0.466280 0.988030 0.166505
v -0.466860 0.985230 0.169005
v -0.464250 0.983540 0.166985
v -0.466980 0.978780 0.155785
v -0.464030 0.980700 0.158965
v -0.464060 0.978740 0.160745
v -0.467000 0.976300 0.157665
v -0.474650 0.982410 0.171395
v -0.474600 0.985510 0.169015
v -0.471750 0.982240 0.172145
v -0.471730 0.985550 0.169745
v -0.473820 0.971930 0.159825
v -0.474690 0.976370 0.156115
v -0.468730 0.988780 0.167295
v -0.469080 0.985700 0.169485
v -0.475630 0.968460 0.183855
v -0.473350 0.967970 0.183915
v -0.471260 0.962130 0.171775
v -0.468860 0.963680 0.174205
v -0.468760 0.968390 0.179545
v -0.468220 0.990700 0.165695
v -0.474820 0.971400 0.181535
v -0.476760 0.971440 0.181135
v -0.481090 0.965910 0.172375
v -0.479590 0.964220 0.170825
v -0.480990 0.970910 0.178025
v -0.481980 0.968240 0.174625
v -0.476530 0.962230 0.169795
v -0.471940 0.972450 0.180145
v -0.470170 0.971260 0.179855
v -0.469060 0.965270 0.173075
v -0.471270 0.963700 0.170605
v -0.468530 0.969800 0.178405
v -0.475440 0.969940 0.182655
v -0.477140 0.969660 0.182375
v -0.481350 0.964340 0.173705
v -0.479860 0.962710 0.172115
v -0.480990 0.968880 0.179505
v -0.482020 0.966330 0.176055
v -0.476730 0.960820 0.171075
v -0.464260 0.976260 0.168005
v -0.465800 0.971170 0.171485
v -0.462720 0.986510 0.160215
v -0.463550 0.985210 0.161385
v -0.454460 0.996280 0.145455
v -0.457780 0.993340 0.150635
v -0.470830 0.953790 0.188105
v -0.474310 0.951080 0.192875
v -0.479000 0.951540 0.194315
v -0.480250 0.951910 0.193885
v -0.469250 0.959110 0.183305
v -0.459050 0.991260 0.153845
v -0.467890 0.964410 0.178565
v -0.468170 0.962450 0.180175
v -0.463430 0.983690 0.162935
v -0.463320 0.981550 0.164195
v -0.467930 0.965970 0.177305
v -0.468020 0.967720 0.176115
v -0.467300 0.985840 0.144995
v -0.470240 0.981120 0.151175
v -0.463800 0.992430 0.138845
v -0.465960 0.988480 0.142815
v -0.474110 0.961780 0.170235
v -0.474320 0.960200 0.171405
v -0.483010 0.948970 0.186695
v -0.480680 0.948330 0.184405
v -0.470790 0.979670 0.152705
v -0.470820 0.978160 0.154035
v -0.471840 0.966450 0.164005
v -0.473920 0.963070 0.168875
v -0.477020 0.950840 0.180525
v -0.475710 0.955720 0.175795
v -0.471020 0.970880 0.159725
v -0.471130 0.975420 0.156155
v -0.483280 0.949990 0.188105
v -0.474670 0.958540 0.172825
v -0.482670 0.950120 0.189765
v -0.482060 0.951070 0.191795
v -0.481310 0.959240 0.182895
v -0.480200 0.960750 0.184675
v -0.480760 0.952100 0.192955
v -0.482250 0.957030 0.183075
v -0.479150 0.954970 0.193105
v -0.478390 0.957790 0.191165
v -0.483250 0.951360 0.187165
v -0.482760 0.954150 0.185105
v -0.483000 0.950380 0.188615
v -0.477950 0.960280 0.189135
v -0.479880 0.953630 0.193705
v -0.478540 0.961190 0.186915
v -0.481990 0.951930 0.191235
v -0.481750 0.953360 0.190385
v -0.481180 0.956030 0.188315
v -0.480690 0.958390 0.186495
v -0.481500 0.984420 0.143155
v -0.481260 0.985790 0.142075
v -0.484270 0.986040 0.140445
v -0.485350 0.984450 0.141465
v -0.488360 0.978880 0.132755
v -0.487460 0.980750 0.131655
v -0.486090 0.978850 0.130125
v -0.486740 0.976930 0.131085
v -0.488360 0.982940 0.138175
v -0.487380 0.985050 0.136955
v -0.487990 0.982710 0.133745
v -0.488950 0.980640 0.135075
v -0.481530 0.997190 0.129425
v -0.480760 0.999810 0.127905
v -0.482530 0.998500 0.123345
v -0.482800 0.995910 0.125765
v -0.474570 0.996070 0.135095
v -0.471070 0.999410 0.132765
v -0.476530 1.000230 0.131965
v -0.478170 0.997050 0.132955
v -0.481540 0.993240 0.122195
v -0.480180 0.998400 0.118125
v -0.474110 0.991100 0.116645
v -0.478270 0.989430 0.119855
v -0.486330 0.966160 0.152735
v -0.484760 0.972970 0.148765
v -0.487160 0.972830 0.147645
v -0.488450 0.966220 0.151525
v -0.490900 0.962160 0.143295
v -0.489660 0.968190 0.139775
v -0.488370 0.966710 0.138315
v -0.489840 0.960800 0.142175
v -0.491630 0.965250 0.147735
v -0.490280 0.971890 0.144495
v -0.490460 0.969660 0.141385
v -0.491540 0.963650 0.144745
v -0.475750 0.976900 0.143345
v -0.477500 0.978510 0.144965
v -0.479410 0.970920 0.149245
v -0.477650 0.969380 0.147945
v -0.486330 0.986970 0.135805
v -0.487060 0.984720 0.132615
v -0.473640 0.982690 0.139575
v -0.475720 0.984960 0.141235
v -0.476300 0.983290 0.142235
v -0.474510 0.981320 0.140535
v -0.467720 0.989910 0.133705
v -0.468600 0.991430 0.135445
v -0.470970 0.990480 0.136645
v -0.468970 0.988270 0.134995
v -0.479560 0.983040 0.124065
v -0.482300 0.985490 0.125225
v -0.480760 0.987430 0.122965
v -0.478140 0.984700 0.122385
v -0.487300 0.958600 0.141235
v -0.485510 0.964540 0.137055
v -0.475370 0.986980 0.119875
v -0.472230 0.987280 0.116855
v -0.483610 0.974890 0.129555
v -0.483360 0.976540 0.128805
v -0.480090 0.979660 0.145715
v -0.482260 0.972210 0.149585
v -0.470990 0.993830 0.135895
v -0.473130 0.992880 0.137185
v -0.475140 0.991230 0.138585
v -0.472500 0.989270 0.137895
v -0.480530 0.987440 0.140685
v -0.483170 0.987580 0.139085
v -0.486130 0.983000 0.130395
v -0.485010 0.981170 0.129025
v -0.493040 0.953680 0.148765
v -0.493990 0.951070 0.150795
v -0.494130 0.953550 0.151855
v -0.493540 0.955480 0.150225
v -0.493240 0.957730 0.152845
v -0.493430 0.955930 0.154085
v -0.491310 0.956670 0.156915
v -0.490780 0.958770 0.155565
v -0.486890 0.944140 0.163845
v -0.483960 0.948440 0.160695
v -0.485210 0.951100 0.161375
v -0.487430 0.947300 0.164305
v -0.488230 0.958570 0.157425
v -0.489150 0.955890 0.159155
v -0.487360 0.953810 0.160835
v -0.485700 0.957380 0.158575
v -0.490370 0.953220 0.160885
v -0.491040 0.951430 0.161805
v -0.491130 0.948100 0.164505
v -0.488640 0.950120 0.163025
v -0.492290 0.943980 0.165725
v -0.490680 0.944570 0.165925
v -0.492020 0.947290 0.164605
v -0.493210 0.942450 0.153295
v -0.495450 0.940480 0.156545
v -0.495250 0.943510 0.154795
v -0.494140 0.945440 0.152455
v -0.492610 0.941750 0.165555
v -0.490500 0.942020 0.165585
v -0.494570 0.948200 0.152515
v -0.494880 0.947030 0.153715
v -0.494210 0.950710 0.153555
v -0.494370 0.951660 0.152835
v -0.495420 0.939010 0.161425
v -0.494030 0.938350 0.160295
v -0.492180 0.938970 0.162495
v -0.494080 0.939560 0.163185
v -0.493640 0.954330 0.155065
v -0.493580 0.953070 0.155765
v -0.491840 0.953370 0.158825
v -0.491730 0.954730 0.158155
v -0.494100 0.949940 0.154335
v -0.493240 0.952150 0.156255
v -0.491640 0.952320 0.159125
v -0.478030 0.972040 0.132455
v -0.474980 0.973200 0.135835
v -0.477330 0.965290 0.141105
v -0.480280 0.964020 0.137895
v -0.475900 0.976610 0.129015
v -0.472850 0.977520 0.132345
v -0.473620 0.976680 0.133535
v -0.476720 0.975650 0.129745
v -0.470580 0.984810 0.122255
v -0.466930 0.985430 0.126685
v -0.468200 0.984060 0.127865
v -0.471540 0.982910 0.124265
v -0.489690 0.939100 0.157075
v -0.487880 0.939920 0.159885
v -0.495380 0.946710 0.154485
v -0.496270 0.940980 0.157845
v -0.496220 0.943160 0.156015
v -0.491330 0.950330 0.161965
v -0.486840 0.942710 0.153415
v -0.484680 0.948290 0.149145
v -0.482200 0.949200 0.151735
v -0.484360 0.943610 0.156105
v -0.483470 0.955640 0.158605
v -0.481970 0.953740 0.157595
v -0.491720 0.945550 0.150735
v -0.493390 0.948350 0.150445
v -0.492350 0.955870 0.146925
v -0.493200 0.957400 0.149085
v -0.492980 0.959410 0.151805
v -0.490230 0.960580 0.154675
v -0.483980 0.953370 0.145615
v -0.483610 0.955240 0.144645
v -0.481120 0.956510 0.147015
v -0.481190 0.954250 0.148205
v -0.482110 0.995060 0.130975
v -0.483560 0.993330 0.127265
v -0.484590 0.990340 0.129195
v -0.483280 0.992530 0.132285
v -0.470220 0.986740 0.136175
v -0.482400 0.978460 0.127625
v -0.478400 0.986600 0.141645
v -0.475960 0.994660 0.136235
v -0.478760 0.995300 0.134175
v -0.480200 0.992810 0.135585
v -0.477620 0.992510 0.137465
v -0.482440 0.990390 0.124275
v -0.483580 0.987370 0.126525
v -0.469390 0.982380 0.128975
v -0.472820 0.981110 0.125665
v -0.488850 0.978450 0.140405
v -0.488560 0.980660 0.139285
v -0.489040 0.978560 0.136405
v -0.489160 0.976280 0.137595
v -0.488010 0.953450 0.144905
v -0.489540 0.950240 0.147225
v -0.491790 0.951920 0.147785
v -0.490960 0.954680 0.145855
v -0.488390 0.974550 0.135535
v -0.488510 0.976720 0.134265
v -0.486990 0.975000 0.132415
v -0.486970 0.973030 0.133605
v -0.480830 0.957310 0.155155
v -0.480550 0.959220 0.153795
v -0.482050 0.960500 0.155575
v -0.482400 0.958670 0.156655
v -0.481770 0.962270 0.154595
v -0.484530 0.963330 0.154905
v -0.484770 0.961530 0.156005
v -0.475080 0.980390 0.141215
v -0.476740 0.982150 0.142955
v -0.477240 0.980370 0.144065
v -0.475530 0.978710 0.142315
v -0.477260 0.974870 0.130425
v -0.474210 0.976040 0.134345
v -0.474820 0.974390 0.135145
v -0.477940 0.973470 0.131495
v -0.486010 0.979890 0.143465
v -0.485920 0.982260 0.142355
v -0.482620 0.980240 0.145185
v -0.481930 0.982710 0.144155
v -0.484110 0.971750 0.131625
v -0.483810 0.973070 0.130625
v -0.479340 0.983510 0.143675
v -0.479770 0.981790 0.144665
v -0.487760 0.960610 0.156175
v -0.485090 0.959840 0.157055
v -0.482880 0.956570 0.143765
v -0.480620 0.957610 0.146185
v -0.480200 0.961010 0.152895
v -0.478990 0.984840 0.142815
v -0.486820 0.964010 0.154095
v -0.489050 0.964070 0.152765
v -0.491500 0.959790 0.144665
v -0.490260 0.958560 0.143475
v -0.492040 0.963090 0.149395
v -0.492200 0.960940 0.146405
v -0.487480 0.956610 0.142665
v -0.484090 0.965630 0.153525
v -0.481320 0.964610 0.153385
v -0.479650 0.959240 0.144855
v -0.482200 0.958040 0.142305
v -0.479440 0.963180 0.151945
v -0.487270 0.962200 0.155235
v -0.489800 0.962190 0.153935
v -0.492000 0.957660 0.145845
v -0.490540 0.956560 0.144605
v -0.492670 0.961070 0.150755
v -0.493010 0.959180 0.147945
v -0.487520 0.955090 0.143735
v -0.474480 0.975270 0.140245
v -0.476510 0.967160 0.144725
v -0.472300 0.980200 0.136775
v -0.473270 0.979150 0.137815
v -0.466460 0.987690 0.131545
v -0.467730 0.986300 0.132195
v -0.483410 0.946010 0.158835
v -0.486890 0.941950 0.162485
v -0.490930 0.940480 0.164735
v -0.492990 0.940650 0.164905
v -0.481170 0.951200 0.154925
v -0.468970 0.984560 0.133195
v -0.479980 0.958010 0.150665
v -0.480060 0.955990 0.151915
v -0.473950 0.978480 0.138505
v -0.474330 0.976760 0.139395
v -0.479550 0.959300 0.149785
v -0.478540 0.960940 0.148245
v -0.476400 0.981390 0.124345
v -0.479290 0.977000 0.127605
v -0.473320 0.985480 0.120885
v -0.474840 0.983290 0.122825
v -0.485320 0.956210 0.142835
v -0.485370 0.954900 0.144035
v -0.495160 0.938860 0.158465
v -0.491090 0.939670 0.155385
v -0.480270 0.975420 0.128535
v -0.480270 0.974430 0.129235
v -0.483180 0.963960 0.136935
v -0.485200 0.958090 0.141095
v -0.488950 0.943170 0.152065
v -0.486720 0.948470 0.148115
v -0.480990 0.971800 0.131025
v -0.480500 0.973150 0.130165
v -0.496110 0.939310 0.159915
v -0.485870 0.953150 0.144985
v -0.495170 0.940130 0.161325
v -0.494370 0.940680 0.162805
v -0.493800 0.949480 0.154695
v -0.492420 0.951270 0.156455
v -0.493410 0.941520 0.164235
v -0.495160 0.946710 0.155175
v -0.492630 0.944560 0.164755
v -0.492170 0.946950 0.163885
v -0.496190 0.941610 0.158805
v -0.495950 0.943530 0.156855
v -0.495790 0.940520 0.160425
v -0.491760 0.949950 0.161555
v -0.493020 0.942680 0.164575
v -0.491450 0.951680 0.159145
v -0.494830 0.941960 0.162485
v -0.495060 0.943410 0.161845
v -0.494750 0.945190 0.160775
v -0.493810 0.947870 0.158865
v -0.483410 0.978630 0.117765
v -0.483100 0.980860 0.117205
v -0.485620 0.980810 0.114315
v -0.485860 0.978610 0.115275
v -0.486300 0.974990 0.109035
v -0.486220 0.977120 0.107835
v -0.483350 0.974350 0.106445
v -0.483790 0.972600 0.107525
v -0.487270 0.978110 0.112835
v -0.486980 0.980280 0.111765
v -0.487040 0.978710 0.109395
v -0.487290 0.976750 0.110435
v -0.482620 0.991700 0.106685
v -0.481970 0.994770 0.105285
v -0.481470 0.993030 0.102775
v -0.482730 0.989730 0.104365
v -0.479240 0.992550 0.112355
v -0.478380 0.995930 0.112215
v -0.480750 0.995850 0.108105
v -0.481600 0.992920 0.109005
v -0.481800 0.986970 0.102475
v -0.480590 0.990410 0.101105
v -0.477750 0.985660 0.099455
v -0.479410 0.983580 0.101275
v -0.484810 0.967680 0.121615
v -0.484130 0.970600 0.120385
v -0.486610 0.970380 0.118545
v -0.486840 0.967560 0.119975
v -0.487490 0.964650 0.113675
v -0.486820 0.967940 0.112215
v -0.484850 0.966250 0.110695
v -0.485670 0.963170 0.112025
v -0.488300 0.967230 0.117715
v -0.488000 0.970130 0.116375
v -0.487910 0.969050 0.113935
v -0.488360 0.966000 0.115305
v -0.476150 0.970830 0.118225
v -0.478400 0.972280 0.120045
v -0.479170 0.969780 0.121185
v -0.476840 0.967940 0.119425
v -0.486260 0.982080 0.111105
v -0.486380 0.980290 0.108555
v -0.474380 0.977820 0.114555
v -0.476680 0.980300 0.117315
v -0.477020 0.978370 0.117915
v -0.474760 0.976160 0.115565
v -0.471870 0.985750 0.112705
v -0.474000 0.986960 0.115205
v -0.473980 0.986090 0.115155
v -0.471790 0.983800 0.112575
v -0.478250 0.978050 0.103135
v -0.481010 0.979850 0.103585
v -0.480190 0.981520 0.102555
v -0.477340 0.979520 0.102315
v -0.483700 0.961970 0.111455
v -0.482640 0.965000 0.110095
v -0.476590 0.981050 0.101335
v -0.474720 0.982850 0.099935
v -0.481050 0.970940 0.106905
v -0.480410 0.972670 0.105905
v -0.480910 0.973230 0.120265
v -0.481430 0.970490 0.121335
v -0.476660 0.989400 0.114745
v -0.476430 0.987640 0.115065
v -0.477000 0.985670 0.115725
v -0.474560 0.984020 0.115505
v -0.482550 0.982790 0.116135
v -0.484780 0.982660 0.113535
v -0.485690 0.978700 0.107065
v -0.482870 0.976120 0.105435
v -0.488470 0.956530 0.116605
v -0.488680 0.953500 0.117715
v -0.489270 0.955620 0.119455
v -0.489280 0.957930 0.118365
v -0.489140 0.959470 0.120835
v -0.489160 0.957260 0.121735
v -0.488000 0.958510 0.124435
v -0.487850 0.960270 0.123285
v -0.483760 0.950230 0.128485
v -0.481230 0.952620 0.126465
v -0.482820 0.955430 0.127005
v -0.484240 0.952720 0.128405
v -0.485930 0.960750 0.124905
v -0.485890 0.958420 0.125785
v -0.484200 0.957180 0.126605
v -0.483590 0.959880 0.125465
v -0.486280 0.956250 0.126375
v -0.486810 0.954860 0.126835
v -0.486240 0.953090 0.128265
v -0.484920 0.954720 0.127645
v -0.487050 0.950800 0.129015
v -0.486150 0.951070 0.129085
v -0.487170 0.952560 0.128245
v -0.487860 0.947730 0.119965
v -0.488950 0.947050 0.121585
v -0.489030 0.948670 0.120955
v -0.488380 0.949570 0.119445
v -0.487320 0.948900 0.128905
v -0.486310 0.949000 0.128945
v -0.488700 0.951890 0.119475
v -0.488980 0.950940 0.120615
v -0.488920 0.952880 0.121195
v -0.488880 0.953890 0.120475
v -0.489550 0.945970 0.124515
v -0.488700 0.945390 0.124155
v -0.488070 0.945740 0.126645
v -0.488960 0.946290 0.126695
v -0.488610 0.955570 0.122395
v -0.488550 0.954530 0.122905
v -0.487720 0.955370 0.125105
v -0.487650 0.956560 0.124705
v -0.489020 0.952560 0.121375
v -0.488550 0.953970 0.123215
v -0.487790 0.954690 0.125295
v -0.477190 0.967770 0.110845
v -0.475890 0.968400 0.112905
v -0.476710 0.965520 0.114015
v -0.478160 0.964670 0.111915
v -0.474870 0.974400 0.107965
v -0.473840 0.975310 0.110025
v -0.474290 0.973600 0.110775
v -0.475390 0.972750 0.108715
v -0.471760 0.980530 0.105185
v -0.470890 0.982010 0.107855
v -0.471550 0.980660 0.108185
v -0.472390 0.979440 0.105725
v -0.485800 0.944700 0.122785
v -0.484500 0.945290 0.125545
v -0.489220 0.950650 0.121275
v -0.489550 0.947320 0.122295
v -0.489590 0.948760 0.121635
v -0.487180 0.954120 0.126905
v -0.482450 0.947470 0.120395
v -0.480680 0.953060 0.117235
v -0.479010 0.953900 0.119755
v -0.480610 0.948280 0.122845
v -0.481700 0.958780 0.125495
v -0.479470 0.956760 0.124275
v -0.486750 0.949940 0.117875
v -0.487850 0.951660 0.117525
v -0.488430 0.959950 0.115615
v -0.489130 0.960820 0.117245
v -0.489000 0.962260 0.119725
v -0.487570 0.962830 0.121955
v -0.479840 0.957050 0.115145
v -0.479730 0.958510 0.114575
v -0.478160 0.959480 0.117005
v -0.478220 0.957870 0.117785
v -0.483380 0.988670 0.107995
v -0.483690 0.986780 0.105675
v -0.484270 0.984160 0.106675
v -0.484320 0.986040 0.109175
v -0.472430 0.981390 0.112895
v -0.479930 0.974320 0.105005
v -0.479170 0.981990 0.117815
v -0.480120 0.989390 0.113165
v -0.482190 0.989600 0.110415
v -0.483090 0.986720 0.111515
v -0.480990 0.986870 0.113995
v -0.482640 0.984280 0.103875
v -0.483190 0.982230 0.104785
v -0.472400 0.978950 0.108405
v -0.473280 0.978000 0.106225
v -0.487540 0.973330 0.115175
v -0.487360 0.975750 0.114005
v -0.487330 0.974490 0.111685
v -0.487480 0.971710 0.112605
v -0.484690 0.957590 0.113445
v -0.485220 0.954250 0.115245
v -0.487050 0.955350 0.115485
v -0.486640 0.958340 0.114045
v -0.486350 0.970480 0.110995
v -0.486140 0.973000 0.109875
v -0.484090 0.970930 0.108475
v -0.484260 0.968890 0.109405
v -0.478810 0.960410 0.122795
v -0.478840 0.962170 0.122135
v -0.480870 0.963540 0.123545
v -0.481040 0.961820 0.124225
v -0.480610 0.965040 0.122875
v -0.482530 0.965720 0.123115
v -0.482880 0.964240 0.123675
v -0.475250 0.974690 0.116565
v -0.477480 0.976460 0.118595
v -0.477890 0.974610 0.119225
v -0.475580 0.973040 0.117225
v -0.475900 0.971030 0.109565
v -0.474810 0.971760 0.111575
v -0.475340 0.970110 0.112315
v -0.476490 0.969470 0.110225
v -0.486180 0.973560 0.117255
v -0.485910 0.976200 0.116235
v -0.483700 0.973590 0.119245
v -0.483450 0.976060 0.118445
v -0.481670 0.967700 0.108785
v -0.481400 0.969490 0.107775
v -0.480040 0.977740 0.119085
v -0.480380 0.975620 0.119605
v -0.485780 0.962910 0.123595
v -0.483130 0.962590 0.124355
v -0.479670 0.960180 0.113965
v -0.478230 0.960880 0.116325
v -0.478620 0.963580 0.121185
v -0.479640 0.979940 0.118545
v -0.485130 0.966220 0.122275
v -0.487100 0.966200 0.120545
v -0.487910 0.963000 0.114255
v -0.486010 0.961680 0.112605
v -0.488550 0.965980 0.118275
v -0.488710 0.964570 0.115895
v -0.483960 0.960740 0.112005
v -0.482120 0.967300 0.122615
v -0.479990 0.966680 0.122305
v -0.478020 0.962370 0.115725
v -0.479320 0.961570 0.113535
v -0.478130 0.965040 0.120515
v -0.485490 0.964690 0.122875
v -0.487440 0.964670 0.121245
v -0.488360 0.961670 0.115005
v -0.486390 0.960160 0.113225
v -0.488900 0.964320 0.118885
v -0.489050 0.963010 0.116395
v -0.484300 0.959040 0.112745
v -0.475420 0.969250 0.115245
v -0.476100 0.966640 0.116695
v -0.473670 0.976360 0.112215
v -0.474000 0.974580 0.112935
v -0.470790 0.983920 0.110445
v -0.471460 0.982110 0.110455
v -0.480170 0.950140 0.125115
v -0.483400 0.947280 0.127795
v -0.486930 0.947120 0.128335
v -0.487980 0.947630 0.128425
v -0.478730 0.955170 0.122295
v -0.472270 0.980160 0.110655
v -0.477900 0.960770 0.119815
v -0.477980 0.959230 0.120665
v -0.474440 0.972850 0.113865
v -0.474880 0.971240 0.114575
v -0.477870 0.962000 0.118885
v -0.477590 0.963470 0.118085
v -0.474760 0.977090 0.103945
v -0.476940 0.973810 0.105905
v -0.473700 0.980090 0.102585
v -0.474330 0.978630 0.103335
v -0.481760 0.960030 0.112465
v -0.482120 0.958540 0.112995
v -0.488770 0.946060 0.122505
v -0.487170 0.946400 0.121015
v -0.477600 0.972170 0.106725
v -0.478250 0.970550 0.107605
v -0.480240 0.964390 0.110585
v -0.481350 0.961420 0.111845
v -0.485160 0.948870 0.118995
v -0.483350 0.953420 0.115635
v -0.479330 0.967290 0.109405
v -0.478770 0.969070 0.108445
v -0.489490 0.946450 0.123115
v -0.482450 0.957080 0.113635
v -0.489780 0.946720 0.124685
v -0.489470 0.947240 0.126575
v -0.488810 0.952060 0.121715
v -0.488470 0.953470 0.123345
v -0.488480 0.948230 0.128015
v -0.489140 0.950590 0.121605
v -0.487690 0.950240 0.128475
v -0.487180 0.952030 0.127925
v -0.489540 0.947840 0.122775
v -0.489420 0.948810 0.122165
v -0.489740 0.947150 0.123555
v -0.487150 0.953420 0.126715
v -0.488100 0.949190 0.128465
v -0.487650 0.954180 0.125405
v -0.489290 0.948480 0.125845
v -0.489120 0.949210 0.125535
v -0.488820 0.950490 0.125035
v -0.488480 0.952190 0.124225
v -0.390490 1.028610 0.156145
v -0.391180 1.030340 0.153825
v -0.392180 1.034270 0.156385
v -0.391530 1.032710 0.158655
v -0.401720 1.032620 0.161865
v -0.402390 1.034440 0.159715
v -0.408290 1.029560 0.159855
v -0.406960 1.028350 0.161675
v -0.395690 1.034940 0.161295
v -0.396270 1.036520 0.158885
v -0.397130 1.024820 0.147645
v -0.393080 1.028380 0.149085
v -0.392160 1.026470 0.151845
v -0.396050 1.022640 0.150765
v -0.407650 1.025190 0.159305
v -0.408230 1.026430 0.156775
v -0.392040 1.032130 0.151055
v -0.404190 1.025380 0.168745
v -0.402890 1.024890 0.171095
v -0.398880 1.027860 0.168625
v -0.399640 1.028620 0.167215
v -0.394810 1.029870 0.165425
v -0.394450 1.028770 0.166405
v -0.390650 1.026540 0.164735
v -0.390970 1.027800 0.163465
v -0.389360 1.013510 0.171515
v -0.391170 1.013920 0.167005
v -0.387360 1.017600 0.164875
v -0.386200 1.016970 0.168345
v -0.387660 1.022250 0.164735
v -0.388290 1.023530 0.162535
v -0.390300 1.025400 0.165955
v -0.390000 1.024580 0.167125
v -0.386690 1.020180 0.169245
v -0.386900 1.021120 0.167115
v -0.385700 1.017970 0.175005
v -0.385470 1.016730 0.171945
v -0.386900 1.020360 0.170815
v -0.401480 1.020770 0.174485
v -0.399310 1.020700 0.177165
v -0.399880 1.024590 0.174695
v -0.401480 1.024630 0.173055
v -0.387260 1.016720 0.177475
v -0.388150 1.014290 0.175155
v -0.397450 1.026860 0.170965
v -0.398140 1.027280 0.169855
v -0.395050 1.018590 0.180405
v -0.397020 1.017470 0.178005
v -0.393280 1.014910 0.177595
v -0.391480 1.016890 0.179815
v -0.394110 1.027840 0.167245
v -0.393840 1.027070 0.168065
v -0.396870 1.026340 0.172195
v -0.393670 1.026170 0.168725
v -0.389820 1.024170 0.167945
v -0.408030 1.025600 0.151505
v -0.403550 1.023720 0.148685
v -0.402550 1.022200 0.151945
v -0.407200 1.024700 0.155205
v -0.399310 1.017450 0.174855
v -0.394750 1.014120 0.174225
v -0.397940 1.024930 0.175595
v -0.396700 1.021220 0.179265
v -0.401260 1.017910 0.170915
v -0.402990 1.018910 0.166575
v -0.398690 1.015870 0.164505
v -0.396830 1.014420 0.169105
v -0.388800 1.019070 0.162055
v -0.392850 1.015350 0.162255
v -0.403110 1.021070 0.171545
v -0.405130 1.026010 0.166805
v -0.400310 1.029510 0.166105
v -0.395070 1.031080 0.164675
v -0.391180 1.029030 0.162405
v -0.404470 1.020210 0.162625
v -0.405240 1.021000 0.160405
v -0.400970 1.018360 0.157935
v -0.400460 1.017800 0.159435
v -0.406030 1.022640 0.164915
v -0.404690 1.021670 0.167995
v -0.394310 1.017040 0.158165
v -0.394790 1.017940 0.156395
v -0.390330 1.021880 0.157535
v -0.389710 1.020690 0.159335
v -0.390780 1.022960 0.156175
v -0.389950 1.027100 0.157945
v -0.389510 1.025980 0.159225
v -0.403490 1.036200 0.156745
v -0.409500 1.031610 0.156455
v -0.388960 1.024890 0.160675
v -0.405670 1.021680 0.158865
v -0.401310 1.019100 0.156025
v -0.393200 1.035950 0.153195
v -0.397410 1.038080 0.156035
v -0.409740 1.028220 0.153645
v -0.395130 1.018730 0.155045
v -0.391280 1.031260 0.160235
v -0.401230 1.031360 0.163645
v -0.406480 1.027260 0.163515
v -0.395300 1.033550 0.162825
v -0.407330 1.024210 0.161195
v -0.391430 1.024470 0.154265
v -0.401690 1.020030 0.154545
v -0.406040 1.022690 0.157255
v -0.395690 1.020160 0.153295
v -0.391450 1.030040 0.161295
v -0.400830 1.030360 0.164775
v -0.405910 1.026670 0.165065
v -0.395350 1.032070 0.163655
v -0.406870 1.023500 0.162805
v -0.394390 1.020240 0.179635
v -0.390840 1.018910 0.178965
v -0.396970 1.025990 0.172155
v -0.393650 1.025500 0.169235
v -0.387940 1.018130 0.177515
v -0.397090 1.024200 0.175215
v -0.386800 1.018420 0.175485
v -0.387380 1.020520 0.171665
v -0.395530 1.021800 0.178685
v -0.389900 1.023790 0.168055
v -0.390850 1.020620 0.177755
v -0.391520 1.022920 0.174485
v -0.445870 1.021750 0.164365
v -0.457430 1.006100 0.150865
v -0.469830 0.996450 0.134205
v -0.474990 0.991280 0.114005
v -0.480080 1.003870 0.125135
v -0.481590 1.002930 0.119865
v -0.459440 0.994460 0.134295
v -0.454640 0.996690 0.130495
v -0.450510 0.998130 0.134585
v -0.453160 0.995130 0.138995
v -0.480160 0.998370 0.103515
v -0.478490 1.000230 0.107295
v -0.469510 0.984120 0.101475
v -0.472220 0.981810 0.101615
v -0.472480 0.985150 0.098235
v -0.450440 1.024290 0.161795
v -0.453310 1.024680 0.161265
v -0.440470 1.017280 0.154515
v -0.441320 1.016820 0.160625
v -0.441370 1.013060 0.158035
v -0.441950 1.013770 0.154345
v -0.479900 0.996190 0.100095
v -0.478750 0.993640 0.099175
v -0.470730 0.982080 0.104695
v -0.469560 0.983660 0.103955
v -0.468500 0.985310 0.105415
v -0.469820 0.983700 0.107025
v -0.466110 0.987390 0.116805
v -0.464820 0.987970 0.115095
v -0.461490 0.990350 0.120385
v -0.464000 0.988780 0.123475
v -0.445450 1.023400 0.162035
v -0.447590 1.002210 0.139735
v -0.449780 1.001630 0.143285
v -0.472500 1.011110 0.142515
v -0.467480 1.013180 0.145805
v -0.443700 1.010720 0.153675
v -0.442620 1.011460 0.151725
v -0.467200 0.987410 0.109535
v -0.469190 0.987310 0.111215
v -0.441580 1.021040 0.160515
v -0.442490 1.019400 0.163125
v -0.458630 0.993150 0.124895
v -0.463660 0.992370 0.129695
v -0.474390 1.009440 0.137495
v -0.457180 1.022550 0.158005
v -0.476050 0.987900 0.097485
v -0.446810 1.006790 0.148685
v -0.445060 1.008000 0.146045
v -0.475190 1.004730 0.129175
v -0.459450 1.019070 0.154025
v -0.455760 0.995100 0.120855
v -0.459090 0.992910 0.116455
v -0.452360 0.999360 0.126695
v -0.450550 1.002700 0.123045
v -0.446550 1.005400 0.128265
v -0.449300 1.001470 0.131515
v -0.464870 0.987340 0.105955
v -0.467960 0.985370 0.101675
v -0.474370 0.991760 0.095325
v -0.472190 0.995730 0.092195
v -0.467730 0.989400 0.094315
v -0.469120 0.986850 0.097105
v -0.445760 1.004940 0.136945
v -0.462400 0.990330 0.111895
v -0.459930 0.990880 0.107575
v -0.456740 0.994600 0.112855
v -0.442900 1.009270 0.143405
v -0.439860 1.011500 0.139815
v -0.438180 1.015350 0.145855
v -0.440290 1.013190 0.148905
v -0.437140 1.014760 0.136595
v -0.443310 1.008050 0.133345
v -0.441100 1.011750 0.130605
v -0.463340 0.987580 0.101275
v -0.461700 0.988620 0.098175
v -0.457210 0.992600 0.103445
v -0.479070 1.002210 0.115295
v -0.435560 1.018750 0.143785
v -0.433800 1.020410 0.132585
v -0.431370 1.022490 0.139965
v -0.448990 1.006680 0.119605
v -0.445360 1.009090 0.125055
v -0.446490 1.033200 0.149885
v -0.450480 1.028480 0.155985
v -0.442770 1.026280 0.157065
v -0.440340 1.030500 0.151645
v -0.472520 1.005890 0.129855
v -0.453870 0.996840 0.098175
v -0.451520 1.003200 0.105025
v -0.454390 0.998140 0.108095
v -0.438580 1.017350 0.126295
v -0.442780 1.014740 0.121315
v -0.446850 1.011680 0.116435
v -0.472080 1.010690 0.092665
v -0.474040 1.007440 0.096125
v -0.473340 1.010170 0.101785
v -0.471390 1.013970 0.097495
v -0.467980 1.022690 0.131625
v -0.464970 1.029470 0.124115
v -0.466390 1.024840 0.119075
v -0.468590 1.017980 0.126475
v -0.471220 1.004910 0.089315
v -0.473460 1.001310 0.092725
v -0.468400 1.021730 0.113505
v -0.470370 1.015790 0.120045
v -0.471400 1.020260 0.107955
v -0.473410 1.015710 0.114065
v -0.464670 1.015530 0.077975
v -0.466090 1.019540 0.081775
v -0.460700 1.026610 0.073365
v -0.459960 1.022090 0.069555
v -0.471350 1.016980 0.102495
v -0.474050 1.012560 0.107835
v -0.465890 1.024910 0.086875
v -0.460540 1.033870 0.078545
v -0.462520 1.024850 0.135895
v -0.460450 1.032070 0.129085
v -0.450840 1.048080 0.109945
v -0.455510 1.039870 0.119375
v -0.450120 1.043680 0.124055
v -0.445020 1.052380 0.114405
v -0.455980 1.045090 0.105465
v -0.451220 1.053140 0.096445
v -0.454430 1.049780 0.092365
v -0.459000 1.041550 0.101165
v -0.463680 1.034360 0.093385
v -0.468080 1.026460 0.101205
v -0.465340 1.029210 0.105785
v -0.461370 1.037830 0.097265
v -0.442690 1.048080 0.128225
v -0.436280 1.056890 0.118125
v -0.463920 1.018890 0.141645
v -0.459590 1.022220 0.147685
v -0.458410 1.027940 0.140715
v -0.473080 1.008870 0.133595
v -0.456760 1.046180 0.088575
v -0.464770 1.029780 0.089815
v -0.468580 1.022310 0.096895
v -0.460500 1.037030 0.114905
v -0.471810 1.013740 0.131225
v -0.471520 1.011130 0.125335
v -0.456300 1.029130 0.150385
v -0.454220 1.032740 0.146515
v -0.475400 1.005750 0.099255
v -0.475220 1.006450 0.105295
v -0.455430 1.035260 0.133855
v -0.476910 1.007990 0.112465
v -0.449670 1.005480 0.149805
v -0.463210 0.994420 0.135495
v -0.451640 1.002340 0.147095
v -0.454950 1.004380 0.149245
v -0.469690 0.987020 0.117495
v -0.465300 0.992920 0.132485
v -0.467170 0.994120 0.134705
v -0.470900 0.987670 0.112765
v -0.472930 0.987950 0.114785
v -0.249810 1.176990 -0.102435
v -0.253670 1.178400 -0.087705
v -0.303170 1.208870 -0.116465
v -0.297620 1.202650 -0.125405
v -0.309030 1.219570 -0.075595
v -0.310210 1.217660 -0.089185
v -0.291000 1.197210 -0.129775
v -0.268650 1.185900 -0.062305
v -0.261080 1.180890 -0.074205
v -0.274430 1.189350 -0.132275
v -0.283680 1.193000 -0.131955
v -0.258770 1.183060 -0.124745
v -0.254820 1.180480 -0.119975
v -0.304450 1.217070 -0.063315
v -0.295980 1.210750 -0.054715
v -0.251460 1.178640 -0.112985
v -0.308690 1.214200 -0.103625
v -0.286460 1.203110 -0.052695
v -0.303870 1.185430 -0.126185
v -0.297520 1.180650 -0.129055
v -0.267880 1.172240 -0.074405
v -0.261040 1.169150 -0.087285
v -0.270940 1.173350 -0.125245
v -0.266150 1.171230 -0.120075
v -0.312040 1.208270 -0.061915
v -0.317070 1.210370 -0.073335
v -0.303630 1.202520 -0.054195
v -0.261460 1.169470 -0.112965
v -0.319070 1.208050 -0.086885
v -0.319070 1.203790 -0.101015
v -0.294360 1.194680 -0.052495
v -0.258820 1.167990 -0.102205
v -0.314540 1.197560 -0.113745
v -0.309630 1.191050 -0.122005
v -0.275990 1.177450 -0.063325
v -0.288610 1.177290 -0.128885
v -0.281280 1.165390 -0.123645
v -0.275110 1.163700 -0.119555
v -0.317840 1.201970 -0.060295
v -0.323460 1.203700 -0.070655
v -0.309240 1.196630 -0.053375
v -0.269660 1.162570 -0.112275
v -0.326020 1.200960 -0.083995
v -0.326500 1.196260 -0.097925
v -0.300380 1.188360 -0.052035
v -0.266080 1.161800 -0.101185
v -0.322750 1.189240 -0.110175
v -0.266930 1.162950 -0.086255
v -0.318580 1.182110 -0.118215
v -0.313500 1.176130 -0.122975
v -0.281560 1.171350 -0.063645
v -0.273000 1.166250 -0.073475
v -0.298460 1.168260 -0.125815
v -0.307540 1.171170 -0.126715
v -0.283640 1.156530 -0.117415
v -0.278070 1.155600 -0.109905
v -0.332320 1.195000 -0.080415
v -0.332660 1.189790 -0.094285
v -0.314550 1.191200 -0.052085
v -0.305730 1.183220 -0.051115
v -0.273680 1.155590 -0.099135
v -0.330050 1.181970 -0.105625
v -0.272950 1.156800 -0.084545
v -0.326400 1.174410 -0.113485
v -0.329370 1.197990 -0.067315
v -0.321440 1.168280 -0.118825
v -0.286810 1.166050 -0.062835
v -0.278090 1.160460 -0.072185
v -0.307000 1.160140 -0.122945
v -0.315300 1.163290 -0.123915
v -0.290620 1.157230 -0.120445
v -0.323180 1.196550 -0.057855
v -0.301710 1.147450 -0.112825
v -0.294700 1.146640 -0.110085
v -0.328880 1.191320 -0.054595
v -0.335110 1.192820 -0.063925
v -0.320050 1.186730 -0.049105
v -0.288050 1.146750 -0.104175
v -0.338420 1.189430 -0.076505
v -0.339300 1.183050 -0.089255
v -0.310840 1.179160 -0.049055
v -0.282820 1.147550 -0.095185
v -0.337750 1.174780 -0.099485
v -0.280760 1.148860 -0.081685
v -0.334380 1.166840 -0.106625
v -0.329810 1.160020 -0.111815
v -0.292060 1.160730 -0.060375
v -0.284680 1.153380 -0.069945
v -0.316580 1.151160 -0.115745
v -0.324110 1.154210 -0.116925
v -0.304910 1.137210 -0.097555
v -0.298060 1.137400 -0.093445
v -0.347730 1.181540 -0.068835
v -0.349850 1.174000 -0.080165
v -0.326560 1.182430 -0.044845
v -0.315860 1.176590 -0.044315
v -0.292560 1.137890 -0.086225
v -0.348770 1.165470 -0.090415
v -0.289090 1.139500 -0.075785
v -0.345040 1.156880 -0.096775
v -0.343340 1.186020 -0.058295
v -0.340230 1.149710 -0.101505
v -0.296280 1.155680 -0.054685
v -0.290840 1.145920 -0.064285
v -0.326610 1.141550 -0.104195
v -0.334050 1.143760 -0.105115
v -0.311810 1.138120 -0.101165
v -0.336210 1.185420 -0.049705
v -0.308080 1.125450 -0.076765
v -0.302140 1.126910 -0.070635
v -0.362470 1.161990 -0.067915
v -0.361800 1.152630 -0.077105
v -0.296770 1.129770 -0.062545
v -0.357990 1.143820 -0.082515
v -0.353430 1.176430 -0.049695
v -0.359450 1.170530 -0.058335
v -0.352860 1.136930 -0.086925
v -0.302080 1.148490 -0.043335
v -0.297370 1.137990 -0.052345
v -0.338410 1.129040 -0.089705
v -0.345970 1.131980 -0.088935
v -0.322600 1.125260 -0.085475
v -0.314950 1.124740 -0.081555
v -0.344820 1.177680 -0.041995
v -0.334010 1.177770 -0.037555
v -0.323240 1.172170 -0.035645
v -0.316550 1.112970 -0.048185
v -0.311540 1.116130 -0.040375
v -0.376910 1.136670 -0.058135
v -0.373510 1.128600 -0.063925
v -0.366210 1.161750 -0.034095
v -0.372720 1.155300 -0.041275
v -0.368080 1.121840 -0.067895
v -0.315640 1.133970 -0.025495
v -0.311760 1.123660 -0.032355
v -0.352060 1.114260 -0.068675
v -0.359630 1.117780 -0.068825
v -0.336380 1.110170 -0.064745
v -0.329060 1.110000 -0.060485
v -0.356930 1.164200 -0.027675
v -0.346080 1.163790 -0.023205
v -0.322600 1.110630 -0.055735
v -0.376030 1.146850 -0.049625
v -0.335700 1.158200 -0.021205
v -0.382000 1.142310 -0.013535
v -0.388460 1.136900 -0.019945
v -0.388790 1.113530 -0.040535
v -0.384450 1.106240 -0.045475
v -0.334900 1.119400 -0.006045
v -0.331300 1.110340 -0.011365
v -0.367740 1.099850 -0.044885
v -0.375290 1.102730 -0.045715
v -0.331560 1.103630 -0.018595
v -0.352590 1.095210 -0.041165
v -0.345600 1.095610 -0.036875
v -0.372460 1.144850 -0.008505
v -0.362560 1.143800 -0.005405
v -0.339660 1.096910 -0.032245
v -0.391460 1.129930 -0.027455
v -0.353190 1.138750 -0.004105
v -0.334860 1.099750 -0.025375
v -0.391650 1.121370 -0.034575
v -0.386690 1.085210 -0.020545
v -0.395140 1.088490 -0.021925
v -0.401200 1.093340 -0.020285
v -0.350960 1.097450 0.010335
v -0.351410 1.091330 0.004025
v -0.371870 1.079870 -0.015555
v -0.364390 1.080770 -0.012595
v -0.388980 1.124560 0.014055
v -0.397210 1.123290 0.009595
v -0.379500 1.124270 0.017005
v -0.358520 1.083720 -0.007725
v -0.403360 1.119520 0.003505
v -0.406980 1.113670 -0.003845
v -0.370830 1.120100 0.017275
v -0.353410 1.086550 -0.001615
v -0.407260 1.106370 -0.010435
v -0.405040 1.099350 -0.016915
v -0.353940 1.104760 0.014825
v -0.388960 1.068460 0.005185
v -0.381890 1.069240 0.008035
v -0.400840 1.109730 0.030725
v -0.408050 1.107940 0.026355
v -0.392850 1.109360 0.033625
v -0.375860 1.072040 0.012435
v -0.413820 1.104500 0.020915
v -0.417240 1.100340 0.015275
v -0.385510 1.105850 0.035415
v -0.371170 1.075710 0.017675
v -0.418350 1.095310 0.010095
v -0.368890 1.080960 0.023485
v -0.417600 1.089930 0.005545
v -0.415220 1.084350 0.002375
v -0.371570 1.093250 0.032875
v -0.368780 1.086770 0.028825
v -0.404650 1.073760 0.001555
v -0.411740 1.078390 0.001455
v -0.395570 1.059720 0.024435
v -0.389910 1.062680 0.029055
v -0.421330 1.092620 0.036685
v -0.424860 1.089500 0.031845
v -0.403830 1.097260 0.048145
v -0.397670 1.094920 0.050815
v -0.385620 1.067010 0.034395
v -0.426900 1.085650 0.027195
v -0.383700 1.072730 0.040045
v -0.427450 1.081320 0.023215
v -0.416460 1.095270 0.041225
v -0.426150 1.076430 0.020175
v -0.386040 1.084070 0.048585
v -0.383840 1.078350 0.044715
v -0.417880 1.065320 0.018425
v -0.422630 1.070950 0.018295
v -0.402270 1.059080 0.021305
v -0.410410 1.097180 0.045205
v -0.399920 1.056080 0.041925
v -0.396820 1.061460 0.047415
v -0.430460 1.080990 0.044245
v -0.432910 1.077650 0.039985
v -0.395720 1.067590 0.052555
v -0.434180 1.073860 0.036355
v -0.422610 1.085790 0.052785
v -0.427100 1.083440 0.048615
v -0.433680 1.069400 0.033445
v -0.397400 1.077680 0.060005
v -0.395810 1.072910 0.056445
v -0.426710 1.058910 0.030945
v -0.430880 1.064240 0.031385
v -0.411430 1.051390 0.033755
v -0.404800 1.052380 0.037095
v -0.417720 1.087380 0.056465
v -0.412310 1.087690 0.059495
v -0.406470 1.086120 0.062355
v -0.403880 1.057270 0.056525
v -0.403200 1.062960 0.061215
v -0.437900 1.069830 0.049875
v -0.439060 1.066140 0.046505
v -0.428680 1.078510 0.062105
v -0.432230 1.076290 0.058345
v -0.438740 1.062180 0.043745
v -0.405560 1.072080 0.067835
v -0.403650 1.067880 0.064625
v -0.433700 1.053120 0.040455
v -0.436730 1.057690 0.041405
v -0.418010 1.046100 0.042595
v -0.411080 1.047630 0.046005
v -0.424280 1.080350 0.065755
v -0.419330 1.080920 0.068815
v -0.406430 1.051740 0.051015
v -0.435490 1.073400 0.054015
v -0.414510 1.079620 0.071305
v -0.433790 1.073100 0.069375
v -0.437000 1.070370 0.065705
v -0.442760 1.059560 0.054425
v -0.442650 1.055910 0.051555
v -0.409920 1.067850 0.073855
v -0.412890 1.064820 0.079205
v -0.410680 1.061180 0.075525
v -0.408090 1.063800 0.070665
v -0.439070 1.048540 0.046445
v -0.442370 1.043480 0.051305
v -0.444970 1.046640 0.054345
v -0.441220 1.051970 0.048645
v -0.409730 1.057420 0.071495
v -0.407210 1.059530 0.067395
v -0.421620 1.041750 0.047725
v -0.414480 1.044320 0.051515
v -0.429720 1.075040 0.072855
v -0.433930 1.071210 0.078995
v -0.428470 1.072480 0.082245
v -0.424580 1.075780 0.075855
v -0.409960 1.048940 0.056945
v -0.439720 1.067040 0.061635
v -0.422300 1.072290 0.084245
v -0.418860 1.074610 0.077765
v -0.407620 1.054590 0.062775
v -0.441730 1.063260 0.057715
v -0.474580 1.013010 0.117805
v -0.469440 1.020230 0.133975
v -0.477330 1.008990 0.120455
v -0.474960 1.008250 0.124045
v -0.471030 1.017090 0.137345
v -0.467980 1.016470 0.141375
v -0.477210 1.002660 0.100855
v -0.477830 0.999250 0.099245
v -0.461710 1.013660 0.146385
v -0.459160 1.016520 0.150935
v -0.476990 1.003380 0.104085
v -0.477770 1.000370 0.110075
v -0.479090 1.007080 0.118115
v -0.475810 0.998920 0.095975
v -0.451570 1.003230 0.114085
v -0.449700 1.008260 0.111115
v -0.431970 1.069450 0.088975
v -0.425270 1.069600 0.090845
v -0.437710 1.067550 0.085485
v -0.394120 1.030270 0.145705
v -0.393190 1.033760 0.147705
v -0.411420 1.029810 0.149605
v -0.411110 1.033350 0.152405
v -0.398000 1.026840 0.143705
v -0.405110 1.025490 0.144535
v -0.409590 1.027160 0.147545
v -0.405010 1.038850 0.153415
v -0.398710 1.039820 0.152715
v -0.394250 1.037550 0.150225
v -0.400260 1.041650 0.148865
v -0.395600 1.039010 0.146275
v -0.394490 1.035210 0.144045
v -0.398440 1.028180 0.140815
v -0.395120 1.031710 0.142355
v -0.412870 1.031000 0.146115
v -0.412740 1.034480 0.148945
v -0.406040 1.026540 0.141935
v -0.410830 1.028370 0.144485
v -0.407030 1.040250 0.149945
v -0.408670 1.041880 0.146935
v -0.401380 1.043790 0.144965
v -0.414380 1.035370 0.146115
v -0.396550 1.040210 0.142335
v -0.395370 1.036490 0.140625
v -0.399020 1.028990 0.138875
v -0.395660 1.032790 0.139425
v -0.414380 1.031950 0.143575
v -0.406950 1.027230 0.140145
v -0.412020 1.029220 0.142235
v -0.400120 1.029630 0.136615
v -0.407830 1.027790 0.138325
v -0.413040 1.029720 0.140115
v -0.416020 1.032520 0.141415
v -0.410510 1.043540 0.144115
v -0.402430 1.046200 0.140955
v -0.416250 1.036090 0.143705
v -0.397610 1.042070 0.138655
v -0.396210 1.037830 0.137415
v -0.396700 1.033660 0.136695
v -0.400710 1.030280 0.134715
v -0.398100 1.034240 0.133245
v -0.418200 1.032790 0.139415
v -0.418780 1.037580 0.141755
v -0.397030 1.039130 0.133105
v -0.409140 1.028470 0.136125
v -0.414880 1.030260 0.137815
v -0.412820 1.045400 0.141135
v -0.404410 1.049080 0.137335
v -0.398510 1.044490 0.134215
v -0.404380 1.051880 0.132075
v -0.399370 1.047900 0.128595
v -0.398830 1.040450 0.127045
v -0.406500 1.029760 0.129665
v -0.400610 1.033990 0.127585
v -0.422500 1.033490 0.138985
v -0.423640 1.039340 0.139985
v -0.413280 1.029390 0.133035
v -0.418420 1.030530 0.135895
v -0.414790 1.048140 0.137795
v -0.400530 1.041240 0.119415
v -0.399740 1.050410 0.121555
v -0.403200 1.033460 0.120525
v -0.425260 1.025010 0.127125
v -0.430140 1.022600 0.119505
v -0.418240 1.027440 0.110415
v -0.414450 1.028340 0.117315
v -0.410090 1.033330 0.103545
v -0.406450 1.032840 0.111555
v -0.407450 1.039750 0.100045
v -0.403500 1.040460 0.109525
v -0.435270 1.021580 0.113835
v -0.422840 1.026830 0.104375
v -0.440010 1.020390 0.108915
v -0.427610 1.025800 0.099115
v -0.442950 1.016750 0.103715
v -0.432470 1.024210 0.094085
v -0.409610 1.059690 0.117515
v -0.411660 1.061300 0.106505
v -0.420350 1.064630 0.108725
v -0.424020 1.060910 0.119205
v -0.445080 1.011190 0.097645
v -0.435610 1.017820 0.088765
v -0.448140 1.003960 0.090835
v -0.441160 1.009910 0.083615
v -0.450140 1.002100 0.078995
v -0.442780 1.009690 0.074625
v -0.434510 1.015740 0.076295
v -0.454560 0.997580 0.083825
v -0.428390 1.025950 0.137535
v -0.410090 1.029760 0.124065
v -0.453410 0.998790 0.117465
v -0.459880 1.037900 0.081635
v -0.458820 1.022480 0.152155
v -0.456900 1.026050 0.154105
v -0.453680 1.026680 0.157025
v -0.473090 1.013480 0.135785
v -0.417520 1.028620 0.129635
v -0.469930 1.014150 0.088425
v -0.469270 1.018280 0.092795
v -0.446400 1.056350 0.100835
v -0.440280 1.059910 0.105065
v -0.458760 1.042170 0.084955
v -0.431420 1.063490 0.108585
v -0.462940 1.032840 0.110345
v -0.465940 0.993070 0.089415
v -0.459910 0.991540 0.092565
v -0.427710 1.023500 0.079775
v -0.423260 1.030260 0.084665
v -0.423420 1.028460 0.134745
v -0.427520 1.031860 0.141745
v -0.428930 1.038790 0.140685
v -0.419510 1.051030 0.133675
v -0.406260 1.055860 0.125685
v -0.460350 1.009320 0.076255
v -0.447290 1.018730 0.064505
v -0.445810 1.011630 0.068715
v -0.455240 1.004380 0.076625
v -0.460930 1.000050 0.081445
v -0.465180 1.004590 0.082355
v -0.469530 0.999430 0.088635
v -0.401440 1.051410 0.111405
v -0.405860 1.050200 0.098745
v -0.442080 1.064800 0.081505
v -0.446240 1.059640 0.088525
v -0.441670 1.062690 0.092735
v -0.445200 1.061640 0.077735
v -0.449470 1.056370 0.084545
v -0.447540 1.058010 0.074075
v -0.451860 1.052760 0.080835
v -0.449330 1.054020 0.070435
v -0.453680 1.048800 0.077235
v -0.450410 1.049860 0.067035
v -0.454760 1.044650 0.073725
v -0.413900 1.071880 0.076565
v -0.409550 1.076120 0.070475
v -0.401310 1.082400 0.062395
v -0.378050 1.100580 0.035015
v -0.391160 1.090140 0.050785
v -0.047590 1.373330 -0.051695
v -0.036100 1.386070 -0.050845
v -0.030110 1.400010 -0.048565
v -0.025020 1.415190 -0.048545
v -0.022890 1.428740 -0.045495
v -0.024980 1.439220 -0.037605
v -0.030360 1.446830 -0.025805
v -0.034880 1.448880 -0.016325
v -0.037700 1.450140 -0.009735
v -0.040250 1.451190 -0.004345
v -0.041090 1.453150 0.000365
v -0.040490 1.455620 0.004535
v -0.039920 1.457810 0.008775
v -0.006480 1.511160 0.055895
v -0.027950 1.473230 0.030365
v -0.028940 1.472020 0.029645
v -0.026140 1.475080 0.031505
v -0.024960 1.476320 0.031775
v -0.025620 1.475670 0.031685
v -0.024540 1.476760 0.031975
v -0.024150 1.477100 0.032135
v -0.023880 1.477360 0.031795
v -0.023670 1.477570 0.030985
v -0.023770 1.477750 0.029455
v -0.024450 1.477810 0.027295
v -0.024270 1.477110 0.025885
v -0.024480 1.476010 0.024905
v -0.024720 1.475360 0.023925
v -0.025520 1.474330 0.021675
v -0.027840 1.473920 0.016725
v -0.029940 1.474160 0.006415
v -0.032970 1.474940 -0.009055
v -0.031580 1.475110 -0.028535
v -0.026170 1.475220 -0.050015
v -0.018920 1.475800 -0.053295
v -0.019750 1.482660 -0.053495
v -0.028900 1.490770 -0.045865
v -0.032340 1.497840 -0.028325
v -0.032350 1.501200 -0.008225
v -0.028100 1.498150 0.009375
v -0.025940 1.493860 0.019895
v -0.023660 1.489480 0.025045
v -0.022860 1.485980 0.026845
v -0.022740 1.483090 0.027535
v -0.022820 1.480320 0.027965
v -0.023040 1.478930 0.029605
v -0.023150 1.478310 0.031125
v -0.023510 1.477960 0.032175
v -0.023990 1.477880 0.032665
v -0.024430 1.477920 0.032765
v -0.024900 1.477950 0.032655
v -0.025750 1.478120 0.032555
v -0.026520 1.478240 0.032235
v -0.027150 1.478740 0.032065
v -0.028630 1.479490 0.031455
v -0.029970 1.480120 0.030785
v -0.009490 1.511110 0.053245
v -0.012160 1.510790 0.050555
v -0.065010 1.364450 -0.047435
v -0.092800 1.364540 -0.034865
v -0.118520 1.361960 -0.028865
v -0.141880 1.357020 -0.028585
v -0.160210 1.346680 -0.031295
v -0.173920 1.333550 -0.037095
v -0.182580 1.322180 -0.042745
v -0.187720 1.312490 -0.047865
v -0.192000 1.305040 -0.051725
v -0.196230 1.298450 -0.053945
v -0.203240 1.288860 -0.054015
v -0.214810 1.274620 -0.054585
v -0.229440 1.256650 -0.054655
v -0.242960 1.237280 -0.054525
v -0.257850 1.218350 -0.052775
v -0.267820 1.205240 -0.053815
v -0.277260 1.194240 -0.054965
v -0.450470 1.045700 0.063655
v -0.454930 1.041100 0.069735
v -0.449110 1.040960 0.059545
v -0.453560 1.034960 0.064815
v -0.008840 1.508540 0.053715
v -0.011450 1.508630 0.051075
v -0.014660 1.510050 0.046715
v -0.016190 1.508660 0.043515
v -0.028150 1.483200 0.032665
v -0.017130 1.507090 0.040935
v -0.063130 1.545160 0.000425
v -0.061430 1.551380 0.003235
v -0.063020 1.552170 -0.000945
v -0.064720 1.544960 -0.004195
v -0.059060 1.557450 0.007925
v -0.060540 1.559160 0.004455
v -0.055620 1.563050 0.013975
v -0.057140 1.565510 0.011365
v -0.050160 1.568180 0.020295
v -0.042840 1.572100 0.026595
v -0.043840 1.575750 0.025525
v -0.051480 1.571380 0.018505
v -0.034150 1.574810 0.032155
v -0.034620 1.578900 0.031585
v -0.024740 1.576470 0.037005
v -0.025050 1.581140 0.036475
v -0.015290 1.577260 0.040665
v -0.015460 1.582290 0.040325
v -0.006250 1.577330 0.042675
v -0.006100 1.582540 0.042175
v 0.000000 1.577570 0.043145
v 0.000000 1.582870 0.042665
v -0.435610 1.065410 0.096545
v -0.446850 1.037400 0.055525
v -0.416750 1.068870 0.082485
v -0.096820 1.299280 -0.168575
v -0.116040 1.301860 -0.162755
v -0.076550 1.298660 -0.169735
v -0.055450 1.296850 -0.159515
v -0.037600 1.295520 -0.162135
v -0.018940 1.294220 -0.160645
v 0.000000 1.295060 -0.157815
v -0.145760 1.299440 -0.151755
v -0.156090 1.294830 -0.147375
v -0.165220 1.288080 -0.143775
v -0.173390 1.281910 -0.140755
v -0.182280 1.274560 -0.137685
v -0.193540 1.261290 -0.137585
v -0.132670 1.301520 -0.157025
v -0.208140 1.244020 -0.135185
v -0.223090 1.225670 -0.133395
v -0.238840 1.210650 -0.132015
v -0.252330 1.197320 -0.129945
v -0.265340 1.186430 -0.128965
v -0.277830 1.175870 -0.128395
v -0.288460 1.167220 -0.125295
v -0.298130 1.158540 -0.122105
v -0.308470 1.149450 -0.115105
v -0.318990 1.139550 -0.103685
v -0.331210 1.126400 -0.088625
v -0.344520 1.111140 -0.067335
v -0.360410 1.096400 -0.043365
v -0.378870 1.081280 -0.018495
v -0.396780 1.070120 0.002985
v -0.410250 1.061290 0.019355
v -0.419940 1.054060 0.031975
v -0.427160 1.048550 0.041075
v -0.431490 1.044370 0.046275
v -0.437320 1.034590 0.053725
v -0.434250 1.039850 0.050485
v -0.437870 1.019850 0.152225
v -0.439290 1.023670 0.155765
v -0.434920 1.025630 0.150815
v -0.436320 1.021350 0.149315
v -0.434220 1.037010 0.143815
v -0.431600 1.029320 0.146455
v -0.424130 1.052330 0.131245
v -0.449680 1.038780 0.139105
v -0.432930 1.050920 0.130055
v -0.450970 1.031520 0.059775
v -0.440820 1.030060 0.057325
v -0.441620 1.039440 0.142765
v -0.430010 1.025510 0.064945
v -0.429410 1.033760 0.058895
v -0.423360 1.033370 0.069445
v -0.421960 1.038480 0.063605
v -0.418900 1.038770 0.075185
v -0.417430 1.042800 0.069445
v -0.415280 1.042980 0.080925
v -0.414810 1.047570 0.075285
v -0.411620 1.044820 0.087275
v -0.413760 1.051310 0.080925
v -0.411710 1.055180 0.089115
v -0.414200 1.061850 0.096195
v -0.419320 1.066870 0.099085
v -0.431670 1.020270 0.069715
v -0.424140 1.029240 0.073605
v -0.419060 1.032730 0.089975
v -0.414300 1.033670 0.096135
v -0.419560 1.035580 0.079155
v -0.415950 1.038360 0.084625
v -0.411470 1.039290 0.090905
v -0.427900 1.067020 0.099025
v -0.468650 1.009350 0.084785
v -0.344290 1.131030 -0.003935
v -0.362850 1.115090 0.016805
v -0.325530 1.147410 -0.022215
v -0.311400 1.161270 -0.038195
v -0.305090 1.166520 -0.048235
v -0.300880 1.170110 -0.053665
v -0.296250 1.174240 -0.055825
v -0.291080 1.179220 -0.056095
v -0.285120 1.185580 -0.055585
v -0.418850 1.067000 0.089835
v -0.415390 1.062570 0.086645
v -0.413280 1.057910 0.081495
v -0.412170 1.054790 0.075695
v -0.412650 1.050330 0.070985
v -0.415140 1.045290 0.065245
v -0.419520 1.040820 0.059405
v -0.427300 1.037290 0.054895
v -0.424690 1.039460 0.051515
v -0.438130 1.068840 0.075315
v -0.441190 1.065840 0.071695
v -0.446410 1.054500 0.060845
v -0.446390 1.050710 0.057785
v -0.417100 1.042610 0.055605
v -0.412540 1.047320 0.061145
v -0.443580 1.062290 0.067935
v -0.410160 1.052770 0.066885
v -0.445380 1.058370 0.064185
v -0.035420 1.224760 -0.153005
v -0.049530 1.224910 -0.151475
v -0.112130 1.221360 -0.135805
v -0.125200 1.219640 -0.125865
v -0.063880 1.225030 -0.149565
v -0.133730 1.211280 -0.054915
v -0.133530 1.216380 -0.114335
v -0.137700 1.213240 -0.099875
v -0.137870 1.210730 -0.079175
v -0.079340 1.224620 -0.147885
v 0.000000 1.222720 -0.147695
v -0.019910 1.224230 -0.150655
v -0.096280 1.223140 -0.144965
v -0.017530 1.206360 -0.146095
v -0.034090 1.206220 -0.149855
v -0.133060 1.190410 -0.074465
v -0.130970 1.192910 -0.051995
v 0.000000 1.204930 -0.143595
v -0.075510 1.206270 -0.142085
v -0.090530 1.204620 -0.136615
v -0.106600 1.201990 -0.129235
v -0.118930 1.200120 -0.119775
v -0.060920 1.206400 -0.144885
v -0.126330 1.196390 -0.108595
v -0.047930 1.206130 -0.148815
v -0.130890 1.193250 -0.093815
v -0.126820 1.203080 -0.031735
v -0.124760 1.171420 -0.088015
v -0.127590 1.169000 -0.068985
v -0.016960 1.186010 -0.142225
v -0.032120 1.186340 -0.144985
v -0.127880 1.171110 -0.048105
v 0.000000 1.183630 -0.137655
v -0.071530 1.184340 -0.136355
v -0.085460 1.182200 -0.131015
v -0.100210 1.178940 -0.123535
v -0.112340 1.176600 -0.114455
v -0.058250 1.184760 -0.140895
v -0.120390 1.173900 -0.103665
v -0.045960 1.184940 -0.144845
v -0.124250 1.181430 -0.028405
v -0.118440 1.147260 -0.079775
v -0.123350 1.146750 -0.062175
v -0.015600 1.162640 -0.137675
v -0.029460 1.161280 -0.137725
v -0.124710 1.149260 -0.043445
v 0.000000 1.162390 -0.135235
v -0.066810 1.158960 -0.131735
v -0.079590 1.156800 -0.126885
v -0.093220 1.153920 -0.118845
v -0.105400 1.151820 -0.108385
v -0.054800 1.160110 -0.135655
v -0.112410 1.149690 -0.092945
v -0.043250 1.160950 -0.138695
v -0.121300 1.156420 -0.024585
v -0.113440 1.124040 -0.073335
v -0.117070 1.123450 -0.057035
v -0.016250 1.135930 -0.131935
v -0.028990 1.136780 -0.133415
v -0.122460 1.126070 -0.038125
v 0.000000 1.134900 -0.131445
v -0.063050 1.134550 -0.127385
v -0.075010 1.133320 -0.123285
v -0.087840 1.130850 -0.115035
v -0.098700 1.127950 -0.099825
v -0.051970 1.135540 -0.130475
v -0.106960 1.125880 -0.087065
v -0.040810 1.136660 -0.132185
v -0.120120 1.132060 -0.019915
v -0.111070 1.101710 -0.070475
v -0.117050 1.102210 -0.055255
v -0.015790 1.112420 -0.128815
v -0.027920 1.113680 -0.129175
v -0.120340 1.103670 -0.036415
v 0.000000 1.112900 -0.126885
v -0.062080 1.112710 -0.124215
v -0.073610 1.110770 -0.118335
v -0.084690 1.107910 -0.107785
v -0.095210 1.105630 -0.095845
v -0.051150 1.113920 -0.128265
v -0.104730 1.103480 -0.084145
v -0.039640 1.114000 -0.129345
v -0.119230 1.107300 -0.018435
v -0.120770 1.082520 -0.038365
v -0.120700 1.083790 -0.020245
v -0.111990 1.081610 -0.071645
v -0.118710 1.082180 -0.057555
v -0.016370 1.091890 -0.129025
v -0.028130 1.092390 -0.128485
v 0.000000 1.091020 -0.127885
v -0.061420 1.091940 -0.122005
v -0.072950 1.089620 -0.115345
v -0.083750 1.087420 -0.104555
v -0.093120 1.084940 -0.092965
v -0.050210 1.093300 -0.125775
v -0.103520 1.083080 -0.082865
v -0.039340 1.093570 -0.127955
v -0.029380 1.074090 -0.129805
v -0.039990 1.075350 -0.128785
v -0.123110 1.066590 -0.042325
v -0.121640 1.066660 -0.024535
v -0.115180 1.065540 -0.075465
v -0.119850 1.065410 -0.061025
v -0.017250 1.072660 -0.129715
v 0.000000 1.072450 -0.129315
v -0.061860 1.073870 -0.121495
v -0.072970 1.071350 -0.112385
v -0.084090 1.069830 -0.103645
v -0.096320 1.068140 -0.095115
v -0.050750 1.075230 -0.126425
v -0.106450 1.066730 -0.085735
v -0.109430 1.054500 -0.089265
v -0.113280 1.043210 -0.093145
v -0.121650 1.043050 -0.081255
v -0.117650 1.054260 -0.078825
v -0.029230 1.058920 -0.133265
v -0.041040 1.060380 -0.130215
v -0.125640 1.053310 -0.045335
v -0.129460 1.041570 -0.048045
v -0.126340 1.040340 -0.030075
v -0.123670 1.052770 -0.027645
v -0.127420 1.042570 -0.066405
v -0.123640 1.053940 -0.063405
v -0.016860 1.056990 -0.134235
v 0.000000 1.055090 -0.132415
v -0.063240 1.059860 -0.121375
v -0.075200 1.057660 -0.114065
v -0.051770 1.060770 -0.126715
v -0.116630 1.030580 -0.096825
v -0.126850 1.030560 -0.084875
v -0.030100 1.047030 -0.135645
v -0.029990 1.035180 -0.139425
v -0.042050 1.034960 -0.135725
v -0.041860 1.047750 -0.132655
v -0.134250 1.028900 -0.050275
v -0.130400 1.027600 -0.031365
v -0.131520 1.030150 -0.069625
v -0.016690 1.046290 -0.137405
v -0.016240 1.035310 -0.140375
v 0.000000 1.044340 -0.134095
v 0.000000 1.034090 -0.135955
v -0.065290 1.046770 -0.123505
v -0.067060 1.033790 -0.128535
v -0.080600 1.032590 -0.122955
v -0.077970 1.045460 -0.117755
v -0.053290 1.047990 -0.129735
v -0.054260 1.034640 -0.132645
v -0.118870 1.209490 -0.015375
v -0.117320 1.188970 -0.013335
v -0.115720 1.084120 -0.004025
v -0.119640 1.067180 -0.007405
v -0.105710 1.065480 0.006065
v -0.102840 1.084210 0.009025
v -0.111910 1.109960 -0.002565
v -0.101940 1.111730 0.011315
v -0.111990 1.137090 -0.003765
v -0.028350 1.056360 0.037255
v -0.028230 1.036410 0.034375
v -0.011870 1.037630 0.035755
v -0.013240 1.057550 0.038445
v -0.102250 1.140470 0.011365
v 0.000000 1.040440 0.034375
v 0.000000 1.059560 0.037165
v -0.089870 1.140100 0.026345
v -0.069470 1.145050 0.040125
v -0.048270 1.054620 0.033225
v -0.047520 1.034860 0.030645
v -0.115130 1.165100 -0.007745
v -0.029880 1.106970 0.047225
v -0.029480 1.081850 0.042445
v -0.013180 1.085040 0.043785
v -0.013500 1.110530 0.048795
v -0.087400 1.114170 0.024545
v -0.068010 1.119810 0.037185
v 0.000000 1.085450 0.043125
v 0.000000 1.112010 0.048055
v -0.047830 1.100990 0.043035
v -0.047980 1.078030 0.037825
v -0.029380 1.133030 0.051435
v -0.013340 1.136540 0.052075
v 0.000000 1.138450 0.051145
v -0.047470 1.127480 0.047925
v -0.087400 1.084630 0.022125
v -0.068970 1.090220 0.035805
v -0.046420 1.152630 0.048315
v -0.030130 1.158060 0.050115
v -0.014870 1.161600 0.050055
v 0.000000 1.161020 0.049625
v -0.088980 1.065570 0.019035
v -0.068260 1.070750 0.030065
v -0.090270 1.051080 0.017455
v -0.091790 1.036700 0.014935
v -0.069370 1.035700 0.023975
v -0.068260 1.052800 0.026995
v -0.108300 1.051920 0.004615
v -0.109670 1.038260 0.003005
v -0.121260 1.052980 -0.010065
v -0.122500 1.039830 -0.011985
v -0.100230 1.055100 -0.099005
v -0.088450 1.056320 -0.107185
v -0.009950 1.019220 0.032515
v -0.005870 1.013760 0.029405
v 0.000000 1.016970 0.029105
v 0.000000 1.023640 0.029705
v -0.014180 1.002100 0.031635
v -0.008950 1.001340 0.029855
v -0.011860 0.982440 0.035295
v -0.007580 0.989110 0.030625
v 0.000000 0.973920 0.032715
v 0.000000 0.982010 0.031325
v -0.003470 1.008420 0.031395
v 0.000000 1.010290 0.031005
v -0.005340 1.000810 0.030495
v -0.004530 0.993460 0.029745
v 0.000000 0.989240 0.029735
v 0.000000 1.000810 0.026185
v -0.070260 1.019310 0.021335
v -0.049420 1.018670 0.028385
v -0.092110 1.021260 0.012805
v -0.125560 1.026160 -0.012675
v -0.111680 1.023880 0.001805
v -0.028990 1.020640 0.032785
v -0.093880 1.004670 0.011285
v -0.072110 1.002410 0.019755
v -0.114300 1.007970 0.000745
v -0.124490 1.017200 -0.107195
v -0.134170 1.016750 -0.090905
v -0.129750 1.011020 -0.013385
v -0.138770 1.016410 -0.072695
v -0.050930 1.000430 0.026765
v -0.136270 1.013220 -0.032525
v -0.141110 1.014900 -0.052315
v -0.031070 1.000280 0.030815
v -0.103660 1.043320 -0.102665
v -0.091200 1.044160 -0.110915
v -0.142350 0.995600 -0.034185
v -0.135160 0.993040 -0.014925
v -0.119180 0.989380 -0.000645
v -0.097170 0.985050 0.009815
v -0.147340 1.000180 -0.076125
v -0.148560 0.998000 -0.054215
v -0.052870 0.978190 0.026335
v -0.032840 0.977270 0.032145
v -0.074290 0.981780 0.018695
v -0.132810 1.000400 -0.116975
v -0.141550 0.999950 -0.097475
v -0.112410 1.016490 -0.116535
v -0.118720 0.999490 -0.129015
v -0.106590 1.030190 -0.106105
v -0.094140 1.031350 -0.116235
v -0.015330 1.020910 -0.143795
v -0.028900 1.019700 -0.143715
v -0.068600 1.019280 -0.136095
v -0.083160 1.018040 -0.130145
v -0.041860 1.020150 -0.140655
v -0.054410 1.019640 -0.137805
v 0.000000 1.020330 -0.140275
v -0.054000 1.000590 -0.147555
v -0.069570 1.000630 -0.146955
v -0.013930 1.001200 -0.149445
v -0.027670 1.001000 -0.150405
v -0.086000 1.000100 -0.143095
v -0.040540 1.000610 -0.148895
v 0.000000 1.000480 -0.149725
v -0.098340 1.017210 -0.124505
v -0.102730 0.999240 -0.136975
v 0.000000 0.954770 -0.167955
v 0.000000 0.928550 -0.178155
v -0.010400 0.929980 -0.179675
v -0.011530 0.953340 -0.170355
v -0.068900 0.955260 -0.177345
v -0.067640 0.931550 -0.191565
v -0.090010 0.930820 -0.189865
v -0.089020 0.955130 -0.175015
v -0.050240 0.954530 -0.174255
v -0.048100 0.931300 -0.189425
v -0.035070 0.954310 -0.173095
v -0.032330 0.930570 -0.184595
v -0.022920 0.953700 -0.171865
v -0.020010 0.929990 -0.181535
v -0.106400 0.976660 -0.151085
v -0.108040 0.954380 -0.164765
v -0.126690 0.955150 -0.154035
v -0.123930 0.977710 -0.142615
v -0.109250 0.930350 -0.179695
v -0.128130 0.930250 -0.164765
v -0.067060 0.904440 -0.202965
v -0.066240 0.876800 -0.211505
v -0.088620 0.876050 -0.209475
v -0.089250 0.903700 -0.201575
v -0.043670 0.905210 -0.199775
v -0.040890 0.875970 -0.206185
v -0.027630 0.904880 -0.193775
v -0.025270 0.875300 -0.201655
v -0.015590 0.903870 -0.188405
v -0.013250 0.874510 -0.194195
v -0.007670 0.903630 -0.186305
v -0.006810 0.873820 -0.187885
v 0.000000 0.903860 -0.184445
v 0.000000 0.873150 -0.186055
v -0.061550 0.852510 -0.209895
v -0.086190 0.851580 -0.206685
v -0.039170 0.852450 -0.206605
v -0.110660 0.903280 -0.192565
v -0.110560 0.875290 -0.198085
v -0.130590 0.874850 -0.179815
v -0.129260 0.902660 -0.175075
v -0.023850 0.851660 -0.202185
v -0.012310 0.850980 -0.193645
v -0.006450 0.851090 -0.185395
v 0.000000 0.851090 -0.183575
v 0.000000 0.826240 -0.171275
v -0.006430 0.825090 -0.177505
v -0.059640 0.829000 -0.204975
v -0.084550 0.828440 -0.203425
v -0.038020 0.828550 -0.202135
v -0.109840 0.850450 -0.197965
v -0.131590 0.850100 -0.180735
v -0.022680 0.827000 -0.196785
v -0.012490 0.825680 -0.185555
v 0.000000 0.803900 -0.152215
v -0.006260 0.801680 -0.159705
v -0.056830 0.804220 -0.194855
v -0.082190 0.805740 -0.197205
v -0.037740 0.805760 -0.191085
v -0.109200 0.827670 -0.194045
v -0.132580 0.827800 -0.178335
v -0.022100 0.803170 -0.181965
v -0.012040 0.802520 -0.170245
v -0.035280 0.777660 -0.167295
v -0.055090 0.770910 -0.170955
v -0.109260 0.806650 -0.188375
v -0.134820 0.807870 -0.173495
v -0.021980 0.779930 -0.163955
v -0.013440 0.783120 -0.146795
v -0.006530 0.783590 -0.136335
v 0.000000 0.786650 -0.130115
v -0.082000 0.780160 -0.183905
v -0.067790 0.749500 -0.164785
v -0.090060 0.759100 -0.174855
v -0.112500 0.786140 -0.179405
v -0.139530 0.790130 -0.166525
v -0.015610 0.772840 -0.127945
v -0.021950 0.766680 -0.139395
v -0.008160 0.775750 -0.120005
v 0.000000 0.780130 -0.116275
v -0.149730 0.978960 -0.102845
v -0.154020 0.955630 -0.108215
v -0.163390 0.956050 -0.083395
v -0.156750 0.979190 -0.079435
v -0.150960 0.975070 -0.036105
v -0.159440 0.952090 -0.038055
v -0.147340 0.948560 -0.019615
v -0.138070 0.971410 -0.018115
v -0.164100 0.954230 -0.059805
v -0.157750 0.977270 -0.056555
v -0.137550 0.978140 -0.125915
v -0.141140 0.955210 -0.132805
v -0.142130 0.929910 -0.139315
v -0.155750 0.931160 -0.113955
v -0.166310 0.930580 -0.087865
v -0.163620 0.927410 -0.040695
v -0.150650 0.924070 -0.021075
v -0.167350 0.929470 -0.063655
v -0.143740 0.903200 -0.146505
v -0.147150 0.875770 -0.152255
v -0.161230 0.875870 -0.123865
v -0.158120 0.903300 -0.119765
v -0.170430 0.875170 -0.095735
v -0.169060 0.903500 -0.092675
v -0.165200 0.900780 -0.042485
v -0.167230 0.872450 -0.042985
v -0.155710 0.869540 -0.020365
v -0.153610 0.897840 -0.020785
v -0.171570 0.874140 -0.069165
v -0.169640 0.903000 -0.067685
v -0.149750 0.851130 -0.153705
v -0.164040 0.850700 -0.125075
v -0.172750 0.848960 -0.095825
v -0.170730 0.846520 -0.041005
v -0.158440 0.842560 -0.017865
v -0.174160 0.847620 -0.068105
v -0.152460 0.829070 -0.152185
v -0.166480 0.828330 -0.123045
v -0.174720 0.826910 -0.093475
v -0.173820 0.826080 -0.037415
v -0.160910 0.822370 -0.015245
v -0.177010 0.826610 -0.064985
v -0.156690 0.809820 -0.148075
v -0.170720 0.809340 -0.118915
v -0.178140 0.808770 -0.089805
v -0.176630 0.808850 -0.033915
v -0.164190 0.806190 -0.013035
v -0.180990 0.809240 -0.061415
v -0.161190 0.793230 -0.143125
v -0.174700 0.793280 -0.114965
v -0.181940 0.792750 -0.086545
v -0.083560 0.778950 0.001865
v -0.089250 0.761950 0.001175
v -0.062140 0.754970 -0.008385
v -0.055730 0.773730 -0.008375
v -0.184930 0.792750 -0.058725
v -0.167270 0.790300 -0.011535
v -0.170670 0.775530 -0.010375
v -0.152190 0.772510 0.000705
v -0.148010 0.787810 0.000315
v -0.037170 0.917610 0.029175
v -0.037410 0.886650 0.025455
v -0.018150 0.880250 0.027225
v -0.017610 0.913160 0.032055
v -0.098540 0.962280 0.007975
v -0.100490 0.937330 0.005515
v -0.077710 0.930500 0.014305
v -0.076370 0.956300 0.016955
v -0.056990 0.923610 0.023375
v -0.055310 0.951130 0.025175
v -0.035410 0.947270 0.031725
v -0.121670 0.967190 -0.003105
v -0.125160 0.943510 -0.005345
v -0.129990 0.919990 -0.005245
v -0.102900 0.911640 0.003925
v -0.078630 0.903440 0.012455
v -0.057540 0.894570 0.019025
v 0.000000 0.878000 0.027975
v 0.000000 0.911020 0.032675
v -0.134170 0.892770 -0.004065
v -0.135430 0.865040 -0.003945
v -0.107960 0.858270 0.005145
v -0.105480 0.884950 0.004125
v -0.078550 0.875380 0.008425
v -0.079330 0.849590 0.007495
v -0.052770 0.838650 0.006165
v -0.056160 0.865520 0.014355
v -0.016710 0.849530 0.019795
v -0.015030 0.824720 0.011185
v 0.000000 0.823650 0.011535
v 0.000000 0.847920 0.020075
v -0.030960 0.829060 0.009455
v -0.035350 0.856280 0.019195
v -0.137620 0.838480 -0.002245
v -0.109380 0.833180 0.006015
v -0.078610 0.827090 0.005735
v -0.049080 0.818550 -0.001095
v -0.013510 0.805690 0.001425
v 0.000000 0.803410 0.001435
v -0.026400 0.809890 0.001115
v -0.140400 0.819170 -0.001105
v -0.109790 0.814600 0.005575
v -0.076510 0.809410 0.003825
v -0.040620 0.802220 -0.005915
v -0.011780 0.793910 -0.007305
v 0.000000 0.791780 -0.007535
v -0.023250 0.797610 -0.007115
v -0.144320 0.803500 -0.000245
v -0.111910 0.799020 0.004885
v -0.078530 0.793670 0.002365
v -0.008990 0.781650 -0.025755
v -0.008370 0.776320 -0.048185
v 0.000000 0.775170 -0.046535
v 0.000000 0.780140 -0.023775
v -0.018430 0.785450 -0.027345
v -0.014950 0.778850 -0.049765
v -0.025220 0.784890 -0.028705
v -0.022360 0.774110 -0.051805
v -0.014800 0.944450 0.035015
v 0.000000 0.943530 0.034935
v 0.000000 0.974440 -0.160305
v -0.012910 0.974580 -0.161205
v -0.069320 0.977160 -0.160805
v -0.088210 0.977400 -0.159095
v -0.052180 0.976780 -0.160595
v -0.037880 0.976700 -0.160745
v -0.025250 0.976180 -0.160945
v -0.049000 0.786830 -0.009285
v -0.185150 0.779860 -0.084265
v -0.177130 0.779950 -0.112605
v -0.163760 0.778530 -0.140305
v -0.142900 0.773210 -0.160755
v -0.115820 0.783630 0.004275
v -0.188460 0.779410 -0.056865
v -0.117060 0.766720 -0.170755
v -0.024750 0.754810 -0.072735
v -0.020700 0.765550 -0.070735
v -0.026440 0.761240 -0.052935
v -0.032410 0.772080 -0.029215
v -0.120460 0.767210 0.003865
v -0.031490 0.747470 -0.053455
v -0.038430 0.758850 -0.029265
v -0.029550 0.741190 -0.074215
v -0.037670 0.732230 -0.053845
v -0.044760 0.742700 -0.029525
v -0.035580 0.726130 -0.075805
v -0.179850 0.793270 -0.031745
v -0.182780 0.779140 -0.030615
v -0.030940 0.759470 -0.143145
v -0.042950 0.748580 -0.145365
v -0.053030 0.735250 -0.145985
v -0.042160 0.709160 -0.077115
v -0.044140 0.714170 -0.053945
v -0.125350 0.749590 0.003405
v -0.155930 0.756810 0.000855
v -0.098150 0.743260 -0.171635
v -0.122570 0.751860 -0.168095
v -0.059770 0.720330 -0.146325
v -0.076770 0.732470 -0.160825
v -0.166980 0.765410 -0.139305
v -0.179600 0.767520 -0.111545
v -0.174550 0.761410 -0.009625
v -0.146920 0.759210 -0.158915
v -0.186260 0.765900 -0.029815
v -0.095090 0.741790 0.000415
v -0.070190 0.733000 -0.009435
v -0.187490 0.767510 -0.083135
v -0.191050 0.767140 -0.055805
v -0.052160 0.722070 -0.030065
v -0.104470 0.723940 -0.169015
v -0.127920 0.734390 -0.167175
v -0.151900 0.742450 -0.157805
v -0.102710 0.718060 -0.000725
v -0.130960 0.728430 0.002985
v -0.190340 0.749490 -0.082935
v -0.183190 0.749860 -0.110895
v -0.083120 0.712410 -0.158675
v -0.051250 0.690930 -0.054795
v -0.060830 0.697520 -0.031665
v -0.193880 0.749370 -0.055905
v -0.159550 0.736510 0.001075
v -0.179060 0.742580 -0.009535
v -0.190570 0.747570 -0.029865
v -0.048870 0.688070 -0.078235
v -0.171370 0.748020 -0.138265
v -0.078310 0.708090 -0.011595
v -0.065030 0.702570 -0.145255
v -0.116290 0.653670 -0.001745
v -0.092950 0.643600 -0.015535
v -0.086610 0.677940 -0.014045
v -0.110180 0.688300 -0.002265
v -0.077410 0.635050 -0.035675
v -0.068050 0.668460 -0.033645
v -0.068820 0.628920 -0.057555
v -0.085080 0.599490 -0.035295
v -0.077530 0.593670 -0.057215
v -0.065290 0.625770 -0.079545
v -0.073230 0.590020 -0.078535
v -0.073320 0.589370 -0.099605
v -0.065270 0.625250 -0.101225
v -0.071150 0.628250 -0.120595
v -0.063920 0.663380 -0.122395
v -0.055160 0.659220 -0.101935
v -0.080930 0.634260 -0.138835
v -0.072010 0.670060 -0.142655
v -0.096920 0.644830 -0.152505
v -0.088710 0.681860 -0.156725
v -0.115600 0.656170 -0.160965
v -0.108050 0.694490 -0.166725
v -0.137700 0.666440 -0.161505
v -0.132200 0.704480 -0.165565
v -0.161670 0.673440 -0.151595
v -0.142820 0.626860 -0.154925
v -0.165980 0.633470 -0.144545
v -0.178750 0.677840 -0.133365
v -0.174390 0.717260 -0.135945
v -0.156310 0.712890 -0.155275
v -0.194540 0.551520 -0.084345
v -0.195680 0.593870 -0.082935
v -0.193980 0.593720 -0.101655
v -0.191620 0.550040 -0.100625
v -0.116050 0.566150 -0.140365
v -0.123140 0.525250 -0.138265
v -0.139110 0.531860 -0.142305
v -0.131850 0.574320 -0.145895
v -0.093990 0.516870 -0.056965
v -0.085270 0.554840 -0.056885
v -0.091340 0.560150 -0.035635
v -0.099070 0.521810 -0.038065
v -0.195930 0.550140 -0.068585
v -0.196150 0.594380 -0.066045
v -0.158710 0.541680 -0.014035
v -0.153430 0.584950 -0.004275
v -0.174830 0.590500 -0.009955
v -0.176370 0.547590 -0.022555
v -0.190050 0.549990 -0.036225
v -0.188270 0.593920 -0.026105
v -0.195900 0.595400 -0.046415
v -0.195320 0.550560 -0.052555
v -0.093060 0.513950 -0.076055
v -0.083470 0.551610 -0.077615
v -0.184950 0.591780 -0.121515
v -0.186460 0.547190 -0.118395
v -0.129150 0.576690 -0.006795
v -0.136850 0.535930 -0.014565
v -0.113780 0.528480 -0.020045
v -0.104100 0.567730 -0.015795
v -0.170680 0.587440 -0.136065
v -0.174260 0.543220 -0.132155
v -0.097680 0.558610 -0.132595
v -0.108490 0.519040 -0.127465
v -0.156610 0.538510 -0.141755
v -0.149850 0.580940 -0.145995
v -0.194740 0.523870 -0.071225
v -0.194300 0.524020 -0.056755
v -0.174770 0.516750 -0.132385
v -0.186440 0.519730 -0.117765
v -0.189530 0.523020 -0.042825
v -0.178370 0.519430 -0.030695
v -0.113630 0.492400 -0.126595
v -0.127040 0.497730 -0.138075
v -0.141710 0.505170 -0.142305
v -0.158040 0.511480 -0.139885
v -0.141530 0.510600 -0.022735
v -0.162300 0.516260 -0.020025
v -0.194690 0.523580 -0.085705
v -0.191920 0.522390 -0.101235
v -0.100900 0.491240 -0.057855
v -0.107550 0.496170 -0.041015
v -0.099300 0.488620 -0.075055
v -0.122380 0.505130 -0.026195
v -0.146410 0.491100 -0.021545
v -0.163010 0.495540 -0.022675
v -0.195330 0.504200 -0.087535
v -0.193670 0.503930 -0.103055
v -0.128630 0.480680 -0.138015
v -0.142770 0.487440 -0.142415
v -0.105880 0.473970 -0.059725
v -0.113920 0.478330 -0.042655
v -0.195670 0.503790 -0.073055
v -0.177080 0.499070 -0.033755
v -0.185670 0.500830 -0.046225
v -0.191940 0.502320 -0.059375
v -0.101810 0.471820 -0.076645
v -0.187390 0.502090 -0.119565
v -0.129550 0.485130 -0.026435
v -0.174630 0.498730 -0.132405
v -0.116580 0.475950 -0.125805
v -0.158290 0.493430 -0.139375
v -0.198390 0.486460 -0.074865
v -0.194080 0.484260 -0.060935
v -0.175330 0.483810 -0.133225
v -0.188370 0.487470 -0.121395
v -0.187480 0.482120 -0.047525
v -0.177800 0.479720 -0.035795
v -0.118480 0.462080 -0.126015
v -0.130240 0.467100 -0.137325
v -0.144200 0.473140 -0.143055
v -0.160730 0.478980 -0.141535
v -0.147430 0.472930 -0.021345
v -0.164820 0.476600 -0.025355
v -0.197840 0.487630 -0.089345
v -0.196720 0.488610 -0.104865
v -0.109090 0.458030 -0.061265
v -0.117670 0.461840 -0.043715
v -0.103930 0.456400 -0.078475
v -0.133640 0.468630 -0.025365
v -0.150940 0.456180 -0.022365
v -0.168300 0.459060 -0.024285
v -0.199560 0.471610 -0.091415
v -0.198140 0.473300 -0.106935
v -0.132310 0.454060 -0.137755
v -0.145830 0.459650 -0.144625
v -0.110000 0.441730 -0.062815
v -0.119440 0.445350 -0.045185
v -0.200750 0.469820 -0.076675
v -0.181340 0.461820 -0.035525
v -0.191470 0.464930 -0.048295
v -0.196640 0.467140 -0.062225
v -0.105440 0.440720 -0.080205
v -0.189310 0.473730 -0.123525
v -0.136610 0.452570 -0.026315
v -0.176270 0.470180 -0.134615
v -0.121040 0.448370 -0.126875
v -0.162620 0.465390 -0.143295
v -0.154520 0.439640 -0.025485
v -0.140240 0.436040 -0.029475
v -0.202720 0.453060 -0.078755
v -0.196920 0.449840 -0.064305
v -0.178280 0.455380 -0.136935
v -0.191370 0.458360 -0.125685
v -0.192030 0.447980 -0.049865
v -0.183520 0.445190 -0.035285
v -0.123940 0.432810 -0.129635
v -0.135630 0.439140 -0.139355
v -0.148940 0.444790 -0.146365
v -0.165300 0.450670 -0.145175
v -0.171560 0.442640 -0.026235
v -0.202240 0.455070 -0.093235
v -0.200100 0.457080 -0.109015
v -0.113040 0.424610 -0.065395
v -0.124010 0.428590 -0.048125
v -0.109860 0.424150 -0.082635
v -0.157060 0.421860 -0.029915
v -0.173620 0.426400 -0.031515
v -0.206020 0.438630 -0.095815
v -0.205990 0.440510 -0.112095
v -0.138460 0.421090 -0.144345
v -0.152360 0.427220 -0.150585
v -0.120800 0.406310 -0.069365
v -0.130630 0.410290 -0.053155
v -0.206440 0.437420 -0.080815
v -0.184670 0.429910 -0.039315
v -0.192640 0.432130 -0.052455
v -0.200300 0.434610 -0.066375
v -0.119590 0.406280 -0.086115
v -0.195860 0.440260 -0.128685
v -0.145250 0.418050 -0.036265
v -0.183250 0.437860 -0.140825
v -0.127860 0.414430 -0.133295
v -0.169440 0.433230 -0.149115
v -0.196670 0.417400 -0.055295
v -0.204640 0.419720 -0.068435
v -0.127250 0.385750 -0.090905
v -0.130190 0.385940 -0.073785
v -0.202380 0.422260 -0.133645
v -0.210220 0.423120 -0.115705
v -0.162800 0.403540 -0.038595
v -0.151360 0.398090 -0.044705
v -0.210630 0.421920 -0.082875
v -0.189210 0.419200 -0.147025
v -0.186820 0.414070 -0.043695
v -0.131720 0.393250 -0.137425
v -0.141460 0.400570 -0.149545
v -0.156450 0.407630 -0.155435
v -0.172950 0.413680 -0.154165
v -0.175450 0.409240 -0.038315
v -0.211280 0.422390 -0.098645
v -0.138770 0.390010 -0.058975
v -0.193890 0.400760 -0.152045
v -0.176740 0.393510 -0.159725
v -0.167080 0.381870 -0.048915
v -0.178200 0.388980 -0.046615
v -0.218860 0.405550 -0.101455
v -0.217960 0.405790 -0.119305
v -0.144590 0.378080 -0.155765
v -0.159760 0.386350 -0.161455
v -0.136380 0.363340 -0.078375
v -0.145400 0.367580 -0.065555
v -0.215610 0.404510 -0.084935
v -0.189560 0.395090 -0.049395
v -0.199760 0.398240 -0.059045
v -0.208830 0.401270 -0.069845
v -0.130810 0.362210 -0.093465
v -0.208370 0.405190 -0.138335
v -0.156670 0.375190 -0.054635
v -0.133660 0.369930 -0.142705
v -0.203910 0.375280 -0.061415
v -0.213600 0.378350 -0.072645
v -0.135090 0.338020 -0.096385
v -0.141790 0.339150 -0.081985
v -0.217510 0.383420 -0.142265
v -0.227930 0.384290 -0.122885
v -0.171760 0.356840 -0.057215
v -0.162380 0.350130 -0.062265
v -0.223390 0.382840 -0.086725
v -0.201370 0.377710 -0.157675
v -0.192860 0.371130 -0.055235
v -0.135850 0.346580 -0.149625
v -0.146540 0.352520 -0.162245
v -0.162600 0.361080 -0.167535
v -0.182120 0.369550 -0.166815
v -0.181670 0.364170 -0.053785
v -0.229130 0.384700 -0.103745
v -0.152000 0.343560 -0.071285
v -0.141110 0.319170 -0.151255
v -0.151460 0.325050 -0.166295
v -0.167090 0.332710 -0.173625
v -0.189990 0.341170 -0.173175
v -0.210600 0.348490 -0.162685
v -0.176260 0.328610 -0.062695
v -0.185540 0.335300 -0.056715
v -0.237200 0.357940 -0.105165
v -0.238190 0.357110 -0.126905
v -0.151030 0.314470 -0.085675
v -0.160120 0.318220 -0.075385
v -0.229970 0.355670 -0.086675
v -0.196230 0.341850 -0.058945
v -0.207670 0.346810 -0.063305
v -0.218040 0.350200 -0.073715
v -0.142330 0.312550 -0.098695
v -0.228550 0.354460 -0.146815
v -0.168330 0.323230 -0.067335
v -0.242170 0.323020 -0.103745
v -0.232700 0.320220 -0.085755
v -0.189290 0.303390 -0.060865
v -0.199910 0.309230 -0.060925
v -0.210990 0.313740 -0.064665
v -0.221520 0.316740 -0.073335
v -0.152260 0.285240 -0.100165
v -0.160500 0.287500 -0.088245
v -0.235280 0.320660 -0.148565
v -0.243480 0.323480 -0.127375
v -0.180890 0.298330 -0.066345
v -0.173830 0.294130 -0.071405
v -0.218560 0.315540 -0.165635
v -0.147170 0.289180 -0.151005
v -0.157890 0.294140 -0.167615
v -0.175180 0.300880 -0.174055
v -0.197420 0.308580 -0.173985
v -0.167020 0.290440 -0.078175
v -0.157570 0.258650 -0.147915
v -0.166780 0.262650 -0.164355
v -0.181540 0.268030 -0.169825
v -0.200520 0.274010 -0.168365
v -0.220080 0.280590 -0.163735
v -0.185890 0.266050 -0.071125
v -0.193260 0.269200 -0.067205
v -0.243680 0.285840 -0.101735
v -0.244140 0.287410 -0.122925
v -0.168720 0.257410 -0.090405
v -0.174330 0.260130 -0.081685
v -0.234760 0.283000 -0.084435
v -0.203040 0.273570 -0.065005
v -0.213770 0.277860 -0.066085
v -0.224160 0.280300 -0.072215
v -0.162910 0.255690 -0.101645
v -0.237630 0.285610 -0.147665
v -0.179380 0.262970 -0.074885
v -0.176300 0.223050 -0.090305
v -0.181790 0.225110 -0.083155
v -0.242180 0.239560 -0.102235
v -0.235600 0.238400 -0.087985
v -0.199240 0.230650 -0.071755
v -0.207620 0.232850 -0.070075
v -0.216930 0.234990 -0.071375
v -0.226100 0.236580 -0.076915
v -0.171320 0.221620 -0.100415
v -0.235930 0.240560 -0.141025
v -0.242300 0.240690 -0.121275
v -0.192700 0.229020 -0.074615
v -0.186960 0.227100 -0.077935
v -0.222690 0.238300 -0.154925
v -0.171790 0.224530 -0.141715
v -0.178430 0.227900 -0.154155
v -0.189840 0.231540 -0.161215
v -0.205910 0.235100 -0.160855
v -0.219690 0.060980 -0.152585
v -0.219470 0.049710 -0.155165
v -0.233970 0.049110 -0.153925
v -0.234020 0.060430 -0.151525
v -0.194440 0.067670 -0.112505
v -0.190200 0.070830 -0.094925
v -0.190920 0.059990 -0.096175
v -0.192410 0.056120 -0.115015
v -0.257860 0.057830 -0.104895
v -0.255460 0.055380 -0.088775
v -0.252440 0.063880 -0.086455
v -0.259490 0.068160 -0.102655
v -0.248900 0.074960 -0.083615
v -0.257180 0.078890 -0.101435
v -0.249440 0.090930 -0.090065
v -0.253820 0.091070 -0.103175
v -0.246760 0.107640 -0.094845
v -0.249240 0.106750 -0.104355
v -0.243080 0.129990 -0.096805
v -0.245320 0.129940 -0.105635
v -0.239740 0.179980 -0.093495
v -0.243990 0.179830 -0.104825
v -0.243770 0.179580 -0.119235
v -0.246060 0.131310 -0.117185
v -0.238800 0.178870 -0.133855
v -0.241980 0.130860 -0.128215
v -0.246000 0.107450 -0.126005
v -0.250510 0.106680 -0.116225
v -0.224660 0.180150 -0.076795
v -0.216660 0.179500 -0.074575
v -0.215060 0.132070 -0.074435
v -0.203820 0.178170 -0.076225
v -0.209700 0.178870 -0.074485
v -0.220950 0.132400 -0.074475
v -0.192810 0.174750 -0.144015
v -0.199400 0.126850 -0.136885
v -0.211550 0.123670 -0.144355
v -0.204210 0.175140 -0.151195
v -0.199050 0.131920 -0.085115
v -0.186970 0.176740 -0.089655
v -0.192570 0.177310 -0.083165
v -0.204240 0.132070 -0.078765
v -0.238890 0.131320 -0.086705
v -0.232540 0.180040 -0.083015
v -0.227000 0.133000 -0.076385
v -0.194020 0.131040 -0.093775
v -0.182210 0.176020 -0.098515
v -0.209580 0.131980 -0.076605
v -0.198170 0.177610 -0.078905
v -0.232950 0.133380 -0.079405
v -0.230100 0.177310 -0.145145
v -0.234950 0.128610 -0.138965
v -0.185110 0.174670 -0.133825
v -0.192880 0.127700 -0.127395
v -0.225830 0.125810 -0.146185
v -0.217950 0.176220 -0.151745
v -0.215890 0.109760 -0.069515
v -0.211080 0.110530 -0.072055
v -0.241230 0.108270 -0.083835
v -0.234440 0.110370 -0.077425
v -0.249890 0.091450 -0.126505
v -0.255180 0.091260 -0.115865
v -0.222140 0.109720 -0.070975
v -0.213100 0.072820 -0.041665
v -0.206840 0.073450 -0.041645
v -0.205240 0.085040 -0.061675
v -0.211640 0.085530 -0.058095
v -0.228520 0.110480 -0.072695
v -0.181500 0.022190 0.049035
v -0.181390 0.022800 0.045735
v -0.185340 0.029040 0.045735
v -0.186210 0.028960 0.049065
v -0.204530 0.020730 0.059355
v -0.203950 0.019780 0.062145
v -0.200350 0.024050 0.060075
v -0.200380 0.025090 0.058145
v -0.189360 0.015080 0.080945
v -0.188960 0.012040 0.078475
v -0.185270 0.015680 0.075745
v -0.187210 0.017510 0.077345
v -0.203070 0.020260 0.066245
v -0.202150 0.020960 0.067755
v -0.199590 0.022400 0.063485
v -0.200080 0.022910 0.062665
v -0.185880 0.006880 0.072335
v -0.183000 0.005940 0.065085
v -0.179280 0.011350 0.063545
v -0.181680 0.012310 0.068775
v -0.182860 0.006800 0.051025
v -0.179460 0.013040 0.051025
v -0.177330 0.011570 0.055145
v -0.181340 0.006100 0.055215
v -0.180890 0.022030 0.052025
v -0.186400 0.028300 0.051455
v -0.184030 0.008750 0.045165
v -0.181320 0.014570 0.044575
v -0.180250 0.014040 0.048355
v -0.183690 0.007370 0.047785
v -0.180750 0.021510 0.054805
v -0.186660 0.027800 0.054035
v -0.200870 0.006360 0.051045
v -0.195360 0.002430 0.050925
v -0.197570 0.002580 0.055095
v -0.202580 0.006360 0.055085
v -0.198330 0.007460 0.045955
v -0.193840 0.003820 0.045825
v -0.194590 0.002870 0.048125
v -0.198970 0.006800 0.048155
v -0.203920 0.008590 0.070585
v -0.204310 0.007860 0.065345
v -0.200370 0.002580 0.066685
v -0.200330 0.005180 0.072125
v -0.202040 0.015900 0.078515
v -0.202700 0.013260 0.076855
v -0.199880 0.011420 0.078215
v -0.199810 0.014710 0.080235
v -0.200670 0.020990 0.068565
v -0.199050 0.021890 0.064385
v -0.201490 0.017430 0.077755
v -0.201990 0.018600 0.076535
v -0.203170 0.017640 0.076115
v -0.189870 0.016980 0.078955
v -0.188630 0.018390 0.078065
v -0.198960 0.027080 0.047535
v -0.198700 0.027580 0.044995
v -0.201490 0.023210 0.045705
v -0.202110 0.023030 0.047735
v -0.186670 0.025760 0.059275
v -0.187230 0.024770 0.061275
v -0.183690 0.020120 0.063875
v -0.181530 0.020620 0.059665
v -0.188230 0.023710 0.063995
v -0.188970 0.022630 0.065075
v -0.187520 0.020930 0.070205
v -0.186270 0.020970 0.069035
v -0.199670 0.026690 0.050995
v -0.203100 0.022710 0.050815
v -0.199760 0.026630 0.053445
v -0.203980 0.022360 0.053375
v -0.189770 0.021800 0.065575
v -0.188250 0.020710 0.070445
v -0.192310 0.013960 0.081205
v -0.192380 0.010890 0.078925
v -0.190330 0.004650 0.073105
v -0.187780 0.002150 0.067985
v -0.187050 0.001590 0.051415
v -0.186960 0.000620 0.055135
v -0.187150 0.004620 0.044905
v -0.187550 0.002870 0.047945
v -0.204740 0.010830 0.050295
v -0.205620 0.010690 0.055055
v -0.203410 0.011770 0.045885
v -0.204030 0.011620 0.047835
v -0.205260 0.011700 0.069735
v -0.205360 0.011490 0.064255
v -0.204130 0.015270 0.074355
v -0.199570 0.016230 0.079635
v -0.192060 0.015810 0.080205
v -0.193660 0.026900 0.058725
v -0.193200 0.029100 0.054255
v -0.222430 0.018860 0.066085
v -0.222130 0.018790 0.069105
v -0.219310 0.021630 0.069355
v -0.219270 0.022260 0.067835
v -0.211280 0.015860 0.079695
v -0.210640 0.014080 0.079045
v -0.209970 0.015990 0.076415
v -0.210650 0.017070 0.077235
v -0.220880 0.019610 0.072695
v -0.220300 0.019340 0.073285
v -0.219020 0.020620 0.071655
v -0.219250 0.021250 0.071225
v -0.208780 0.010860 0.073405
v -0.208250 0.007810 0.064615
v -0.207700 0.015420 0.066675
v -0.208080 0.015230 0.072125
v -0.222180 0.019160 0.063335
v -0.219200 0.024590 0.065575
v -0.190640 0.032490 -0.121255
v -0.191610 0.039850 -0.099965
v -0.192310 0.030370 -0.101045
v -0.189580 0.020850 -0.123085
v -0.222200 0.010740 0.073615
v -0.222170 0.008400 0.064155
v -0.218070 0.004790 0.064235
v -0.218460 0.007320 0.076535
v -0.220460 0.015920 0.078875
v -0.221020 0.014450 0.078125
v -0.218500 0.012740 0.080155
v -0.218090 0.015000 0.080745
v -0.219310 0.019140 0.073745
v -0.218590 0.020020 0.072215
v -0.219510 0.017030 0.079135
v -0.220080 0.017730 0.077435
v -0.220790 0.016900 0.076555
v -0.211870 0.016860 0.079355
v -0.211360 0.017760 0.077565
v -0.192920 0.020530 -0.101495
v -0.192940 0.014270 -0.121155
v -0.208960 0.009080 0.058775
v -0.208020 0.016260 0.062195
v -0.221180 0.009260 0.058225
v -0.218080 0.007090 0.057115
v -0.211570 0.022460 0.068155
v -0.211550 0.021720 0.069695
v -0.209370 0.020660 0.069925
v -0.209490 0.022160 0.067895
v -0.211960 0.020690 0.071435
v -0.212220 0.020100 0.072005
v -0.210950 0.018780 0.073285
v -0.210390 0.019200 0.072795
v -0.211560 0.024680 0.065855
v -0.209450 0.022530 0.064465
v -0.212670 0.019630 0.072475
v -0.212070 0.018820 0.073755
v -0.213230 0.015020 0.080655
v -0.212940 0.012710 0.080505
v -0.211610 0.007780 0.076505
v -0.211940 0.004440 0.064575
v -0.223240 0.014190 0.070695
v -0.223130 0.013100 0.064705
v -0.221520 0.016340 0.075885
v -0.218290 0.016090 0.079875
v -0.212970 0.016170 0.080175
v -0.212490 0.006350 0.057685
v -0.222480 0.013560 0.060175
v -0.017290 1.506200 0.038935
v -0.017570 1.505750 0.036975
v -0.033400 1.520710 0.033165
v -0.028300 1.518100 0.034945
v -0.021360 1.522230 0.034815
v -0.024250 1.524700 0.034205
v -0.014030 1.530400 0.034705
v -0.012970 1.527840 0.036835
v -0.009740 1.530820 0.038655
v -0.010500 1.533670 0.036255
v -0.003410 1.526540 0.047155
v -0.003470 1.530860 0.044905
v -0.006430 1.529440 0.043245
v -0.006300 1.525450 0.045635
v -0.018190 1.527550 0.033865
v -0.016780 1.525060 0.035545
v 0.000000 1.527220 0.048335
v 0.000000 1.531610 0.046205
v -0.016450 1.502900 0.038495
v -0.025050 1.527020 0.033385
v -0.019220 1.529580 0.033185
v -0.019690 1.531410 0.032275
v -0.025460 1.529270 0.032415
v 0.000000 1.588670 0.041425
v -0.006010 1.588520 0.041065
v -0.015810 1.587790 0.039555
v -0.025840 1.586260 0.035825
v -0.035410 1.583560 0.030315
v -0.012220 1.495840 0.041745
v -0.018570 1.500240 0.037115
v -0.016400 1.496770 0.039265
v -0.005890 1.508430 0.056175
v -0.024990 1.487240 0.035685
v -0.020120 1.541830 0.028245
v -0.019370 1.541140 0.028405
v -0.018560 1.540670 0.028525
v -0.017640 1.539840 0.028565
v -0.014930 1.537780 0.030645
v -0.016320 1.538900 0.028945
v -0.045130 1.579830 0.023925
v -0.020120 1.506580 0.036265
v -0.032700 1.524910 0.032035
v -0.018230 1.536040 0.011035
v -0.018590 1.536590 0.008855
v -0.019580 1.537590 0.005985
v -0.053130 1.574870 0.016235
v -0.005840 1.456210 0.038695
v 0.000000 1.455530 0.039865
v -0.032360 1.527970 0.031195
v -0.014180 1.508300 0.047385
v -0.065450 1.537890 -0.005465
v -0.063830 1.538940 -0.000575
v -0.013090 1.457910 0.036425
v -0.022820 1.501210 0.035905
v -0.019410 1.460290 0.032975
v -0.024830 1.463060 0.030375
v -0.029120 1.466040 0.028325
v -0.017120 1.516500 0.037225
v -0.020340 1.512790 0.036315
v -0.031940 1.468960 0.027045
v -0.033010 1.472740 0.027195
v -0.033280 1.476660 0.027855
v -0.032210 1.480700 0.029345
v -0.030050 1.484610 0.031675
v -0.026570 1.489330 0.034585
v -0.030900 1.497260 0.032355
v -0.033920 1.492190 0.030315
v -0.029480 1.490940 0.032855
v -0.026050 1.495870 0.034475
v -0.058610 1.568390 0.007885
v -0.062210 1.561340 -0.000025
v -0.064510 1.553310 -0.005775
v -0.066170 1.544980 -0.009615
v -0.062380 1.507350 -0.002775
v -0.063060 1.502880 -0.009285
v -0.059740 1.495470 -0.004455
v -0.059050 1.501010 0.002375
v -0.066840 1.536920 -0.010925
v -0.066640 1.529100 -0.011045
v -0.065390 1.530930 -0.005495
v -0.066060 1.521560 -0.009685
v -0.064860 1.524240 -0.004095
v -0.064780 1.514270 -0.006885
v -0.063690 1.517820 -0.001245
v -0.061570 1.511690 0.002915
v -0.058190 1.505990 0.008045
v -0.044510 1.464960 0.005785
v -0.007210 1.444490 0.036895
v 0.000000 1.443870 0.038315
v 0.000000 1.449440 0.039935
v -0.006760 1.450070 0.038975
v -0.038270 1.481650 0.025145
v -0.038770 1.475600 0.022465
v -0.036070 1.476120 0.025475
v -0.035000 1.481190 0.027445
v -0.009420 1.527310 0.041355
v -0.014670 1.446090 0.034905
v -0.015120 1.441790 0.032145
v -0.007590 1.440030 0.034275
v -0.037790 1.469520 0.020665
v -0.035410 1.471150 0.024345
v -0.031840 1.458840 0.022655
v -0.033140 1.455940 0.019425
v -0.028060 1.450630 0.023305
v -0.027030 1.453740 0.025865
v -0.021000 1.449550 0.030355
v -0.021980 1.445530 0.027825
v -0.035460 1.463950 0.020765
v -0.040120 1.468030 0.016545
v -0.037170 1.461650 0.016935
v -0.007170 1.437580 0.032325
v 0.000000 1.436820 0.033475
v 0.000000 1.439430 0.035515
v -0.015060 1.439630 0.029945
v -0.021970 1.443260 0.025715
v -0.056730 1.510670 0.012645
v -0.060470 1.515640 0.007815
v -0.065860 1.510710 -0.012985
v -0.062550 1.521100 0.003805
v -0.063510 1.526900 0.000805
v -0.012270 1.524820 0.039145
v -0.015310 1.522110 0.037035
v -0.063870 1.532850 -0.000405
v -0.067880 1.527260 -0.016895
v -0.068240 1.536080 -0.016375
v -0.069050 1.535460 -0.021635
v -0.068790 1.525660 -0.022515
v -0.067570 1.545120 -0.014785
v -0.068290 1.545480 -0.019665
v -0.062320 1.539980 0.003655
v -0.062480 1.534750 0.003755
v -0.062210 1.529530 0.005035
v -0.060940 1.524310 0.007685
v -0.058530 1.519320 0.011625
v -0.054970 1.514970 0.016405
v -0.067180 1.518850 -0.015755
v -0.067960 1.516370 -0.021895
v -0.006050 1.593510 0.039445
v 0.000000 1.593810 0.039795
v -0.016000 1.593480 0.037665
v -0.036740 1.588960 0.028735
v -0.026080 1.591830 0.033925
v -0.046880 1.584690 0.021685
v -0.065950 1.554690 -0.010475
v -0.066750 1.556030 -0.015315
v -0.063710 1.563730 -0.004605
v -0.066130 1.507200 -0.019745
v -0.063200 1.498220 -0.016625
v -0.060070 1.489380 -0.012005
v -0.055580 1.489170 0.002195
v -0.055030 1.495790 0.008405
v -0.042030 1.481940 0.021375
v -0.041830 1.475070 0.018315
v -0.013620 1.451780 0.036225
v -0.030740 1.462310 0.025295
v -0.025800 1.458380 0.028285
v -0.019900 1.454740 0.032065
v -0.033710 1.466460 0.024195
v -0.028220 1.448360 0.020915
v -0.019080 1.519060 0.035815
v -0.023840 1.515140 0.035535
v -0.034890 1.511950 0.032575
v -0.038510 1.506350 0.029825
v -0.032530 1.485850 0.029765
v -0.036420 1.486960 0.027745
v -0.034200 1.453580 0.016095
v -0.038800 1.459620 0.012985
v -0.042470 1.466590 0.011695
v 0.000000 1.434450 0.030335
v -0.045550 1.474450 0.011905
v -0.049840 1.474580 0.003085
v -0.055520 1.481860 -0.005035
v -0.053960 1.501450 0.013785
v -0.014160 1.519400 0.038845
v -0.011710 1.521870 0.041435
v -0.009190 1.523910 0.043875
v -0.022970 1.494350 0.036465
v 0.000000 1.506570 -0.130375
v 0.000000 1.501430 -0.128395
v -0.006010 1.501500 -0.128275
v -0.015660 1.496330 -0.125995
v -0.015960 1.501330 -0.127835
v -0.026630 1.500300 -0.126255
v -0.036460 1.507500 -0.122995
v -0.035850 1.499900 -0.121025
v -0.044320 1.507200 -0.115045
v -0.043740 1.499350 -0.113625
v -0.049870 1.507570 -0.104305
v -0.049100 1.499450 -0.102075
v -0.053920 1.508100 -0.092565
v -0.053130 1.500460 -0.089955
v -0.055650 1.503610 -0.080775
v -0.057150 1.502070 -0.070715
v -0.057370 1.507040 -0.073995
v -0.041050 1.487890 0.024595
v -0.039040 1.493560 0.027495
v -0.043960 1.495370 0.023935
v -0.045610 1.489360 0.020045
v -0.036290 1.499020 0.030115
v -0.046270 1.482440 0.015845
v -0.050380 1.491700 0.014675
v -0.049290 1.497810 0.019395
v -0.044150 1.508630 0.026225
v -0.040010 1.514170 0.029175
v -0.046890 1.516110 0.024755
v -0.049730 1.511250 0.021735
v -0.050720 1.484450 0.009075
v -0.043030 1.520820 0.027755
v -0.041100 1.524530 0.028735
v -0.039420 1.527840 0.028195
v -0.038000 1.531150 0.027935
v -0.036980 1.533980 0.027825
v -0.036420 1.536130 0.028455
v -0.035970 1.537890 0.029185
v -0.035360 1.539190 0.029725
v -0.035220 1.540260 0.030045
v -0.034770 1.531710 0.006625
v -0.035260 1.530710 0.009125
v -0.035630 1.530180 0.011555
v -0.035920 1.530030 0.014225
v -0.036110 1.530510 0.017715
v -0.036030 1.532360 0.022205
v -0.035550 1.535940 0.026325
v -0.035280 1.541440 0.025575
v -0.034970 1.541040 0.028805
v -0.035190 1.540840 0.029705
v -0.035190 1.540820 0.030195
v -0.051740 1.506480 0.017505
v -0.041580 1.500870 0.027175
v -0.046910 1.503290 0.023075
v -0.021210 1.491960 0.037745
v -0.020830 1.488910 0.038335
v -0.020870 1.485730 0.038785
v -0.010180 1.491000 0.044825
v -0.016780 1.492220 0.040265
v -0.015600 1.478220 0.041665
v -0.014370 1.478590 0.038375
v -0.012910 1.493150 0.042165
v -0.014190 1.479660 0.037405
v -0.012930 1.482840 0.036055
v -0.012530 1.487230 0.035955
v -0.012340 1.491620 0.035375
v -0.012200 1.496800 0.032625
v -0.013170 1.503930 0.025095
v -0.014980 1.510140 0.012225
v -0.018890 1.513450 -0.007455
v -0.018140 1.509840 -0.027515
v -0.071940 1.550860 -0.072955
v -0.071310 1.577880 -0.030115
v -0.069510 1.574470 -0.024515
v -0.072740 1.581040 -0.036325
v -0.073990 1.583110 -0.043865
v -0.074900 1.583890 -0.052605
v -0.074000 1.571550 -0.052505
v -0.073430 1.570820 -0.045935
v -0.070950 1.565020 -0.034215
v -0.069840 1.561030 -0.029265
v -0.072130 1.568400 -0.039355
v -0.073220 1.561570 -0.052265
v -0.072810 1.560600 -0.047275
v -0.071080 1.553570 -0.038035
v -0.070480 1.546580 -0.034225
v -0.071920 1.557880 -0.042115
v -0.060420 1.506490 -0.066065
v -0.061080 1.510540 -0.069385
v -0.062160 1.515350 -0.072095
v -0.063280 1.520360 -0.074195
v -0.062260 1.500480 -0.057345
v -0.060580 1.503600 -0.062655
v -0.074290 1.570700 -0.059445
v -0.073420 1.560960 -0.057495
v -0.075210 1.582260 -0.061875
v -0.070370 1.533450 -0.035495
v -0.073250 1.551550 -0.063285
v -0.073740 1.548010 -0.065615
v -0.070540 1.533690 -0.071315
v -0.068200 1.526820 -0.070495
v -0.069700 1.512700 -0.042735
v -0.070360 1.521760 -0.040815
v -0.079640 1.541900 -0.070045
v -0.085660 1.542110 -0.073335
v -0.085650 1.545180 -0.071435
v -0.080460 1.544990 -0.068995
v -0.069520 1.499280 -0.051425
v -0.069040 1.504590 -0.045805
v -0.065110 1.509730 -0.062625
v -0.065380 1.506160 -0.060075
v -0.071150 1.535890 -0.041875
v -0.071410 1.533480 -0.044205
v -0.071230 1.527690 -0.044565
v -0.070980 1.528880 -0.042335
v -0.069930 1.511000 -0.061765
v -0.074950 1.508510 -0.065615
v -0.076170 1.513420 -0.068885
v -0.071040 1.515150 -0.064295
v -0.071850 1.549970 -0.044105
v -0.072630 1.552660 -0.048105
v -0.070780 1.530760 -0.039355
v -0.074070 1.548970 -0.055565
v -0.078520 1.551140 -0.055155
v -0.075140 1.548970 -0.052225
v -0.073350 1.549350 -0.051575
v -0.072780 1.499050 -0.052055
v -0.074420 1.502010 -0.052725
v -0.074920 1.502480 -0.057985
v -0.071370 1.500720 -0.057965
v -0.072750 1.545580 -0.049195
v -0.072790 1.548100 -0.048635
v -0.067180 1.521960 -0.069235
v -0.074320 1.504740 -0.061365
v -0.070580 1.503740 -0.061095
v -0.071480 1.541200 -0.043145
v -0.071690 1.538270 -0.044975
v -0.078470 1.538000 -0.070945
v -0.085310 1.538360 -0.074565
v -0.073800 1.545430 -0.067955
v -0.070080 1.513330 -0.045045
v -0.070840 1.514210 -0.046635
v -0.072040 1.507210 -0.048685
v -0.071220 1.506040 -0.047275
v -0.071750 1.519480 -0.066325
v -0.077220 1.517360 -0.070895
v -0.078270 1.521300 -0.072895
v -0.072940 1.522260 -0.067865
v -0.073970 1.540080 -0.048405
v -0.072270 1.542130 -0.046615
v -0.075620 1.543170 -0.049765
v -0.073810 1.506640 -0.053265
v -0.072600 1.509830 -0.050105
v -0.072960 1.521680 -0.048075
v -0.070920 1.521220 -0.045675
v -0.071990 1.527030 -0.047215
v -0.076710 1.510220 -0.064275
v -0.078910 1.515600 -0.068535
v -0.077830 1.547370 -0.052075
v -0.073160 1.515840 -0.048265
v -0.087250 1.537290 -0.073505
v -0.087930 1.540810 -0.072425
v -0.075120 1.506430 -0.057065
v -0.072810 1.536300 -0.047245
v -0.072130 1.531950 -0.046915
v -0.087190 1.547650 -0.067865
v -0.085060 1.548100 -0.069375
v -0.087890 1.543750 -0.070735
v -0.085350 1.532460 -0.074525
v -0.083550 1.532780 -0.075545
v -0.081090 1.526960 -0.074385
v -0.083340 1.527240 -0.073965
v -0.081400 1.522590 -0.072675
v -0.075650 1.507670 -0.060935
v -0.080500 1.549080 -0.054905
v -0.080150 1.519090 -0.070605
v -0.084200 1.549690 -0.061665
v -0.082240 1.551510 -0.061625
v -0.080890 1.547110 -0.054755
v -0.078180 1.544640 -0.052415
v -0.080620 1.520000 -0.069195
v -0.082080 1.523710 -0.071335
v -0.083650 1.548380 -0.061645
v -0.086660 1.546350 -0.066865
v -0.072900 1.530860 -0.048675
v -0.072800 1.526490 -0.049065
v -0.077320 1.512260 -0.063705
v -0.075910 1.509690 -0.060475
v -0.074840 1.538480 -0.049365
v -0.076060 1.541480 -0.050585
v -0.073850 1.509460 -0.053965
v -0.072840 1.512050 -0.051255
v -0.074680 1.521520 -0.049725
v -0.079390 1.517110 -0.067445
v -0.074100 1.517380 -0.050105
v -0.086370 1.536130 -0.072115
v -0.086910 1.539760 -0.071115
v -0.074770 1.508800 -0.057205
v -0.073680 1.534860 -0.048705
v -0.087440 1.542890 -0.069775
v -0.085770 1.532120 -0.072475
v -0.084010 1.526690 -0.072615
v -0.074130 1.533820 -0.049745
v -0.074200 1.533070 -0.050585
v -0.073600 1.529650 -0.050555
v -0.073450 1.530110 -0.049805
v -0.074730 1.511410 -0.057425
v -0.074720 1.512710 -0.057415
v -0.075870 1.513600 -0.060055
v -0.075880 1.512270 -0.060215
v -0.086090 1.538960 -0.070045
v -0.084030 1.538590 -0.069295
v -0.085970 1.541930 -0.067775
v -0.086520 1.542280 -0.068535
v -0.071610 1.518290 -0.051245
v -0.069890 1.519390 -0.052055
v -0.068740 1.516220 -0.052835
v -0.071330 1.514930 -0.052385
v -0.077420 1.546140 -0.055815
v -0.077120 1.545260 -0.056515
v -0.075570 1.543430 -0.054715
v -0.075960 1.544360 -0.054055
v -0.080040 1.521450 -0.067645
v -0.079450 1.521740 -0.067425
v -0.080420 1.524470 -0.068985
v -0.081180 1.524230 -0.069095
v -0.072570 1.526230 -0.050995
v -0.073060 1.526300 -0.050335
v -0.077170 1.514340 -0.062975
v -0.077090 1.515080 -0.062605
v -0.078510 1.519540 -0.065915
v -0.078950 1.519080 -0.066245
v -0.074660 1.539320 -0.052435
v -0.075190 1.540210 -0.051485
v -0.084330 1.535710 -0.070635
v -0.084150 1.535210 -0.069875
v -0.073900 1.511610 -0.054395
v -0.073860 1.513350 -0.054925
v -0.069850 1.523580 -0.052115
v -0.071780 1.522850 -0.051765
v -0.071930 1.526350 -0.051535
v -0.068220 1.520760 -0.052845
v -0.081820 1.543700 -0.064795
v -0.082340 1.544660 -0.065565
v -0.083700 1.541410 -0.066755
v -0.083030 1.530200 -0.069265
v -0.082850 1.530860 -0.070005
v -0.081780 1.526400 -0.069375
v -0.081740 1.526490 -0.068735
v -0.081030 1.524650 -0.068345
v -0.081600 1.544390 -0.061185
v -0.081260 1.545680 -0.061635
v -0.077140 1.515980 -0.062505
v -0.076130 1.514580 -0.059985
v -0.073830 1.535480 -0.052145
v -0.074250 1.536320 -0.051315
v -0.074400 1.538500 -0.053125
v -0.073640 1.515240 -0.055335
v -0.068190 1.518260 -0.053805
v -0.070530 1.522170 -0.059075
v -0.072200 1.523700 -0.059755
v -0.073260 1.522990 -0.060725
v -0.071420 1.521540 -0.060725
v -0.073990 1.530170 -0.053655
v -0.074390 1.529390 -0.054625
v -0.073330 1.527770 -0.054515
v -0.073140 1.528350 -0.053505
v -0.078300 1.534810 -0.060905
v -0.080830 1.536590 -0.061005
v -0.081620 1.535860 -0.062315
v -0.079390 1.534290 -0.061745
v -0.069600 1.523130 -0.057705
v -0.071390 1.524500 -0.058715
v -0.078000 1.526200 -0.063825
v -0.079090 1.525090 -0.064325
v -0.077570 1.523290 -0.063595
v -0.077120 1.524610 -0.063215
v -0.082300 1.533150 -0.064325
v -0.080510 1.532730 -0.063235
v -0.080140 1.533590 -0.062525
v -0.082150 1.534830 -0.063375
v -0.078960 1.529270 -0.064435
v -0.080870 1.528670 -0.065095
v -0.079950 1.526950 -0.064965
v -0.078190 1.527830 -0.064465
v -0.074270 1.522730 -0.061725
v -0.074000 1.521160 -0.061395
v -0.070590 1.525280 -0.057935
v -0.069220 1.524400 -0.056455
v -0.069260 1.525690 -0.055425
v -0.070180 1.526000 -0.057385
v -0.079890 1.530560 -0.064125
v -0.081520 1.530360 -0.065065
v -0.078070 1.537390 -0.057425
v -0.075410 1.534670 -0.057995
v -0.073940 1.533710 -0.057545
v -0.075630 1.536510 -0.056185
v -0.081540 1.528290 -0.066455
v -0.080960 1.526220 -0.065905
v -0.082540 1.530370 -0.066355
v -0.081970 1.538950 -0.061865
v -0.083010 1.537950 -0.063315
v -0.073980 1.531040 -0.052795
v -0.073240 1.528750 -0.052585
v -0.073440 1.533400 -0.053705
v -0.073340 1.531950 -0.054665
v -0.070130 1.520340 -0.058185
v -0.072560 1.519360 -0.059305
v -0.083580 1.533780 -0.065665
v -0.083540 1.536380 -0.064675
v -0.068110 1.523440 -0.054955
v -0.068650 1.525130 -0.053645
v -0.074140 1.539120 -0.055645
v -0.073320 1.534100 -0.055655
v -0.074060 1.536410 -0.054425
v -0.077940 1.519770 -0.061685
v -0.076510 1.521730 -0.062125
v -0.078990 1.521840 -0.063415
v -0.071090 1.526770 -0.053085
v -0.070930 1.526900 -0.054385
v -0.068720 1.521960 -0.056735
v -0.076760 1.518960 -0.060325
v -0.079860 1.537020 -0.059515
v -0.079330 1.539820 -0.060185
v -0.080010 1.524050 -0.064875
v -0.075880 1.540030 -0.057715
v -0.074740 1.537260 -0.050325
v -0.074270 1.522410 -0.051365
v -0.072030 1.545080 -0.045415
v -0.077440 1.517010 -0.062055
v -0.079030 1.520570 -0.064175
v -0.078900 1.520190 -0.065545
v -0.075560 1.542460 -0.055165
v -0.075440 1.541540 -0.055525
v -0.074170 1.537560 -0.053765
v -0.084090 1.534930 -0.068905
v -0.084340 1.534620 -0.067895
v -0.083960 1.537790 -0.066705
v -0.083780 1.538490 -0.068325
v -0.071700 1.517430 -0.056355
v -0.074910 1.516250 -0.057495
v -0.074810 1.514220 -0.057385
v -0.074120 1.532430 -0.051315
v -0.074010 1.531800 -0.052015
v -0.073340 1.529050 -0.051805
v -0.073500 1.529320 -0.051185
v -0.076610 1.516040 -0.059845
v -0.083160 1.540520 -0.065185
v -0.067500 1.522120 -0.053655
v -0.068160 1.519790 -0.055035
v -0.076630 1.544210 -0.057045
v -0.076950 1.542930 -0.057185
v -0.079830 1.521910 -0.066835
v -0.080160 1.523070 -0.065845
v -0.081140 1.525520 -0.067665
v -0.071370 1.526550 -0.052105
v -0.073560 1.534610 -0.052875
v -0.082160 1.526320 -0.069665
v -0.072620 1.531870 -0.056935
v -0.070880 1.526940 -0.055895
v -0.077290 1.535130 -0.059895
v -0.083560 1.530820 -0.070485
v -0.085600 1.544920 -0.066035
v -0.081040 1.546850 -0.061635
v -0.075930 1.523310 -0.062405
v -0.073250 1.530510 -0.055695
v -0.072660 1.530510 -0.057855
v -0.074950 1.529570 -0.056665
v -0.075130 1.528780 -0.055675
v -0.073740 1.527460 -0.055865
v -0.072490 1.526470 -0.056965
v -0.072770 1.526030 -0.057505
v -0.073430 1.525580 -0.058145
v -0.074020 1.525150 -0.059015
v -0.074710 1.524660 -0.059895
v -0.075200 1.524130 -0.060805
v -0.075480 1.523730 -0.061475
v -0.076150 1.524510 -0.062105
v -0.076650 1.525790 -0.062815
v -0.076730 1.527280 -0.063435
v -0.076510 1.528740 -0.063955
v -0.076980 1.529990 -0.063905
v -0.077840 1.531010 -0.063635
v -0.078000 1.532240 -0.063075
v -0.077490 1.532740 -0.062345
v -0.076870 1.533130 -0.061515
v -0.076250 1.533420 -0.060585
v -0.075530 1.533700 -0.059785
v -0.074270 1.533250 -0.058805
v -0.073410 1.532170 -0.058455
v -0.075610 1.527630 -0.062995
v -0.075230 1.528820 -0.063225
v -0.073300 1.531340 -0.059485
v -0.072970 1.529780 -0.058845
v -0.081250 1.542900 -0.060945
v -0.076560 1.526540 -0.061935
v -0.076100 1.525260 -0.061425
v -0.075210 1.529090 -0.057695
v -0.073140 1.529300 -0.060095
v -0.075200 1.528510 -0.059225
v -0.074220 1.530890 -0.061405
v -0.073550 1.529010 -0.061255
v -0.073610 1.531000 -0.060495
v -0.075230 1.527900 -0.057145
v -0.075720 1.527320 -0.058635
v -0.074570 1.526490 -0.057375
v -0.075120 1.526170 -0.058355
v -0.075490 1.525960 -0.059455
v -0.075090 1.528120 -0.060385
v -0.075990 1.527000 -0.059845
v -0.075040 1.527840 -0.061935
v -0.076350 1.526890 -0.060895
v -0.074320 1.528890 -0.062475
v -0.074840 1.530810 -0.062325
v -0.075720 1.530540 -0.063145
v -0.075810 1.525710 -0.060525
v -0.068510 1.524340 -0.052485
v -0.082590 1.541710 -0.063235
v -0.082430 1.530330 -0.068395
v -0.081720 1.527710 -0.068115
v -0.077390 1.549080 -0.061285
v -0.079660 1.547480 -0.065995
v -0.076030 1.533260 -0.070935
v -0.074660 1.526680 -0.069915
v -0.070650 1.521290 -0.043655
v -0.073610 1.542220 -0.069575
v -0.070810 1.539630 -0.039035
v -0.065780 1.513670 -0.065165
v -0.073090 1.553380 -0.056855
v -0.073100 1.553700 -0.051795
v -0.066910 1.502610 -0.055545
v -0.071280 1.545870 -0.041115
v -0.072390 1.538770 -0.070675
v -0.066680 1.518000 -0.067495
v -0.192500 0.031190 0.046125
v -0.191390 0.033190 0.038145
v -0.197090 0.030510 0.038635
v -0.200590 0.024660 0.039655
v -0.179960 0.008150 0.029705
v -0.178660 0.008070 0.025245
v -0.175410 0.016610 0.026165
v -0.177690 0.015330 0.032205
v -0.200700 0.028350 0.035645
v -0.196900 0.032430 0.033665
v -0.184030 0.004290 0.029625
v -0.182290 0.003600 0.024435
v -0.196910 0.007870 0.037665
v -0.198300 0.004670 0.033915
v -0.195030 0.002140 0.030235
v -0.193500 0.003880 0.035375
v -0.201400 0.012370 0.040035
v -0.200850 0.013450 0.038115
v -0.178240 0.024250 0.033365
v -0.176370 0.025900 0.027465
v -0.181880 0.032970 0.030555
v -0.182770 0.030050 0.035975
v -0.176490 0.008900 0.017315
v -0.180320 0.003210 0.017725
v -0.200860 0.003950 0.031365
v -0.199980 0.000000 0.026595
v -0.201430 0.013950 0.035315
v -0.175880 0.028160 0.020725
v -0.181210 0.035030 0.022895
v -0.173990 0.018340 0.018175
v -0.202830 0.028530 0.031245
v -0.199280 0.034940 0.024135
v -0.220480 0.010500 0.050405
v -0.220210 0.010660 0.048355
v -0.216560 0.008110 0.047065
v -0.216440 0.008260 0.048395
v -0.209450 0.023830 0.056815
v -0.208530 0.024460 0.053775
v -0.210520 0.028110 0.055835
v -0.211910 0.027020 0.058725
v -0.209060 0.010980 0.051165
v -0.209180 0.010980 0.048375
v -0.207120 0.017330 0.050065
v -0.207480 0.017000 0.053595
v -0.204940 0.051610 -0.147565
v -0.204470 0.039210 -0.151965
v -0.220360 0.037980 -0.158595
v -0.206060 0.026470 -0.157125
v -0.219570 0.026420 -0.161615
v -0.209350 0.026460 0.045275
v -0.211730 0.029210 0.044965
v -0.210620 0.030110 0.050185
v -0.208550 0.025110 0.049795
v -0.208670 0.010570 0.044785
v -0.207290 0.019270 0.045825
v -0.207260 0.018470 0.047955
v -0.209050 0.011020 0.046315
v -0.212190 0.007930 0.045105
v -0.211800 0.007580 0.043995
v -0.219230 0.010540 0.043615
v -0.215980 0.007670 0.043435
v -0.216260 0.008060 0.045005
v -0.219860 0.010820 0.046045
v -0.222730 0.015750 0.047755
v -0.221660 0.015940 0.045125
v -0.222510 0.022470 0.050115
v -0.220380 0.028600 0.049915
v -0.218810 0.028120 0.045035
v -0.220980 0.023030 0.044845
v -0.223060 0.015210 0.050305
v -0.212400 0.008090 0.047085
v -0.206770 0.016880 -0.155195
v -0.218750 0.017060 -0.159455
v -0.207870 0.008820 -0.150845
v -0.219330 0.009470 -0.155025
v -0.222640 0.021500 0.053525
v -0.220070 0.027180 0.055425
v -0.229020 0.010840 -0.154785
v -0.229860 0.018010 -0.158845
v -0.231370 0.027030 -0.158975
v -0.222920 0.014810 0.052465
v -0.222340 0.021110 0.055665
v -0.218430 0.026090 0.058375
v -0.212490 0.008210 0.048505
v -0.188610 0.064670 -0.077965
v -0.191010 0.073200 -0.077675
v -0.194870 0.071400 -0.058965
v -0.192660 0.063770 -0.059905
v -0.219690 0.024110 0.036595
v -0.219960 0.023320 0.038845
v -0.217690 0.028200 0.037955
v -0.217860 0.028880 0.034295
v -0.205810 0.005510 0.036695
v -0.206720 0.006680 0.038805
v -0.210340 0.005510 0.037815
v -0.209680 0.003770 0.034375
v -0.219280 0.008300 0.037915
v -0.218300 0.007100 0.035295
v -0.215440 0.003870 0.033445
v -0.215300 0.005260 0.036815
v -0.220990 0.015170 0.039875
v -0.220840 0.014720 0.038195
v -0.209070 0.028380 0.038495
v -0.208350 0.028990 0.035365
v -0.211000 0.029990 0.033825
v -0.211250 0.029410 0.037635
v -0.206300 0.064050 -0.143115
v -0.204840 0.018320 0.040265
v -0.205630 0.019170 0.041695
v -0.221080 0.027030 0.030865
v -0.219440 0.031220 0.025215
v -0.203390 0.004440 0.031385
v -0.206130 0.001110 0.027915
v -0.233090 0.037980 -0.156455
v -0.191850 0.044120 -0.118365
v -0.190940 0.049190 -0.098065
v -0.220130 0.009470 0.032605
v -0.217240 0.005670 0.027275
v -0.220640 0.016560 0.035625
v -0.205370 0.028130 0.031875
v -0.208380 0.032410 0.026065
v -0.203420 0.016920 0.036565
v -0.238650 0.016960 0.059245
v -0.238330 0.017070 0.061415
v -0.234630 0.022650 0.061195
v -0.234790 0.023040 0.059925
v -0.227130 0.017570 0.069885
v -0.226630 0.013760 0.068805
v -0.225730 0.015540 0.067695
v -0.226580 0.018420 0.068845
v -0.237100 0.018980 0.063945
v -0.236350 0.019070 0.064915
v -0.233820 0.020230 0.064045
v -0.234150 0.021760 0.063155
v -0.225320 0.010700 0.065485
v -0.224680 0.008330 0.059465
v -0.223850 0.011350 0.059295
v -0.224350 0.012250 0.065225
v -0.238710 0.017180 0.057055
v -0.235230 0.023090 0.057575
v -0.236870 0.011200 0.065515
v -0.237000 0.008320 0.058985
v -0.234360 0.004980 0.059375
v -0.234330 0.009320 0.067255
v -0.235450 0.018210 0.070375
v -0.235570 0.014640 0.069185
v -0.233760 0.013720 0.070795
v -0.233230 0.017300 0.072045
v -0.235650 0.019410 0.065045
v -0.233790 0.019870 0.064395
v -0.234290 0.019360 0.069845
v -0.234640 0.019390 0.068765
v -0.236140 0.018870 0.068935
v -0.228120 0.019000 0.069865
v -0.227880 0.019300 0.069015
v -0.225330 0.007960 0.055155
v -0.224380 0.011380 0.056315
v -0.236960 0.008410 0.053695
v -0.234280 0.004900 0.053265
v -0.228400 0.022890 0.059655
v -0.228320 0.022330 0.060825
v -0.224930 0.018580 0.061905
v -0.224610 0.017170 0.059235
v -0.228550 0.020840 0.062705
v -0.229290 0.020520 0.063835
v -0.227100 0.019470 0.064135
v -0.225900 0.018840 0.063065
v -0.228630 0.023490 0.057555
v -0.224880 0.017230 0.057355
v -0.229670 0.020090 0.064235
v -0.227930 0.019810 0.064935
v -0.229080 0.016870 0.071625
v -0.229090 0.013160 0.070645
v -0.227920 0.009010 0.067225
v -0.227740 0.005190 0.059795
v -0.238040 0.012490 0.064275
v -0.238450 0.011120 0.058855
v -0.236710 0.016270 0.067235
v -0.233320 0.018590 0.071375
v -0.229150 0.018570 0.071335
v -0.228320 0.004800 0.054125
v -0.238260 0.011630 0.054855
v -0.236840 0.009350 0.047725
v -0.236950 0.009440 0.045545
v -0.233410 0.007260 0.044715
v -0.233220 0.006870 0.046025
v -0.225030 0.019230 0.051755
v -0.224970 0.020500 0.049565
v -0.227640 0.026540 0.050925
v -0.228770 0.025330 0.053425
v -0.225860 0.009720 0.047745
v -0.225720 0.010220 0.046075
v -0.224670 0.014210 0.047865
v -0.224840 0.013380 0.050325
v -0.225370 0.021470 0.042745
v -0.228780 0.027170 0.042015
v -0.227530 0.027210 0.045985
v -0.225040 0.021340 0.046495
v -0.225480 0.010560 0.043535
v -0.225030 0.014570 0.043395
v -0.224730 0.014500 0.045685
v -0.225560 0.010590 0.044675
v -0.228760 0.007700 0.043865
v -0.228760 0.008030 0.042845
v -0.236730 0.009390 0.041735
v -0.233080 0.007720 0.042025
v -0.233280 0.007600 0.043285
v -0.236890 0.009570 0.043725
v -0.238540 0.015250 0.044235
v -0.238350 0.015380 0.041825
v -0.238520 0.021290 0.046225
v -0.236710 0.025280 0.045525
v -0.235200 0.026360 0.041995
v -0.237900 0.021680 0.042195
v -0.238370 0.014570 0.046765
v -0.228770 0.007350 0.045155
v -0.238460 0.020410 0.049275
v -0.236840 0.025400 0.050485
v -0.238120 0.013860 0.048745
v -0.238280 0.019530 0.051145
v -0.235500 0.024380 0.053265
v -0.228870 0.006940 0.046415
v -0.236070 0.022440 0.031165
v -0.236200 0.022240 0.033615
v -0.234090 0.025830 0.032935
v -0.233660 0.026340 0.029935
v -0.225250 0.008470 0.037285
v -0.225020 0.009190 0.039245
v -0.228510 0.005620 0.036215
v -0.227910 0.004030 0.032995
v -0.235570 0.007880 0.035175
v -0.236130 0.008320 0.031305
v -0.232520 0.004270 0.030785
v -0.232300 0.006130 0.035755
v -0.237410 0.014300 0.034705
v -0.237860 0.014070 0.033065
v -0.225090 0.022300 0.036425
v -0.224980 0.023270 0.034525
v -0.227710 0.027830 0.030865
v -0.227780 0.026920 0.033935
v -0.224030 0.014530 0.037635
v -0.224560 0.014220 0.039315
v -0.236720 0.024410 0.025665
v -0.233610 0.027890 0.022925
v -0.224220 0.009370 0.032465
v -0.225300 0.002100 0.027415
v -0.236880 0.007840 0.027175
v -0.233400 0.002150 0.022735
v -0.237640 0.015540 0.030105
v -0.224210 0.026130 0.030175
v -0.226250 0.029950 0.023985
v -0.223130 0.016580 0.035455
v -0.252280 0.017220 0.047125
v -0.251570 0.017430 0.048915
v -0.248910 0.020230 0.048855
v -0.249170 0.020570 0.047715
v -0.241830 0.016890 0.055925
v -0.241190 0.014930 0.055835
v -0.240740 0.015830 0.054025
v -0.241380 0.017620 0.054445
v -0.249920 0.018760 0.051145
v -0.249340 0.018520 0.051685
v -0.248090 0.018940 0.051075
v -0.248180 0.019800 0.050565
v -0.240490 0.009920 0.053255
v -0.239650 0.008250 0.046055
v -0.239010 0.012410 0.047345
v -0.239050 0.012390 0.050705
v -0.252170 0.017210 0.045235
v -0.249450 0.021080 0.046385
v -0.252470 0.012150 0.052335
v -0.252020 0.008950 0.046105
v -0.249720 0.004780 0.045895
v -0.249950 0.008440 0.053855
v -0.249710 0.016910 0.055275
v -0.250270 0.015820 0.055015
v -0.249140 0.014010 0.056485
v -0.248330 0.016190 0.056645
v -0.248770 0.018370 0.052725
v -0.247710 0.018920 0.051705
v -0.249140 0.017850 0.055125
v -0.249060 0.018020 0.053635
v -0.249940 0.018000 0.053545
v -0.242210 0.017680 0.055635
v -0.242090 0.017880 0.054395
v -0.240880 0.007120 0.041665
v -0.239370 0.012220 0.044455
v -0.251970 0.008740 0.041945
v -0.249810 0.005630 0.040205
v -0.241990 0.020450 0.047805
v -0.242180 0.020280 0.048835
v -0.239280 0.017030 0.049355
v -0.239480 0.017440 0.047895
v -0.242680 0.019710 0.050445
v -0.242920 0.018960 0.050965
v -0.241610 0.018220 0.051655
v -0.240820 0.017740 0.051025
v -0.241960 0.020780 0.046345
v -0.239740 0.017720 0.046515
v -0.243090 0.018630 0.051635
v -0.242210 0.018190 0.052465
v -0.243110 0.016200 0.056875
v -0.242560 0.014320 0.056975
v -0.243060 0.007730 0.054635
v -0.242210 0.003780 0.045525
v -0.252530 0.014650 0.050395
v -0.252550 0.012770 0.046345
v -0.250610 0.017220 0.053185
v -0.247540 0.017400 0.056115
v -0.243870 0.017210 0.056265
v -0.242900 0.004600 0.040325
v -0.252240 0.012330 0.043385
v -0.251800 0.009500 0.038485
v -0.252120 0.010650 0.034315
v -0.249410 0.006730 0.033205
v -0.249550 0.005990 0.037465
v -0.240380 0.019130 0.041415
v -0.240280 0.019910 0.037125
v -0.241660 0.024090 0.038285
v -0.242520 0.022940 0.041085
v -0.241140 0.006930 0.037185
v -0.240600 0.008550 0.034055
v -0.239260 0.013240 0.035535
v -0.239990 0.012390 0.039245
v -0.240540 0.021180 0.032525
v -0.242710 0.025020 0.031675
v -0.241560 0.025750 0.034805
v -0.240180 0.019790 0.034335
v -0.240590 0.007720 0.031795
v -0.239480 0.013220 0.032775
v -0.239340 0.013210 0.034155
v -0.240420 0.008860 0.033085
v -0.243600 0.005760 0.032645
v -0.243650 0.005570 0.031655
v -0.252560 0.011170 0.030895
v -0.249120 0.006330 0.031225
v -0.249560 0.006850 0.032245
v -0.252580 0.011220 0.031985
v -0.253070 0.014940 0.032995
v -0.253510 0.014910 0.030895
v -0.251930 0.020350 0.034365
v -0.250620 0.024530 0.035035
v -0.249510 0.024210 0.031305
v -0.251360 0.020820 0.031315
v -0.252680 0.014070 0.035525
v -0.243350 0.006060 0.033785
v -0.251740 0.019580 0.037625
v -0.250470 0.023440 0.037975
v -0.251900 0.013170 0.039655
v -0.251230 0.019050 0.041615
v -0.249380 0.022350 0.041145
v -0.243290 0.005370 0.037285
v -0.251790 0.019230 0.021775
v -0.251560 0.019460 0.024585
v -0.249510 0.023330 0.024365
v -0.249610 0.023080 0.021035
v -0.240540 0.005930 0.027065
v -0.240700 0.006320 0.028275
v -0.243040 0.004430 0.027615
v -0.242560 0.003090 0.024625
v -0.251690 0.008740 0.025775
v -0.251060 0.006560 0.022645
v -0.248870 0.003800 0.023005
v -0.248890 0.005270 0.025965
v -0.253100 0.014750 0.025605
v -0.252820 0.014040 0.023505
v -0.240190 0.022100 0.028015
v -0.240220 0.021950 0.026415
v -0.242980 0.026300 0.022255
v -0.243010 0.025540 0.025425
v -0.239640 0.012280 0.029315
v -0.239740 0.012930 0.030325
v -0.251930 0.023000 0.017025
v -0.249020 0.027230 0.015405
v -0.238310 0.008130 0.025675
v -0.239350 0.001570 0.020745
v -0.251250 0.004750 0.018355
v -0.249120 0.002880 0.015605
v -0.252630 0.013840 0.020895
v -0.239970 0.024420 0.023815
v -0.241670 0.026910 0.017315
v -0.238550 0.014810 0.029005
v -0.263710 0.023160 0.017295
v -0.264870 0.023520 0.013245
v -0.267190 0.018530 0.012245
v -0.266320 0.018550 0.016575
v -0.266220 0.023860 0.006285
v -0.269420 0.018000 0.005965
v -0.215700 0.020150 0.072405
v -0.215660 0.020770 0.071635
v -0.261380 0.027260 0.007265
v -0.261680 0.028380 -0.002155
v -0.266480 0.024260 -0.002575
v -0.258820 0.003880 0.015255
v -0.260690 0.005370 0.017515
v -0.266000 0.008460 0.016875
v -0.265070 0.005910 0.013265
v -0.253980 0.012950 0.021145
v -0.254900 0.012650 0.022825
v -0.256980 0.006150 0.019915
v -0.255710 0.005380 0.018225
v -0.267290 0.012780 0.016635
v -0.268150 0.011320 0.012265
v -0.254860 0.019300 0.019895
v -0.255260 0.019060 0.021845
v -0.253420 0.013850 0.020605
v -0.254100 0.004440 0.017085
v -0.269210 0.010780 0.005555
v -0.263700 0.004260 0.007315
v -0.254360 0.023030 0.015875
v -0.215000 0.004620 0.064405
v -0.215090 0.006960 0.076995
v -0.215150 0.027740 0.058635
v -0.215190 0.023980 0.065635
v -0.246200 0.026430 0.035045
v -0.245890 0.025200 0.038445
v -0.215780 0.019430 0.073985
v -0.215760 0.018460 0.077685
v -0.215300 0.029270 0.055975
v -0.231640 0.028350 0.041865
v -0.231730 0.028340 0.045725
v -0.231240 0.020370 0.063705
v -0.231240 0.021300 0.062945
v -0.214400 0.029780 0.037285
v -0.214120 0.030570 0.032735
v -0.215420 0.022700 0.068065
v -0.213530 0.033600 0.022305
v -0.215670 0.012640 0.080485
v -0.215740 0.014940 0.080855
v -0.231080 0.007300 0.044935
v -0.231050 0.006900 0.046215
v -0.215150 0.030050 0.044735
v -0.215380 0.021980 0.069565
v -0.195550 0.040660 -0.138525
v -0.194390 0.028930 -0.142005
v -0.231190 0.023140 0.059795
v -0.231650 0.024360 0.057795
v -0.242180 0.027580 -0.154955
v -0.243610 0.038070 -0.151245
v -0.236700 0.066890 -0.050285
v -0.236440 0.080090 -0.064535
v -0.242830 0.078960 -0.071365
v -0.241180 0.064980 -0.055295
v -0.250230 0.079700 -0.126465
v -0.259040 0.079280 -0.116225
v -0.245390 0.061280 -0.061385
v -0.218770 0.070580 -0.041925
v -0.217220 0.084270 -0.055825
v -0.222330 0.082390 -0.056375
v -0.223740 0.068580 -0.042785
v -0.250410 0.027870 -0.145935
v -0.251100 0.037910 -0.143275
v -0.228250 0.068020 -0.044465
v -0.227430 0.081850 -0.057335
v -0.232190 0.081390 -0.059185
v -0.232610 0.067490 -0.046795
v -0.220770 0.094550 -0.064205
v -0.226270 0.093720 -0.065665
v -0.231450 0.093550 -0.067255
v -0.215390 0.096180 -0.064375
v -0.248870 0.058110 -0.133445
v -0.250320 0.068820 -0.128195
v -0.243490 0.069960 -0.139015
v -0.244820 0.059300 -0.143945
v -0.243360 0.092080 -0.079175
v -0.197630 0.078720 -0.059265
v -0.201280 0.071370 -0.040875
v -0.197250 0.067490 -0.041075
v -0.237250 0.092970 -0.072675
v -0.188830 0.039130 -0.066095
v -0.184990 0.035650 -0.049045
v -0.189010 0.027970 -0.051975
v -0.190920 0.029350 -0.069445
v -0.187320 0.046140 -0.063705
v -0.185280 0.044860 -0.046285
v -0.259920 0.068180 -0.117725
v -0.261240 0.030820 -0.042515
v -0.264910 0.020610 -0.043825
v -0.269740 0.013070 -0.016075
v -0.269100 0.019880 -0.015035
v -0.255670 0.037870 -0.041295
v -0.264590 0.029470 -0.015755
v -0.260760 0.031810 -0.072965
v -0.258910 0.038680 -0.095625
v -0.259150 0.029590 -0.098535
v -0.262170 0.023700 -0.075435
v -0.189660 0.014400 -0.033885
v -0.193890 0.020730 -0.054985
v -0.185210 0.019870 -0.030235
v -0.199330 0.013230 -0.033405
v -0.201660 0.016190 -0.056825
v -0.207590 0.010340 -0.033695
v -0.209670 0.012290 -0.058985
v -0.216530 0.010190 -0.034505
v -0.217540 0.010140 -0.061395
v -0.223570 0.009260 -0.036815
v -0.225410 0.008230 -0.065315
v -0.230900 0.007960 -0.039065
v -0.232350 0.005940 -0.068605
v -0.257890 0.014100 -0.102005
v -0.260120 0.009050 -0.079155
v -0.261120 0.016440 -0.077305
v -0.259000 0.021750 -0.100565
v -0.254300 0.007160 -0.102445
v -0.252080 0.004790 -0.075845
v -0.259170 0.034470 -0.014265
v -0.253760 0.042540 -0.038615
v -0.252680 0.036270 -0.012805
v -0.248580 0.048480 -0.035865
v -0.246520 0.038200 -0.011675
v -0.243530 0.050280 -0.033275
v -0.237090 0.006690 -0.041445
v -0.238820 0.004760 -0.071465
v -0.243010 0.006250 -0.043395
v -0.245140 0.003890 -0.073815
v -0.213890 0.007630 0.043695
v -0.214230 0.007990 0.045025
v -0.212820 0.005380 0.037285
v -0.212620 0.003810 0.033815
v -0.199040 0.065530 -0.130285
v -0.197080 0.053190 -0.134255
v -0.238600 0.051360 -0.030885
v -0.241640 0.038740 -0.010845
v -0.249290 0.005770 -0.044735
v -0.256270 0.004970 -0.045015
v -0.261290 0.007980 -0.044795
v -0.252750 0.011370 -0.136175
v -0.255820 0.018420 -0.136075
v -0.248890 0.018680 -0.148865
v -0.246410 0.011710 -0.148215
v -0.265010 0.012570 -0.044605
v -0.236540 0.039120 -0.008485
v -0.233200 0.051590 -0.028075
v -0.228920 0.052740 -0.026095
v -0.231860 0.039780 -0.006775
v -0.227040 0.041910 -0.006365
v -0.225150 0.053820 -0.025125
v -0.220320 0.055770 -0.024185
v -0.222390 0.043010 -0.005515
v -0.216800 0.045860 -0.004315
v -0.215400 0.057580 -0.023645
v -0.209620 0.059570 -0.022955
v -0.211390 0.047850 -0.003925
v -0.205630 0.049090 -0.004035
v -0.203540 0.060690 -0.020855
v -0.240430 0.018570 -0.156795
v -0.238360 0.011630 -0.153155
v -0.253910 0.057480 -0.119855
v -0.244330 0.048440 -0.148385
v -0.195020 0.016790 -0.145355
v -0.198080 0.059460 -0.019885
v -0.199080 0.053350 -0.004055
v -0.191890 0.050090 -0.005205
v -0.192670 0.054190 -0.020515
v -0.197390 0.008710 -0.141265
v -0.185790 0.042160 -0.008325
v -0.187370 0.046740 -0.023445
v -0.201400 0.112340 -0.078485
v -0.206740 0.112000 -0.074835
v -0.210470 0.097860 -0.067635
v -0.204810 0.099410 -0.071535
v -0.191030 0.035960 -0.083055
v -0.189330 0.044450 -0.081295
v -0.192690 0.061610 -0.042085
v -0.187460 0.053490 -0.043765
v -0.190060 0.055550 -0.061535
v -0.194850 0.113960 -0.089685
v -0.218910 0.076200 -0.149235
v -0.233740 0.073230 -0.149215
v -0.233250 0.083350 -0.147585
v -0.219220 0.086160 -0.148035
v -0.188870 0.055050 -0.079235
v -0.250530 0.047810 -0.139055
v -0.196580 0.102510 -0.085555
v -0.195200 0.091010 -0.080945
v -0.199590 0.077980 -0.127275
v -0.207060 0.076990 -0.139445
v -0.207110 0.087810 -0.137675
v -0.198770 0.089260 -0.125865
v -0.216830 0.107340 -0.145515
v -0.231370 0.105580 -0.145485
v -0.197140 0.111690 -0.126285
v -0.204130 0.110370 -0.136535
v -0.189470 0.128490 -0.115575
v -0.180080 0.175010 -0.121485
v -0.179260 0.175290 -0.109295
v -0.190850 0.129620 -0.104165
v -0.258570 0.038450 -0.112945
v -0.256450 0.038470 -0.128925
v -0.257140 0.027930 -0.133115
v -0.260580 0.028810 -0.117375
v -0.260250 0.019970 -0.120135
v -0.257570 0.012610 -0.120745
v -0.239500 0.105970 -0.137075
v -0.242360 0.092250 -0.136275
v -0.233420 0.093850 -0.145955
v -0.242710 0.080810 -0.136645
v -0.219630 0.096070 -0.147015
v -0.199080 0.100410 -0.125705
v -0.207070 0.098580 -0.136885
v -0.255480 0.047140 -0.108595
v -0.254180 0.047790 -0.123555
v -0.257880 0.040150 -0.069865
v -0.215960 0.017440 0.079595
v -0.192150 0.025790 -0.085345
v -0.254760 0.046240 -0.067115
v -0.193330 0.081620 -0.078555
v -0.189470 0.081630 -0.094415
v -0.191290 0.091870 -0.095275
v -0.193080 0.102920 -0.097605
v -0.009170 0.776280 -0.066085
v 0.000000 0.774820 -0.067365
v -0.015190 0.775750 -0.067345
v -0.193250 0.113670 -0.100555
v -0.256140 0.046690 -0.092065
v -0.181380 0.033730 -0.010255
v -0.183630 0.038890 -0.025415
v -0.251700 0.006740 -0.119575
v -0.247840 0.006260 -0.134325
v -0.244190 0.007220 -0.145795
v -0.250110 0.053830 -0.064765
v -0.182280 0.028050 -0.028505
v -0.180200 0.023070 -0.011535
v -0.256990 0.024910 0.017415
v -0.257660 0.024420 0.019835
v -0.256550 0.025790 0.011755
v -0.260940 0.025930 0.018365
v -0.261050 0.026070 0.014855
v -0.245980 0.013700 0.056705
v -0.245810 0.016080 0.056775
v -0.245320 0.018580 0.053035
v -0.245360 0.018160 0.054255
v -0.215280 0.006720 0.057405
v -0.181400 0.012590 -0.011355
v -0.186500 0.008240 -0.009335
v -0.194620 0.004490 -0.007585
v -0.203590 0.002180 -0.006115
v -0.215640 0.021310 0.071095
v -0.246360 0.005120 0.040265
v -0.246260 0.004400 0.036975
v -0.246530 0.003660 -0.100715
v -0.192200 0.080010 -0.110625
v -0.190790 0.091330 -0.110165
v -0.192460 0.102260 -0.111325
v -0.192230 0.112850 -0.113325
v -0.211740 0.002850 -0.005385
v -0.219530 0.003840 -0.006155
v -0.229020 0.004820 -0.007375
v -0.235210 0.005060 -0.009275
v -0.195010 0.020390 -0.073185
v -0.202500 0.015260 -0.075765
v -0.209340 0.010570 -0.080345
v -0.216400 0.007510 -0.084165
v -0.232270 0.003600 -0.094105
v -0.239700 0.002400 -0.098545
v -0.222970 0.004920 -0.088105
v -0.221510 0.003450 -0.147455
v -0.209120 0.002770 -0.143065
v -0.195650 0.017300 -0.087565
v -0.198120 0.013910 -0.100955
v -0.237860 0.005910 -0.148575
v -0.229930 0.004600 -0.149325
v -0.201310 0.003470 -0.130725
v -0.245180 0.004410 -0.117875
v -0.241320 0.004690 -0.134385
v -0.233180 0.002400 -0.132205
v -0.238110 0.002160 -0.116105
v -0.220210 0.002310 -0.108075
v -0.215790 0.001080 -0.125615
v -0.207310 0.001770 -0.119995
v -0.212780 0.004350 -0.103005
v -0.230170 0.001500 -0.113015
v -0.205450 0.009330 -0.097245
v -0.226110 0.001480 -0.130185
v -0.201370 0.013820 -0.087405
v -0.197150 0.007630 -0.117025
v -0.241160 0.004920 -0.011435
v -0.246720 0.004400 -0.013365
v -0.245750 0.005300 0.026825
v -0.245570 0.002380 0.023735
v -0.196250 0.014460 0.080775
v -0.196150 0.016060 0.079985
v -0.196250 0.010300 0.079375
v -0.190910 0.040330 0.019885
v -0.190790 0.035300 0.032295
v -0.192710 0.030210 0.049295
v -0.192720 0.029590 0.051875
v -0.193940 0.026090 0.060405
v -0.194210 0.024560 0.062715
v -0.194230 0.023370 0.063435
v -0.194450 0.022170 0.064675
v -0.195270 0.020860 0.069555
v -0.195690 0.017330 0.078585
v -0.195570 0.018600 0.077505
v -0.188760 0.004080 0.032345
v -0.190500 0.004220 0.045365
v -0.194070 0.002360 0.067335
v -0.195530 0.003710 0.073635
v -0.190150 0.001600 0.021845
v -0.188660 0.002870 0.026995
v -0.191070 0.002870 0.048035
v -0.191410 0.001410 0.050935
v -0.192270 0.001600 0.055115
v -0.212980 0.000380 0.020925
v -0.214480 0.008100 0.047075
v -0.214460 0.008230 0.048445
v -0.215870 0.015960 0.079935
v -0.215480 0.030790 0.049975
v -0.252570 0.003460 -0.014535
v -0.259520 0.002320 -0.015675
v -0.266770 0.006230 -0.016045
v -0.229900 0.029510 0.020805
v -0.230920 0.028170 0.029195
v -0.231090 0.027990 0.032415
v -0.231750 0.027190 0.050905
v -0.231800 0.026040 0.053645
v -0.231120 0.022620 0.061025
v -0.231240 0.020000 0.064165
v -0.231450 0.019530 0.065685
v -0.231460 0.019210 0.069615
v -0.231450 0.019380 0.068645
v -0.231260 0.018560 0.071485
v -0.231420 0.016800 0.072115
v -0.231550 0.013260 0.071455
v -0.231300 0.004860 0.053695
v -0.230920 0.007870 0.042445
v -0.230410 0.005870 0.035995
v -0.245160 0.028560 0.013705
v -0.246250 0.026610 0.020575
v -0.246710 0.025660 0.024475
v -0.246280 0.004910 0.031605
v -0.246260 0.026180 0.031585
v -0.245570 0.023650 0.041485
v -0.245710 0.022550 0.046705
v -0.245580 0.021900 0.048055
v -0.245540 0.021330 0.049075
v -0.245430 0.020480 0.050655
v -0.245510 0.019820 0.051425
v -0.245440 0.018960 0.051785
v -0.245490 0.017790 0.055325
v -0.245710 0.017310 0.056195
v -0.246310 0.007440 0.054875
v -0.245970 0.004280 0.045715
v -0.246340 0.005120 0.033715
v -0.246170 0.004960 0.032455
v -0.244170 0.000970 0.015135
v -0.231150 0.008390 0.068165
v -0.231050 0.005080 0.059585
v -0.231020 0.007650 0.043575
v -0.230210 0.004150 0.031895
v -0.228340 0.001380 0.021205
v -0.168310 0.222220 -0.127315
v -0.155720 0.256080 -0.131335
v -0.159140 0.255350 -0.114965
v -0.168450 0.221260 -0.113045
v -0.145660 0.284220 -0.114975
v -0.143010 0.286030 -0.133955
v -0.136290 0.312260 -0.114725
v -0.135180 0.315310 -0.134765
v -0.130980 0.338580 -0.113165
v -0.130880 0.341930 -0.132275
v -0.127330 0.362770 -0.109945
v -0.128150 0.365540 -0.127725
v -0.126730 0.389160 -0.123565
v -0.123840 0.386330 -0.107195
v -0.118110 0.407070 -0.104175
v -0.121250 0.409810 -0.119835
v -0.116920 0.428290 -0.115735
v -0.112170 0.425490 -0.100435
v -0.113280 0.444350 -0.112865
v -0.106520 0.441770 -0.099105
v -0.109670 0.458700 -0.111855
v -0.102900 0.456730 -0.097595
v -0.106670 0.472940 -0.111385
v -0.099870 0.471610 -0.096585
v -0.102720 0.488990 -0.112365
v -0.097380 0.488030 -0.095265
v -0.095680 0.513860 -0.113245
v -0.091250 0.512900 -0.095705
v -0.084860 0.552200 -0.116085
v -0.081820 0.550590 -0.098055
v -0.188540 0.678300 -0.107125
v -0.185410 0.718580 -0.109745
v -0.193930 0.678050 -0.082545
v -0.191510 0.638190 -0.104375
v -0.195360 0.637810 -0.082455
v -0.197930 0.679120 -0.058555
v -0.196380 0.718200 -0.057245
v -0.192410 0.718240 -0.083165
v -0.196840 0.678820 -0.034035
v -0.193910 0.716320 -0.031895
v -0.042430 0.707070 -0.099765
v -0.049130 0.689080 -0.100865
v -0.056250 0.694250 -0.122135
v -0.049900 0.711740 -0.121615
v -0.036230 0.722780 -0.098125
v -0.043630 0.726680 -0.120775
v -0.037190 0.740320 -0.119585
v -0.030990 0.737910 -0.096065
v -0.029510 0.752780 -0.117185
v -0.025850 0.752010 -0.093355
v -0.021360 0.762950 -0.113125
v -0.020860 0.764790 -0.088655
v -0.016050 0.773490 -0.086465
v -0.014090 0.772160 -0.106655
v -0.008200 0.774510 -0.085315
v -0.006970 0.772020 -0.103815
v 0.000000 0.774760 -0.101405
v 0.000000 0.775460 -0.085145
v -0.257710 0.006400 0.023815
v -0.258130 0.006240 0.020635
v -0.255620 0.009190 0.024725
v -0.260270 0.005950 0.023745
v -0.260090 0.006060 0.019785
v -0.177100 0.020700 0.003315
v -0.178470 0.030540 0.005595
v -0.270330 0.018500 -0.003235
v -0.182740 0.038690 0.006865
v -0.191090 0.045520 0.009855
v -0.199270 0.042820 0.009845
v -0.206870 0.040020 0.011385
v -0.212700 0.039300 0.011005
v -0.217790 0.037760 0.011225
v -0.223850 0.035540 0.009855
v -0.228700 0.033460 0.007725
v -0.233330 0.031600 0.006635
v -0.239380 0.032440 0.004515
v -0.243810 0.033230 0.002465
v -0.248450 0.030840 0.001335
v -0.264890 0.005440 -0.002185
v -0.270190 0.011630 -0.003425
v -0.178940 0.010740 0.002985
v -0.183410 0.005720 0.004195
v -0.192390 0.003040 0.007125
v -0.201790 0.001090 0.009915
v -0.209200 0.002000 0.011445
v -0.250880 0.003210 0.001545
v -0.257390 0.003020 -0.000635
v -0.245900 0.004130 0.003215
v -0.239450 0.001850 0.006275
v -0.234660 0.003960 0.007675
v -0.227940 0.003790 0.009955
v -0.215340 0.001050 0.010025
v -0.265150 0.016450 0.035825
v -0.264950 0.015850 0.037255
v -0.262860 0.018050 0.036685
v -0.263200 0.018490 0.036025
v -0.256350 0.014860 0.043915
v -0.255590 0.013820 0.044025
v -0.255150 0.014690 0.042095
v -0.255970 0.015270 0.042405
v -0.263780 0.016600 0.038975
v -0.263080 0.016440 0.039355
v -0.262230 0.016740 0.037585
v -0.262610 0.016850 0.037115
v -0.254810 0.009720 0.041015
v -0.253950 0.008820 0.034625
v -0.252800 0.012160 0.036465
v -0.253780 0.011510 0.040035
v -0.265370 0.016570 0.034645
v -0.263420 0.019050 0.035295
v -0.265680 0.010800 0.039185
v -0.266620 0.009530 0.034915
v -0.264710 0.006760 0.034285
v -0.264220 0.008540 0.040415
v -0.263560 0.015450 0.042805
v -0.264240 0.014340 0.042605
v -0.262550 0.012980 0.044765
v -0.262170 0.014350 0.044855
v -0.262550 0.016450 0.039935
v -0.261820 0.016540 0.038045
v -0.262470 0.015520 0.042685
v -0.262760 0.016080 0.041335
v -0.263540 0.016110 0.041285
v -0.257030 0.015510 0.043635
v -0.256530 0.015850 0.042585
v -0.254050 0.008430 0.033805
v -0.253200 0.012530 0.034365
v -0.266660 0.009650 0.033445
v -0.264880 0.006830 0.033215
v -0.256400 0.018460 0.036565
v -0.256510 0.018020 0.037315
v -0.254360 0.015460 0.038325
v -0.253390 0.015840 0.036235
v -0.256350 0.016470 0.037715
v -0.256650 0.016340 0.038085
v -0.256020 0.015810 0.040135
v -0.255560 0.015530 0.039815
v -0.256540 0.019500 0.035645
v -0.253450 0.016190 0.035245
v -0.256810 0.016170 0.038435
v -0.256700 0.016220 0.040435
v -0.257840 0.014310 0.045275
v -0.257260 0.013070 0.045675
v -0.257370 0.007380 0.041775
v -0.256840 0.004800 0.033815
v -0.265490 0.013500 0.037935
v -0.266230 0.013350 0.035555
v -0.264230 0.015510 0.040875
v -0.261670 0.015190 0.043865
v -0.258000 0.015180 0.044515
v -0.257130 0.004570 0.032805
v -0.266430 0.013090 0.034205
v -0.266830 0.010130 0.032525
v -0.267470 0.011580 0.029875
v -0.264260 0.007500 0.028555
v -0.265030 0.007060 0.032185
v -0.253780 0.016830 0.033495
v -0.254430 0.018240 0.031125
v -0.257030 0.022010 0.032245
v -0.256570 0.020550 0.034225
v -0.254320 0.008090 0.032545
v -0.254600 0.008870 0.029465
v -0.253930 0.013480 0.030405
v -0.253560 0.012660 0.032965
v -0.254980 0.019360 0.027045
v -0.256890 0.023290 0.026955
v -0.256550 0.022980 0.030145
v -0.254770 0.018550 0.028685
v -0.255240 0.009380 0.025885
v -0.254470 0.013570 0.026985
v -0.254330 0.013620 0.027915
v -0.254950 0.009460 0.026895
v -0.257060 0.005420 0.025575
v -0.257390 0.005700 0.024855
v -0.267740 0.011740 0.026595
v -0.263950 0.008370 0.024465
v -0.264030 0.008260 0.025575
v -0.267650 0.011850 0.027295
v -0.267350 0.015660 0.028615
v -0.267810 0.015440 0.026995
v -0.265640 0.019260 0.029985
v -0.264260 0.022500 0.030885
v -0.264450 0.022610 0.027635
v -0.265920 0.020080 0.027635
v -0.266840 0.014510 0.030625
v -0.257050 0.004420 0.028825
v -0.265200 0.018740 0.031805
v -0.263160 0.021060 0.032445
v -0.266320 0.013560 0.033105
v -0.265230 0.017710 0.033415
v -0.263230 0.020360 0.033985
v -0.257320 0.004460 0.031805
v -0.260410 0.022500 0.030485
v -0.259920 0.022100 0.032705
v -0.259770 0.012390 0.046185
v -0.259810 0.014000 0.045365
v -0.259140 0.016430 0.040415
v -0.259530 0.016110 0.041955
v -0.263810 0.023850 0.024475
v -0.266100 0.020360 0.024465
v -0.260430 0.003910 0.032245
v -0.260560 0.003700 0.031265
v -0.267590 0.015500 0.024365
v -0.267850 0.011930 0.024745
v -0.264050 0.008560 0.023765
v -0.260620 0.005830 0.024415
v -0.254650 0.013470 0.025855
v -0.260700 0.023640 0.027145
v -0.259750 0.020500 0.034045
v -0.259370 0.019500 0.035325
v -0.259170 0.019690 0.036215
v -0.259050 0.019000 0.036815
v -0.259030 0.016670 0.037175
v -0.259160 0.016520 0.037695
v -0.259190 0.016420 0.038175
v -0.259560 0.015800 0.043155
v -0.259610 0.015040 0.044375
v -0.260130 0.007460 0.041685
v -0.260400 0.004090 0.032945
v -0.261290 0.004630 0.028635
v -0.260660 0.005480 0.025415
v -0.255010 0.019300 0.025425
v -0.257790 0.023660 0.023925
v -0.260930 0.024720 0.024155
v -0.255810 0.030380 -0.000275
v -0.256220 0.002680 0.010085
v -0.203000 0.005450 -0.112355
v -0.186220 0.675970 -0.013295
v -0.197310 0.639900 -0.037845
v -0.187860 0.637790 -0.017195
v -0.168580 0.670820 0.001505
v -0.163350 0.705820 0.000985
v -0.182520 0.711980 -0.011215
v -0.136320 0.697570 0.002365
v -0.141360 0.662890 0.002775
v -0.170800 0.632570 -0.002705
v -0.146610 0.626280 0.000925
v -0.122060 0.617100 -0.003255
v -0.056260 0.659550 -0.079705
v -0.058030 0.662170 -0.056405
v -0.197140 0.638600 -0.061245
v -0.182160 0.638100 -0.128455
v -0.122130 0.617680 -0.154975
v -0.104090 0.607630 -0.148065
v -0.088820 0.598290 -0.134785
v -0.077680 0.591750 -0.118365
v -0.098260 0.607140 -0.014305
v 0.034730 1.550590 0.030805
v 0.030960 1.550500 0.031305
v 0.031100 1.549910 0.031105
v 0.034920 1.549750 0.030795
v 0.034870 1.552500 0.030425
v 0.030800 1.552420 0.031065
v 0.030950 1.551320 0.031205
v 0.034810 1.551410 0.030655
v 0.038240 1.550080 0.030085
v 0.038490 1.550890 0.029755
v 0.038860 1.551840 0.029335
v 0.041540 1.549860 0.028535
v 0.042300 1.550660 0.027805
v 0.041030 1.549180 0.028925
v 0.043630 1.548640 0.027305
v 0.044620 1.549220 0.026535
v 0.042950 1.548190 0.027845
v 0.044730 1.547610 0.026275
v 0.045820 1.547900 0.025175
v 0.043920 1.547260 0.026935
v 0.045210 1.546670 0.025515
v 0.046380 1.546770 0.024235
v 0.044380 1.546540 0.026155
v 0.045310 1.545730 0.024655
v 0.046450 1.545750 0.023615
v 0.044480 1.545750 0.025535
v 0.045130 1.544860 0.024655
v 0.046310 1.544600 0.023585
v 0.044280 1.545020 0.025425
v 0.044630 1.543900 0.024685
v 0.045840 1.543410 0.023425
v 0.043880 1.544290 0.025515
v 0.044060 1.543050 0.024985
v 0.045180 1.542270 0.023795
v 0.043310 1.543610 0.025865
v 0.039270 1.540080 0.028255
v 0.039760 1.538770 0.027775
v 0.042370 1.539910 0.026335
v 0.041420 1.541030 0.027005
v 0.039050 1.540970 0.028615
v 0.041060 1.541880 0.027445
v 0.027380 1.540430 0.029865
v 0.026960 1.539160 0.029815
v 0.030970 1.538910 0.029845
v 0.031090 1.540140 0.030315
v 0.027080 1.538090 0.029985
v 0.031610 1.537720 0.030125
v 0.023820 1.540990 0.029235
v 0.023320 1.540030 0.029355
v 0.023220 1.538920 0.029375
v 0.021790 1.541430 0.028665
v 0.021200 1.540610 0.028785
v 0.020670 1.539720 0.028825
v 0.027010 1.549710 0.030795
v 0.027250 1.549030 0.030585
v 0.026550 1.551530 0.030835
v 0.026820 1.550480 0.030855
v 0.022650 1.549950 0.030475
v 0.023030 1.549080 0.030155
v 0.023330 1.548400 0.029805
v 0.023530 1.547730 0.029525
v 0.019640 1.548110 0.030235
v 0.020160 1.547370 0.029955
v 0.020670 1.546800 0.029705
v 0.020930 1.546210 0.029215
v 0.017880 1.546630 0.030095
v 0.018500 1.546170 0.029875
v 0.018990 1.545760 0.029685
v 0.019520 1.545240 0.028815
v 0.016120 1.544380 0.030015
v 0.016760 1.544370 0.029455
v 0.017400 1.545160 0.029925
v 0.016780 1.545350 0.030095
v 0.017170 1.544350 0.028885
v 0.017520 1.544120 0.028105
v 0.018170 1.544750 0.028385
v 0.017890 1.545020 0.029785
v 0.015830 1.543320 0.029855
v 0.016510 1.543490 0.029215
v 0.017040 1.543520 0.028255
v 0.017570 1.543470 0.027845
v 0.016020 1.542210 0.029395
v 0.016750 1.542520 0.028905
v 0.017560 1.542740 0.028195
v 0.018460 1.542640 0.027645
v 0.040370 1.537080 0.026605
v 0.043300 1.538460 0.025245
v 0.019710 1.538560 0.028745
v 0.022450 1.537510 0.029375
v 0.026720 1.536420 0.029835
v 0.026250 1.534360 0.029865
v 0.031790 1.533730 0.029165
v 0.031780 1.535960 0.029705
v 0.046390 1.541510 0.022485
v 0.047010 1.542970 0.022265
v 0.047410 1.544400 0.022545
v 0.047470 1.545680 0.022675
v 0.047330 1.546890 0.023195
v 0.046780 1.548150 0.024175
v 0.045440 1.549550 0.025465
v 0.042840 1.551200 0.027155
v 0.039160 1.552560 0.028625
v 0.034990 1.553280 0.030235
v 0.030730 1.553190 0.030875
v 0.026270 1.552310 0.030805
v 0.022170 1.550690 0.030755
v 0.019020 1.548660 0.030485
v 0.046360 1.549840 0.024055
v 0.043510 1.551780 0.026495
v 0.016060 1.545720 0.030435
v 0.015420 1.544490 0.030485
v 0.015200 1.543220 0.030255
v 0.015530 1.541810 0.029525
v 0.017180 1.547120 0.030365
v 0.016030 1.547790 0.031115
v 0.014840 1.546130 0.031205
v 0.018210 1.549650 0.031305
v 0.014240 1.548410 0.032595
v 0.012930 1.546430 0.032505
v 0.012300 1.544640 0.032325
v 0.014220 1.544630 0.031175
v 0.012250 1.542770 0.032055
v 0.014090 1.543070 0.030945
v 0.012990 1.540540 0.031635
v 0.014540 1.541230 0.029995
v 0.009250 1.550020 0.037045
v 0.008120 1.547450 0.037035
v 0.010550 1.546770 0.034525
v 0.011850 1.549080 0.034665
v 0.007570 1.544770 0.036895
v 0.007800 1.542130 0.036805
v 0.010030 1.542430 0.034155
v 0.009940 1.544600 0.034315
v 0.008860 1.538930 0.036095
v 0.010890 1.539760 0.033685
v 0.006350 1.550730 0.039215
v 0.005500 1.547960 0.039135
v 0.005150 1.545130 0.039085
v 0.005460 1.542020 0.039115
v 0.006660 1.537880 0.038865
v 0.003250 1.551400 0.040495
v 0.002850 1.548540 0.040355
v 0.006450 1.533810 0.040805
v 0.003200 1.539460 0.041485
v 0.003320 1.535520 0.042815
v 0.002710 1.545520 0.040475
v 0.002860 1.542500 0.040975
v 0.025880 1.531900 0.031125
v 0.032060 1.531050 0.030135
v 0.020580 1.533640 0.030995
v 0.021450 1.535770 0.029375
v 0.017430 1.535540 0.030735
v 0.018510 1.537180 0.028925
v 0.042930 1.532420 0.025155
v 0.046290 1.534400 0.022475
v 0.044420 1.536680 0.023485
v 0.041290 1.535050 0.025425
v 0.050570 1.545490 0.019985
v 0.050230 1.547050 0.020485
v 0.048410 1.546900 0.021985
v 0.048650 1.545610 0.021575
v 0.050480 1.541670 0.019525
v 0.050620 1.543730 0.019575
v 0.048670 1.544180 0.021345
v 0.048410 1.542390 0.021025
v 0.049330 1.548650 0.021305
v 0.047840 1.548250 0.022765
v 0.047510 1.550510 0.023025
v 0.044430 1.552450 0.025575
v 0.040080 1.554250 0.028235
v 0.039500 1.553330 0.028285
v 0.025030 1.554480 0.032065
v 0.020230 1.552660 0.032515
v 0.021570 1.551530 0.031235
v 0.025930 1.553140 0.031095
v 0.035190 1.555320 0.030255
v 0.035020 1.554140 0.030025
v 0.030210 1.555420 0.031335
v 0.030590 1.554100 0.030765
v 0.016540 1.550560 0.032655
v 0.014070 1.551650 0.034635
v 0.011150 1.552790 0.037035
v 0.007800 1.553790 0.039355
v 0.003820 1.554430 0.040525
v 0.020480 1.558980 0.036155
v 0.014850 1.556110 0.036965
v 0.017830 1.554380 0.034855
v 0.023240 1.556580 0.034055
v 0.027740 1.560090 0.033825
v 0.029280 1.557660 0.032415
v 0.041390 1.558370 0.027825
v 0.035000 1.559770 0.031145
v 0.035220 1.557390 0.030585
v 0.040860 1.555990 0.028045
v 0.046880 1.555920 0.024025
v 0.045780 1.553690 0.024665
v 0.055790 1.542330 0.014895
v 0.055430 1.545180 0.015425
v 0.052890 1.545300 0.018005
v 0.053010 1.543130 0.017525
v 0.054850 1.547680 0.016215
v 0.052410 1.547200 0.018575
v 0.055380 1.539290 0.014655
v 0.052830 1.540630 0.017305
v 0.053490 1.550380 0.017825
v 0.051400 1.549150 0.019645
v 0.050870 1.553150 0.020575
v 0.049220 1.551380 0.021705
v 0.047710 1.558700 0.023405
v 0.041490 1.561440 0.027915
v 0.052440 1.555350 0.019265
v 0.025580 1.563610 0.035565
v 0.016150 1.562480 0.038945
v 0.010630 1.557760 0.039375
v 0.058230 1.541500 0.011735
v 0.057580 1.545140 0.012325
v 0.056780 1.548550 0.013665
v 0.058140 1.537840 0.011805
v 0.055010 1.551970 0.015845
v 0.034000 1.563120 0.032005
v 0.057630 1.534170 0.012535
v 0.054670 1.536100 0.015235
v 0.004930 1.558700 0.041125
v 0.048330 1.561910 0.022595
v 0.041880 1.564950 0.027695
v 0.033730 1.566920 0.032355
v 0.024940 1.568000 0.036575
v 0.015370 1.568210 0.040305
v 0.006690 1.568290 0.042185
v 0.006820 1.563230 0.041565
v 0.033820 1.570870 0.032445
v 0.024700 1.572090 0.036955
v 0.049180 1.565120 0.021565
v 0.042300 1.568600 0.027295
v 0.014750 1.572560 0.040755
v 0.006360 1.572540 0.042615
v 0.059770 1.588570 0.003415
v 0.051300 1.596720 0.013395
v 0.048910 1.590310 0.018275
v 0.057760 1.583670 0.008705
v 0.039790 1.602110 0.021465
v 0.037870 1.595090 0.025365
v 0.027940 1.606040 0.028705
v 0.026930 1.598530 0.031485
v 0.060410 1.536370 0.008055
v 0.060360 1.540870 0.007895
v 0.059990 1.545270 0.008805
v 0.058590 1.549410 0.010655
v 0.056450 1.553860 0.013565
v 0.053400 1.557970 0.017745
v 0.060070 1.532000 0.009155
v 0.057660 1.555580 0.010855
v 0.054110 1.560570 0.015765
v 0.060000 1.550450 0.006945
v 0.061630 1.545330 0.004375
v 0.066370 1.568660 -0.013995
v 0.064390 1.578850 -0.005755
v 0.062460 1.575120 -0.000745
v 0.064920 1.566140 -0.009225
v 0.066710 1.583260 -0.011975
v 0.062190 1.594100 -0.002415
v 0.055180 1.578880 0.012825
v 0.060630 1.571650 0.003765
v 0.067590 1.557590 -0.020385
v 0.068480 1.558800 -0.024175
v 0.068020 1.571420 -0.018915
v 0.054440 1.641350 -0.075665
v 0.043620 1.652530 -0.078585
v 0.041280 1.655880 -0.043525
v 0.053330 1.645050 -0.045325
v 0.003480 1.513830 0.055985
v 0.003740 1.516870 0.054375
v 0.012240 1.515030 0.048255
v 0.011500 1.517090 0.045725
v 0.009380 1.518360 0.048655
v 0.009450 1.515890 0.050405
v 0.014190 1.513650 0.045255
v 0.013970 1.515420 0.043565
v 0.008970 1.520860 0.046005
v 0.011460 1.519270 0.043625
v 0.013620 1.517160 0.040885
v 0.006640 1.519200 0.050815
v 0.003690 1.519760 0.052245
v 0.006740 1.516510 0.052835
v 0.003670 1.522840 0.049945
v 0.006370 1.522010 0.048205
v 0.006740 1.513830 0.054415
v 0.015770 1.514500 0.038575
v 0.015920 1.513120 0.041205
v 0.017100 1.509950 0.038845
v 0.018110 1.511070 0.037395
v 0.008720 1.504540 0.052005
v 0.007880 1.505380 0.053685
v 0.005430 1.502830 0.052555
v 0.006450 1.502860 0.051635
v 0.015840 1.506750 0.044275
v 0.015450 1.505430 0.044755
v 0.015820 1.503280 0.040845
v 0.016870 1.504860 0.040755
v 0.005200 1.505270 0.055565
v 0.002670 1.505040 0.056365
v 0.001980 1.502410 0.053475
v 0.003800 1.502760 0.052975
v 0.004290 1.500720 0.050285
v 0.005240 1.501380 0.049585
v 0.001510 1.499800 0.050415
v 0.002890 1.500270 0.050175
v 0.004290 1.499100 0.047735
v 0.005200 1.499860 0.047565
v 0.001250 1.497860 0.047435
v 0.002660 1.498350 0.047655
v 0.005340 1.497400 0.045325
v 0.005770 1.498820 0.045255
v 0.011470 1.499230 0.041215
v 0.008060 1.498060 0.043205
v 0.008240 1.496760 0.043375
v 0.011910 1.497560 0.041345
v 0.013940 1.500630 0.040075
v 0.013000 1.501440 0.041075
v 0.011370 1.500360 0.041485
v 0.009830 1.503980 0.050145
v 0.010120 1.505060 0.051145
v 0.008780 1.503810 0.050825
v 0.013830 1.503190 0.045825
v 0.014580 1.504010 0.045405
v 0.012920 1.505210 0.048125
v 0.012170 1.503880 0.048075
v 0.013950 1.502640 0.042375
v 0.015120 1.502340 0.042295
v 0.007010 1.502840 0.050855
v 0.005570 1.502040 0.048925
v 0.005750 1.500700 0.047195
v 0.006290 1.500040 0.045135
v 0.008160 1.499570 0.043365
v 0.013600 1.506510 0.048115
v 0.002950 1.508140 0.057435
v 0.003340 1.511000 0.057195
v 0.010780 1.506610 0.051245
v 0.009590 1.513470 0.051955
v 0.012260 1.512890 0.049415
v 0.014460 1.511890 0.046355
v 0.016060 1.510510 0.043505
v 0.015900 1.511780 0.042645
v 0.016940 1.509080 0.041425
v 0.017050 1.509410 0.040215
v 0.015090 1.500420 0.038845
v 0.023740 1.508050 0.035545
v 0.027440 1.502560 0.034345
v 0.032550 1.504350 0.032215
v 0.028810 1.510030 0.034825
v 0.001390 1.495990 0.046805
v 0.003060 1.496630 0.046305
v 0.012630 1.503090 0.042955
v 0.012270 1.502030 0.041925
v 0.010950 1.501170 0.042065
v 0.006650 1.500930 0.044865
v 0.005750 1.501970 0.046375
v 0.007190 1.503540 0.048885
v 0.008340 1.503940 0.048955
v 0.012650 1.503470 0.045215
v 0.006010 1.503120 0.047965
v 0.009720 1.503760 0.048715
v 0.008180 1.500590 0.043535
v 0.011050 1.504300 0.046535
v 0.001850 1.494250 0.046535
v 0.024540 1.484990 0.036145
v 0.024270 1.482730 0.036175
v 0.026620 1.480290 0.033265
v 0.027310 1.481610 0.032975
v 0.022800 1.473390 0.033665
v 0.018650 1.471050 0.037315
v 0.018890 1.469180 0.036535
v 0.022930 1.472310 0.033455
v 0.024840 1.474850 0.032055
v 0.025150 1.474060 0.031925
v 0.002240 1.486590 0.049785
v 0.001770 1.489190 0.047455
v 0.001850 1.492110 0.046925
v 0.008810 1.501860 0.043705
v 0.007940 1.502300 0.044535
v 0.011390 1.503750 0.044895
v 0.011800 1.503390 0.043635
v 0.010140 1.502390 0.043215
v 0.011230 1.502980 0.043215
v 0.008050 1.503940 0.047555
v 0.008630 1.504110 0.047945
v 0.007290 1.503610 0.046975
v 0.009450 1.504120 0.047425
v 0.010410 1.504000 0.046445
v 0.007180 1.502970 0.045745
v 0.008920 1.504120 0.046695
v 0.009700 1.503980 0.045705
v 0.010500 1.503620 0.044445
v 0.008200 1.503890 0.046285
v 0.008560 1.503610 0.045405
v 0.009300 1.503120 0.044245
v 0.023480 1.469450 0.032825
v 0.026050 1.471500 0.031245
v 0.019170 1.467160 0.035475
v 0.023910 1.481340 0.036225
v 0.025990 1.479570 0.033575
v 0.004090 1.492640 0.046485
v 0.003740 1.494700 0.045965
v 0.021080 1.483460 0.039615
v 0.020690 1.482250 0.039655
v 0.023430 1.480310 0.036205
v 0.020250 1.481230 0.039675
v 0.022960 1.479650 0.036355
v 0.022430 1.478900 0.036155
v 0.019600 1.480000 0.039075
v 0.019060 1.479210 0.038825
v 0.022090 1.478310 0.035885
v 0.018460 1.478230 0.038575
v 0.021170 1.478250 0.034915
v 0.017280 1.478410 0.036885
v 0.020730 1.478470 0.034055
v 0.025280 1.477630 0.031995
v 0.025280 1.477240 0.031425
v 0.025650 1.476980 0.031215
v 0.025890 1.477720 0.031755
v 0.024940 1.477650 0.031955
v 0.024900 1.477430 0.031715
v 0.024280 1.477840 0.031185
v 0.024390 1.477710 0.030755
v 0.024640 1.477540 0.031455
v 0.024630 1.477700 0.031775
v 0.024090 1.478190 0.029935
v 0.024410 1.477960 0.029385
v 0.021970 1.475550 0.034435
v 0.022400 1.474630 0.034245
v 0.024260 1.475670 0.032335
v 0.023790 1.476270 0.032525
v 0.021740 1.477580 0.030445
v 0.021070 1.477380 0.032645
v 0.022940 1.477440 0.031205
v 0.023130 1.477530 0.029515
v 0.025380 1.478840 0.033775
v 0.024660 1.478430 0.033765
v 0.023910 1.478190 0.033575
v 0.022730 1.478080 0.033175
v 0.023350 1.478070 0.033555
v 0.022210 1.478430 0.032305
v 0.027450 1.477650 0.031365
v 0.026680 1.477650 0.031565
v 0.026400 1.476490 0.031315
v 0.027140 1.476100 0.031085
v 0.021480 1.476330 0.034225
v 0.023390 1.476780 0.032545
v 0.021170 1.476930 0.033735
v 0.023120 1.477170 0.032145
v 0.004590 1.490040 0.047705
v 0.005150 1.487690 0.049585
v 0.007990 1.488620 0.048565
v 0.007190 1.490770 0.046095
v 0.014530 1.485700 0.044825
v 0.014240 1.484620 0.044885
v 0.017550 1.483210 0.042705
v 0.017820 1.484250 0.042925
v 0.013810 1.482570 0.044275
v 0.013400 1.480590 0.043865
v 0.016260 1.479830 0.041875
v 0.016800 1.481460 0.042215
v 0.006670 1.493120 0.045335
v 0.009500 1.493410 0.043835
v 0.008890 1.495390 0.043545
v 0.006040 1.495120 0.044775
v 0.013580 1.490160 0.042835
v 0.014380 1.487280 0.044455
v 0.017870 1.485460 0.042385
v 0.017310 1.488290 0.040975
v 0.007850 1.483360 0.047795
v 0.007700 1.480890 0.046605
v 0.010450 1.480940 0.045695
v 0.010610 1.483210 0.046445
v 0.008060 1.487230 0.048835
v 0.008030 1.486220 0.049085
v 0.010880 1.485610 0.047325
v 0.011050 1.486860 0.047065
v 0.005150 1.482570 0.048315
v 0.005000 1.480280 0.047255
v 0.005320 1.486330 0.049605
v 0.005330 1.485160 0.049585
v 0.002140 1.481850 0.048635
v 0.001980 1.479710 0.047785
v 0.002300 1.485150 0.049955
v 0.002330 1.484180 0.049845
v 0.012880 1.478240 0.043645
v 0.010140 1.478090 0.044555
v 0.007610 1.478030 0.044555
v 0.004660 1.477900 0.044915
v 0.002150 1.477710 0.045005
v 0.010910 1.488380 0.046575
v 0.018240 1.474490 0.037885
v 0.018370 1.472930 0.037685
v 0.016380 1.477390 0.035895
v 0.017240 1.476750 0.037925
v 0.017860 1.475790 0.038225
v 0.012960 1.468110 0.041195
v 0.012770 1.470820 0.041715
v 0.012340 1.473240 0.042565
v 0.011960 1.474730 0.042515
v 0.011510 1.476040 0.041765
v 0.011070 1.477190 0.041735
v 0.005170 1.473860 0.045325
v 0.005280 1.472200 0.045385
v 0.005440 1.469720 0.044925
v 0.005360 1.465170 0.041345
v 0.005340 1.462910 0.040045
v 0.012970 1.464260 0.038345
v 0.013110 1.466450 0.039495
v 0.005710 1.466290 0.044205
v 0.005080 1.476870 0.043485
v 0.005110 1.475750 0.044225
v 0.015870 1.477730 0.034335
v 0.010440 1.477460 0.040805
v 0.005080 1.477370 0.043155
v 0.007340 1.478740 0.041205
v 0.009490 1.478740 0.040765
v 0.004230 1.478590 0.040835
v 0.010940 1.478690 0.040065
v 0.018000 1.477180 0.031205
v 0.009600 1.477450 0.039235
v 0.001900 1.478580 0.040795
v 0.024190 1.478770 0.028155
v 0.024960 1.478260 0.027425
v 0.020600 1.479180 0.032995
v 0.021880 1.479090 0.031065
v 0.007260 1.479720 0.040465
v 0.009320 1.479710 0.039915
v 0.023950 1.477360 0.027175
v 0.021220 1.477210 0.028835
v 0.017140 1.475270 0.029105
v 0.010870 1.475900 0.036665
v 0.001810 1.479690 0.040715
v 0.004320 1.479660 0.040685
v 0.005520 1.476980 0.041085
v 0.010850 1.479660 0.039145
v 0.016670 1.479440 0.035475
v 0.003860 1.482860 0.040165
v 0.006410 1.483220 0.039675
v 0.001560 1.482310 0.040455
v 0.006380 1.475550 0.038845
v 0.008630 1.483080 0.038505
v 0.010040 1.482930 0.037675
v 0.022930 1.475760 0.025985
v 0.020080 1.474970 0.027155
v 0.019350 1.481490 0.031455
v 0.020950 1.481090 0.029555
v 0.015640 1.482060 0.033985
v 0.016580 1.471840 0.029195
v 0.011580 1.472050 0.035445
v 0.024690 1.479540 0.026375
v 0.025600 1.478450 0.025795
v 0.019790 1.471890 0.026775
v 0.024830 1.481450 0.025665
v 0.026080 1.478820 0.024605
v 0.001530 1.487070 0.040555
v 0.003700 1.487270 0.040345
v 0.006130 1.487550 0.039715
v 0.006180 1.471300 0.038545
v 0.008260 1.487640 0.038455
v 0.009630 1.487480 0.037615
v 0.022870 1.473200 0.025215
v 0.018660 1.485510 0.031315
v 0.020640 1.484730 0.029405
v 0.015370 1.486480 0.033665
v 0.016050 1.468860 0.028795
v 0.011810 1.468140 0.034215
v 0.015980 1.464320 0.025865
v 0.012450 1.462930 0.029195
v 0.019500 1.469480 0.026205
v 0.025290 1.483540 0.024705
v 0.026610 1.479340 0.023435
v 0.001500 1.491460 0.040005
v 0.003550 1.491870 0.039755
v 0.005830 1.492070 0.039185
v 0.005880 1.467520 0.037865
v 0.007850 1.491990 0.038055
v 0.009220 1.491830 0.037215
v 0.022830 1.471380 0.024405
v 0.018170 1.489510 0.030955
v 0.020440 1.488420 0.028985
v 0.014620 1.490360 0.033415
v 0.008240 1.440560 -0.041605
v 0.006490 1.448420 -0.048485
v 0.018200 1.494270 0.029205
v 0.020820 1.492800 0.027335
v 0.014820 1.495760 0.031315
v 0.007410 1.457600 -0.007865
v 0.005760 1.497630 0.036745
v 0.007870 1.497640 0.035695
v 0.017070 1.460120 0.019525
v 0.012390 1.459150 0.022275
v 0.019670 1.465810 0.023775
v 0.006290 1.456260 0.008505
v 0.026500 1.486160 0.022765
v 0.027790 1.479910 0.021305
v 0.001390 1.496630 0.037335
v 0.006090 1.456820 0.024745
v 0.003250 1.497250 0.037255
v 0.004530 1.461900 0.033145
v 0.009280 1.497400 0.034895
v 0.023240 1.468750 0.022035
v 0.001170 1.504040 0.028525
v 0.003410 1.504910 0.028425
v 0.005890 1.505410 0.028025
v 0.008640 1.505290 0.027265
v 0.010080 1.504920 0.026725
v 0.025260 1.466660 0.016765
v 0.021100 1.462500 0.017985
v 0.019580 1.500600 0.023065
v 0.022730 1.498480 0.021785
v 0.016050 1.502620 0.024085
v 0.019140 1.460830 0.007015
v 0.013840 1.458170 0.007875
v 0.029150 1.489250 0.018005
v 0.030410 1.481170 0.016685
v 0.023190 1.463270 0.006255
v 0.031680 1.492140 0.007575
v 0.032650 1.482660 0.006565
v 0.001310 1.510990 0.014035
v 0.003990 1.512160 0.013765
v 0.006700 1.512780 0.013475
v 0.009550 1.512580 0.013145
v 0.011080 1.512070 0.012855
v 0.027220 1.465670 0.006265
v 0.021070 1.506650 0.011565
v 0.024530 1.504150 0.011165
v 0.018260 1.508410 0.011745
v 0.021220 1.460370 -0.009065
v 0.014950 1.459010 -0.008375
v 0.017070 1.444290 -0.038825
v 0.024520 1.449000 -0.035275
v 0.025280 1.463340 -0.009345
v 0.035790 1.495000 -0.008845
v 0.036360 1.484220 -0.009735
v 0.001450 1.513890 -0.006165
v 0.005010 1.515290 -0.006625
v 0.008610 1.516130 -0.006885
v 0.012230 1.516140 -0.006955
v 0.015560 1.514780 -0.007175
v 0.029590 1.465660 -0.008385
v 0.025360 1.510100 -0.007335
v 0.028920 1.507400 -0.007595
v 0.022370 1.512010 -0.007285
v 0.001600 1.510770 -0.025475
v 0.005010 1.511760 -0.026555
v 0.008340 1.512350 -0.026905
v 0.011790 1.512310 -0.027025
v 0.014800 1.510860 -0.026985
v 0.029800 1.465790 -0.027695
v 0.027750 1.455910 -0.029505
v 0.024810 1.506650 -0.027345
v 0.028660 1.503670 -0.027665
v 0.021530 1.508700 -0.027205
v 0.011290 1.450630 -0.049145
v 0.016630 1.454510 -0.048965
v 0.036020 1.492010 -0.028995
v 0.035070 1.483210 -0.029295
v 0.021620 1.496890 -0.044365
v 0.025570 1.494780 -0.045075
v 0.018120 1.498340 -0.043865
v 0.006870 1.500850 -0.043115
v 0.009330 1.500820 -0.043205
v 0.020760 1.460420 -0.049665
v 0.032230 1.486760 -0.046665
v 0.030850 1.481160 -0.048835
v 0.001690 1.499720 -0.042195
v 0.003780 1.500390 -0.042815
v 0.011990 1.499820 -0.042955
v 0.021500 1.469030 -0.049745
v 0.016650 1.473480 -0.053015
v 0.014970 1.471670 -0.052625
v 0.008240 1.469740 -0.052085
v 0.012330 1.470020 -0.053005
v 0.004450 1.468580 -0.052525
v 0.015120 1.484340 -0.052845
v 0.016680 1.483680 -0.053045
v 0.014110 1.486430 -0.053105
v 0.014600 1.498870 -0.042705
v 0.011410 1.487120 -0.053225
v 0.022830 1.481630 -0.053945
v 0.021200 1.478120 -0.053575
v 0.001740 1.485160 -0.051215
v 0.003150 1.486860 -0.052855
v 0.005210 1.487130 -0.053045
v 0.007330 1.485570 -0.052745
v 0.009040 1.485560 -0.052805
v 0.015690 1.607850 0.032935
v 0.016230 1.600490 0.035315
v 0.005370 1.459870 0.038375
v 0.012920 1.461480 0.036785
v 0.030650 1.477200 0.029735
v 0.028800 1.477630 0.030895
v 0.028860 1.475120 0.030265
v 0.030260 1.474370 0.029315
v 0.023740 1.466890 0.032225
v 0.026930 1.469350 0.030425
v 0.019230 1.464000 0.034045
v 0.006380 1.433560 0.024135
v 0.005900 1.433510 0.018705
v 0.013770 1.435330 0.015815
v 0.014430 1.435450 0.021845
v 0.047450 1.459970 -0.016125
v 0.051230 1.465930 -0.023335
v 0.053780 1.469380 -0.019075
v 0.050050 1.463700 -0.011055
v 0.044890 1.466050 -0.050835
v 0.046740 1.469570 -0.059315
v 0.050590 1.477270 -0.056325
v 0.048840 1.472080 -0.047445
v 0.040690 1.455140 -0.055655
v 0.044110 1.459470 -0.063175
v 0.040710 1.441560 -0.061555
v 0.043290 1.446610 -0.068255
v 0.041920 1.426370 -0.068765
v 0.043270 1.428980 -0.076105
v 0.045820 1.409780 -0.076905
v 0.048280 1.413450 -0.084395
v 0.053180 1.396150 -0.083915
v 0.054470 1.397380 -0.091395
v 0.038570 1.455780 -0.038685
v 0.041920 1.460160 -0.044115
v 0.046310 1.465790 -0.039335
v 0.043100 1.460060 -0.032345
v 0.034160 1.448130 -0.046235
v 0.037420 1.452530 -0.051365
v 0.033530 1.435050 -0.052595
v 0.037920 1.438080 -0.055835
v 0.037040 1.420850 -0.056445
v 0.039450 1.423440 -0.062155
v 0.040820 1.406160 -0.063345
v 0.043950 1.407870 -0.069795
v 0.048020 1.392890 -0.070835
v 0.050210 1.394060 -0.076585
v 0.055270 1.474670 -0.031835
v 0.057960 1.478030 -0.027355
v 0.013100 1.435420 0.008745
v 0.005500 1.433360 0.011895
v 0.005620 1.434200 0.003275
v 0.012380 1.436450 -0.000195
v 0.005200 1.434670 -0.008865
v 0.011030 1.436130 -0.011505
v 0.003780 1.433210 -0.025085
v 0.008150 1.434020 -0.026615
v 0.002860 1.424050 -0.035495
v 0.006530 1.424400 -0.036615
v 0.015890 1.412770 -0.044555
v 0.015290 1.425420 -0.039605
v 0.010980 1.424630 -0.037625
v 0.011420 1.411290 -0.041835
v 0.009180 1.395550 -0.041425
v 0.013750 1.397180 -0.043385
v 0.007330 1.410320 -0.040065
v 0.003390 1.410090 -0.039125
v 0.004660 1.395090 -0.041015
v 0.019240 1.397830 -0.044265
v 0.005750 1.379860 -0.040425
v 0.011570 1.381340 -0.040745
v 0.019240 1.426950 -0.042355
v 0.021640 1.437220 -0.034125
v 0.017650 1.435840 -0.031655
v 0.024620 1.383430 -0.042115
v 0.018050 1.381800 -0.039885
v 0.037350 1.403900 -0.057515
v 0.044840 1.390260 -0.063655
v 0.033050 1.418400 -0.052725
v 0.029340 1.432360 -0.050075
v 0.044290 1.455560 -0.009845
v 0.045810 1.458210 -0.004975
v 0.054060 1.603950 0.007805
v 0.046750 1.464560 -0.073895
v 0.048810 1.474150 -0.070905
v 0.057440 1.400200 -0.099505
v 0.049620 1.416770 -0.092165
v 0.044820 1.433050 -0.084695
v 0.044830 1.451940 -0.077485
v 0.046680 1.467620 -0.086565
v 0.048610 1.477210 -0.084335
v 0.059030 1.405380 -0.108095
v 0.049850 1.420230 -0.100725
v 0.044450 1.455500 -0.088675
v 0.046140 1.437860 -0.094515
v 0.045010 1.469660 -0.099695
v 0.046120 1.478750 -0.098225
v 0.056600 1.408670 -0.116345
v 0.048970 1.424200 -0.110085
v 0.044970 1.458060 -0.101565
v 0.045900 1.441630 -0.105045
v 0.042180 1.471440 -0.111305
v 0.042650 1.479760 -0.110675
v 0.051110 1.411000 -0.124855
v 0.044600 1.427060 -0.118435
v 0.041750 1.460080 -0.112485
v 0.042170 1.444950 -0.114545
v 0.034750 1.472920 -0.118465
v 0.035630 1.481000 -0.118525
v 0.040870 1.412000 -0.130665
v 0.034530 1.427360 -0.124345
v 0.034330 1.461560 -0.118845
v 0.034380 1.445920 -0.120485
v 0.023930 1.474540 -0.121375
v 0.024940 1.482640 -0.122535
v 0.030240 1.412350 -0.133885
v 0.024940 1.427480 -0.126765
v 0.023390 1.463670 -0.120955
v 0.023620 1.447550 -0.122305
v 0.005400 1.485260 -0.123505
v 0.004900 1.476810 -0.121605
v 0.006830 1.427960 -0.126455
v 0.009000 1.411690 -0.133095
v 0.004610 1.465410 -0.119475
v 0.004750 1.449290 -0.120575
v 0.040480 1.617860 -0.130085
v 0.027900 1.621750 -0.133985
v 0.030430 1.643490 -0.112955
v 0.044430 1.638210 -0.109625
v 0.014970 1.623620 -0.135315
v 0.016960 1.646510 -0.114465
v 0.059870 1.601460 -0.111935
v 0.051240 1.611220 -0.123785
v 0.054080 1.628440 -0.103925
v 0.063870 1.616750 -0.095625
v 0.073140 1.570850 -0.082985
v 0.070870 1.580920 -0.091815
v 0.073130 1.589950 -0.080595
v 0.074660 1.577230 -0.074205
v 0.066150 1.591250 -0.101505
v 0.068880 1.602500 -0.087755
v 0.069440 1.524230 -0.026865
v 0.069820 1.523310 -0.032185
v 0.070110 1.534270 -0.030665
v 0.069630 1.534690 -0.025675
v 0.069640 1.546210 -0.028385
v 0.068750 1.545670 -0.023385
v 0.070730 1.614540 -0.050555
v 0.074070 1.598240 -0.052125
v 0.074430 1.596690 -0.065685
v 0.070670 1.611810 -0.069235
v 0.068240 1.514060 -0.027045
v 0.068710 1.512650 -0.033185
v 0.055290 1.517280 -0.096235
v 0.051090 1.516630 -0.106825
v 0.053060 1.527830 -0.109405
v 0.057240 1.527150 -0.098815
v 0.063850 1.627340 -0.072315
v 0.063260 1.630960 -0.047785
v 0.045380 1.517100 -0.117265
v 0.047020 1.528860 -0.120065
v 0.055370 1.474680 -0.013085
v 0.059810 1.483050 -0.020455
v 0.051030 1.481980 -0.067425
v 0.051040 1.486560 -0.081475
v 0.047670 1.486320 -0.097735
v 0.042830 1.486580 -0.110205
v 0.035000 1.487740 -0.119155
v 0.025380 1.488930 -0.123265
v 0.052780 1.519050 0.019975
v 0.056300 1.523120 0.015085
v 0.053520 1.526450 0.018115
v 0.049540 1.522940 0.022655
v 0.047840 1.540700 0.021285
v 0.049950 1.539470 0.019885
v 0.044950 1.529360 0.024705
v 0.048600 1.531820 0.021405
v 0.052230 1.537930 0.017615
v 0.048670 1.536970 0.020625
v 0.050930 1.535020 0.019065
v 0.047060 1.526230 0.023875
v 0.050800 1.529390 0.020095
v 0.060720 1.486810 -0.040295
v 0.063640 1.488950 -0.033225
v 0.063390 1.492800 -0.025435
v 0.014720 1.436020 0.024565
v 0.006490 1.434230 0.026565
v 0.022310 1.439880 0.020345
v 0.022240 1.439000 0.016995
v 0.029460 1.443640 0.011215
v 0.029070 1.445050 0.014905
v 0.029200 1.442530 0.006345
v 0.021580 1.438280 0.011735
v 0.035530 1.448370 0.005635
v 0.035210 1.450180 0.009515
v 0.035580 1.446740 0.001115
v 0.031350 1.445430 -0.011615
v 0.026190 1.442540 -0.007575
v 0.022750 1.442000 -0.018285
v 0.027070 1.444420 -0.021815
v 0.013230 1.434750 -0.028595
v 0.024820 1.399110 -0.046265
v 0.031130 1.384160 -0.044935
v 0.020480 1.413730 -0.046365
v 0.019670 1.439370 -0.003645
v 0.017200 1.438870 -0.014685
v 0.028080 1.442150 0.000115
v 0.020540 1.438420 0.005055
v 0.033900 1.445900 -0.004675
v 0.045620 1.461590 0.000045
v 0.050910 1.467830 -0.005725
v 0.032970 1.449580 -0.029705
v 0.035540 1.452010 -0.033895
v 0.040010 1.455820 -0.026345
v 0.037490 1.452370 -0.020935
v 0.026370 1.430730 -0.047955
v 0.029360 1.416450 -0.050325
v 0.034690 1.401920 -0.051625
v 0.040310 1.388040 -0.057685
v 0.043980 1.458030 -0.020925
v 0.047380 1.463160 -0.027745
v 0.053940 1.478200 -0.044125
v 0.054060 1.483650 -0.052925
v 0.040870 1.453860 -0.014945
v 0.050990 1.470180 -0.035705
v 0.053620 1.488330 -0.062435
v 0.072900 1.561810 -0.075755
v 0.074020 1.566940 -0.068315
v 0.072780 1.554150 -0.070035
v 0.073290 1.557480 -0.064535
v 0.069240 1.512030 -0.038885
v 0.070200 1.522590 -0.037095
v 0.067050 1.500530 -0.041695
v 0.066630 1.501370 -0.033675
v 0.052830 1.569910 -0.125275
v 0.044680 1.573230 -0.135805
v 0.047960 1.591190 -0.132575
v 0.056160 1.585050 -0.120635
v 0.054020 1.493130 -0.071605
v 0.005790 1.497050 -0.126575
v 0.005590 1.492080 -0.124715
v 0.016270 1.507230 -0.129995
v 0.006400 1.506890 -0.130355
v 0.007620 1.515860 -0.135325
v 0.017940 1.516150 -0.134525
v 0.027060 1.507170 -0.128005
v 0.028510 1.516170 -0.131355
v 0.035410 1.493560 -0.119815
v 0.025920 1.494630 -0.124635
v 0.043630 1.492890 -0.111315
v 0.048520 1.492890 -0.099685
v 0.051900 1.493840 -0.086025
v 0.014790 1.484370 -0.123205
v 0.015190 1.490770 -0.124325
v 0.049100 1.541740 -0.123445
v 0.055460 1.539970 -0.112915
v 0.010200 1.528300 -0.142015
v 0.011590 1.542850 -0.147095
v 0.060320 1.538010 -0.102495
v 0.039520 1.529640 -0.129015
v 0.030790 1.529320 -0.135895
v 0.032650 1.543600 -0.140275
v 0.041480 1.543230 -0.133025
v 0.060920 1.526400 -0.090265
v 0.064090 1.535200 -0.092675
v 0.067050 1.548510 -0.093645
v 0.062880 1.550530 -0.104355
v 0.065130 1.561070 -0.102675
v 0.069200 1.556760 -0.091125
v 0.050820 1.556040 -0.126585
v 0.042840 1.558050 -0.136385
v 0.057590 1.553430 -0.115555
v 0.059910 1.565800 -0.114485
v 0.011420 1.560300 -0.148785
v 0.012600 1.579580 -0.148685
v 0.033600 1.559300 -0.142755
v 0.035440 1.575890 -0.142915
v 0.037900 1.595480 -0.139895
v 0.071040 1.563960 -0.087725
v 0.068080 1.571150 -0.099235
v 0.063010 1.578400 -0.109835
v 0.013890 1.599300 -0.145745
v 0.011960 1.656500 -0.012985
v 0.015190 1.664470 -0.040705
v 0.051290 1.641170 -0.021975
v 0.038560 1.649700 -0.017565
v 0.056090 1.611040 0.000825
v 0.044250 1.619010 0.009535
v 0.042330 1.610710 0.016375
v 0.064670 1.599810 -0.008935
v 0.068720 1.587280 -0.017855
v 0.027080 1.662180 -0.041175
v 0.030190 1.659190 -0.079395
v 0.037790 1.517330 -0.125665
v 0.006270 1.608480 0.034195
v 0.006140 1.601540 0.036865
v 0.031270 1.624540 0.016535
v 0.029700 1.615040 0.023205
v 0.066130 1.604740 -0.015525
v 0.057590 1.616770 -0.005795
v 0.070510 1.591610 -0.023895
v 0.020900 1.528680 -0.140465
v 0.073060 1.597500 -0.040575
v 0.069200 1.612920 -0.035285
v 0.061820 1.628630 -0.028295
v 0.045830 1.625980 0.003015
v 0.057290 1.490630 -0.049285
v 0.056360 1.493920 -0.058335
v 0.056370 1.498210 -0.065515
v 0.054660 1.497900 -0.076655
v 0.062530 1.525840 -0.082275
v 0.065030 1.533320 -0.083505
v 0.068260 1.545880 -0.083955
v 0.070260 1.551950 -0.081345
v 0.071750 1.557560 -0.079155
v 0.059750 1.622830 -0.014245
v 0.067690 1.609130 -0.023565
v 0.072220 1.595250 -0.031105
v 0.048510 1.633540 -0.005815
v 0.007960 1.637430 0.014805
v 0.006510 1.629150 0.021495
v 0.013720 1.464460 -0.120945
v 0.013870 1.448080 -0.122035
v 0.017470 1.662510 -0.079235
v 0.056980 1.510240 -0.084205
v 0.058530 1.517500 -0.086995
v 0.060410 1.518740 -0.079945
v 0.058670 1.512650 -0.077375
v 0.023860 1.654630 -0.013885
v 0.020570 1.642910 0.004735
v 0.035350 1.640150 0.000235
v 0.006160 1.617770 0.029145
v 0.022650 1.543030 -0.145375
v 0.014090 1.476090 -0.121765
v 0.026210 1.598060 -0.144325
v 0.009410 1.644250 0.006245
v 0.015870 1.428300 -0.129235
v 0.019100 1.411920 -0.133265
v 0.022780 1.559740 -0.147115
v 0.024290 1.578030 -0.147015
v 0.033010 1.632120 0.009415
v 0.005840 1.456210 0.038695
v 0.016180 1.533810 0.032145
v 0.013390 1.536570 0.032645
v 0.011760 1.535260 0.034185
v 0.015050 1.532200 0.033295
v 0.034890 1.451820 0.012885
v 0.028820 1.446420 0.017635
v 0.022230 1.441080 0.022795
v 0.014790 1.437230 0.027175
v 0.006710 1.435360 0.029345
v 0.027510 1.441400 -0.040245
v 0.030580 1.443860 -0.043685
v 0.066600 1.532200 -0.076765
v 0.064880 1.526090 -0.075965
v 0.069170 1.542020 -0.076785
v 0.070680 1.547090 -0.075145
v 0.015950 1.616550 0.028165
v 0.017030 1.627650 0.020495
v 0.018480 1.635420 0.013465
v 0.034900 1.549850 0.029865
v 0.031120 1.549910 0.030435
v 0.031140 1.549920 0.029765
v 0.034870 1.549940 0.028935
v 0.043430 1.546870 0.026175
v 0.043850 1.546060 0.025595
v 0.043850 1.546130 0.026565
v 0.043370 1.546840 0.027375
v 0.042870 1.547510 0.026675
v 0.042790 1.547420 0.027915
v 0.041040 1.548550 0.027815
v 0.040990 1.548450 0.028985
v 0.038330 1.549260 0.029035
v 0.038350 1.549180 0.030125
v 0.027230 1.549110 0.030105
v 0.019700 1.542740 0.026765
v 0.018510 1.543450 0.027495
v 0.020180 1.545510 0.027985
v 0.019340 1.544780 0.027505
v 0.020870 1.544880 0.027005
v 0.021390 1.545590 0.027275
v 0.018470 1.544160 0.027715
v 0.022440 1.542050 0.027885
v 0.021230 1.542360 0.027265
v 0.021000 1.542250 0.027985
v 0.022180 1.541960 0.028455
v 0.027600 1.541100 0.029395
v 0.024240 1.541630 0.028615
v 0.024100 1.541540 0.029185
v 0.027600 1.541100 0.029895
v 0.021160 1.546280 0.028305
v 0.031140 1.540740 0.030025
v 0.031090 1.540710 0.030495
v 0.023530 1.547730 0.029015
v 0.040710 1.542450 0.027425
v 0.038480 1.541540 0.028385
v 0.038650 1.541570 0.028765
v 0.040860 1.542460 0.027715
v 0.042960 1.543870 0.025605
v 0.042480 1.543520 0.026165
v 0.042490 1.543530 0.026595
v 0.042950 1.543880 0.026165
v 0.043770 1.545000 0.024955
v 0.043420 1.544260 0.025125
v 0.043360 1.544310 0.025655
v 0.043670 1.544990 0.025535
v 0.043940 1.545510 0.025125
v 0.043940 1.545500 0.025835
v 0.031030 1.541430 0.026145
v 0.027740 1.541630 0.025765
v 0.027600 1.541180 0.028825
v 0.031090 1.540910 0.029315
v 0.040170 1.542420 0.023655
v 0.038070 1.541950 0.024655
v 0.038070 1.541690 0.027555
v 0.040090 1.542540 0.026505
v 0.043220 1.546190 0.021575
v 0.043350 1.545530 0.021125
v 0.043500 1.545510 0.023925
v 0.043400 1.546070 0.024125
v 0.035080 1.549310 0.026205
v 0.038460 1.548850 0.025255
v 0.038060 1.549240 0.027635
v 0.021780 1.546640 0.024835
v 0.023540 1.547640 0.025775
v 0.023530 1.547730 0.028515
v 0.021940 1.546280 0.027545
v 0.024040 1.542220 0.024745
v 0.024380 1.541720 0.028035
v 0.043380 1.544920 0.020845
v 0.043420 1.545060 0.023895
v 0.040660 1.548460 0.024025
v 0.040670 1.548350 0.026055
v 0.020960 1.545030 0.024655
v 0.021460 1.545800 0.024645
v 0.022930 1.542360 0.024385
v 0.022220 1.542510 0.024245
v 0.021780 1.542470 0.026795
v 0.022700 1.542130 0.027305
v 0.043470 1.544440 0.020805
v 0.043160 1.544260 0.024155
v 0.042170 1.547600 0.022805
v 0.042380 1.547640 0.024795
v 0.020480 1.544300 0.024605
v 0.020300 1.544270 0.026935
v 0.043000 1.543910 0.021355
v 0.042540 1.543380 0.021905
v 0.042020 1.543520 0.025155
v 0.042670 1.543880 0.024645
v 0.042800 1.546950 0.022215
v 0.042970 1.546820 0.024405
v 0.020360 1.543910 0.024595
v 0.020300 1.543590 0.026785
v 0.027060 1.548600 0.026605
v 0.031410 1.549260 0.026835
v 0.027200 1.549190 0.029635
v 0.020810 1.543260 0.024485
v 0.021080 1.543010 0.026635
v 0.022530 1.551190 0.026235
v 0.026320 1.553160 0.027075
v 0.030180 1.535580 0.026915
v 0.025970 1.536250 0.026465
v 0.042000 1.538960 0.023735
v 0.039390 1.537260 0.025095
v 0.044760 1.547470 0.021495
v 0.045130 1.546070 0.021085
v 0.035120 1.554240 0.026445
v 0.038650 1.553300 0.025315
v 0.020050 1.549040 0.025115
v 0.022940 1.537330 0.025575
v 0.045240 1.544700 0.020925
v 0.041210 1.551980 0.024065
v 0.017940 1.545500 0.023295
v 0.018670 1.547120 0.024145
v 0.021230 1.538250 0.024815
v 0.019830 1.539380 0.024085
v 0.045100 1.543410 0.021035
v 0.042980 1.550430 0.022935
v 0.017650 1.544070 0.022745
v 0.044660 1.542200 0.021525
v 0.043830 1.540820 0.022325
v 0.044070 1.548940 0.022125
v 0.017760 1.542730 0.022765
v 0.030870 1.554270 0.027135
v 0.018380 1.541140 0.023165
v 0.016450 1.542160 0.020395
v 0.016250 1.544110 0.020595
v 0.025450 1.556810 0.023385
v 0.030440 1.558040 0.023325
v 0.045040 1.550460 0.018885
v 0.045820 1.548500 0.018255
v 0.035120 1.557780 0.022695
v 0.017170 1.539920 0.020365
v 0.021240 1.554260 0.022825
v 0.030070 1.531740 0.022795
v 0.025240 1.532760 0.022505
v 0.043250 1.536890 0.019845
v 0.040420 1.534390 0.021035
v 0.046230 1.546600 0.017835
v 0.038950 1.556440 0.021745
v 0.018490 1.551250 0.021955
v 0.022090 1.534310 0.021885
v 0.046340 1.544690 0.017675
v 0.041800 1.554560 0.020695
v 0.016400 1.546130 0.020775
v 0.017030 1.548480 0.021155
v 0.020210 1.535730 0.021345
v 0.018640 1.537450 0.020845
v 0.046170 1.542870 0.017785
v 0.043770 1.552490 0.019695
v 0.045760 1.541240 0.018135
v 0.044950 1.539370 0.018785
v 0.034840 1.559750 0.018675
v 0.038790 1.558270 0.018005
v 0.017680 1.552790 0.018415
v 0.020600 1.556200 0.018905
v 0.024950 1.530930 0.018305
v 0.021760 1.532660 0.018045
v 0.046600 1.546970 0.014775
v 0.046720 1.544690 0.014595
v 0.041770 1.556180 0.017215
v 0.015470 1.546690 0.017605
v 0.016120 1.549510 0.017955
v 0.019800 1.534280 0.017785
v 0.018090 1.536290 0.017565
v 0.046520 1.542510 0.014625
v 0.043880 1.553860 0.016425
v 0.015360 1.544250 0.017385
v 0.046080 1.540620 0.014835
v 0.045280 1.538520 0.015235
v 0.045270 1.551520 0.015735
v 0.015640 1.541910 0.017285
v 0.024960 1.558910 0.019195
v 0.030040 1.560120 0.019115
v 0.046140 1.549240 0.015165
v 0.016470 1.539210 0.017355
v 0.029910 1.529770 0.018305
v 0.043600 1.535760 0.015935
v 0.040690 1.532890 0.016815
v 0.029750 1.560800 0.015785
v 0.034440 1.560460 0.015505
v 0.016270 1.538930 0.014955
v 0.015360 1.541870 0.014985
v 0.020550 1.557000 0.015745
v 0.024820 1.559620 0.015865
v 0.029760 1.529260 0.014815
v 0.024890 1.530400 0.015055
v 0.043400 1.535420 0.012965
v 0.040500 1.532480 0.013555
v 0.045980 1.549660 0.012815
v 0.046480 1.547200 0.012465
v 0.038370 1.559010 0.015035
v 0.017580 1.553600 0.015545
v 0.021760 1.532110 0.015065
v 0.046600 1.544710 0.012265
v 0.041390 1.556920 0.014465
v 0.015180 1.547130 0.015185
v 0.015910 1.550180 0.015345
v 0.019800 1.533740 0.015025
v 0.018010 1.535820 0.014975
v 0.046370 1.542370 0.012225
v 0.043570 1.554550 0.013855
v 0.015050 1.544450 0.015065
v 0.045900 1.540380 0.012325
v 0.045080 1.538230 0.012545
v 0.045050 1.552100 0.013295
v 0.043120 1.554850 0.011865
v 0.044650 1.552390 0.011435
v 0.045630 1.549900 0.011045
v 0.046160 1.547370 0.010715
v 0.046280 1.544800 0.010505
v 0.046030 1.542410 0.010425
v 0.016290 1.538950 0.013035
v 0.015360 1.541990 0.013145
v 0.045550 1.540410 0.010435
v 0.044720 1.538290 0.010515
v 0.043050 1.535530 0.010715
v 0.040170 1.532610 0.011065
v 0.029590 1.529390 0.012155
v 0.024840 1.530490 0.012595
v 0.034030 1.560550 0.013035
v 0.037880 1.559200 0.012725
v 0.021800 1.532130 0.012805
v 0.020730 1.557210 0.013315
v 0.024810 1.559680 0.013305
v 0.015050 1.544700 0.013205
v 0.015240 1.547500 0.013245
v 0.016050 1.550610 0.013275
v 0.019870 1.533720 0.012895
v 0.018070 1.535790 0.012945
v 0.017790 1.553970 0.013295
v 0.029510 1.560820 0.013225
v 0.040900 1.557190 0.012315
v 0.040300 1.557200 0.010325
v 0.042540 1.554930 0.010015
v 0.015520 1.547810 0.011395
v 0.016420 1.550890 0.011315
v 0.018190 1.554090 0.011235
v 0.021860 1.532500 0.010705
v 0.019990 1.534020 0.010905
v 0.029400 1.529930 0.009725
v 0.024800 1.530950 0.010315
v 0.021020 1.557090 0.011135
v 0.024880 1.559380 0.011005
v 0.045790 1.544970 0.008845
v 0.045540 1.542590 0.008735
v 0.033620 1.560300 0.010805
v 0.037330 1.559080 0.010605
v 0.045050 1.540640 0.008675
v 0.044110 1.552530 0.009705
v 0.029310 1.560490 0.010905
v 0.015530 1.542240 0.011375
v 0.015270 1.544980 0.011435
v 0.042560 1.535920 0.008635
v 0.039710 1.533070 0.008785
v 0.045110 1.550080 0.009385
v 0.016450 1.539200 0.011205
v 0.045660 1.547550 0.009085
v 0.044220 1.538600 0.008635
v 0.044720 1.542900 0.006825
v 0.044250 1.541060 0.006725
v 0.041730 1.554770 0.007955
v 0.043300 1.552490 0.007775
v 0.021480 1.556640 0.008835
v 0.025060 1.558700 0.008625
v 0.016880 1.539670 0.009085
v 0.015990 1.542620 0.009325
v 0.015780 1.545270 0.009385
v 0.041780 1.536620 0.006405
v 0.038990 1.533910 0.006405
v 0.044300 1.550170 0.007525
v 0.029190 1.559750 0.008515
v 0.033200 1.559660 0.008495
v 0.016110 1.548020 0.009275
v 0.024880 1.531840 0.007855
v 0.022070 1.533240 0.008385
v 0.044830 1.547740 0.007205
v 0.017080 1.550990 0.009135
v 0.018830 1.553960 0.009015
v 0.043430 1.539140 0.006575
v 0.044950 1.545210 0.006945
v 0.036660 1.558610 0.008375
v 0.039500 1.556900 0.008165
v 0.020280 1.534640 0.008675
v 0.029270 1.530950 0.007175
v 0.017150 1.543140 0.006525
v 0.016990 1.545560 0.006585
v 0.040410 1.537790 0.003855
v 0.037840 1.535400 0.003765
v 0.041920 1.552090 0.005285
v 0.042840 1.550020 0.005085
v 0.029250 1.558340 0.005725
v 0.032780 1.558330 0.005765
v 0.017400 1.548090 0.006445
v 0.025370 1.533440 0.004945
v 0.022770 1.534590 0.005515
v 0.043290 1.547800 0.004765
v 0.018400 1.550800 0.006295
v 0.020040 1.553410 0.006215
v 0.041990 1.540000 0.004115
v 0.043390 1.545460 0.004515
v 0.035800 1.557480 0.005695
v 0.038340 1.556000 0.005515
v 0.022410 1.555680 0.006045
v 0.021120 1.535800 0.005835
v 0.029310 1.532780 0.004315
v 0.043200 1.543340 0.004415
v 0.040420 1.554100 0.005375
v 0.025580 1.557410 0.005805
v 0.042780 1.541690 0.004325
v 0.017990 1.540430 0.006235
v 0.034340 1.542000 -0.000935
v 0.033780 1.540970 -0.000815
v 0.037900 1.539570 0.001115
v 0.039180 1.541230 0.001285
v 0.039830 1.542540 0.001395
v 0.040140 1.543890 0.001415
v 0.034520 1.544110 -0.001165
v 0.034550 1.542950 -0.001045
v 0.024540 1.553800 0.002615
v 0.022690 1.552120 0.002625
v 0.027570 1.550600 -0.000255
v 0.028350 1.551680 0.000045
v 0.033520 1.550750 -0.000335
v 0.034030 1.549600 -0.000635
v 0.039170 1.550980 0.002085
v 0.037960 1.552560 0.002195
v 0.029710 1.535760 0.001445
v 0.033290 1.536310 0.001225
v 0.032370 1.538850 -0.000285
v 0.030370 1.538540 -0.000215
v 0.036340 1.554020 0.002345
v 0.032890 1.551760 0.000005
v 0.029470 1.539230 -0.000445
v 0.026790 1.536200 0.001735
v 0.033060 1.539870 -0.000585
v 0.035950 1.537770 0.001095
v 0.029340 1.552510 0.000315
v 0.030250 1.553230 0.000655
v 0.029650 1.555780 0.002605
v 0.026940 1.555040 0.002555
v 0.034310 1.548320 -0.000905
v 0.039890 1.549330 0.001905
v 0.031740 1.553270 0.000695
v 0.032280 1.552570 0.000335
v 0.034470 1.555160 0.002545
v 0.032320 1.555820 0.002675
v 0.027580 1.541670 -0.000905
v 0.026840 1.543210 -0.000995
v 0.020910 1.541640 0.002375
v 0.022210 1.539340 0.002245
v 0.028690 1.539940 -0.000615
v 0.024750 1.536990 0.002035
v 0.026380 1.544780 -0.000975
v 0.020160 1.543850 0.002605
v 0.040200 1.547530 0.001655
v 0.034410 1.546940 -0.001115
v 0.028160 1.540670 -0.000765
v 0.023440 1.537900 0.002195
v 0.034460 1.545490 -0.001205
v 0.040260 1.545620 0.001465
v 0.026300 1.546270 -0.000905
v 0.020050 1.545840 0.002675
v 0.021370 1.550090 0.002575
v 0.020470 1.547910 0.002605
v 0.026540 1.547770 -0.000785
v 0.026990 1.549260 -0.000555
v 0.034120 1.533480 0.003905
v 0.055990 1.530270 0.014565
v 0.058640 1.527490 0.011405
v 0.066560 1.504130 -0.026865
v 0.065250 1.499070 -0.050445
v 0.053330 1.532740 0.017165
v 0.046680 1.538780 0.021855
v 0.045290 1.540020 0.023475
v 0.044220 1.541110 0.024725
v 0.043130 1.542200 0.025755
v 0.042500 1.542940 0.026505
v 0.114580 1.379570 -0.071355
v 0.110270 1.375380 -0.056925
v 0.141470 1.379660 -0.050235
v 0.148540 1.386850 -0.066925
v 0.174360 1.374790 -0.047915
v 0.182790 1.379730 -0.064825
v 0.193570 1.357030 -0.049215
v 0.204540 1.360060 -0.065275
v 0.206980 1.341550 -0.054265
v 0.218120 1.345300 -0.067215
v 0.217000 1.330470 -0.056585
v 0.226970 1.334170 -0.069195
v 0.231950 1.324260 -0.070845
v 0.222110 1.320970 -0.058925
v 0.226440 1.313260 -0.060735
v 0.236980 1.316270 -0.071995
v 0.230710 1.304960 -0.061335
v 0.242340 1.307550 -0.072445
v 0.237140 1.295810 -0.060325
v 0.249190 1.297590 -0.072255
v 0.245170 1.283060 -0.059875
v 0.255600 1.284920 -0.072055
v 0.103530 1.370490 -0.044105
v 0.131980 1.370980 -0.037595
v 0.158420 1.365730 -0.037275
v 0.176900 1.352190 -0.039975
v 0.189900 1.337270 -0.045455
v 0.199380 1.326040 -0.049715
v 0.205410 1.316920 -0.052785
v 0.210090 1.308880 -0.054565
v 0.214690 1.301080 -0.055105
v 0.220960 1.291180 -0.054225
v 0.228960 1.278930 -0.053195
v 0.100640 1.351640 -0.020575
v 0.077730 1.340560 -0.013005
v 0.109630 1.336860 -0.014545
v 0.125890 1.347220 -0.021035
v 0.132560 1.329880 -0.019085
v 0.145650 1.339210 -0.024305
v 0.146860 1.318940 -0.026515
v 0.159150 1.327560 -0.030625
v 0.157120 1.308940 -0.035835
v 0.168440 1.316560 -0.038155
v 0.173620 1.307210 -0.045965
v 0.161930 1.301150 -0.046235
v 0.165110 1.294820 -0.057715
v 0.177730 1.300810 -0.053235
v 0.167750 1.287270 -0.072295
v 0.181640 1.294930 -0.059665
v 0.176430 1.281260 -0.077495
v 0.188410 1.285910 -0.062355
v 0.188540 1.267170 -0.077925
v 0.200700 1.270400 -0.063055
v 0.047880 1.335520 -0.010975
v 0.024840 1.332060 -0.010955
v 0.025310 1.321460 -0.006435
v 0.048280 1.323090 -0.005475
v 0.071890 1.326710 -0.005865
v 0.098750 1.325550 -0.008555
v 0.122320 1.319060 -0.014095
v 0.138260 1.308450 -0.022645
v 0.148710 1.299240 -0.033355
v 0.152770 1.292660 -0.045465
v 0.154850 1.286980 -0.058905
v 0.156530 1.281090 -0.074155
v 0.157330 1.274120 -0.091025
v 0.164440 1.277080 -0.090975
v 0.172090 1.273880 -0.092755
v 0.181070 1.264060 -0.093905
v 0.011090 1.319850 -0.007025
v 0.011150 1.330320 -0.011305
v 0.066630 1.315580 0.000315
v 0.090820 1.315080 -0.002485
v 0.114910 1.308970 -0.008375
v 0.132190 1.299050 -0.017855
v 0.141850 1.290340 -0.029595
v 0.145340 1.283640 -0.042845
v 0.147390 1.278210 -0.057475
v 0.149660 1.273710 -0.073475
v 0.164720 1.269020 -0.106515
v 0.171950 1.265930 -0.106565
v 0.061620 1.303780 0.005455
v 0.084480 1.304260 0.004265
v 0.109910 1.298400 -0.001135
v 0.127470 1.288520 -0.011465
v 0.135880 1.280260 -0.024055
v 0.138840 1.273440 -0.038155
v 0.141390 1.267600 -0.053835
v 0.144730 1.263730 -0.070865
v 0.148570 1.259690 -0.089015
v 0.152350 1.268410 -0.090545
v 0.058560 1.293440 0.010045
v 0.080510 1.292330 0.009875
v 0.106150 1.286030 0.005535
v 0.123300 1.275990 -0.004105
v 0.129940 1.268140 -0.016535
v 0.132100 1.261670 -0.031205
v 0.135050 1.254520 -0.048245
v 0.140140 1.250350 -0.066515
v 0.145380 1.247330 -0.086605
v 0.011280 1.279980 0.009335
v 0.011600 1.293060 0.004045
v 0.055460 1.278220 0.016485
v 0.076660 1.278220 0.016255
v 0.102330 1.272530 0.012225
v 0.118370 1.262500 0.004565
v 0.123720 1.252580 -0.006225
v 0.125410 1.246520 -0.021015
v 0.127200 1.237600 -0.041045
v 0.136020 1.231940 -0.060975
v 0.142270 1.229690 -0.083385
v 0.007060 1.256430 0.018565
v 0.011340 1.309320 -0.003195
v 0.053960 1.375320 -0.059925
v 0.060610 1.378950 -0.067235
v 0.117670 1.381330 -0.084745
v 0.151320 1.389570 -0.083615
v 0.185290 1.380740 -0.083165
v 0.208850 1.361120 -0.083625
v 0.221720 1.346510 -0.084375
v 0.229750 1.335670 -0.085065
v 0.235350 1.325870 -0.085555
v 0.241270 1.317410 -0.085835
v 0.247950 1.308130 -0.085395
v 0.253100 1.296960 -0.085395
v 0.259880 1.284650 -0.086525
v 0.024740 1.310640 -0.002825
v 0.018260 1.262990 0.017175
v 0.021010 1.283950 0.008855
v 0.061240 1.352440 -0.018145
v 0.041490 1.346730 -0.016175
v 0.023270 1.296770 0.003495
v 0.024660 1.344070 -0.014685
v 0.078130 1.357890 -0.025765
v 0.024680 1.368340 -0.032095
v 0.033260 1.370370 -0.036015
v 0.016070 1.367350 -0.031005
v 0.040300 1.371010 -0.043995
v 0.088180 1.377170 -0.074405
v 0.082210 1.372130 -0.063725
v 0.065420 1.381920 -0.075615
v 0.069530 1.384780 -0.081955
v 0.071770 1.399440 -0.123975
v 0.063460 1.401280 -0.132395
v 0.023700 1.400750 -0.141535
v 0.011100 1.400000 -0.139775
v 0.075890 1.396360 -0.115565
v 0.036710 1.401030 -0.142675
v 0.077390 1.393550 -0.107105
v 0.074220 1.388750 -0.089855
v 0.076900 1.392020 -0.098485
v 0.049400 1.400710 -0.139925
v 0.099080 1.387250 -0.104315
v 0.098470 1.388840 -0.113745
v 0.059310 1.389680 -0.147045
v 0.043640 1.389420 -0.149605
v 0.096870 1.384720 -0.094235
v 0.076190 1.391560 -0.139495
v 0.087460 1.389670 -0.130965
v 0.093890 1.388530 -0.122535
v 0.028630 1.388940 -0.149175
v 0.013550 1.387630 -0.145975
v 0.100630 1.382330 -0.137825
v 0.088180 1.381810 -0.145305
v 0.070010 1.378960 -0.151675
v 0.051830 1.377800 -0.155055
v 0.122000 1.386180 -0.096855
v 0.121910 1.386140 -0.108995
v 0.034050 1.376740 -0.156295
v 0.118980 1.386450 -0.120255
v 0.016110 1.374940 -0.152175
v 0.111250 1.384360 -0.129845
v 0.074880 1.368490 -0.056005
v 0.033890 1.358110 -0.022335
v 0.045310 1.360090 -0.027975
v 0.021850 1.356100 -0.020815
v 0.054840 1.361190 -0.038075
v 0.093230 1.381890 -0.084355
v 0.005650 1.364050 -0.033755
v 0.010130 1.353830 -0.022275
v 0.011650 1.342390 -0.014865
v 0.043600 1.301690 0.003835
v 0.046040 1.312490 -0.001375
v 0.040270 1.289910 0.008855
v 0.036610 1.274240 0.014995
v 0.017870 1.361620 -0.156655
v 0.150260 1.389270 -0.114145
v 0.141780 1.383670 -0.127245
v 0.059200 1.365950 -0.158265
v 0.038600 1.363980 -0.159775
v 0.128590 1.378870 -0.137405
v 0.113010 1.374140 -0.144465
v 0.095870 1.370910 -0.150285
v 0.077900 1.368050 -0.155205
v 0.153730 1.390980 -0.099105
v 0.125080 1.364450 -0.150765
v 0.102610 1.359650 -0.155615
v 0.082250 1.356090 -0.159505
v 0.063340 1.353740 -0.161135
v 0.187930 1.381410 -0.101145
v 0.183050 1.380600 -0.119065
v 0.017390 1.348400 -0.159045
v 0.166400 1.375670 -0.133535
v 0.039760 1.350760 -0.161825
v 0.147000 1.370890 -0.144205
v 0.106790 1.346320 -0.160375
v 0.137630 1.350470 -0.155595
v 0.127650 1.333220 -0.160435
v 0.104070 1.330920 -0.164335
v 0.086340 1.256010 -0.158065
v 0.106520 1.255100 -0.158555
v 0.100400 1.239830 -0.149275
v 0.082530 1.241070 -0.152105
v 0.120740 1.317290 -0.162425
v 0.100540 1.315340 -0.167855
v 0.092480 1.284030 -0.165365
v 0.113130 1.285010 -0.162195
v 0.110940 1.268510 -0.164675
v 0.088850 1.269980 -0.161795
v 0.082980 1.342410 -0.163075
v 0.081410 1.327750 -0.165865
v 0.067520 1.257640 -0.154415
v 0.065860 1.241940 -0.152175
v 0.079490 1.313000 -0.170735
v 0.072470 1.284840 -0.162435
v 0.069200 1.271440 -0.155715
v 0.060790 1.338740 -0.159195
v 0.058330 1.324240 -0.156915
v 0.051890 1.257850 -0.156855
v 0.050930 1.242360 -0.154475
v 0.056900 1.310110 -0.158485
v 0.053970 1.284260 -0.159395
v 0.052830 1.271600 -0.158515
v 0.039550 1.336820 -0.162965
v 0.039040 1.321910 -0.162135
v 0.036150 1.257920 -0.157235
v 0.036040 1.242560 -0.154635
v 0.038340 1.307940 -0.162885
v 0.036850 1.283550 -0.160765
v 0.036300 1.271330 -0.158825
v 0.019150 1.334700 -0.161065
v 0.019770 1.320160 -0.161965
v 0.020150 1.259350 -0.156225
v 0.020230 1.242280 -0.153805
v 0.019740 1.305690 -0.161635
v 0.019360 1.283300 -0.159375
v 0.019560 1.271930 -0.157875
v 0.209300 1.361270 -0.102525
v 0.200260 1.362720 -0.120685
v 0.186450 1.362330 -0.136675
v 0.165170 1.359480 -0.147905
v 0.181960 1.302740 -0.147025
v 0.188690 1.294280 -0.145125
v 0.178980 1.289100 -0.143685
v 0.172190 1.295350 -0.146435
v 0.222600 1.347530 -0.102895
v 0.214050 1.348690 -0.120975
v 0.127430 1.268290 -0.152175
v 0.142970 1.265670 -0.139725
v 0.137460 1.250840 -0.136035
v 0.123130 1.253860 -0.147755
v 0.201390 1.349230 -0.136505
v 0.132330 1.236620 -0.131685
v 0.118080 1.238690 -0.142005
v 0.182850 1.348030 -0.147245
v 0.173300 1.314420 -0.149505
v 0.162510 1.306390 -0.149795
v 0.152410 1.270280 -0.135215
v 0.155350 1.262010 -0.122815
v 0.150720 1.255340 -0.123735
v 0.142790 1.284080 -0.147905
v 0.152500 1.282920 -0.142985
v 0.230470 1.337120 -0.102505
v 0.224330 1.337430 -0.120685
v 0.146100 1.245040 -0.121905
v 0.210790 1.337700 -0.134675
v 0.141000 1.232540 -0.118935
v 0.194530 1.336450 -0.144645
v 0.177180 1.332260 -0.150315
v 0.162250 1.342110 -0.153435
v 0.162690 1.323990 -0.152865
v 0.147980 1.330590 -0.156635
v 0.160670 1.279660 -0.139465
v 0.159130 1.270820 -0.132295
v 0.159720 1.265270 -0.121405
v 0.236460 1.327690 -0.101985
v 0.229950 1.328040 -0.119115
v 0.217630 1.327700 -0.133375
v 0.202190 1.325360 -0.141935
v 0.186810 1.321260 -0.147215
v 0.200490 1.299120 -0.144015
v 0.194380 1.309590 -0.144865
v 0.168620 1.275150 -0.136945
v 0.166280 1.268190 -0.130145
v 0.165590 1.264730 -0.119915
v 0.248320 1.308710 -0.102015
v 0.240090 1.307720 -0.117605
v 0.234980 1.318420 -0.118045
v 0.241860 1.318450 -0.101775
v 0.154840 1.263260 -0.107305
v 0.158940 1.267780 -0.107035
v 0.228500 1.305950 -0.130245
v 0.222890 1.317410 -0.131555
v 0.214440 1.303170 -0.138995
v 0.208490 1.314190 -0.139795
v 0.209210 1.286120 -0.140545
v 0.198230 1.283260 -0.141645
v 0.177700 1.268200 -0.134885
v 0.174910 1.262430 -0.128375
v 0.173440 1.260370 -0.118115
v 0.252870 1.296950 -0.102055
v 0.246400 1.296250 -0.118335
v 0.234770 1.293560 -0.130325
v 0.221720 1.289650 -0.137365
v 0.230850 1.274670 -0.136555
v 0.219810 1.270530 -0.139935
v 0.210100 1.267640 -0.138985
v 0.188040 1.257940 -0.132685
v 0.184800 1.253130 -0.125795
v 0.182220 1.250820 -0.117705
v 0.259140 1.284260 -0.102055
v 0.253320 1.282910 -0.117855
v 0.180880 1.258530 -0.105375
v 0.242680 1.278980 -0.129575
v 0.148040 1.245030 -0.105905
v 0.151750 1.255710 -0.107245
v 0.152260 1.312670 -0.153235
v 0.189110 1.279740 -0.139605
v 0.201660 1.264900 -0.138275
v 0.129560 1.284990 -0.155105
v 0.144020 1.230510 -0.103885
v 0.138460 1.316660 -0.157595
v 0.198050 1.239630 -0.124435
v 0.196250 1.238690 -0.115795
v 0.268570 1.270320 -0.101325
v 0.263440 1.268380 -0.116705
v 0.255250 1.267260 -0.058685
v 0.265280 1.270050 -0.071015
v 0.194970 1.242010 -0.104985
v 0.215160 1.246650 -0.138005
v 0.223360 1.250020 -0.138575
v 0.253140 1.264240 -0.128605
v 0.242570 1.261940 -0.053045
v 0.242400 1.258700 -0.135205
v 0.269380 1.270950 -0.086625
v 0.232250 1.253670 -0.139285
v 0.203800 1.248000 -0.075125
v 0.215520 1.250690 -0.062135
v 0.202580 1.242380 -0.129535
v 0.197990 1.244920 -0.091715
v 0.213420 1.220970 -0.123305
v 0.211940 1.221120 -0.115045
v 0.279700 1.255600 -0.099665
v 0.275370 1.253100 -0.115185
v 0.255200 1.242820 -0.052835
v 0.266920 1.251140 -0.057585
v 0.211450 1.220870 -0.105315
v 0.266240 1.248100 -0.127225
v 0.215860 1.223960 -0.091565
v 0.255860 1.242190 -0.134805
v 0.279760 1.256540 -0.084085
v 0.246460 1.237020 -0.138925
v 0.223130 1.227950 -0.074465
v 0.230680 1.232850 -0.061515
v 0.229690 1.228650 -0.137375
v 0.238020 1.232840 -0.138225
v 0.217680 1.223240 -0.128235
v 0.276270 1.255310 -0.067875
v 0.228090 1.205000 -0.113835
v 0.227370 1.204120 -0.103855
v 0.287930 1.238370 -0.112315
v 0.278910 1.233520 -0.124695
v 0.230860 1.207420 -0.089605
v 0.270350 1.227560 -0.132675
v 0.290530 1.243470 -0.080945
v 0.291290 1.241450 -0.095975
v 0.261440 1.221690 -0.137115
v 0.236800 1.211650 -0.074385
v 0.246050 1.214130 -0.061795
v 0.245530 1.213510 -0.135855
v 0.253650 1.217850 -0.136655
v 0.233530 1.208030 -0.127035
v 0.230190 1.206090 -0.121155
v 0.287510 1.241460 -0.065815
v 0.278310 1.234350 -0.055715
v 0.268510 1.225000 -0.051395
v 0.239450 1.189490 -0.103145
v 0.243850 1.191680 -0.088605
v 0.291570 1.220570 -0.120275
v 0.284690 1.214570 -0.128715
v 0.300570 1.231210 -0.077885
v 0.301510 1.228970 -0.092065
v 0.276830 1.209020 -0.133745
v 0.250920 1.194350 -0.074045
v 0.258710 1.198380 -0.061405
v 0.260470 1.200570 -0.133535
v 0.269350 1.204510 -0.134365
v 0.246230 1.194210 -0.125855
v 0.242930 1.191990 -0.120665
v 0.296270 1.228900 -0.064035
v 0.286760 1.221180 -0.054125
v 0.240700 1.190630 -0.113765
v 0.299340 1.226040 -0.107135
v 0.277490 1.213360 -0.051415
v 0.079080 1.193500 0.049405
v 0.078040 1.191620 0.049345
v 0.080080 1.191090 0.048905
v 0.080260 1.193190 0.049145
v 0.082710 1.198010 0.047955
v 0.084330 1.199390 0.047115
v 0.082700 1.200600 0.047265
v 0.081770 1.198720 0.048065
v 0.082130 1.191320 0.048425
v 0.081460 1.193320 0.048865
v 0.080610 1.199030 0.048215
v 0.080700 1.201130 0.047555
v 0.083920 1.192280 0.047905
v 0.082500 1.193880 0.048525
v 0.078660 1.200900 0.047985
v 0.079430 1.198890 0.048495
v 0.085140 1.193830 0.047515
v 0.083200 1.194780 0.048265
v 0.077330 1.196340 0.049315
v 0.075050 1.196500 0.049335
v 0.075310 1.194550 0.049595
v 0.077480 1.195200 0.049445
v 0.076870 1.199930 0.048435
v 0.078390 1.198330 0.048795
v 0.085650 1.195720 0.047245
v 0.083490 1.195880 0.048065
v 0.076360 1.192840 0.049615
v 0.078090 1.194200 0.049475
v 0.077650 1.197440 0.049085
v 0.075600 1.198390 0.048985
v 0.085380 1.197670 0.047095
v 0.083320 1.197020 0.047965
v 0.075480 1.187730 0.049045
v 0.079610 1.186640 0.048055
v 0.088340 1.203540 0.044805
v 0.085010 1.206020 0.045085
v 0.083750 1.187120 0.046845
v 0.080940 1.207100 0.045615
v 0.087430 1.189080 0.045765
v 0.076780 1.206620 0.046475
v 0.089990 1.192220 0.045365
v 0.069430 1.197670 0.049305
v 0.069960 1.193690 0.049795
v 0.073120 1.204660 0.047455
v 0.091020 1.196080 0.044975
v 0.072070 1.190200 0.049775
v 0.070540 1.201520 0.048465
v 0.090470 1.200050 0.044775
v 0.087850 1.218390 0.039295
v 0.079400 1.220510 0.040495
v 0.085580 1.182280 0.043705
v 0.092660 1.186260 0.040865
v 0.070680 1.219660 0.042075
v 0.098370 1.191960 0.039145
v 0.055430 1.202630 0.047445
v 0.056650 1.195020 0.048865
v 0.063030 1.215960 0.043895
v 0.100400 1.199320 0.038425
v 0.061160 1.188320 0.049365
v 0.057650 1.209980 0.045385
v 0.099190 1.206930 0.037695
v 0.068380 1.183550 0.048655
v 0.094830 1.213620 0.038775
v 0.076890 1.181420 0.045865
v 0.098390 1.221130 0.034075
v 0.101950 1.228650 0.029215
v 0.090900 1.238420 0.030455
v 0.089350 1.227350 0.035165
v 0.075100 1.178200 0.044195
v 0.072530 1.175230 0.042045
v 0.086850 1.176480 0.036165
v 0.086340 1.179110 0.040725
v 0.078220 1.230110 0.036255
v 0.077090 1.242070 0.030535
v 0.099840 1.181710 0.028605
v 0.096080 1.183850 0.035365
v 0.062640 1.241760 0.031665
v 0.066770 1.229000 0.037885
v 0.108600 1.191960 0.024395
v 0.102560 1.191760 0.033355
v 0.046890 1.206820 0.044785
v 0.036270 1.210960 0.041015
v 0.038260 1.198730 0.043745
v 0.048510 1.196920 0.047125
v 0.048800 1.235060 0.033845
v 0.056760 1.224190 0.039965
v 0.110160 1.205720 0.023175
v 0.105280 1.202520 0.031285
v 0.044710 1.187980 0.045795
v 0.054500 1.188190 0.048295
v 0.049800 1.216400 0.042145
v 0.039000 1.223810 0.037135
v 0.108650 1.217910 0.025465
v 0.103920 1.212420 0.031305
v 0.055880 1.178770 0.045275
v 0.062550 1.181470 0.047715
v 0.093860 1.249060 0.024735
v 0.075530 1.253590 0.025085
v 0.088530 1.172400 0.031345
v 0.102310 1.178930 0.021735
v 0.058290 1.252160 0.026555
v 0.113700 1.191700 0.012645
v 0.023710 1.215670 0.035375
v 0.026610 1.199470 0.039665
v 0.042500 1.245230 0.028155
v 0.114530 1.209330 0.012705
v 0.036710 1.185190 0.043585
v 0.028450 1.231300 0.031345
v 0.115590 1.228960 0.014655
v 0.049720 1.175610 0.043925
v 0.106890 1.240330 0.021315
v 0.070510 1.170540 0.038955
v 0.113550 1.251340 0.013855
v 0.099020 1.260790 0.018855
v 0.069460 1.163140 0.038555
v 0.092740 1.164240 0.024195
v 0.074290 1.267900 0.020145
v 0.106180 1.175220 0.010075
v 0.056260 1.266140 0.021265
v 0.112150 1.192650 -0.001435
v 0.012330 1.218960 0.032385
v 0.014760 1.198500 0.038515
v 0.038380 1.257470 0.022275
v 0.116580 1.214120 0.000865
v 0.027240 1.179910 0.043705
v 0.017030 1.239150 0.026115
v 0.119470 1.237650 0.004095
v 0.045070 1.169380 0.044405
v 0.006620 1.238180 0.025935
v 0.006090 1.217990 0.032475
v 0.008850 1.197060 0.039115
v 0.014210 1.178860 0.044415
v 0.122720 1.228030 -0.017075
v 0.127840 1.219760 -0.034555
v 0.451950 1.011760 0.180765
v 0.455570 1.012680 0.179965
v 0.455510 1.014090 0.177305
v 0.451600 1.013420 0.178485
v 0.461240 1.003680 0.171685
v 0.459520 1.001040 0.170025
v 0.459560 1.002260 0.168505
v 0.461230 1.005470 0.170255
v 0.460100 1.010570 0.177115
v 0.462410 1.006700 0.174075
v 0.461650 1.008910 0.172315
v 0.460140 1.012450 0.174895
v 0.457620 1.018740 0.163405
v 0.459060 1.015090 0.159805
v 0.458880 1.016940 0.157345
v 0.457450 1.020290 0.160895
v 0.450190 1.020970 0.166665
v 0.454190 1.020520 0.165935
v 0.454000 1.022160 0.163415
v 0.450250 1.022410 0.164535
v 0.458780 1.011830 0.157785
v 0.457010 1.008800 0.156185
v 0.456260 1.007780 0.153285
v 0.457960 1.012470 0.153875
v 0.450870 0.999500 0.193425
v 0.454960 0.999960 0.192805
v 0.455500 1.004540 0.187605
v 0.451100 1.004340 0.188185
v 0.459960 0.992480 0.186625
v 0.458070 0.989990 0.185065
v 0.457900 0.994120 0.179045
v 0.459860 0.996330 0.181285
v 0.458610 0.998650 0.191395
v 0.460250 0.995780 0.189055
v 0.460470 0.999520 0.183655
v 0.459070 1.003060 0.186135
v 0.444900 1.004730 0.181445
v 0.444620 0.999940 0.185555
v 0.446460 1.001920 0.187295
v 0.446460 1.006140 0.182995
v 0.459640 1.013780 0.172675
v 0.460540 1.010380 0.169805
v 0.444810 1.010000 0.175555
v 0.445030 1.009110 0.177035
v 0.446770 1.011230 0.177975
v 0.446610 1.012420 0.176355
v 0.441660 1.015860 0.163845
v 0.442320 1.014270 0.166625
v 0.444140 1.016610 0.168385
v 0.443360 1.018070 0.165915
v 0.455210 1.004890 0.161445
v 0.454710 1.006860 0.157415
v 0.457620 1.008540 0.158105
v 0.458480 1.007050 0.161795
v 0.454960 0.988230 0.184385
v 0.455210 0.992570 0.177745
v 0.453990 1.007440 0.155255
v 0.453520 1.006210 0.151245
v 0.455630 0.998870 0.169215
v 0.455720 0.999870 0.167515
v 0.448660 1.003400 0.187955
v 0.448400 1.007030 0.184115
v 0.446920 1.018330 0.169185
v 0.446330 1.019910 0.166915
v 0.447810 1.016400 0.172195
v 0.445450 1.014880 0.171725
v 0.451300 1.014600 0.176415
v 0.455100 1.015220 0.175265
v 0.460600 1.007470 0.167975
v 0.459350 1.004200 0.165985
v 0.459800 0.987380 0.192965
v 0.460040 0.990790 0.195275
v 0.459920 0.989050 0.196855
v 0.459830 0.985050 0.195255
v 0.458630 0.993690 0.197265
v 0.454840 0.994970 0.198835
v 0.455000 0.993520 0.200095
v 0.458460 0.992170 0.198475
v 0.447680 0.981940 0.207125
v 0.448380 0.985900 0.205635
v 0.447150 0.988750 0.201375
v 0.446540 0.986570 0.201915
v 0.449820 0.994280 0.198925
v 0.447850 0.992710 0.198845
v 0.448060 0.990450 0.201215
v 0.450220 0.992560 0.200965
v 0.451230 0.991200 0.202805
v 0.449270 0.988320 0.204395
v 0.450740 0.985990 0.207435
v 0.452290 0.989630 0.204555
v 0.451860 0.981780 0.210665
v 0.451820 0.985210 0.208065
v 0.450430 0.982150 0.209985
v 0.457490 0.977100 0.200095
v 0.458860 0.980120 0.198275
v 0.459620 0.979710 0.201825
v 0.459300 0.976620 0.204385
v 0.452090 0.979930 0.211505
v 0.450640 0.979980 0.210665
v 0.460090 0.983800 0.198175
v 0.459740 0.987890 0.198515
v 0.459380 0.987040 0.199475
v 0.459740 0.983140 0.199965
v 0.457280 0.975590 0.208245
v 0.455140 0.976720 0.210265
v 0.453840 0.975840 0.210015
v 0.456930 0.974740 0.207715
v 0.458140 0.990860 0.199825
v 0.455160 0.992060 0.201365
v 0.454970 0.990500 0.202525
v 0.457660 0.989540 0.200975
v 0.457120 0.988510 0.201375
v 0.458640 0.985830 0.200135
v 0.454370 0.989100 0.203155
v 0.450210 0.996160 0.173235
v 0.449700 0.992040 0.178145
v 0.445830 0.994470 0.179775
v 0.446140 0.997950 0.175265
v 0.449290 1.000720 0.167145
v 0.450210 0.999890 0.169295
v 0.446630 1.001630 0.171895
v 0.446030 1.002280 0.169945
v 0.447900 1.007970 0.155755
v 0.447790 1.006210 0.158525
v 0.443970 1.007540 0.160575
v 0.443930 1.009030 0.158215
v 0.449630 0.975570 0.206805
v 0.454060 0.974190 0.204155
v 0.458950 0.982630 0.201145
v 0.459210 0.979690 0.203245
v 0.459320 0.976780 0.205755
v 0.452760 0.987780 0.205225
v 0.451240 0.976160 0.199555
v 0.447610 0.977720 0.202335
v 0.447060 0.982270 0.196345
v 0.450250 0.980530 0.194295
v 0.446760 0.991040 0.198855
v 0.445930 0.988920 0.198695
v 0.456070 0.979390 0.195675
v 0.458340 0.981940 0.194915
v 0.459900 0.988820 0.191055
v 0.460160 0.992130 0.193925
v 0.458670 0.994890 0.195995
v 0.454870 0.996250 0.197445
v 0.449810 0.984530 0.189705
v 0.446990 0.986350 0.191445
v 0.447180 0.988340 0.189405
v 0.450050 0.986560 0.187675
v 0.458160 1.017560 0.165715
v 0.458730 1.016010 0.168795
v 0.459610 1.012550 0.166035
v 0.459350 1.014240 0.162105
v 0.443520 1.012300 0.170655
v 0.455850 1.001510 0.165135
v 0.448850 1.013590 0.176515
v 0.450220 1.019260 0.169165
v 0.450680 1.017270 0.171825
v 0.454330 1.017530 0.170895
v 0.454250 1.019060 0.168315
v 0.459160 1.011900 0.160185
v 0.459600 1.010050 0.164005
v 0.448800 1.003520 0.162775
v 0.444860 1.005250 0.165245
v 0.459800 1.006220 0.182595
v 0.461410 1.002630 0.178945
v 0.462160 1.004680 0.176385
v 0.459990 1.008450 0.179545
v 0.455060 0.984700 0.188815
v 0.457640 0.986350 0.189345
v 0.457730 0.983930 0.191985
v 0.455310 0.981980 0.191885
v 0.460640 0.999970 0.175905
v 0.458970 0.997910 0.173945
v 0.459280 0.999550 0.171725
v 0.461010 1.001690 0.173685
v 0.445770 0.991960 0.194895
v 0.446650 0.993460 0.195935
v 0.446860 0.995130 0.194425
v 0.445950 0.993660 0.193305
v 0.446960 0.996180 0.193415
v 0.448120 0.996170 0.195145
v 0.448400 0.997320 0.194105
v 0.444960 1.007850 0.178585
v 0.444970 1.006590 0.179915
v 0.446660 1.008120 0.181225
v 0.446640 1.009490 0.179695
v 0.450510 0.999070 0.170595
v 0.450230 0.997650 0.171895
v 0.446250 0.999290 0.174075
v 0.446390 1.000640 0.173075
v 0.455800 1.007930 0.184525
v 0.455830 1.010330 0.182165
v 0.451370 1.007900 0.184865
v 0.451750 1.010160 0.182735
v 0.455160 0.995980 0.172745
v 0.455360 0.997660 0.170675
v 0.448900 1.009290 0.182015
v 0.449210 1.010830 0.180385
v 0.449710 0.995980 0.196975
v 0.447880 0.994830 0.196435
v 0.450210 0.987700 0.186495
v 0.447430 0.989430 0.188155
v 0.446020 0.994740 0.192315
v 0.449140 1.012380 0.178315
v 0.450320 0.998220 0.194745
v 0.454960 0.998510 0.194795
v 0.460040 0.991210 0.188185
v 0.457960 0.988760 0.186455
v 0.458710 0.997020 0.193435
v 0.460300 0.994490 0.191195
v 0.455040 0.987410 0.185565
v 0.446970 0.997330 0.192255
v 0.448550 0.998610 0.192835
v 0.449940 0.988340 0.185005
v 0.447170 0.990190 0.186755
v 0.445880 0.995920 0.191215
v 0.449930 0.997050 0.195935
v 0.454960 0.997390 0.196315
v 0.459960 0.990040 0.189515
v 0.457710 0.987750 0.187795
v 0.458740 0.996020 0.194865
v 0.460420 0.993320 0.192665
v 0.454900 0.986540 0.186835
v 0.444200 0.996980 0.182475
v 0.444050 1.001220 0.178815
v 0.444630 1.005560 0.174875
v 0.444050 1.006200 0.173245
v 0.441950 1.010650 0.164135
v 0.441580 1.012210 0.160915
v 0.447980 0.978970 0.207785
v 0.446180 0.981720 0.202605
v 0.452890 0.978750 0.211495
v 0.451760 0.978120 0.210915
v 0.445700 0.985040 0.197565
v 0.442880 1.009140 0.168655
v 0.445730 0.988230 0.193105
v 0.445830 0.990570 0.191345
v 0.444300 1.003030 0.177335
v 0.444600 1.004470 0.176225
v 0.445970 0.991990 0.190075
v 0.445560 0.992810 0.188635
v 0.452500 1.003830 0.161625
v 0.452850 1.001090 0.165845
v 0.450820 1.007030 0.154835
v 0.451320 1.006280 0.157295
v 0.452360 0.987140 0.185715
v 0.452350 0.986260 0.186885
v 0.458260 0.974910 0.206265
v 0.456310 0.975050 0.201885
v 0.453070 0.999560 0.168115
v 0.452950 0.998780 0.169745
v 0.452440 0.992030 0.177305
v 0.452260 0.987760 0.184355
v 0.453910 0.977640 0.197025
v 0.452370 0.980650 0.193005
v 0.452870 0.996030 0.172945
v 0.452950 0.997490 0.171035
v 0.458530 0.975730 0.206585
v 0.452210 0.984420 0.188695
v 0.457620 0.976640 0.208115
v 0.455680 0.977660 0.210265
v 0.456230 0.988030 0.201135
v 0.457900 0.985480 0.200345
v 0.453640 0.979280 0.210775
v 0.458360 0.982330 0.201235
v 0.452540 0.981280 0.210205
v 0.452130 0.984130 0.207795
v 0.458290 0.979480 0.203785
v 0.458340 0.977110 0.206165
v 0.458230 0.976570 0.206945
v 0.452800 0.987170 0.205195
v 0.453070 0.980270 0.210865
v 0.454340 0.988240 0.202995
v 0.456150 0.979530 0.209015
v 0.455770 0.978530 0.209295
v 0.456530 0.982110 0.206885
v 0.456680 0.984110 0.205055
v 0.471470 0.989140 0.167385
v 0.474010 0.989410 0.166845
v 0.474010 0.992160 0.165135
v 0.471050 0.991590 0.165765
v 0.479770 0.983820 0.157625
v 0.477490 0.980880 0.155015
v 0.477050 0.982660 0.153095
v 0.479420 0.985990 0.155355
v 0.478360 0.988640 0.164165
v 0.479960 0.985750 0.160685
v 0.479810 0.988610 0.158135
v 0.478270 0.991330 0.161965
v 0.473160 1.005590 0.147965
v 0.475190 1.002570 0.144715
v 0.475130 1.005090 0.140875
v 0.472860 1.007440 0.146035
v 0.463630 1.004560 0.152965
v 0.468180 1.005560 0.151285
v 0.467410 1.009080 0.148745
v 0.460050 1.009020 0.149255
v 0.473040 0.998210 0.142185
v 0.470540 0.995170 0.140245
v 0.468340 0.997600 0.137265
v 0.470480 1.001680 0.136335
v 0.474600 0.973150 0.180075
v 0.476460 0.973190 0.179645
v 0.475450 0.977830 0.175155
v 0.472460 0.977650 0.175895
v 0.480730 0.967650 0.170975
v 0.479280 0.965740 0.169445
v 0.477950 0.969920 0.164865
v 0.479500 0.972170 0.166595
v 0.480480 0.972720 0.176505
v 0.481430 0.970120 0.173195
v 0.480440 0.975180 0.169285
v 0.479350 0.977590 0.172285
v 0.464830 0.978710 0.170335
v 0.465990 0.973390 0.173915
v 0.467650 0.975670 0.175525
v 0.466920 0.980660 0.171865
v 0.477380 0.993810 0.159665
v 0.478920 0.990890 0.155985
v 0.463390 0.988640 0.162155
v 0.464090 0.987220 0.163325
v 0.465890 0.989590 0.165015
v 0.465340 0.991080 0.163745
v 0.455800 0.998260 0.148925
v 0.457960 0.995410 0.152215
v 0.459390 0.997730 0.154185
v 0.457740 1.000700 0.151555
v 0.470260 0.987250 0.144685
v 0.468980 0.989440 0.142595
v 0.472410 0.991900 0.143735
v 0.473340 0.990040 0.145645
v 0.476290 0.963470 0.168305
v 0.474340 0.967580 0.163805
v 0.466890 0.992900 0.138935
v 0.465750 0.994540 0.136205
v 0.474570 0.979040 0.153565
v 0.474260 0.980600 0.152155
v 0.470010 0.977220 0.175885
v 0.469020 0.981510 0.172385
v 0.462060 0.999670 0.155895
v 0.459920 1.002540 0.153075
v 0.463770 0.997720 0.158155
v 0.461130 0.995690 0.157245
v 0.470460 0.993460 0.163805
v 0.472970 0.994040 0.162875
v 0.478350 0.987710 0.153375
v 0.476500 0.984630 0.151445
v 0.481910 0.961300 0.176445
v 0.482460 0.963860 0.178705
v 0.482460 0.961780 0.180115
v 0.482650 0.959300 0.178615
v 0.481220 0.966080 0.181555
v 0.478250 0.967210 0.184105
v 0.478530 0.965310 0.185405
v 0.481130 0.964160 0.182755
v 0.473980 0.954350 0.193095
v 0.474870 0.957510 0.192395
v 0.473250 0.961000 0.188925
v 0.471320 0.957100 0.189065
v 0.476070 0.967070 0.185045
v 0.473910 0.965880 0.185725
v 0.474940 0.963560 0.187975
v 0.476670 0.965070 0.186895
v 0.477070 0.963480 0.188275
v 0.475660 0.961260 0.190025
v 0.477330 0.959250 0.191545
v 0.477480 0.961860 0.189235
v 0.478740 0.956000 0.193465
v 0.477790 0.958730 0.191585
v 0.477670 0.956260 0.193555
v 0.481810 0.951760 0.181905
v 0.482770 0.955440 0.180525
v 0.483060 0.954700 0.182815
v 0.483310 0.950580 0.185115
v 0.479190 0.953760 0.194545
v 0.478230 0.953270 0.194685
v 0.483020 0.958240 0.180175
v 0.482660 0.961030 0.181015
v 0.482440 0.960070 0.181875
v 0.482880 0.957240 0.181575
v 0.482950 0.949530 0.189545
v 0.481800 0.950150 0.192115
v 0.480740 0.948890 0.192175
v 0.482100 0.948040 0.189055
v 0.481300 0.963550 0.183345
v 0.478900 0.964380 0.186025
v 0.478900 0.962930 0.186825
v 0.481030 0.962440 0.183935
v 0.480540 0.961310 0.184385
v 0.481740 0.959440 0.182765
v 0.478620 0.961660 0.187015
v 0.467900 0.971860 0.161715
v 0.469070 0.967660 0.165875
v 0.466830 0.969290 0.168525
v 0.465350 0.973670 0.164785
v 0.466260 0.981380 0.153205
v 0.467160 0.980280 0.154465
v 0.464050 0.982330 0.157585
v 0.463280 0.983380 0.156265
v 0.460300 0.992080 0.139055
v 0.462070 0.989140 0.144385
v 0.458910 0.990250 0.147115
v 0.455950 0.993420 0.142175
v 0.476140 0.947760 0.190135
v 0.478460 0.946920 0.186545
v 0.482490 0.957280 0.182485
v 0.483210 0.954200 0.184085
v 0.483550 0.951170 0.186515
v 0.477620 0.960790 0.189275
v 0.474750 0.950350 0.181795
v 0.472000 0.950760 0.185345
v 0.470270 0.956170 0.180355
v 0.472980 0.955200 0.177445
v 0.472220 0.964490 0.185705
v 0.470250 0.962130 0.185015
v 0.479690 0.953530 0.178915
v 0.481880 0.956780 0.178145
v 0.481530 0.963050 0.174865
v 0.482180 0.965210 0.177335
v 0.481030 0.967370 0.180635
v 0.477750 0.968520 0.183135
v 0.471560 0.958660 0.174335
v 0.469140 0.959980 0.176915
v 0.468830 0.961970 0.175385
v 0.471300 0.960570 0.172835
v 0.473960 1.002240 0.151355
v 0.475030 0.999150 0.154215
v 0.476810 0.996770 0.150655
v 0.475960 0.999600 0.147795
v 0.459640 0.993510 0.155775
v 0.473590 0.982110 0.150725
v 0.467690 0.992400 0.164055
v 0.465580 1.001040 0.155925
v 0.467070 0.998950 0.157865
v 0.470560 0.999330 0.156885
v 0.469830 1.002130 0.154135
v 0.474700 0.995760 0.145335
v 0.476120 0.993380 0.147545
v 0.463600 0.986560 0.146965
v 0.459980 0.988250 0.150165
v 0.478700 0.981550 0.169255
v 0.479940 0.979340 0.166225
v 0.479740 0.982360 0.163695
v 0.478380 0.984500 0.167045
v 0.477110 0.959390 0.172505
v 0.480130 0.961380 0.173245
v 0.480710 0.959330 0.175165
v 0.477950 0.957040 0.175085
v 0.479060 0.976660 0.163055
v 0.477520 0.974690 0.160955
v 0.477520 0.978330 0.157795
v 0.479120 0.980100 0.160495
v 0.469300 0.965140 0.182395
v 0.471680 0.967150 0.183585
v 0.470990 0.968550 0.182215
v 0.468930 0.966710 0.180985
v 0.470520 0.969850 0.180975
v 0.472960 0.969300 0.182755
v 0.472460 0.970990 0.181345
v 0.464260 0.985940 0.164895
v 0.464250 0.983540 0.166985
v 0.466860 0.985230 0.169005
v 0.466280 0.988030 0.166505
v 0.466980 0.978780 0.155785
v 0.467000 0.976300 0.157665
v 0.464060 0.978740 0.160745
v 0.464030 0.980700 0.158965
v 0.474650 0.982410 0.171395
v 0.474600 0.985510 0.169015
v 0.471750 0.982240 0.172145
v 0.471730 0.985550 0.169745
v 0.473820 0.971930 0.159825
v 0.474690 0.976370 0.156115
v 0.469080 0.985700 0.169485
v 0.468730 0.988780 0.167295
v 0.475630 0.968460 0.183855
v 0.473350 0.967970 0.183915
v 0.471260 0.962130 0.171775
v 0.468860 0.963680 0.174205
v 0.468760 0.968390 0.179545
v 0.468220 0.990700 0.165695
v 0.474820 0.971400 0.181535
v 0.476760 0.971440 0.181135
v 0.481090 0.965910 0.172375
v 0.479590 0.964220 0.170825
v 0.480990 0.970910 0.178025
v 0.481980 0.968240 0.174625
v 0.476530 0.962230 0.169795
v 0.470170 0.971260 0.179855
v 0.471940 0.972450 0.180145
v 0.471270 0.963700 0.170605
v 0.469060 0.965270 0.173075
v 0.468530 0.969800 0.178405
v 0.475440 0.969940 0.182655
v 0.477140 0.969660 0.182375
v 0.481350 0.964340 0.173705
v 0.479860 0.962710 0.172115
v 0.480990 0.968880 0.179505
v 0.482020 0.966330 0.176055
v 0.476730 0.960820 0.171075
v 0.465800 0.971170 0.171485
v 0.464260 0.976260 0.168005
v 0.463550 0.985210 0.161385
v 0.462720 0.986510 0.160215
v 0.457780 0.993340 0.150635
v 0.454460 0.996280 0.145455
v 0.474310 0.951080 0.192875
v 0.470830 0.953790 0.188105
v 0.480250 0.951910 0.193885
v 0.479000 0.951540 0.194315
v 0.469250 0.959110 0.183305
v 0.459050 0.991260 0.153845
v 0.468170 0.962450 0.180175
v 0.467890 0.964410 0.178565
v 0.463320 0.981550 0.164195
v 0.463430 0.983690 0.162935
v 0.467930 0.965970 0.177305
v 0.468020 0.967720 0.176115
v 0.467300 0.985840 0.144995
v 0.470240 0.981120 0.151175
v 0.463800 0.992430 0.138845
v 0.465960 0.988480 0.142815
v 0.474110 0.961780 0.170235
v 0.474320 0.960200 0.171405
v 0.483010 0.948970 0.186695
v 0.480680 0.948330 0.184405
v 0.470790 0.979670 0.152705
v 0.470820 0.978160 0.154035
v 0.471840 0.966450 0.164005
v 0.473920 0.963070 0.168875
v 0.477020 0.950840 0.180525
v 0.475710 0.955720 0.175795
v 0.471020 0.970880 0.159725
v 0.471130 0.975420 0.156155
v 0.483280 0.949990 0.188105
v 0.474670 0.958540 0.172825
v 0.482670 0.950120 0.189765
v 0.482060 0.951070 0.191795
v 0.480200 0.960750 0.184675
v 0.481310 0.959240 0.182895
v 0.480760 0.952100 0.192955
v 0.482250 0.957030 0.183075
v 0.479150 0.954970 0.193105
v 0.478390 0.957790 0.191165
v 0.482760 0.954150 0.185105
v 0.483250 0.951360 0.187165
v 0.483000 0.950380 0.188615
v 0.477950 0.960280 0.189135
v 0.479880 0.953630 0.193705
v 0.478540 0.961190 0.186915
v 0.481750 0.953360 0.190385
v 0.481990 0.951930 0.191235
v 0.481180 0.956030 0.188315
v 0.480690 0.958390 0.186495
v 0.481500 0.984420 0.143155
v 0.485350 0.984450 0.141465
v 0.484270 0.986040 0.140445
v 0.481260 0.985790 0.142075
v 0.488360 0.978880 0.132755
v 0.486740 0.976930 0.131085
v 0.486090 0.978850 0.130125
v 0.487460 0.980750 0.131655
v 0.488360 0.982940 0.138175
v 0.488950 0.980640 0.135075
v 0.487990 0.982710 0.133745
v 0.487380 0.985050 0.136955
v 0.481530 0.997190 0.129425
v 0.482800 0.995910 0.125765
v 0.482530 0.998500 0.123345
v 0.480760 0.999810 0.127905
v 0.474570 0.996070 0.135095
v 0.478170 0.997050 0.132955
v 0.476530 1.000230 0.131965
v 0.471070 0.999410 0.132765
v 0.481540 0.993240 0.122195
v 0.478270 0.989430 0.119855
v 0.474110 0.991100 0.116645
v 0.480180 0.998400 0.118125
v 0.486330 0.966160 0.152735
v 0.488450 0.966220 0.151525
v 0.487160 0.972830 0.147645
v 0.484760 0.972970 0.148765
v 0.490900 0.962160 0.143295
v 0.489840 0.960800 0.142175
v 0.488370 0.966710 0.138315
v 0.489660 0.968190 0.139775
v 0.491630 0.965250 0.147735
v 0.491540 0.963650 0.144745
v 0.490460 0.969660 0.141385
v 0.490280 0.971890 0.144495
v 0.475750 0.976900 0.143345
v 0.477650 0.969380 0.147945
v 0.479410 0.970920 0.149245
v 0.477500 0.978510 0.144965
v 0.486330 0.986970 0.135805
v 0.487060 0.984720 0.132615
v 0.473640 0.982690 0.139575
v 0.474510 0.981320 0.140535
v 0.476300 0.983290 0.142235
v 0.475720 0.984960 0.141235
v 0.467720 0.989910 0.133705
v 0.468970 0.988270 0.134995
v 0.470970 0.990480 0.136645
v 0.468600 0.991430 0.135445
v 0.479560 0.983040 0.124065
v 0.478140 0.984700 0.122385
v 0.480760 0.987430 0.122965
v 0.482300 0.985490 0.125225
v 0.487300 0.958600 0.141235
v 0.485510 0.964540 0.137055
v 0.475370 0.986980 0.119875
v 0.472230 0.987280 0.116855
v 0.483610 0.974890 0.129555
v 0.483360 0.976540 0.128805
v 0.482260 0.972210 0.149585
v 0.480090 0.979660 0.145715
v 0.473130 0.992880 0.137185
v 0.470990 0.993830 0.135895
v 0.475140 0.991230 0.138585
v 0.472500 0.989270 0.137895
v 0.480530 0.987440 0.140685
v 0.483170 0.987580 0.139085
v 0.486130 0.983000 0.130395
v 0.485010 0.981170 0.129025
v 0.493040 0.953680 0.148765
v 0.493540 0.955480 0.150225
v 0.494130 0.953550 0.151855
v 0.493990 0.951070 0.150795
v 0.493240 0.957730 0.152845
v 0.490780 0.958770 0.155565
v 0.491310 0.956670 0.156915
v 0.493430 0.955930 0.154085
v 0.486890 0.944140 0.163845
v 0.487430 0.947300 0.164305
v 0.485210 0.951100 0.161375
v 0.483960 0.948440 0.160695
v 0.488230 0.958570 0.157425
v 0.485700 0.957380 0.158575
v 0.487360 0.953810 0.160835
v 0.489150 0.955890 0.159155
v 0.490370 0.953220 0.160885
v 0.488640 0.950120 0.163025
v 0.491130 0.948100 0.164505
v 0.491040 0.951430 0.161805
v 0.492290 0.943980 0.165725
v 0.492020 0.947290 0.164605
v 0.490680 0.944570 0.165925
v 0.493210 0.942450 0.153295
v 0.494140 0.945440 0.152455
v 0.495250 0.943510 0.154795
v 0.495450 0.940480 0.156545
v 0.492610 0.941750 0.165555
v 0.490500 0.942020 0.165585
v 0.494570 0.948200 0.152515
v 0.494370 0.951660 0.152835
v 0.494210 0.950710 0.153555
v 0.494880 0.947030 0.153715
v 0.495420 0.939010 0.161425
v 0.494080 0.939560 0.163185
v 0.492180 0.938970 0.162495
v 0.494030 0.938350 0.160295
v 0.493640 0.954330 0.155065
v 0.491730 0.954730 0.158155
v 0.491840 0.953370 0.158825
v 0.493580 0.953070 0.155765
v 0.493240 0.952150 0.156255
v 0.494100 0.949940 0.154335
v 0.491640 0.952320 0.159125
v 0.478030 0.972040 0.132455
v 0.480280 0.964020 0.137895
v 0.477330 0.965290 0.141105
v 0.474980 0.973200 0.135835
v 0.475900 0.976610 0.129015
v 0.476720 0.975650 0.129745
v 0.473620 0.976680 0.133535
v 0.472850 0.977520 0.132345
v 0.470580 0.984810 0.122255
v 0.471540 0.982910 0.124265
v 0.468200 0.984060 0.127865
v 0.466930 0.985430 0.126685
v 0.487880 0.939920 0.159885
v 0.489690 0.939100 0.157075
v 0.495380 0.946710 0.154485
v 0.496220 0.943160 0.156015
v 0.496270 0.940980 0.157845
v 0.491330 0.950330 0.161965
v 0.486840 0.942710 0.153415
v 0.484360 0.943610 0.156105
v 0.482200 0.949200 0.151735
v 0.484680 0.948290 0.149145
v 0.483470 0.955640 0.158605
v 0.481970 0.953740 0.157595
v 0.491720 0.945550 0.150735
v 0.493390 0.948350 0.150445
v 0.492350 0.955870 0.146925
v 0.493200 0.957400 0.149085
v 0.492980 0.959410 0.151805
v 0.490230 0.960580 0.154675
v 0.483980 0.953370 0.145615
v 0.481190 0.954250 0.148205
v 0.481120 0.956510 0.147015
v 0.483610 0.955240 0.144645
v 0.482110 0.995060 0.130975
v 0.483280 0.992530 0.132285
v 0.484590 0.990340 0.129195
v 0.483560 0.993330 0.127265
v 0.470220 0.986740 0.136175
v 0.482400 0.978460 0.127625
v 0.478400 0.986600 0.141645
v 0.475960 0.994660 0.136235
v 0.477620 0.992510 0.137465
v 0.480200 0.992810 0.135585
v 0.478760 0.995300 0.134175
v 0.482440 0.990390 0.124275
v 0.483580 0.987370 0.126525
v 0.472820 0.981110 0.125665
v 0.469390 0.982380 0.128975
v 0.488850 0.978450 0.140405
v 0.489160 0.976280 0.137595
v 0.489040 0.978560 0.136405
v 0.488560 0.980660 0.139285
v 0.488010 0.953450 0.144905
v 0.490960 0.954680 0.145855
v 0.491790 0.951920 0.147785
v 0.489540 0.950240 0.147225
v 0.488390 0.974550 0.135535
v 0.486970 0.973030 0.133605
v 0.486990 0.975000 0.132415
v 0.488510 0.976720 0.134265
v 0.480830 0.957310 0.155155
v 0.482400 0.958670 0.156655
v 0.482050 0.960500 0.155575
v 0.480550 0.959220 0.153795
v 0.481770 0.962270 0.154595
v 0.484770 0.961530 0.156005
v 0.484530 0.963330 0.154905
v 0.475080 0.980390 0.141215
v 0.475530 0.978710 0.142315
v 0.477240 0.980370 0.144065
v 0.476740 0.982150 0.142955
v 0.477260 0.974870 0.130425
v 0.477940 0.973470 0.131495
v 0.474820 0.974390 0.135145
v 0.474210 0.976040 0.134345
v 0.486010 0.979890 0.143465
v 0.485920 0.982260 0.142355
v 0.482620 0.980240 0.145185
v 0.481930 0.982710 0.144155
v 0.484110 0.971750 0.131625
v 0.483810 0.973070 0.130625
v 0.479770 0.981790 0.144665
v 0.479340 0.983510 0.143675
v 0.487760 0.960610 0.156175
v 0.485090 0.959840 0.157055
v 0.482880 0.956570 0.143765
v 0.480620 0.957610 0.146185
v 0.480200 0.961010 0.152895
v 0.478990 0.984840 0.142815
v 0.486820 0.964010 0.154095
v 0.489050 0.964070 0.152765
v 0.491500 0.959790 0.144665
v 0.490260 0.958560 0.143475
v 0.492040 0.963090 0.149395
v 0.492200 0.960940 0.146405
v 0.487480 0.956610 0.142665
v 0.481320 0.964610 0.153385
v 0.484090 0.965630 0.153525
v 0.482200 0.958040 0.142305
v 0.479650 0.959240 0.144855
v 0.479440 0.963180 0.151945
v 0.487270 0.962200 0.155235
v 0.489800 0.962190 0.153935
v 0.492000 0.957660 0.145845
v 0.490540 0.956560 0.144605
v 0.492670 0.961070 0.150755
v 0.493010 0.959180 0.147945
v 0.487520 0.955090 0.143735
v 0.476510 0.967160 0.144725
v 0.474480 0.975270 0.140245
v 0.473270 0.979150 0.137815
v 0.472300 0.980200 0.136775
v 0.467730 0.986300 0.132195
v 0.466460 0.987690 0.131545
v 0.486890 0.941950 0.162485
v 0.483410 0.946010 0.158835
v 0.492990 0.940650 0.164905
v 0.490930 0.940480 0.164735
v 0.481170 0.951200 0.154925
v 0.468970 0.984560 0.133195
v 0.480060 0.955990 0.151915
v 0.479980 0.958010 0.150665
v 0.474330 0.976760 0.139395
v 0.473950 0.978480 0.138505
v 0.479550 0.959300 0.149785
v 0.478540 0.960940 0.148245
v 0.476400 0.981390 0.124345
v 0.479290 0.977000 0.127605
v 0.473320 0.985480 0.120885
v 0.474840 0.983290 0.122825
v 0.485320 0.956210 0.142835
v 0.485370 0.954900 0.144035
v 0.495160 0.938860 0.158465
v 0.491090 0.939670 0.155385
v 0.480270 0.975420 0.128535
v 0.480270 0.974430 0.129235
v 0.483180 0.963960 0.136935
v 0.485200 0.958090 0.141095
v 0.488950 0.943170 0.152065
v 0.486720 0.948470 0.148115
v 0.480990 0.971800 0.131025
v 0.480500 0.973150 0.130165
v 0.496110 0.939310 0.159915
v 0.485870 0.953150 0.144985
v 0.495170 0.940130 0.161325
v 0.494370 0.940680 0.162805
v 0.492420 0.951270 0.156455
v 0.493800 0.949480 0.154695
v 0.493410 0.941520 0.164235
v 0.495160 0.946710 0.155175
v 0.492630 0.944560 0.164755
v 0.492170 0.946950 0.163885
v 0.495950 0.943530 0.156855
v 0.496190 0.941610 0.158805
v 0.495790 0.940520 0.160425
v 0.491760 0.949950 0.161555
v 0.493020 0.942680 0.164575
v 0.491450 0.951680 0.159145
v 0.495060 0.943410 0.161845
v 0.494830 0.941960 0.162485
v 0.494750 0.945190 0.160775
v 0.493810 0.947870 0.158865
v 0.483410 0.978630 0.117765
v 0.485860 0.978610 0.115275
v 0.485620 0.980810 0.114315
v 0.483100 0.980860 0.117205
v 0.486300 0.974990 0.109035
v 0.483790 0.972600 0.107525
v 0.483350 0.974350 0.106445
v 0.486220 0.977120 0.107835
v 0.487270 0.978110 0.112835
v 0.487290 0.976750 0.110435
v 0.487040 0.978710 0.109395
v 0.486980 0.980280 0.111765
v 0.482620 0.991700 0.106685
v 0.482730 0.989730 0.104365
v 0.481470 0.993030 0.102775
v 0.481970 0.994770 0.105285
v 0.479240 0.992550 0.112355
v 0.481600 0.992920 0.109005
v 0.480750 0.995850 0.108105
v 0.478380 0.995930 0.112215
v 0.481800 0.986970 0.102475
v 0.479410 0.983580 0.101275
v 0.477750 0.985660 0.099455
v 0.480590 0.990410 0.101105
v 0.484810 0.967680 0.121615
v 0.486840 0.967560 0.119975
v 0.486610 0.970380 0.118545
v 0.484130 0.970600 0.120385
v 0.487490 0.964650 0.113675
v 0.485670 0.963170 0.112025
v 0.484850 0.966250 0.110695
v 0.486820 0.967940 0.112215
v 0.488300 0.967230 0.117715
v 0.488360 0.966000 0.115305
v 0.487910 0.969050 0.113935
v 0.488000 0.970130 0.116375
v 0.476150 0.970830 0.118225
v 0.476840 0.967940 0.119425
v 0.479170 0.969780 0.121185
v 0.478400 0.972280 0.120045
v 0.486260 0.982080 0.111105
v 0.486380 0.980290 0.108555
v 0.474380 0.977820 0.114555
v 0.474760 0.976160 0.115565
v 0.477020 0.978370 0.117915
v 0.476680 0.980300 0.117315
v 0.471870 0.985750 0.112705
v 0.471790 0.983800 0.112575
v 0.473980 0.986090 0.115155
v 0.474000 0.986960 0.115205
v 0.478250 0.978050 0.103135
v 0.477340 0.979520 0.102315
v 0.480190 0.981520 0.102555
v 0.481010 0.979850 0.103585
v 0.483700 0.961970 0.111455
v 0.482640 0.965000 0.110095
v 0.476590 0.981050 0.101335
v 0.474720 0.982850 0.099935
v 0.481050 0.970940 0.106905
v 0.480410 0.972670 0.105905
v 0.481430 0.970490 0.121335
v 0.480910 0.973230 0.120265
v 0.476430 0.987640 0.115065
v 0.476660 0.989400 0.114745
v 0.477000 0.985670 0.115725
v 0.474560 0.984020 0.115505
v 0.482550 0.982790 0.116135
v 0.484780 0.982660 0.113535
v 0.485690 0.978700 0.107065
v 0.482870 0.976120 0.105435
v 0.488470 0.956530 0.116605
v 0.489280 0.957930 0.118365
v 0.489270 0.955620 0.119455
v 0.488680 0.953500 0.117715
v 0.489140 0.959470 0.120835
v 0.487850 0.960270 0.123285
v 0.488000 0.958510 0.124435
v 0.489160 0.957260 0.121735
v 0.483760 0.950230 0.128485
v 0.484240 0.952720 0.128405
v 0.482820 0.955430 0.127005
v 0.481230 0.952620 0.126465
v 0.485930 0.960750 0.124905
v 0.483590 0.959880 0.125465
v 0.484200 0.957180 0.126605
v 0.485890 0.958420 0.125785
v 0.486280 0.956250 0.126375
v 0.484920 0.954720 0.127645
v 0.486240 0.953090 0.128265
v 0.486810 0.954860 0.126835
v 0.487050 0.950800 0.129015
v 0.487170 0.952560 0.128245
v 0.486150 0.951070 0.129085
v 0.487860 0.947730 0.119965
v 0.488380 0.949570 0.119445
v 0.489030 0.948670 0.120955
v 0.488950 0.947050 0.121585
v 0.487320 0.948900 0.128905
v 0.486310 0.949000 0.128945
v 0.488700 0.951890 0.119475
v 0.488880 0.953890 0.120475
v 0.488920 0.952880 0.121195
v 0.488980 0.950940 0.120615
v 0.489550 0.945970 0.124515
v 0.488960 0.946290 0.126695
v 0.488070 0.945740 0.126645
v 0.488700 0.945390 0.124155
v 0.488610 0.955570 0.122395
v 0.487650 0.956560 0.124705
v 0.487720 0.955370 0.125105
v 0.488550 0.954530 0.122905
v 0.488550 0.953970 0.123215
v 0.489020 0.952560 0.121375
v 0.487790 0.954690 0.125295
v 0.477190 0.967770 0.110845
v 0.478160 0.964670 0.111915
v 0.476710 0.965520 0.114015
v 0.475890 0.968400 0.112905
v 0.474870 0.974400 0.107965
v 0.475390 0.972750 0.108715
v 0.474290 0.973600 0.110775
v 0.473840 0.975310 0.110025
v 0.471760 0.980530 0.105185
v 0.472390 0.979440 0.105725
v 0.471550 0.980660 0.108185
v 0.470890 0.982010 0.107855
v 0.484500 0.945290 0.125545
v 0.485800 0.944700 0.122785
v 0.489220 0.950650 0.121275
v 0.489590 0.948760 0.121635
v 0.489550 0.947320 0.122295
v 0.487180 0.954120 0.126905
v 0.482450 0.947470 0.120395
v 0.480610 0.948280 0.122845
v 0.479010 0.953900 0.119755
v 0.480680 0.953060 0.117235
v 0.481700 0.958780 0.125495
v 0.479470 0.956760 0.124275
v 0.486750 0.949940 0.117875
v 0.487850 0.951660 0.117525
v 0.488430 0.959950 0.115615
v 0.489130 0.960820 0.117245
v 0.489000 0.962260 0.119725
v 0.487570 0.962830 0.121955
v 0.479840 0.957050 0.115145
v 0.478220 0.957870 0.117785
v 0.478160 0.959480 0.117005
v 0.479730 0.958510 0.114575
v 0.483380 0.988670 0.107995
v 0.484320 0.986040 0.109175
v 0.484270 0.984160 0.106675
v 0.483690 0.986780 0.105675
v 0.472430 0.981390 0.112895
v 0.479930 0.974320 0.105005
v 0.479170 0.981990 0.117815
v 0.480120 0.989390 0.113165
v 0.480990 0.986870 0.113995
v 0.483090 0.986720 0.111515
v 0.482190 0.989600 0.110415
v 0.482640 0.984280 0.103875
v 0.483190 0.982230 0.104785
v 0.473280 0.978000 0.106225
v 0.472400 0.978950 0.108405
v 0.487540 0.973330 0.115175
v 0.487480 0.971710 0.112605
v 0.487330 0.974490 0.111685
v 0.487360 0.975750 0.114005
v 0.484690 0.957590 0.113445
v 0.486640 0.958340 0.114045
v 0.487050 0.955350 0.115485
v 0.485220 0.954250 0.115245
v 0.486350 0.970480 0.110995
v 0.484260 0.968890 0.109405
v 0.484090 0.970930 0.108475
v 0.486140 0.973000 0.109875
v 0.478810 0.960410 0.122795
v 0.481040 0.961820 0.124225
v 0.480870 0.963540 0.123545
v 0.478840 0.962170 0.122135
v 0.480610 0.965040 0.122875
v 0.482880 0.964240 0.123675
v 0.482530 0.965720 0.123115
v 0.475250 0.974690 0.116565
v 0.475580 0.973040 0.117225
v 0.477890 0.974610 0.119225
v 0.477480 0.976460 0.118595
v 0.475900 0.971030 0.109565
v 0.476490 0.969470 0.110225
v 0.475340 0.970110 0.112315
v 0.474810 0.971760 0.111575
v 0.486180 0.973560 0.117255
v 0.485910 0.976200 0.116235
v 0.483700 0.973590 0.119245
v 0.483450 0.976060 0.118445
v 0.481670 0.967700 0.108785
v 0.481400 0.969490 0.107775
v 0.480380 0.975620 0.119605
v 0.480040 0.977740 0.119085
v 0.485780 0.962910 0.123595
v 0.483130 0.962590 0.124355
v 0.479670 0.960180 0.113965
v 0.478230 0.960880 0.116325
v 0.478620 0.963580 0.121185
v 0.479640 0.979940 0.118545
v 0.485130 0.966220 0.122275
v 0.487100 0.966200 0.120545
v 0.487910 0.963000 0.114255
v 0.486010 0.961680 0.112605
v 0.488550 0.965980 0.118275
v 0.488710 0.964570 0.115895
v 0.483960 0.960740 0.112005
v 0.479990 0.966680 0.122305
v 0.482120 0.967300 0.122615
v 0.479320 0.961570 0.113535
v 0.478020 0.962370 0.115725
v 0.478130 0.965040 0.120515
v 0.485490 0.964690 0.122875
v 0.487440 0.964670 0.121245
v 0.488360 0.961670 0.115005
v 0.486390 0.960160 0.113225
v 0.488900 0.964320 0.118885
v 0.489050 0.963010 0.116395
v 0.484300 0.959040 0.112745
v 0.476100 0.966640 0.116695
v 0.475420 0.969250 0.115245
v 0.474000 0.974580 0.112935
v 0.473670 0.976360 0.112215
v 0.471460 0.982110 0.110455
v 0.470790 0.983920 0.110445
v 0.483400 0.947280 0.127795
v 0.480170 0.950140 0.125115
v 0.487980 0.947630 0.128425
v 0.486930 0.947120 0.128335
v 0.478730 0.955170 0.122295
v 0.472270 0.980160 0.110655
v 0.477980 0.959230 0.120665
v 0.477900 0.960770 0.119815
v 0.474880 0.971240 0.114575
v 0.474440 0.972850 0.113865
v 0.477870 0.962000 0.118885
v 0.477590 0.963470 0.118085
v 0.474760 0.977090 0.103945
v 0.476940 0.973810 0.105905
v 0.473700 0.980090 0.102585
v 0.474330 0.978630 0.103335
v 0.481760 0.960030 0.112465
v 0.482120 0.958540 0.112995
v 0.488770 0.946060 0.122505
v 0.487170 0.946400 0.121015
v 0.477600 0.972170 0.106725
v 0.478250 0.970550 0.107605
v 0.480240 0.964390 0.110585
v 0.481350 0.961420 0.111845
v 0.485160 0.948870 0.118995
v 0.483350 0.953420 0.115635
v 0.479330 0.967290 0.109405
v 0.478770 0.969070 0.108445
v 0.489490 0.946450 0.123115
v 0.482450 0.957080 0.113635
v 0.489780 0.946720 0.124685
v 0.489470 0.947240 0.126575
v 0.488470 0.953470 0.123345
v 0.488810 0.952060 0.121715
v 0.488480 0.948230 0.128015
v 0.489140 0.950590 0.121605
v 0.487690 0.950240 0.128475
v 0.487180 0.952030 0.127925
v 0.489420 0.948810 0.122165
v 0.489540 0.947840 0.122775
v 0.489740 0.947150 0.123555
v 0.487150 0.953420 0.126715
v 0.488100 0.949190 0.128465
v 0.487650 0.954180 0.125405
v 0.489120 0.949210 0.125535
v 0.489290 0.948480 0.125845
v 0.488820 0.950490 0.125035
v 0.488480 0.952190 0.124225
v 0.390490 1.028610 0.156145
v 0.391530 1.032710 0.158655
v 0.392180 1.034270 0.156385
v 0.391180 1.030340 0.153825
v 0.401720 1.032620 0.161865
v 0.406960 1.028350 0.161675
v 0.408290 1.029560 0.159855
v 0.402390 1.034440 0.159715
v 0.395690 1.034940 0.161295
v 0.396270 1.036520 0.158885
v 0.397130 1.024820 0.147645
v 0.396050 1.022640 0.150765
v 0.392160 1.026470 0.151845
v 0.393080 1.028380 0.149085
v 0.407650 1.025190 0.159305
v 0.408230 1.026430 0.156775
v 0.392040 1.032130 0.151055
v 0.404190 1.025380 0.168745
v 0.399640 1.028620 0.167215
v 0.398880 1.027860 0.168625
v 0.402890 1.024890 0.171095
v 0.394810 1.029870 0.165425
v 0.390970 1.027800 0.163465
v 0.390650 1.026540 0.164735
v 0.394450 1.028770 0.166405
v 0.389360 1.013510 0.171515
v 0.386200 1.016970 0.168345
v 0.387360 1.017600 0.164875
v 0.391170 1.013920 0.167005
v 0.388290 1.023530 0.162535
v 0.387660 1.022250 0.164735
v 0.390300 1.025400 0.165955
v 0.386900 1.021120 0.167115
v 0.386690 1.020180 0.169245
v 0.390000 1.024580 0.167125
v 0.385700 1.017970 0.175005
v 0.386900 1.020360 0.170815
v 0.385470 1.016730 0.171945
v 0.401480 1.020770 0.174485
v 0.401480 1.024630 0.173055
v 0.399880 1.024590 0.174695
v 0.399310 1.020700 0.177165
v 0.387260 1.016720 0.177475
v 0.388150 1.014290 0.175155
v 0.398140 1.027280 0.169855
v 0.397450 1.026860 0.170965
v 0.395050 1.018590 0.180405
v 0.391480 1.016890 0.179815
v 0.393280 1.014910 0.177595
v 0.397020 1.017470 0.178005
v 0.394110 1.027840 0.167245
v 0.393840 1.027070 0.168065
v 0.393670 1.026170 0.168725
v 0.396870 1.026340 0.172195
v 0.389820 1.024170 0.167945
v 0.408030 1.025600 0.151505
v 0.407200 1.024700 0.155205
v 0.402550 1.022200 0.151945
v 0.403550 1.023720 0.148685
v 0.394750 1.014120 0.174225
v 0.399310 1.017450 0.174855
v 0.397940 1.024930 0.175595
v 0.396700 1.021220 0.179265
v 0.401260 1.017910 0.170915
v 0.396830 1.014420 0.169105
v 0.398690 1.015870 0.164505
v 0.402990 1.018910 0.166575
v 0.388800 1.019070 0.162055
v 0.392850 1.015350 0.162255
v 0.403110 1.021070 0.171545
v 0.405130 1.026010 0.166805
v 0.400310 1.029510 0.166105
v 0.395070 1.031080 0.164675
v 0.391180 1.029030 0.162405
v 0.404470 1.020210 0.162625
v 0.400460 1.017800 0.159435
v 0.400970 1.018360 0.157935
v 0.405240 1.021000 0.160405
v 0.406030 1.022640 0.164915
v 0.404690 1.021670 0.167995
v 0.394310 1.017040 0.158165
v 0.389710 1.020690 0.159335
v 0.390330 1.021880 0.157535
v 0.394790 1.017940 0.156395
v 0.390780 1.022960 0.156175
v 0.389510 1.025980 0.159225
v 0.389950 1.027100 0.157945
v 0.409500 1.031610 0.156455
v 0.403490 1.036200 0.156745
v 0.388960 1.024890 0.160675
v 0.405670 1.021680 0.158865
v 0.401310 1.019100 0.156025
v 0.393200 1.035950 0.153195
v 0.397410 1.038080 0.156035
v 0.409740 1.028220 0.153645
v 0.395130 1.018730 0.155045
v 0.391280 1.031260 0.160235
v 0.401230 1.031360 0.163645
v 0.406480 1.027260 0.163515
v 0.395300 1.033550 0.162825
v 0.407330 1.024210 0.161195
v 0.391430 1.024470 0.154265
v 0.406040 1.022690 0.157255
v 0.401690 1.020030 0.154545
v 0.395690 1.020160 0.153295
v 0.391450 1.030040 0.161295
v 0.400830 1.030360 0.164775
v 0.405910 1.026670 0.165065
v 0.395350 1.032070 0.163655
v 0.406870 1.023500 0.162805
v 0.394390 1.020240 0.179635
v 0.390840 1.018910 0.178965
v 0.393650 1.025500 0.169235
v 0.396970 1.025990 0.172155
v 0.387940 1.018130 0.177515
v 0.397090 1.024200 0.175215
v 0.386800 1.018420 0.175485
v 0.387380 1.020520 0.171665
v 0.395530 1.021800 0.178685
v 0.389900 1.023790 0.168055
v 0.390850 1.020620 0.177755
v 0.391520 1.022920 0.174485
v 0.445870 1.021750 0.164365
v 0.457430 1.006100 0.150865
v 0.469830 0.996450 0.134205
v 0.474990 0.991280 0.114005
v 0.481590 1.002930 0.119865
v 0.480080 1.003870 0.125135
v 0.459440 0.994460 0.134295
v 0.453160 0.995130 0.138995
v 0.450510 0.998130 0.134585
v 0.454640 0.996690 0.130495
v 0.480160 0.998370 0.103515
v 0.478490 1.000230 0.107295
v 0.469510 0.984120 0.101475
v 0.472480 0.985150 0.098235
v 0.472220 0.981810 0.101615
v 0.453310 1.024680 0.161265
v 0.450440 1.024290 0.161795
v 0.440470 1.017280 0.154515
v 0.441950 1.013770 0.154345
v 0.441370 1.013060 0.158035
v 0.441320 1.016820 0.160625
v 0.479900 0.996190 0.100095
v 0.478750 0.993640 0.099175
v 0.470730 0.982080 0.104695
v 0.469820 0.983700 0.107025
v 0.468500 0.985310 0.105415
v 0.469560 0.983660 0.103955
v 0.466110 0.987390 0.116805
v 0.464000 0.988780 0.123475
v 0.461490 0.990350 0.120385
v 0.464820 0.987970 0.115095
v 0.445450 1.023400 0.162035
v 0.447590 1.002210 0.139735
v 0.449780 1.001630 0.143285
v 0.472500 1.011110 0.142515
v 0.467480 1.013180 0.145805
v 0.442620 1.011460 0.151725
v 0.443700 1.010720 0.153675
v 0.467200 0.987410 0.109535
v 0.469190 0.987310 0.111215
v 0.442490 1.019400 0.163125
v 0.441580 1.021040 0.160515
v 0.458630 0.993150 0.124895
v 0.463660 0.992370 0.129695
v 0.474390 1.009440 0.137495
v 0.457180 1.022550 0.158005
v 0.476050 0.987900 0.097485
v 0.446810 1.006790 0.148685
v 0.445060 1.008000 0.146045
v 0.475190 1.004730 0.129175
v 0.459450 1.019070 0.154025
v 0.455760 0.995100 0.120855
v 0.459090 0.992910 0.116455
v 0.452360 0.999360 0.126695
v 0.449300 1.001470 0.131515
v 0.446550 1.005400 0.128265
v 0.450550 1.002700 0.123045
v 0.464870 0.987340 0.105955
v 0.467960 0.985370 0.101675
v 0.474370 0.991760 0.095325
v 0.469120 0.986850 0.097105
v 0.467730 0.989400 0.094315
v 0.472190 0.995730 0.092195
v 0.445760 1.004940 0.136945
v 0.462400 0.990330 0.111895
v 0.456740 0.994600 0.112855
v 0.459930 0.990880 0.107575
v 0.442900 1.009270 0.143405
v 0.440290 1.013190 0.148905
v 0.438180 1.015350 0.145855
v 0.439860 1.011500 0.139815
v 0.437140 1.014760 0.136595
v 0.441100 1.011750 0.130605
v 0.443310 1.008050 0.133345
v 0.457210 0.992600 0.103445
v 0.461700 0.988620 0.098175
v 0.463340 0.987580 0.101275
v 0.479070 1.002210 0.115295
v 0.435560 1.018750 0.143785
v 0.431370 1.022490 0.139965
v 0.433800 1.020410 0.132585
v 0.445360 1.009090 0.125055
v 0.448990 1.006680 0.119605
v 0.446490 1.033200 0.149885
v 0.440340 1.030500 0.151645
v 0.442770 1.026280 0.157065
v 0.450480 1.028480 0.155985
v 0.472520 1.005890 0.129855
v 0.453870 0.996840 0.098175
v 0.454390 0.998140 0.108095
v 0.451520 1.003200 0.105025
v 0.438580 1.017350 0.126295
v 0.442780 1.014740 0.121315
v 0.446850 1.011680 0.116435
v 0.472080 1.010690 0.092665
v 0.471390 1.013970 0.097495
v 0.473340 1.010170 0.101785
v 0.474040 1.007440 0.096125
v 0.467980 1.022690 0.131625
v 0.468590 1.017980 0.126475
v 0.466390 1.024840 0.119075
v 0.464970 1.029470 0.124115
v 0.473460 1.001310 0.092725
v 0.471220 1.004910 0.089315
v 0.470370 1.015790 0.120045
v 0.468400 1.021730 0.113505
v 0.471400 1.020260 0.107955
v 0.473410 1.015710 0.114065
v 0.464670 1.015530 0.077975
v 0.459960 1.022090 0.069555
v 0.460700 1.026610 0.073365
v 0.466090 1.019540 0.081775
v 0.471350 1.016980 0.102495
v 0.474050 1.012560 0.107835
v 0.460540 1.033870 0.078545
v 0.465890 1.024910 0.086875
v 0.460450 1.032070 0.129085
v 0.462520 1.024850 0.135895
v 0.450840 1.048080 0.109945
v 0.445020 1.052380 0.114405
v 0.450120 1.043680 0.124055
v 0.455510 1.039870 0.119375
v 0.455980 1.045090 0.105465
v 0.459000 1.041550 0.101165
v 0.454430 1.049780 0.092365
v 0.451220 1.053140 0.096445
v 0.463680 1.034360 0.093385
v 0.461370 1.037830 0.097265
v 0.465340 1.029210 0.105785
v 0.468080 1.026460 0.101205
v 0.436280 1.056890 0.118125
v 0.442690 1.048080 0.128225
v 0.458410 1.027940 0.140715
v 0.459590 1.022220 0.147685
v 0.463920 1.018890 0.141645
v 0.473080 1.008870 0.133595
v 0.456760 1.046180 0.088575
v 0.464770 1.029780 0.089815
v 0.468580 1.022310 0.096895
v 0.460500 1.037030 0.114905
v 0.471810 1.013740 0.131225
v 0.471520 1.011130 0.125335
v 0.454220 1.032740 0.146515
v 0.456300 1.029130 0.150385
v 0.475400 1.005750 0.099255
v 0.475220 1.006450 0.105295
v 0.455430 1.035260 0.133855
v 0.476910 1.007990 0.112465
v 0.449670 1.005480 0.149805
v 0.463210 0.994420 0.135495
v 0.451640 1.002340 0.147095
v 0.454950 1.004380 0.149245
v 0.469690 0.987020 0.117495
v 0.465300 0.992920 0.132485
v 0.467170 0.994120 0.134705
v 0.470900 0.987670 0.112765
v 0.472930 0.987950 0.114785
v 0.249810 1.176990 -0.102435
v 0.253670 1.178400 -0.087705
v 0.303170 1.208870 -0.116465
v 0.297620 1.202650 -0.125405
v 0.309030 1.219570 -0.075595
v 0.310210 1.217660 -0.089185
v 0.291000 1.197210 -0.129775
v 0.261080 1.180890 -0.074205
v 0.268650 1.185900 -0.062305
v 0.283680 1.193000 -0.131955
v 0.274430 1.189350 -0.132275
v 0.258770 1.183060 -0.124745
v 0.254820 1.180480 -0.119975
v 0.304450 1.217070 -0.063315
v 0.295980 1.210750 -0.054715
v 0.251460 1.178640 -0.112985
v 0.308690 1.214200 -0.103625
v 0.286460 1.203110 -0.052695
v 0.303870 1.185430 -0.126185
v 0.297520 1.180650 -0.129055
v 0.261040 1.169150 -0.087285
v 0.267880 1.172240 -0.074405
v 0.270940 1.173350 -0.125245
v 0.266150 1.171230 -0.120075
v 0.312040 1.208270 -0.061915
v 0.317070 1.210370 -0.073335
v 0.303630 1.202520 -0.054195
v 0.261460 1.169470 -0.112965
v 0.319070 1.208050 -0.086885
v 0.319070 1.203790 -0.101015
v 0.294360 1.194680 -0.052495
v 0.258820 1.167990 -0.102205
v 0.314540 1.197560 -0.113745
v 0.309630 1.191050 -0.122005
v 0.275990 1.177450 -0.063325
v 0.288610 1.177290 -0.128885
v 0.281280 1.165390 -0.123645
v 0.275110 1.163700 -0.119555
v 0.317840 1.201970 -0.060295
v 0.323460 1.203700 -0.070655
v 0.309240 1.196630 -0.053375
v 0.269660 1.162570 -0.112275
v 0.326020 1.200960 -0.083995
v 0.326500 1.196260 -0.097925
v 0.300380 1.188360 -0.052035
v 0.266080 1.161800 -0.101185
v 0.322750 1.189240 -0.110175
v 0.266930 1.162950 -0.086255
v 0.318580 1.182110 -0.118215
v 0.313500 1.176130 -0.122975
v 0.273000 1.166250 -0.073475
v 0.281560 1.171350 -0.063645
v 0.307540 1.171170 -0.126715
v 0.298460 1.168260 -0.125815
v 0.283640 1.156530 -0.117415
v 0.278070 1.155600 -0.109905
v 0.332320 1.195000 -0.080415
v 0.332660 1.189790 -0.094285
v 0.305730 1.183220 -0.051115
v 0.314550 1.191200 -0.052085
v 0.273680 1.155590 -0.099135
v 0.330050 1.181970 -0.105625
v 0.272950 1.156800 -0.084545
v 0.326400 1.174410 -0.113485
v 0.329370 1.197990 -0.067315
v 0.321440 1.168280 -0.118825
v 0.278090 1.160460 -0.072185
v 0.286810 1.166050 -0.062835
v 0.315300 1.163290 -0.123915
v 0.307000 1.160140 -0.122945
v 0.290620 1.157230 -0.120445
v 0.323180 1.196550 -0.057855
v 0.301710 1.147450 -0.112825
v 0.294700 1.146640 -0.110085
v 0.328880 1.191320 -0.054595
v 0.335110 1.192820 -0.063925
v 0.320050 1.186730 -0.049105
v 0.288050 1.146750 -0.104175
v 0.338420 1.189430 -0.076505
v 0.339300 1.183050 -0.089255
v 0.310840 1.179160 -0.049055
v 0.282820 1.147550 -0.095185
v 0.337750 1.174780 -0.099485
v 0.280760 1.148860 -0.081685
v 0.334380 1.166840 -0.106625
v 0.329810 1.160020 -0.111815
v 0.284680 1.153380 -0.069945
v 0.292060 1.160730 -0.060375
v 0.324110 1.154210 -0.116925
v 0.316580 1.151160 -0.115745
v 0.304910 1.137210 -0.097555
v 0.298060 1.137400 -0.093445
v 0.347730 1.181540 -0.068835
v 0.349850 1.174000 -0.080165
v 0.315860 1.176590 -0.044315
v 0.326560 1.182430 -0.044845
v 0.292560 1.137890 -0.086225
v 0.348770 1.165470 -0.090415
v 0.289090 1.139500 -0.075785
v 0.345040 1.156880 -0.096775
v 0.343340 1.186020 -0.058295
v 0.340230 1.149710 -0.101505
v 0.290840 1.145920 -0.064285
v 0.296280 1.155680 -0.054685
v 0.334050 1.143760 -0.105115
v 0.326610 1.141550 -0.104195
v 0.311810 1.138120 -0.101165
v 0.336210 1.185420 -0.049705
v 0.308080 1.125450 -0.076765
v 0.302140 1.126910 -0.070635
v 0.362470 1.161990 -0.067915
v 0.361800 1.152630 -0.077105
v 0.296770 1.129770 -0.062545
v 0.357990 1.143820 -0.082515
v 0.353430 1.176430 -0.049695
v 0.359450 1.170530 -0.058335
v 0.352860 1.136930 -0.086925
v 0.297370 1.137990 -0.052345
v 0.302080 1.148490 -0.043335
v 0.345970 1.131980 -0.088935
v 0.338410 1.129040 -0.089705
v 0.322600 1.125260 -0.085475
v 0.314950 1.124740 -0.081555
v 0.344820 1.177680 -0.041995
v 0.334010 1.177770 -0.037555
v 0.323240 1.172170 -0.035645
v 0.316550 1.112970 -0.048185
v 0.311540 1.116130 -0.040375
v 0.376910 1.136670 -0.058135
v 0.373510 1.128600 -0.063925
v 0.366210 1.161750 -0.034095
v 0.372720 1.155300 -0.041275
v 0.368080 1.121840 -0.067895
v 0.311760 1.123660 -0.032355
v 0.315640 1.133970 -0.025495
v 0.359630 1.117780 -0.068825
v 0.352060 1.114260 -0.068675
v 0.336380 1.110170 -0.064745
v 0.329060 1.110000 -0.060485
v 0.356930 1.164200 -0.027675
v 0.346080 1.163790 -0.023205
v 0.322600 1.110630 -0.055735
v 0.376030 1.146850 -0.049625
v 0.335700 1.158200 -0.021205
v 0.382000 1.142310 -0.013535
v 0.388460 1.136900 -0.019945
v 0.388790 1.113530 -0.040535
v 0.384450 1.106240 -0.045475
v 0.331300 1.110340 -0.011365
v 0.334900 1.119400 -0.006045
v 0.375290 1.102730 -0.045715
v 0.367740 1.099850 -0.044885
v 0.331560 1.103630 -0.018595
v 0.352590 1.095210 -0.041165
v 0.345600 1.095610 -0.036875
v 0.372460 1.144850 -0.008505
v 0.362560 1.143800 -0.005405
v 0.339660 1.096910 -0.032245
v 0.391460 1.129930 -0.027455
v 0.353190 1.138750 -0.004105
v 0.334860 1.099750 -0.025375
v 0.391650 1.121370 -0.034575
v 0.395140 1.088490 -0.021925
v 0.386690 1.085210 -0.020545
v 0.401200 1.093340 -0.020285
v 0.351410 1.091330 0.004025
v 0.350960 1.097450 0.010335
v 0.371870 1.079870 -0.015555
v 0.364390 1.080770 -0.012595
v 0.388980 1.124560 0.014055
v 0.397210 1.123290 0.009595
v 0.379500 1.124270 0.017005
v 0.358520 1.083720 -0.007725
v 0.403360 1.119520 0.003505
v 0.406980 1.113670 -0.003845
v 0.370830 1.120100 0.017275
v 0.353410 1.086550 -0.001615
v 0.407260 1.106370 -0.010435
v 0.405040 1.099350 -0.016915
v 0.353940 1.104760 0.014825
v 0.388960 1.068460 0.005185
v 0.381890 1.069240 0.008035
v 0.400840 1.109730 0.030725
v 0.408050 1.107940 0.026355
v 0.392850 1.109360 0.033625
v 0.375860 1.072040 0.012435
v 0.413820 1.104500 0.020915
v 0.417240 1.100340 0.015275
v 0.385510 1.105850 0.035415
v 0.371170 1.075710 0.017675
v 0.418350 1.095310 0.010095
v 0.368890 1.080960 0.023485
v 0.417600 1.089930 0.005545
v 0.415220 1.084350 0.002375
v 0.368780 1.086770 0.028825
v 0.371570 1.093250 0.032875
v 0.411740 1.078390 0.001455
v 0.404650 1.073760 0.001555
v 0.395570 1.059720 0.024435
v 0.389910 1.062680 0.029055
v 0.421330 1.092620 0.036685
v 0.424860 1.089500 0.031845
v 0.397670 1.094920 0.050815
v 0.403830 1.097260 0.048145
v 0.385620 1.067010 0.034395
v 0.426900 1.085650 0.027195
v 0.383700 1.072730 0.040045
v 0.427450 1.081320 0.023215
v 0.416460 1.095270 0.041225
v 0.426150 1.076430 0.020175
v 0.383840 1.078350 0.044715
v 0.386040 1.084070 0.048585
v 0.422630 1.070950 0.018295
v 0.417880 1.065320 0.018425
v 0.402270 1.059080 0.021305
v 0.410410 1.097180 0.045205
v 0.399920 1.056080 0.041925
v 0.396820 1.061460 0.047415
v 0.430460 1.080990 0.044245
v 0.432910 1.077650 0.039985
v 0.395720 1.067590 0.052555
v 0.434180 1.073860 0.036355
v 0.422610 1.085790 0.052785
v 0.427100 1.083440 0.048615
v 0.433680 1.069400 0.033445
v 0.395810 1.072910 0.056445
v 0.397400 1.077680 0.060005
v 0.430880 1.064240 0.031385
v 0.426710 1.058910 0.030945
v 0.411430 1.051390 0.033755
v 0.404800 1.052380 0.037095
v 0.417720 1.087380 0.056465
v 0.412310 1.087690 0.059495
v 0.406470 1.086120 0.062355
v 0.403880 1.057270 0.056525
v 0.403200 1.062960 0.061215
v 0.437900 1.069830 0.049875
v 0.439060 1.066140 0.046505
v 0.428680 1.078510 0.062105
v 0.432230 1.076290 0.058345
v 0.438740 1.062180 0.043745
v 0.403650 1.067880 0.064625
v 0.405560 1.072080 0.067835
v 0.436730 1.057690 0.041405
v 0.433700 1.053120 0.040455
v 0.418010 1.046100 0.042595
v 0.411080 1.047630 0.046005
v 0.424280 1.080350 0.065755
v 0.419330 1.080920 0.068815
v 0.406430 1.051740 0.051015
v 0.435490 1.073400 0.054015
v 0.414510 1.079620 0.071305
v 0.433790 1.073100 0.069375
v 0.437000 1.070370 0.065705
v 0.442760 1.059560 0.054425
v 0.442650 1.055910 0.051555
v 0.409920 1.067850 0.073855
v 0.408090 1.063800 0.070665
v 0.410680 1.061180 0.075525
v 0.412890 1.064820 0.079205
v 0.439070 1.048540 0.046445
v 0.441220 1.051970 0.048645
v 0.444970 1.046640 0.054345
v 0.442370 1.043480 0.051305
v 0.407210 1.059530 0.067395
v 0.409730 1.057420 0.071495
v 0.421620 1.041750 0.047725
v 0.414480 1.044320 0.051515
v 0.429720 1.075040 0.072855
v 0.424580 1.075780 0.075855
v 0.428470 1.072480 0.082245
v 0.433930 1.071210 0.078995
v 0.409960 1.048940 0.056945
v 0.439720 1.067040 0.061635
v 0.418860 1.074610 0.077765
v 0.422300 1.072290 0.084245
v 0.407620 1.054590 0.062775
v 0.441730 1.063260 0.057715
v 0.474580 1.013010 0.117805
v 0.469440 1.020230 0.133975
v 0.477330 1.008990 0.120455
v 0.474960 1.008250 0.124045
v 0.471030 1.017090 0.137345
v 0.467980 1.016470 0.141375
v 0.477210 1.002660 0.100855
v 0.477830 0.999250 0.099245
v 0.461710 1.013660 0.146385
v 0.459160 1.016520 0.150935
v 0.476990 1.003380 0.104085
v 0.477770 1.000370 0.110075
v 0.479090 1.007080 0.118115
v 0.475810 0.998920 0.095975
v 0.451570 1.003230 0.114085
v 0.449700 1.008260 0.111115
v 0.431970 1.069450 0.088975
v 0.425270 1.069600 0.090845
v 0.437710 1.067550 0.085485
v 0.393190 1.033760 0.147705
v 0.394120 1.030270 0.145705
v 0.411420 1.029810 0.149605
v 0.411110 1.033350 0.152405
v 0.398000 1.026840 0.143705
v 0.405110 1.025490 0.144535
v 0.409590 1.027160 0.147545
v 0.405010 1.038850 0.153415
v 0.398710 1.039820 0.152715
v 0.394250 1.037550 0.150225
v 0.400260 1.041650 0.148865
v 0.395600 1.039010 0.146275
v 0.394490 1.035210 0.144045
v 0.395120 1.031710 0.142355
v 0.398440 1.028180 0.140815
v 0.412870 1.031000 0.146115
v 0.412740 1.034480 0.148945
v 0.406040 1.026540 0.141935
v 0.410830 1.028370 0.144485
v 0.407030 1.040250 0.149945
v 0.408670 1.041880 0.146935
v 0.401380 1.043790 0.144965
v 0.414380 1.035370 0.146115
v 0.396550 1.040210 0.142335
v 0.395370 1.036490 0.140625
v 0.395660 1.032790 0.139425
v 0.399020 1.028990 0.138875
v 0.414380 1.031950 0.143575
v 0.406950 1.027230 0.140145
v 0.412020 1.029220 0.142235
v 0.400120 1.029630 0.136615
v 0.407830 1.027790 0.138325
v 0.413040 1.029720 0.140115
v 0.416020 1.032520 0.141415
v 0.410510 1.043540 0.144115
v 0.402430 1.046200 0.140955
v 0.416250 1.036090 0.143705
v 0.397610 1.042070 0.138655
v 0.396210 1.037830 0.137415
v 0.396700 1.033660 0.136695
v 0.398100 1.034240 0.133245
v 0.400710 1.030280 0.134715
v 0.418200 1.032790 0.139415
v 0.418780 1.037580 0.141755
v 0.397030 1.039130 0.133105
v 0.409140 1.028470 0.136125
v 0.414880 1.030260 0.137815
v 0.412820 1.045400 0.141135
v 0.404410 1.049080 0.137335
v 0.398510 1.044490 0.134215
v 0.404380 1.051880 0.132075
v 0.399370 1.047900 0.128595
v 0.398830 1.040450 0.127045
v 0.400610 1.033990 0.127585
v 0.406500 1.029760 0.129665
v 0.422500 1.033490 0.138985
v 0.423640 1.039340 0.139985
v 0.413280 1.029390 0.133035
v 0.418420 1.030530 0.135895
v 0.414790 1.048140 0.137795
v 0.400530 1.041240 0.119415
v 0.399740 1.050410 0.121555
v 0.403200 1.033460 0.120525
v 0.425260 1.025010 0.127125
v 0.414450 1.028340 0.117315
v 0.418240 1.027440 0.110415
v 0.430140 1.022600 0.119505
v 0.406450 1.032840 0.111555
v 0.410090 1.033330 0.103545
v 0.403500 1.040460 0.109525
v 0.407450 1.039750 0.100045
v 0.422840 1.026830 0.104375
v 0.435270 1.021580 0.113835
v 0.427610 1.025800 0.099115
v 0.440010 1.020390 0.108915
v 0.432470 1.024210 0.094085
v 0.442950 1.016750 0.103715
v 0.409610 1.059690 0.117515
v 0.424020 1.060910 0.119205
v 0.420350 1.064630 0.108725
v 0.411660 1.061300 0.106505
v 0.435610 1.017820 0.088765
v 0.445080 1.011190 0.097645
v 0.441160 1.009910 0.083615
v 0.448140 1.003960 0.090835
v 0.450140 1.002100 0.078995
v 0.434510 1.015740 0.076295
v 0.442780 1.009690 0.074625
v 0.454560 0.997580 0.083825
v 0.428390 1.025950 0.137535
v 0.410090 1.029760 0.124065
v 0.453410 0.998790 0.117465
v 0.459880 1.037900 0.081635
v 0.456900 1.026050 0.154105
v 0.458820 1.022480 0.152155
v 0.453680 1.026680 0.157025
v 0.473090 1.013480 0.135785
v 0.417520 1.028620 0.129635
v 0.469930 1.014150 0.088425
v 0.469270 1.018280 0.092795
v 0.446400 1.056350 0.100835
v 0.440280 1.059910 0.105065
v 0.458760 1.042170 0.084955
v 0.431420 1.063490 0.108585
v 0.462940 1.032840 0.110345
v 0.459910 0.991540 0.092565
v 0.465940 0.993070 0.089415
v 0.427710 1.023500 0.079775
v 0.423260 1.030260 0.084665
v 0.423420 1.028460 0.134745
v 0.427520 1.031860 0.141745
v 0.428930 1.038790 0.140685
v 0.419510 1.051030 0.133675
v 0.406260 1.055860 0.125685
v 0.460350 1.009320 0.076255
v 0.455240 1.004380 0.076625
v 0.445810 1.011630 0.068715
v 0.447290 1.018730 0.064505
v 0.465180 1.004590 0.082355
v 0.460930 1.000050 0.081445
v 0.469530 0.999430 0.088635
v 0.401440 1.051410 0.111405
v 0.405860 1.050200 0.098745
v 0.441670 1.062690 0.092735
v 0.446240 1.059640 0.088525
v 0.442080 1.064800 0.081505
v 0.449470 1.056370 0.084545
v 0.445200 1.061640 0.077735
v 0.451860 1.052760 0.080835
v 0.447540 1.058010 0.074075
v 0.453680 1.048800 0.077235
v 0.449330 1.054020 0.070435
v 0.454760 1.044650 0.073725
v 0.450410 1.049860 0.067035
v 0.413900 1.071880 0.076565
v 0.409550 1.076120 0.070475
v 0.401310 1.082400 0.062395
v 0.378050 1.100580 0.035015
v 0.391160 1.090140 0.050785
v 0.047590 1.373330 -0.051695
v 0.036100 1.386070 -0.050845
v 0.030110 1.400010 -0.048565
v 0.025020 1.415190 -0.048545
v 0.022890 1.428740 -0.045495
v 0.024980 1.439220 -0.037605
v 0.030360 1.446830 -0.025805
v 0.034880 1.448880 -0.016325
v 0.037700 1.450140 -0.009735
v 0.040250 1.451190 -0.004345
v 0.041090 1.453150 0.000365
v 0.040490 1.455620 0.004535
v 0.039920 1.457810 0.008775
v 0.006480 1.511160 0.055895
v 0.027950 1.473230 0.030365
v 0.028940 1.472020 0.029645
v 0.026140 1.475080 0.031505
v 0.024960 1.476320 0.031775
v 0.025620 1.475670 0.031685
v 0.024540 1.476760 0.031975
v 0.024150 1.477100 0.032135
v 0.023880 1.477360 0.031795
v 0.023670 1.477570 0.030985
v 0.023770 1.477750 0.029455
v 0.024450 1.477810 0.027295
v 0.024270 1.477110 0.025885
v 0.024480 1.476010 0.024905
v 0.024720 1.475360 0.023925
v 0.025520 1.474330 0.021675
v 0.027840 1.473920 0.016725
v 0.029940 1.474160 0.006415
v 0.032970 1.474940 -0.009055
v 0.031580 1.475110 -0.028535
v 0.026170 1.475220 -0.050015
v 0.018920 1.475800 -0.053295
v 0.019750 1.482660 -0.053495
v 0.028900 1.490770 -0.045865
v 0.032340 1.497840 -0.028325
v 0.032350 1.501200 -0.008225
v 0.028100 1.498150 0.009375
v 0.025940 1.493860 0.019895
v 0.023660 1.489480 0.025045
v 0.022860 1.485980 0.026845
v 0.022740 1.483090 0.027535
v 0.022820 1.480320 0.027965
v 0.023040 1.478930 0.029605
v 0.023150 1.478310 0.031125
v 0.023510 1.477960 0.032175
v 0.023990 1.477880 0.032665
v 0.024430 1.477920 0.032765
v 0.024900 1.477950 0.032655
v 0.025750 1.478120 0.032555
v 0.026520 1.478240 0.032235
v 0.027150 1.478740 0.032065
v 0.028630 1.479490 0.031455
v 0.029970 1.480120 0.030785
v 0.009490 1.511110 0.053245
v 0.012160 1.510790 0.050555
v 0.065010 1.364450 -0.047435
v 0.092800 1.364540 -0.034865
v 0.118520 1.361960 -0.028865
v 0.141880 1.357020 -0.028585
v 0.160210 1.346680 -0.031295
v 0.173920 1.333550 -0.037095
v 0.182580 1.322180 -0.042745
v 0.187720 1.312490 -0.047865
v 0.192000 1.305040 -0.051725
v 0.196230 1.298450 -0.053945
v 0.203240 1.288860 -0.054015
v 0.214810 1.274620 -0.054585
v 0.229440 1.256650 -0.054655
v 0.242960 1.237280 -0.054525
v 0.257850 1.218350 -0.052775
v 0.267820 1.205240 -0.053815
v 0.277260 1.194240 -0.054965
v 0.454930 1.041100 0.069735
v 0.450470 1.045700 0.063655
v 0.453560 1.034960 0.064815
v 0.449110 1.040960 0.059545
v 0.008840 1.508540 0.053715
v 0.011450 1.508630 0.051075
v 0.014660 1.510050 0.046715
v 0.016190 1.508660 0.043515
v 0.028150 1.483200 0.032665
v 0.017130 1.507090 0.040935
v 0.063130 1.545160 0.000425
v 0.064720 1.544960 -0.004195
v 0.063020 1.552170 -0.000945
v 0.061430 1.551380 0.003235
v 0.060540 1.559160 0.004455
v 0.059060 1.557450 0.007925
v 0.057140 1.565510 0.011365
v 0.055620 1.563050 0.013975
v 0.050160 1.568180 0.020295
v 0.051480 1.571380 0.018505
v 0.043840 1.575750 0.025525
v 0.042840 1.572100 0.026595
v 0.034620 1.578900 0.031585
v 0.034150 1.574810 0.032155
v 0.025050 1.581140 0.036475
v 0.024740 1.576470 0.037005
v 0.015460 1.582290 0.040325
v 0.015290 1.577260 0.040665
v 0.006100 1.582540 0.042175
v 0.006250 1.577330 0.042675
v 0.435610 1.065410 0.096545
v 0.446850 1.037400 0.055525
v 0.416750 1.068870 0.082485
v 0.116040 1.301860 -0.162755
v 0.096820 1.299280 -0.168575
v 0.076550 1.298660 -0.169735
v 0.055450 1.296850 -0.159515
v 0.037600 1.295520 -0.162135
v 0.018940 1.294220 -0.160645
v 0.156090 1.294830 -0.147375
v 0.145760 1.299440 -0.151755
v 0.165220 1.288080 -0.143775
v 0.173390 1.281910 -0.140755
v 0.182280 1.274560 -0.137685
v 0.193540 1.261290 -0.137585
v 0.132670 1.301520 -0.157025
v 0.208140 1.244020 -0.135185
v 0.223090 1.225670 -0.133395
v 0.238840 1.210650 -0.132015
v 0.252330 1.197320 -0.129945
v 0.265340 1.186430 -0.128965
v 0.277830 1.175870 -0.128395
v 0.288460 1.167220 -0.125295
v 0.298130 1.158540 -0.122105
v 0.308470 1.149450 -0.115105
v 0.318990 1.139550 -0.103685
v 0.331210 1.126400 -0.088625
v 0.344520 1.111140 -0.067335
v 0.360410 1.096400 -0.043365
v 0.378870 1.081280 -0.018495
v 0.396780 1.070120 0.002985
v 0.410250 1.061290 0.019355
v 0.419940 1.054060 0.031975
v 0.427160 1.048550 0.041075
v 0.431490 1.044370 0.046275
v 0.437320 1.034590 0.053725
v 0.434250 1.039850 0.050485
v 0.437870 1.019850 0.152225
v 0.434920 1.025630 0.150815
v 0.439290 1.023670 0.155765
v 0.436320 1.021350 0.149315
v 0.434220 1.037010 0.143815
v 0.431600 1.029320 0.146455
v 0.424130 1.052330 0.131245
v 0.449680 1.038780 0.139105
v 0.432930 1.050920 0.130055
v 0.450970 1.031520 0.059775
v 0.440820 1.030060 0.057325
v 0.441620 1.039440 0.142765
v 0.430010 1.025510 0.064945
v 0.429410 1.033760 0.058895
v 0.423360 1.033370 0.069445
v 0.421960 1.038480 0.063605
v 0.418900 1.038770 0.075185
v 0.417430 1.042800 0.069445
v 0.415280 1.042980 0.080925
v 0.414810 1.047570 0.075285
v 0.411620 1.044820 0.087275
v 0.413760 1.051310 0.080925
v 0.411710 1.055180 0.089115
v 0.414200 1.061850 0.096195
v 0.419320 1.066870 0.099085
v 0.431670 1.020270 0.069715
v 0.424140 1.029240 0.073605
v 0.419060 1.032730 0.089975
v 0.414300 1.033670 0.096135
v 0.419560 1.035580 0.079155
v 0.415950 1.038360 0.084625
v 0.411470 1.039290 0.090905
v 0.427900 1.067020 0.099025
v 0.468650 1.009350 0.084785
v 0.344290 1.131030 -0.003935
v 0.362850 1.115090 0.016805
v 0.325530 1.147410 -0.022215
v 0.311400 1.161270 -0.038195
v 0.305090 1.166520 -0.048235
v 0.300880 1.170110 -0.053665
v 0.296250 1.174240 -0.055825
v 0.291080 1.179220 -0.056095
v 0.285120 1.185580 -0.055585
v 0.418850 1.067000 0.089835
v 0.415390 1.062570 0.086645
v 0.413280 1.057910 0.081495
v 0.412170 1.054790 0.075695
v 0.412650 1.050330 0.070985
v 0.415140 1.045290 0.065245
v 0.419520 1.040820 0.059405
v 0.427300 1.037290 0.054895
v 0.424690 1.039460 0.051515
v 0.438130 1.068840 0.075315
v 0.441190 1.065840 0.071695
v 0.446410 1.054500 0.060845
v 0.446390 1.050710 0.057785
v 0.417100 1.042610 0.055605
v 0.412540 1.047320 0.061145
v 0.443580 1.062290 0.067935
v 0.410160 1.052770 0.066885
v 0.445380 1.058370 0.064185
v 0.049530 1.224910 -0.151475
v 0.035420 1.224760 -0.153005
v 0.125200 1.219640 -0.125865
v 0.112130 1.221360 -0.135805
v 0.063880 1.225030 -0.149565
v 0.133730 1.211280 -0.054915
v 0.137700 1.213240 -0.099875
v 0.133530 1.216380 -0.114335
v 0.137870 1.210730 -0.079175
v 0.079340 1.224620 -0.147885
v 0.019910 1.224230 -0.150655
v 0.096280 1.223140 -0.144965
v 0.034090 1.206220 -0.149855
v 0.017530 1.206360 -0.146095
v 0.130970 1.192910 -0.051995
v 0.133060 1.190410 -0.074465
v 0.090530 1.204620 -0.136615
v 0.075510 1.206270 -0.142085
v 0.118930 1.200120 -0.119775
v 0.106600 1.201990 -0.129235
v 0.060920 1.206400 -0.144885
v 0.126330 1.196390 -0.108595
v 0.047930 1.206130 -0.148815
v 0.130890 1.193250 -0.093815
v 0.126820 1.203080 -0.031735
v 0.127590 1.169000 -0.068985
v 0.124760 1.171420 -0.088015
v 0.032120 1.186340 -0.144985
v 0.016960 1.186010 -0.142225
v 0.127880 1.171110 -0.048105
v 0.085460 1.182200 -0.131015
v 0.071530 1.184340 -0.136355
v 0.112340 1.176600 -0.114455
v 0.100210 1.178940 -0.123535
v 0.058250 1.184760 -0.140895
v 0.120390 1.173900 -0.103665
v 0.045960 1.184940 -0.144845
v 0.124250 1.181430 -0.028405
v 0.123350 1.146750 -0.062175
v 0.118440 1.147260 -0.079775
v 0.029460 1.161280 -0.137725
v 0.015600 1.162640 -0.137675
v 0.124710 1.149260 -0.043445
v 0.079590 1.156800 -0.126885
v 0.066810 1.158960 -0.131735
v 0.105400 1.151820 -0.108385
v 0.093220 1.153920 -0.118845
v 0.054800 1.160110 -0.135655
v 0.112410 1.149690 -0.092945
v 0.043250 1.160950 -0.138695
v 0.121300 1.156420 -0.024585
v 0.117070 1.123450 -0.057035
v 0.113440 1.124040 -0.073335
v 0.028990 1.136780 -0.133415
v 0.016250 1.135930 -0.131935
v 0.122460 1.126070 -0.038125
v 0.075010 1.133320 -0.123285
v 0.063050 1.134550 -0.127385
v 0.098700 1.127950 -0.099825
v 0.087840 1.130850 -0.115035
v 0.051970 1.135540 -0.130475
v 0.106960 1.125880 -0.087065
v 0.040810 1.136660 -0.132185
v 0.120120 1.132060 -0.019915
v 0.117050 1.102210 -0.055255
v 0.111070 1.101710 -0.070475
v 0.027920 1.113680 -0.129175
v 0.015790 1.112420 -0.128815
v 0.120340 1.103670 -0.036415
v 0.073610 1.110770 -0.118335
v 0.062080 1.112710 -0.124215
v 0.095210 1.105630 -0.095845
v 0.084690 1.107910 -0.107785
v 0.051150 1.113920 -0.128265
v 0.104730 1.103480 -0.084145
v 0.039640 1.114000 -0.129345
v 0.119230 1.107300 -0.018435
v 0.120700 1.083790 -0.020245
v 0.120770 1.082520 -0.038365
v 0.118710 1.082180 -0.057555
v 0.111990 1.081610 -0.071645
v 0.028130 1.092390 -0.128485
v 0.016370 1.091890 -0.129025
v 0.072950 1.089620 -0.115345
v 0.061420 1.091940 -0.122005
v 0.093120 1.084940 -0.092965
v 0.083750 1.087420 -0.104555
v 0.050210 1.093300 -0.125775
v 0.103520 1.083080 -0.082865
v 0.039340 1.093570 -0.127955
v 0.039990 1.075350 -0.128785
v 0.029380 1.074090 -0.129805
v 0.121640 1.066660 -0.024535
v 0.123110 1.066590 -0.042325
v 0.119850 1.065410 -0.061025
v 0.115180 1.065540 -0.075465
v 0.017250 1.072660 -0.129715
v 0.072970 1.071350 -0.112385
v 0.061860 1.073870 -0.121495
v 0.096320 1.068140 -0.095115
v 0.084090 1.069830 -0.103645
v 0.050750 1.075230 -0.126425
v 0.106450 1.066730 -0.085735
v 0.109430 1.054500 -0.089265
v 0.117650 1.054260 -0.078825
v 0.121650 1.043050 -0.081255
v 0.113280 1.043210 -0.093145
v 0.041040 1.060380 -0.130215
v 0.029230 1.058920 -0.133265
v 0.125640 1.053310 -0.045335
v 0.123670 1.052770 -0.027645
v 0.126340 1.040340 -0.030075
v 0.129460 1.041570 -0.048045
v 0.123640 1.053940 -0.063405
v 0.127420 1.042570 -0.066405
v 0.016860 1.056990 -0.134235
v 0.075200 1.057660 -0.114065
v 0.063240 1.059860 -0.121375
v 0.051770 1.060770 -0.126715
v 0.126850 1.030560 -0.084875
v 0.116630 1.030580 -0.096825
v 0.030100 1.047030 -0.135645
v 0.041860 1.047750 -0.132655
v 0.042050 1.034960 -0.135725
v 0.029990 1.035180 -0.139425
v 0.130400 1.027600 -0.031365
v 0.134250 1.028900 -0.050275
v 0.131520 1.030150 -0.069625
v 0.016690 1.046290 -0.137405
v 0.016240 1.035310 -0.140375
v 0.065290 1.046770 -0.123505
v 0.077970 1.045460 -0.117755
v 0.080600 1.032590 -0.122955
v 0.067060 1.033790 -0.128535
v 0.053290 1.047990 -0.129735
v 0.054260 1.034640 -0.132645
v 0.118870 1.209490 -0.015375
v 0.117320 1.188970 -0.013335
v 0.115720 1.084120 -0.004025
v 0.102840 1.084210 0.009025
v 0.105710 1.065480 0.006065
v 0.119640 1.067180 -0.007405
v 0.111910 1.109960 -0.002565
v 0.101940 1.111730 0.011315
v 0.111990 1.137090 -0.003765
v 0.028350 1.056360 0.037255
v 0.013240 1.057550 0.038445
v 0.011870 1.037630 0.035755
v 0.028230 1.036410 0.034375
v 0.102250 1.140470 0.011365
v 0.069470 1.145050 0.040125
v 0.089870 1.140100 0.026345
v 0.048270 1.054620 0.033225
v 0.047520 1.034860 0.030645
v 0.115130 1.165100 -0.007745
v 0.029880 1.106970 0.047225
v 0.013500 1.110530 0.048795
v 0.013180 1.085040 0.043785
v 0.029480 1.081850 0.042445
v 0.068010 1.119810 0.037185
v 0.087400 1.114170 0.024545
v 0.047830 1.100990 0.043035
v 0.047980 1.078030 0.037825
v 0.029380 1.133030 0.051435
v 0.013340 1.136540 0.052075
v 0.047470 1.127480 0.047925
v 0.068970 1.090220 0.035805
v 0.087400 1.084630 0.022125
v 0.046420 1.152630 0.048315
v 0.030130 1.158060 0.050115
v 0.014870 1.161600 0.050055
v 0.068260 1.070750 0.030065
v 0.088980 1.065570 0.019035
v 0.090270 1.051080 0.017455
v 0.068260 1.052800 0.026995
v 0.069370 1.035700 0.023975
v 0.091790 1.036700 0.014935
v 0.109670 1.038260 0.003005
v 0.108300 1.051920 0.004615
v 0.121260 1.052980 -0.010065
v 0.122500 1.039830 -0.011985
v 0.100230 1.055100 -0.099005
v 0.088450 1.056320 -0.107185
v 0.009950 1.019220 0.032515
v 0.005870 1.013760 0.029405
v 0.014180 1.002100 0.031635
v 0.008950 1.001340 0.029855
v 0.011860 0.982440 0.035295
v 0.007580 0.989110 0.030625
v 0.003470 1.008420 0.031395
v 0.005340 1.000810 0.030495
v 0.004530 0.993460 0.029745
v 0.049420 1.018670 0.028385
v 0.070260 1.019310 0.021335
v 0.092110 1.021260 0.012805
v 0.111680 1.023880 0.001805
v 0.125560 1.026160 -0.012675
v 0.028990 1.020640 0.032785
v 0.072110 1.002410 0.019755
v 0.093880 1.004670 0.011285
v 0.114300 1.007970 0.000745
v 0.134170 1.016750 -0.090905
v 0.124490 1.017200 -0.107195
v 0.129750 1.011020 -0.013385
v 0.138770 1.016410 -0.072695
v 0.050930 1.000430 0.026765
v 0.136270 1.013220 -0.032525
v 0.141110 1.014900 -0.052315
v 0.031070 1.000280 0.030815
v 0.103660 1.043320 -0.102665
v 0.091200 1.044160 -0.110915
v 0.135160 0.993040 -0.014925
v 0.142350 0.995600 -0.034185
v 0.097170 0.985050 0.009815
v 0.119180 0.989380 -0.000645
v 0.148560 0.998000 -0.054215
v 0.147340 1.000180 -0.076125
v 0.032840 0.977270 0.032145
v 0.052870 0.978190 0.026335
v 0.074290 0.981780 0.018695
v 0.141550 0.999950 -0.097475
v 0.132810 1.000400 -0.116975
v 0.118720 0.999490 -0.129015
v 0.112410 1.016490 -0.116535
v 0.106590 1.030190 -0.106105
v 0.094140 1.031350 -0.116235
v 0.028900 1.019700 -0.143715
v 0.015330 1.020910 -0.143795
v 0.083160 1.018040 -0.130145
v 0.068600 1.019280 -0.136095
v 0.041860 1.020150 -0.140655
v 0.054410 1.019640 -0.137805
v 0.069570 1.000630 -0.146955
v 0.054000 1.000590 -0.147555
v 0.027670 1.001000 -0.150405
v 0.013930 1.001200 -0.149445
v 0.086000 1.000100 -0.143095
v 0.040540 1.000610 -0.148895
v 0.012910 0.974580 -0.161205
v 0.025250 0.976180 -0.160945
v 0.098340 1.017210 -0.124505
v 0.102730 0.999240 -0.136975
v 0.037880 0.976700 -0.160745
v 0.011530 0.953340 -0.170355
v 0.010400 0.929980 -0.179675
v 0.068900 0.955260 -0.177345
v 0.089020 0.955130 -0.175015
v 0.090010 0.930820 -0.189865
v 0.067640 0.931550 -0.191565
v 0.050240 0.954530 -0.174255
v 0.048100 0.931300 -0.189425
v 0.035070 0.954310 -0.173095
v 0.032330 0.930570 -0.184595
v 0.022920 0.953700 -0.171865
v 0.020010 0.929990 -0.181535
v 0.106400 0.976660 -0.151085
v 0.123930 0.977710 -0.142615
v 0.126690 0.955150 -0.154035
v 0.108040 0.954380 -0.164765
v 0.007670 0.903630 -0.186305
v 0.128130 0.930250 -0.164765
v 0.109250 0.930350 -0.179695
v 0.015590 0.903870 -0.188405
v 0.067060 0.904440 -0.202965
v 0.089250 0.903700 -0.201575
v 0.088620 0.876050 -0.209475
v 0.066240 0.876800 -0.211505
v 0.043670 0.905210 -0.199775
v 0.040890 0.875970 -0.206185
v 0.027630 0.904880 -0.193775
v 0.025270 0.875300 -0.201655
v 0.013250 0.874510 -0.194195
v 0.006810 0.873820 -0.187885
v 0.086190 0.851580 -0.206685
v 0.061550 0.852510 -0.209895
v 0.039170 0.852450 -0.206605
v 0.110660 0.903280 -0.192565
v 0.129260 0.902660 -0.175075
v 0.130590 0.874850 -0.179815
v 0.110560 0.875290 -0.198085
v 0.023850 0.851660 -0.202185
v 0.012310 0.850980 -0.193645
v 0.006450 0.851090 -0.185395
v 0.006430 0.825090 -0.177505
v 0.084550 0.828440 -0.203425
v 0.059640 0.829000 -0.204975
v 0.038020 0.828550 -0.202135
v 0.131590 0.850100 -0.180735
v 0.109840 0.850450 -0.197965
v 0.022680 0.827000 -0.196785
v 0.012490 0.825680 -0.185555
v 0.006260 0.801680 -0.159705
v 0.082190 0.805740 -0.197205
v 0.056830 0.804220 -0.194855
v 0.037740 0.805760 -0.191085
v 0.132580 0.827800 -0.178335
v 0.109200 0.827670 -0.194045
v 0.022100 0.803170 -0.181965
v 0.012040 0.802520 -0.170245
v 0.055090 0.770910 -0.170955
v 0.035280 0.777660 -0.167295
v 0.134820 0.807870 -0.173495
v 0.109260 0.806650 -0.188375
v 0.021980 0.779930 -0.163955
v 0.013440 0.783120 -0.146795
v 0.006530 0.783590 -0.136335
v 0.082000 0.780160 -0.183905
v 0.090060 0.759100 -0.174855
v 0.067790 0.749500 -0.164785
v 0.139530 0.790130 -0.166525
v 0.112500 0.786140 -0.179405
v 0.021950 0.766680 -0.139395
v 0.015610 0.772840 -0.127945
v 0.008160 0.775750 -0.120005
v 0.149730 0.978960 -0.102845
v 0.156750 0.979190 -0.079435
v 0.163390 0.956050 -0.083395
v 0.154020 0.955630 -0.108215
v 0.150960 0.975070 -0.036105
v 0.138070 0.971410 -0.018115
v 0.147340 0.948560 -0.019615
v 0.159440 0.952090 -0.038055
v 0.157750 0.977270 -0.056555
v 0.164100 0.954230 -0.059805
v 0.137550 0.978140 -0.125915
v 0.141140 0.955210 -0.132805
v 0.155750 0.931160 -0.113955
v 0.142130 0.929910 -0.139315
v 0.166310 0.930580 -0.087865
v 0.150650 0.924070 -0.021075
v 0.163620 0.927410 -0.040695
v 0.167350 0.929470 -0.063655
v 0.016710 0.849530 0.019795
v 0.018150 0.880250 0.027225
v 0.035350 0.856280 0.019195
v 0.037410 0.886650 0.025455
v 0.143740 0.903200 -0.146505
v 0.158120 0.903300 -0.119765
v 0.161230 0.875870 -0.123865
v 0.147150 0.875770 -0.152255
v 0.169060 0.903500 -0.092675
v 0.170430 0.875170 -0.095735
v 0.165200 0.900780 -0.042485
v 0.153610 0.897840 -0.020785
v 0.155710 0.869540 -0.020365
v 0.167230 0.872450 -0.042985
v 0.169640 0.903000 -0.067685
v 0.171570 0.874140 -0.069165
v 0.164040 0.850700 -0.125075
v 0.149750 0.851130 -0.153705
v 0.172750 0.848960 -0.095825
v 0.158440 0.842560 -0.017865
v 0.170730 0.846520 -0.041005
v 0.174160 0.847620 -0.068105
v 0.166480 0.828330 -0.123045
v 0.152460 0.829070 -0.152185
v 0.174720 0.826910 -0.093475
v 0.160910 0.822370 -0.015245
v 0.173820 0.826080 -0.037415
v 0.177010 0.826610 -0.064985
v 0.170720 0.809340 -0.118915
v 0.156690 0.809820 -0.148075
v 0.178140 0.808770 -0.089805
v 0.164190 0.806190 -0.013035
v 0.176630 0.808850 -0.033915
v 0.180990 0.809240 -0.061415
v 0.174700 0.793280 -0.114965
v 0.161190 0.793230 -0.143125
v 0.181940 0.792750 -0.086545
v 0.083560 0.778950 0.001865
v 0.055730 0.773730 -0.008375
v 0.062140 0.754970 -0.008385
v 0.089250 0.761950 0.001175
v 0.184930 0.792750 -0.058725
v 0.167270 0.790300 -0.011535
v 0.148010 0.787810 0.000315
v 0.152190 0.772510 0.000705
v 0.170670 0.775530 -0.010375
v 0.056160 0.865520 0.014355
v 0.057540 0.894570 0.019025
v 0.078550 0.875380 0.008425
v 0.078630 0.903440 0.012455
v 0.037170 0.917610 0.029175
v 0.017610 0.913160 0.032055
v 0.098540 0.962280 0.007975
v 0.076370 0.956300 0.016955
v 0.077710 0.930500 0.014305
v 0.100490 0.937330 0.005515
v 0.055310 0.951130 0.025175
v 0.056990 0.923610 0.023375
v 0.035410 0.947270 0.031725
v 0.121670 0.967190 -0.003105
v 0.125160 0.943510 -0.005345
v 0.102900 0.911640 0.003925
v 0.129990 0.919990 -0.005245
v 0.105480 0.884950 0.004125
v 0.134170 0.892770 -0.004065
v 0.107960 0.858270 0.005145
v 0.135430 0.865040 -0.003945
v 0.052770 0.838650 0.006165
v 0.079330 0.849590 0.007495
v 0.015030 0.824720 0.011185
v 0.030960 0.829060 0.009455
v 0.109380 0.833180 0.006015
v 0.137620 0.838480 -0.002245
v 0.049080 0.818550 -0.001095
v 0.078610 0.827090 0.005735
v 0.013510 0.805690 0.001425
v 0.026400 0.809890 0.001115
v 0.109790 0.814600 0.005575
v 0.140400 0.819170 -0.001105
v 0.040620 0.802220 -0.005915
v 0.076510 0.809410 0.003825
v 0.011780 0.793910 -0.007305
v 0.023250 0.797610 -0.007115
v 0.111910 0.799020 0.004885
v 0.144320 0.803500 -0.000245
v 0.078530 0.793670 0.002365
v 0.052180 0.976780 -0.160595
v 0.069320 0.977160 -0.160805
v 0.088210 0.977400 -0.159095
v 0.008990 0.781650 -0.025755
v 0.008370 0.776320 -0.048185
v 0.014950 0.778850 -0.049765
v 0.018430 0.785450 -0.027345
v 0.022360 0.774110 -0.051805
v 0.025220 0.784890 -0.028705
v 0.014800 0.944450 0.035015
v 0.049000 0.786830 -0.009285
v 0.185150 0.779860 -0.084265
v 0.177130 0.779950 -0.112605
v 0.163760 0.778530 -0.140305
v 0.142900 0.773210 -0.160755
v 0.115820 0.783630 0.004275
v 0.188460 0.779410 -0.056865
v 0.117060 0.766720 -0.170755
v 0.024750 0.754810 -0.072735
v 0.026440 0.761240 -0.052935
v 0.020700 0.765550 -0.070735
v 0.032410 0.772080 -0.029215
v 0.120460 0.767210 0.003865
v 0.031490 0.747470 -0.053455
v 0.038430 0.758850 -0.029265
v 0.029550 0.741190 -0.074215
v 0.037670 0.732230 -0.053845
v 0.044760 0.742700 -0.029525
v 0.035580 0.726130 -0.075805
v 0.182780 0.779140 -0.030615
v 0.179850 0.793270 -0.031745
v 0.030940 0.759470 -0.143145
v 0.042950 0.748580 -0.145365
v 0.053030 0.735250 -0.145985
v 0.042160 0.709160 -0.077115
v 0.044140 0.714170 -0.053945
v 0.125350 0.749590 0.003405
v 0.155930 0.756810 0.000855
v 0.122570 0.751860 -0.168095
v 0.098150 0.743260 -0.171635
v 0.076770 0.732470 -0.160825
v 0.059770 0.720330 -0.146325
v 0.179600 0.767520 -0.111545
v 0.166980 0.765410 -0.139305
v 0.174550 0.761410 -0.009625
v 0.146920 0.759210 -0.158915
v 0.186260 0.765900 -0.029815
v 0.070190 0.733000 -0.009435
v 0.095090 0.741790 0.000415
v 0.187490 0.767510 -0.083135
v 0.191050 0.767140 -0.055805
v 0.052160 0.722070 -0.030065
v 0.127920 0.734390 -0.167175
v 0.104470 0.723940 -0.169015
v 0.151900 0.742450 -0.157805
v 0.102710 0.718060 -0.000725
v 0.130960 0.728430 0.002985
v 0.190340 0.749490 -0.082935
v 0.183190 0.749860 -0.110895
v 0.083120 0.712410 -0.158675
v 0.051250 0.690930 -0.054795
v 0.060830 0.697520 -0.031665
v 0.193880 0.749370 -0.055905
v 0.159550 0.736510 0.001075
v 0.179060 0.742580 -0.009535
v 0.190570 0.747570 -0.029865
v 0.048870 0.688070 -0.078235
v 0.171370 0.748020 -0.138265
v 0.078310 0.708090 -0.011595
v 0.065030 0.702570 -0.145255
v 0.116290 0.653670 -0.001745
v 0.110180 0.688300 -0.002265
v 0.086610 0.677940 -0.014045
v 0.092950 0.643600 -0.015535
v 0.077410 0.635050 -0.035675
v 0.068050 0.668460 -0.033645
v 0.068820 0.628920 -0.057555
v 0.077530 0.593670 -0.057215
v 0.085080 0.599490 -0.035295
v 0.065290 0.625770 -0.079545
v 0.073230 0.590020 -0.078535
v 0.065270 0.625250 -0.101225
v 0.073320 0.589370 -0.099605
v 0.071150 0.628250 -0.120595
v 0.055160 0.659220 -0.101935
v 0.063920 0.663380 -0.122395
v 0.080930 0.634260 -0.138835
v 0.072010 0.670060 -0.142655
v 0.088710 0.681860 -0.156725
v 0.096920 0.644830 -0.152505
v 0.108050 0.694490 -0.166725
v 0.115600 0.656170 -0.160965
v 0.132200 0.704480 -0.165565
v 0.137700 0.666440 -0.161505
v 0.161670 0.673440 -0.151595
v 0.165980 0.633470 -0.144545
v 0.142820 0.626860 -0.154925
v 0.156310 0.712890 -0.155275
v 0.174390 0.717260 -0.135945
v 0.178750 0.677840 -0.133365
v 0.194540 0.551520 -0.084345
v 0.191620 0.550040 -0.100625
v 0.193980 0.593720 -0.101655
v 0.195680 0.593870 -0.082935
v 0.116050 0.566150 -0.140365
v 0.131850 0.574320 -0.145895
v 0.139110 0.531860 -0.142305
v 0.123140 0.525250 -0.138265
v 0.093990 0.516870 -0.056965
v 0.099070 0.521810 -0.038065
v 0.091340 0.560150 -0.035635
v 0.085270 0.554840 -0.056885
v 0.196150 0.594380 -0.066045
v 0.195930 0.550140 -0.068585
v 0.158710 0.541680 -0.014035
v 0.176370 0.547590 -0.022555
v 0.174830 0.590500 -0.009955
v 0.153430 0.584950 -0.004275
v 0.190050 0.549990 -0.036225
v 0.195320 0.550560 -0.052555
v 0.195900 0.595400 -0.046415
v 0.188270 0.593920 -0.026105
v 0.093060 0.513950 -0.076055
v 0.083470 0.551610 -0.077615
v 0.184950 0.591780 -0.121515
v 0.186460 0.547190 -0.118395
v 0.129150 0.576690 -0.006795
v 0.104100 0.567730 -0.015795
v 0.113780 0.528480 -0.020045
v 0.136850 0.535930 -0.014565
v 0.170680 0.587440 -0.136065
v 0.174260 0.543220 -0.132155
v 0.097680 0.558610 -0.132595
v 0.108490 0.519040 -0.127465
v 0.149850 0.580940 -0.145995
v 0.156610 0.538510 -0.141755
v 0.194300 0.524020 -0.056755
v 0.194740 0.523870 -0.071225
v 0.186440 0.519730 -0.117765
v 0.174770 0.516750 -0.132385
v 0.178370 0.519430 -0.030695
v 0.189530 0.523020 -0.042825
v 0.127040 0.497730 -0.138075
v 0.113630 0.492400 -0.126595
v 0.158040 0.511480 -0.139885
v 0.141710 0.505170 -0.142305
v 0.141530 0.510600 -0.022735
v 0.162300 0.516260 -0.020025
v 0.194690 0.523580 -0.085705
v 0.191920 0.522390 -0.101235
v 0.100900 0.491240 -0.057855
v 0.107550 0.496170 -0.041015
v 0.099300 0.488620 -0.075055
v 0.122380 0.505130 -0.026195
v 0.146410 0.491100 -0.021545
v 0.163010 0.495540 -0.022675
v 0.195330 0.504200 -0.087535
v 0.193670 0.503930 -0.103055
v 0.142770 0.487440 -0.142415
v 0.128630 0.480680 -0.138015
v 0.105880 0.473970 -0.059725
v 0.113920 0.478330 -0.042655
v 0.195670 0.503790 -0.073055
v 0.177080 0.499070 -0.033755
v 0.185670 0.500830 -0.046225
v 0.191940 0.502320 -0.059375
v 0.101810 0.471820 -0.076645
v 0.187390 0.502090 -0.119565
v 0.129550 0.485130 -0.026435
v 0.174630 0.498730 -0.132405
v 0.116580 0.475950 -0.125805
v 0.158290 0.493430 -0.139375
v 0.194080 0.484260 -0.060935
v 0.198390 0.486460 -0.074865
v 0.188370 0.487470 -0.121395
v 0.175330 0.483810 -0.133225
v 0.177800 0.479720 -0.035795
v 0.187480 0.482120 -0.047525
v 0.130240 0.467100 -0.137325
v 0.118480 0.462080 -0.126015
v 0.160730 0.478980 -0.141535
v 0.144200 0.473140 -0.143055
v 0.147430 0.472930 -0.021345
v 0.164820 0.476600 -0.025355
v 0.197840 0.487630 -0.089345
v 0.196720 0.488610 -0.104865
v 0.109090 0.458030 -0.061265
v 0.117670 0.461840 -0.043715
v 0.103930 0.456400 -0.078475
v 0.133640 0.468630 -0.025365
v 0.150940 0.456180 -0.022365
v 0.168300 0.459060 -0.024285
v 0.199560 0.471610 -0.091415
v 0.198140 0.473300 -0.106935
v 0.145830 0.459650 -0.144625
v 0.132310 0.454060 -0.137755
v 0.110000 0.441730 -0.062815
v 0.119440 0.445350 -0.045185
v 0.200750 0.469820 -0.076675
v 0.181340 0.461820 -0.035525
v 0.191470 0.464930 -0.048295
v 0.196640 0.467140 -0.062225
v 0.105440 0.440720 -0.080205
v 0.189310 0.473730 -0.123525
v 0.136610 0.452570 -0.026315
v 0.176270 0.470180 -0.134615
v 0.121040 0.448370 -0.126875
v 0.162620 0.465390 -0.143295
v 0.140240 0.436040 -0.029475
v 0.154520 0.439640 -0.025485
v 0.196920 0.449840 -0.064305
v 0.202720 0.453060 -0.078755
v 0.191370 0.458360 -0.125685
v 0.178280 0.455380 -0.136935
v 0.183520 0.445190 -0.035285
v 0.192030 0.447980 -0.049865
v 0.135630 0.439140 -0.139355
v 0.123940 0.432810 -0.129635
v 0.165300 0.450670 -0.145175
v 0.148940 0.444790 -0.146365
v 0.171560 0.442640 -0.026235
v 0.202240 0.455070 -0.093235
v 0.200100 0.457080 -0.109015
v 0.113040 0.424610 -0.065395
v 0.124010 0.428590 -0.048125
v 0.109860 0.424150 -0.082635
v 0.157060 0.421860 -0.029915
v 0.173620 0.426400 -0.031515
v 0.206020 0.438630 -0.095815
v 0.205990 0.440510 -0.112095
v 0.152360 0.427220 -0.150585
v 0.138460 0.421090 -0.144345
v 0.120800 0.406310 -0.069365
v 0.130630 0.410290 -0.053155
v 0.206440 0.437420 -0.080815
v 0.184670 0.429910 -0.039315
v 0.192640 0.432130 -0.052455
v 0.200300 0.434610 -0.066375
v 0.119590 0.406280 -0.086115
v 0.195860 0.440260 -0.128685
v 0.145250 0.418050 -0.036265
v 0.183250 0.437860 -0.140825
v 0.127860 0.414430 -0.133295
v 0.169440 0.433230 -0.149115
v 0.196670 0.417400 -0.055295
v 0.204640 0.419720 -0.068435
v 0.127250 0.385750 -0.090905
v 0.130190 0.385940 -0.073785
v 0.210220 0.423120 -0.115705
v 0.202380 0.422260 -0.133645
v 0.151360 0.398090 -0.044705
v 0.162800 0.403540 -0.038595
v 0.210630 0.421920 -0.082875
v 0.189210 0.419200 -0.147025
v 0.186820 0.414070 -0.043695
v 0.141460 0.400570 -0.149545
v 0.131720 0.393250 -0.137425
v 0.172950 0.413680 -0.154165
v 0.156450 0.407630 -0.155435
v 0.175450 0.409240 -0.038315
v 0.211280 0.422390 -0.098645
v 0.138770 0.390010 -0.058975
v 0.193890 0.400760 -0.152045
v 0.176740 0.393510 -0.159725
v 0.167080 0.381870 -0.048915
v 0.178200 0.388980 -0.046615
v 0.218860 0.405550 -0.101455
v 0.217960 0.405790 -0.119305
v 0.159760 0.386350 -0.161455
v 0.144590 0.378080 -0.155765
v 0.136380 0.363340 -0.078375
v 0.145400 0.367580 -0.065555
v 0.215610 0.404510 -0.084935
v 0.189560 0.395090 -0.049395
v 0.199760 0.398240 -0.059045
v 0.208830 0.401270 -0.069845
v 0.130810 0.362210 -0.093465
v 0.208370 0.405190 -0.138335
v 0.156670 0.375190 -0.054635
v 0.133660 0.369930 -0.142705
v 0.203910 0.375280 -0.061415
v 0.213600 0.378350 -0.072645
v 0.135090 0.338020 -0.096385
v 0.141790 0.339150 -0.081985
v 0.227930 0.384290 -0.122885
v 0.217510 0.383420 -0.142265
v 0.162380 0.350130 -0.062265
v 0.171760 0.356840 -0.057215
v 0.223390 0.382840 -0.086725
v 0.201370 0.377710 -0.157675
v 0.192860 0.371130 -0.055235
v 0.146540 0.352520 -0.162245
v 0.135850 0.346580 -0.149625
v 0.182120 0.369550 -0.166815
v 0.162600 0.361080 -0.167535
v 0.181670 0.364170 -0.053785
v 0.229130 0.384700 -0.103745
v 0.152000 0.343560 -0.071285
v 0.151460 0.325050 -0.166295
v 0.141110 0.319170 -0.151255
v 0.189990 0.341170 -0.173175
v 0.167090 0.332710 -0.173625
v 0.210600 0.348490 -0.162685
v 0.176260 0.328610 -0.062695
v 0.185540 0.335300 -0.056715
v 0.237200 0.357940 -0.105165
v 0.238190 0.357110 -0.126905
v 0.151030 0.314470 -0.085675
v 0.160120 0.318220 -0.075385
v 0.229970 0.355670 -0.086675
v 0.196230 0.341850 -0.058945
v 0.207670 0.346810 -0.063305
v 0.218040 0.350200 -0.073715
v 0.142330 0.312550 -0.098695
v 0.228550 0.354460 -0.146815
v 0.168330 0.323230 -0.067335
v 0.232700 0.320220 -0.085755
v 0.242170 0.323020 -0.103745
v 0.189290 0.303390 -0.060865
v 0.199910 0.309230 -0.060925
v 0.210990 0.313740 -0.064665
v 0.221520 0.316740 -0.073335
v 0.152260 0.285240 -0.100165
v 0.160500 0.287500 -0.088245
v 0.243480 0.323480 -0.127375
v 0.235280 0.320660 -0.148565
v 0.173830 0.294130 -0.071405
v 0.180890 0.298330 -0.066345
v 0.218560 0.315540 -0.165635
v 0.157890 0.294140 -0.167615
v 0.147170 0.289180 -0.151005
v 0.197420 0.308580 -0.173985
v 0.175180 0.300880 -0.174055
v 0.167020 0.290440 -0.078175
v 0.166780 0.262650 -0.164355
v 0.157570 0.258650 -0.147915
v 0.200520 0.274010 -0.168365
v 0.181540 0.268030 -0.169825
v 0.220080 0.280590 -0.163735
v 0.185890 0.266050 -0.071125
v 0.193260 0.269200 -0.067205
v 0.243680 0.285840 -0.101735
v 0.244140 0.287410 -0.122925
v 0.168720 0.257410 -0.090405
v 0.174330 0.260130 -0.081685
v 0.234760 0.283000 -0.084435
v 0.203040 0.273570 -0.065005
v 0.213770 0.277860 -0.066085
v 0.224160 0.280300 -0.072215
v 0.162910 0.255690 -0.101645
v 0.237630 0.285610 -0.147665
v 0.179380 0.262970 -0.074885
v 0.176300 0.223050 -0.090305
v 0.181790 0.225110 -0.083155
v 0.235600 0.238400 -0.087985
v 0.242180 0.239560 -0.102235
v 0.199240 0.230650 -0.071755
v 0.207620 0.232850 -0.070075
v 0.216930 0.234990 -0.071375
v 0.226100 0.236580 -0.076915
v 0.171320 0.221620 -0.100415
v 0.242300 0.240690 -0.121275
v 0.235930 0.240560 -0.141025
v 0.186960 0.227100 -0.077935
v 0.192700 0.229020 -0.074615
v 0.222690 0.238300 -0.154925
v 0.178430 0.227900 -0.154155
v 0.171790 0.224530 -0.141715
v 0.205910 0.235100 -0.160855
v 0.189840 0.231540 -0.161215
v 0.219690 0.060980 -0.152585
v 0.234020 0.060430 -0.151525
v 0.233970 0.049110 -0.153925
v 0.219470 0.049710 -0.155165
v 0.194440 0.067670 -0.112505
v 0.192410 0.056120 -0.115015
v 0.190920 0.059990 -0.096175
v 0.190200 0.070830 -0.094925
v 0.257860 0.057830 -0.104895
v 0.259490 0.068160 -0.102655
v 0.252440 0.063880 -0.086455
v 0.255460 0.055380 -0.088775
v 0.257180 0.078890 -0.101435
v 0.248900 0.074960 -0.083615
v 0.249440 0.090930 -0.090065
v 0.253820 0.091070 -0.103175
v 0.246760 0.107640 -0.094845
v 0.249240 0.106750 -0.104355
v 0.243080 0.129990 -0.096805
v 0.245320 0.129940 -0.105635
v 0.243990 0.179830 -0.104825
v 0.239740 0.179980 -0.093495
v 0.243770 0.179580 -0.119235
v 0.246060 0.131310 -0.117185
v 0.241980 0.130860 -0.128215
v 0.238800 0.178870 -0.133855
v 0.250510 0.106680 -0.116225
v 0.246000 0.107450 -0.126005
v 0.209700 0.178870 -0.074485
v 0.216660 0.179500 -0.074575
v 0.203820 0.178170 -0.076225
v 0.198170 0.177610 -0.078905
v 0.192570 0.177310 -0.083165
v 0.186970 0.176740 -0.089655
v 0.182210 0.176020 -0.098515
v 0.179260 0.175290 -0.109295
v 0.168450 0.221260 -0.113045
v 0.168310 0.222220 -0.127315
v 0.180080 0.175010 -0.121485
v 0.185110 0.174670 -0.133825
v 0.224660 0.180150 -0.076795
v 0.192810 0.174750 -0.144015
v 0.215060 0.132070 -0.074435
v 0.220950 0.132400 -0.074475
v 0.204210 0.175140 -0.151195
v 0.211550 0.123670 -0.144355
v 0.199400 0.126850 -0.136885
v 0.199050 0.131920 -0.085115
v 0.204240 0.132070 -0.078765
v 0.232540 0.180040 -0.083015
v 0.238890 0.131320 -0.086705
v 0.227000 0.133000 -0.076385
v 0.194020 0.131040 -0.093775
v 0.209580 0.131980 -0.076605
v 0.232950 0.133380 -0.079405
v 0.230100 0.177310 -0.145145
v 0.234950 0.128610 -0.138965
v 0.192880 0.127700 -0.127395
v 0.217950 0.176220 -0.151745
v 0.225830 0.125810 -0.146185
v 0.211080 0.110530 -0.072055
v 0.215890 0.109760 -0.069515
v 0.234440 0.110370 -0.077425
v 0.241230 0.108270 -0.083835
v 0.249890 0.091450 -0.126505
v 0.255180 0.091260 -0.115865
v 0.222140 0.109720 -0.070975
v 0.213100 0.072820 -0.041665
v 0.211640 0.085530 -0.058095
v 0.205240 0.085040 -0.061675
v 0.206840 0.073450 -0.041645
v 0.228520 0.110480 -0.072695
v 0.181500 0.022190 0.049035
v 0.186210 0.028960 0.049065
v 0.185340 0.029040 0.045735
v 0.181390 0.022800 0.045735
v 0.204530 0.020730 0.059355
v 0.200380 0.025090 0.058145
v 0.200350 0.024050 0.060075
v 0.203950 0.019780 0.062145
v 0.189360 0.015080 0.080945
v 0.187210 0.017510 0.077345
v 0.185270 0.015680 0.075745
v 0.188960 0.012040 0.078475
v 0.203070 0.020260 0.066245
v 0.200080 0.022910 0.062665
v 0.199590 0.022400 0.063485
v 0.202150 0.020960 0.067755
v 0.185880 0.006880 0.072335
v 0.181680 0.012310 0.068775
v 0.179280 0.011350 0.063545
v 0.183000 0.005940 0.065085
v 0.182860 0.006800 0.051025
v 0.181340 0.006100 0.055215
v 0.177330 0.011570 0.055145
v 0.179460 0.013040 0.051025
v 0.180890 0.022030 0.052025
v 0.186400 0.028300 0.051455
v 0.184030 0.008750 0.045165
v 0.183690 0.007370 0.047785
v 0.180250 0.014040 0.048355
v 0.181320 0.014570 0.044575
v 0.180750 0.021510 0.054805
v 0.186660 0.027800 0.054035
v 0.200870 0.006360 0.051045
v 0.202580 0.006360 0.055085
v 0.197570 0.002580 0.055095
v 0.195360 0.002430 0.050925
v 0.198330 0.007460 0.045955
v 0.198970 0.006800 0.048155
v 0.194590 0.002870 0.048125
v 0.193840 0.003820 0.045825
v 0.203920 0.008590 0.070585
v 0.200330 0.005180 0.072125
v 0.200370 0.002580 0.066685
v 0.204310 0.007860 0.065345
v 0.202040 0.015900 0.078515
v 0.199810 0.014710 0.080235
v 0.199880 0.011420 0.078215
v 0.202700 0.013260 0.076855
v 0.199050 0.021890 0.064385
v 0.200670 0.020990 0.068565
v 0.203170 0.017640 0.076115
v 0.201990 0.018600 0.076535
v 0.201490 0.017430 0.077755
v 0.189870 0.016980 0.078955
v 0.188630 0.018390 0.078065
v 0.198960 0.027080 0.047535
v 0.202110 0.023030 0.047735
v 0.201490 0.023210 0.045705
v 0.198700 0.027580 0.044995
v 0.186670 0.025760 0.059275
v 0.181530 0.020620 0.059665
v 0.183690 0.020120 0.063875
v 0.187230 0.024770 0.061275
v 0.188230 0.023710 0.063995
v 0.186270 0.020970 0.069035
v 0.187520 0.020930 0.070205
v 0.188970 0.022630 0.065075
v 0.199670 0.026690 0.050995
v 0.203100 0.022710 0.050815
v 0.199760 0.026630 0.053445
v 0.203980 0.022360 0.053375
v 0.188250 0.020710 0.070445
v 0.189770 0.021800 0.065575
v 0.192310 0.013960 0.081205
v 0.192380 0.010890 0.078925
v 0.190330 0.004650 0.073105
v 0.187780 0.002150 0.067985
v 0.187050 0.001590 0.051415
v 0.186960 0.000620 0.055135
v 0.187150 0.004620 0.044905
v 0.187550 0.002870 0.047945
v 0.204740 0.010830 0.050295
v 0.205620 0.010690 0.055055
v 0.203410 0.011770 0.045885
v 0.204030 0.011620 0.047835
v 0.205260 0.011700 0.069735
v 0.205360 0.011490 0.064255
v 0.204130 0.015270 0.074355
v 0.199570 0.016230 0.079635
v 0.192060 0.015810 0.080205
v 0.193660 0.026900 0.058725
v 0.193200 0.029100 0.054255
v 0.222430 0.018860 0.066085
v 0.219270 0.022260 0.067835
v 0.219310 0.021630 0.069355
v 0.222130 0.018790 0.069105
v 0.211280 0.015860 0.079695
v 0.210650 0.017070 0.077235
v 0.209970 0.015990 0.076415
v 0.210640 0.014080 0.079045
v 0.220880 0.019610 0.072695
v 0.219250 0.021250 0.071225
v 0.219020 0.020620 0.071655
v 0.220300 0.019340 0.073285
v 0.208780 0.010860 0.073405
v 0.208080 0.015230 0.072125
v 0.207700 0.015420 0.066675
v 0.208250 0.007810 0.064615
v 0.222180 0.019160 0.063335
v 0.219200 0.024590 0.065575
v 0.190640 0.032490 -0.121255
v 0.189580 0.020850 -0.123085
v 0.192310 0.030370 -0.101045
v 0.191610 0.039850 -0.099965
v 0.222200 0.010740 0.073615
v 0.218460 0.007320 0.076535
v 0.218070 0.004790 0.064235
v 0.222170 0.008400 0.064155
v 0.220460 0.015920 0.078875
v 0.218090 0.015000 0.080745
v 0.218500 0.012740 0.080155
v 0.221020 0.014450 0.078125
v 0.218590 0.020020 0.072215
v 0.219310 0.019140 0.073745
v 0.220790 0.016900 0.076555
v 0.220080 0.017730 0.077435
v 0.219510 0.017030 0.079135
v 0.211870 0.016860 0.079355
v 0.211360 0.017760 0.077565
v 0.192940 0.014270 -0.121155
v 0.192920 0.020530 -0.101495
v 0.208020 0.016260 0.062195
v 0.208960 0.009080 0.058775
v 0.218080 0.007090 0.057115
v 0.221180 0.009260 0.058225
v 0.211570 0.022460 0.068155
v 0.209490 0.022160 0.067895
v 0.209370 0.020660 0.069925
v 0.211550 0.021720 0.069695
v 0.211960 0.020690 0.071435
v 0.210390 0.019200 0.072795
v 0.210950 0.018780 0.073285
v 0.212220 0.020100 0.072005
v 0.211560 0.024680 0.065855
v 0.209450 0.022530 0.064465
v 0.212070 0.018820 0.073755
v 0.212670 0.019630 0.072475
v 0.213230 0.015020 0.080655
v 0.212940 0.012710 0.080505
v 0.211610 0.007780 0.076505
v 0.211940 0.004440 0.064575
v 0.223240 0.014190 0.070695
v 0.223130 0.013100 0.064705
v 0.221520 0.016340 0.075885
v 0.218290 0.016090 0.079875
v 0.212970 0.016170 0.080175
v 0.212490 0.006350 0.057685
v 0.222480 0.013560 0.060175
v 0.017290 1.506200 0.038935
v 0.017570 1.505750 0.036975
v 0.033400 1.520710 0.033165
v 0.024250 1.524700 0.034205
v 0.021360 1.522230 0.034815
v 0.028300 1.518100 0.034945
v 0.014030 1.530400 0.034705
v 0.010500 1.533670 0.036255
v 0.009740 1.530820 0.038655
v 0.012970 1.527840 0.036835
v 0.003410 1.526540 0.047155
v 0.006300 1.525450 0.045635
v 0.006430 1.529440 0.043245
v 0.003470 1.530860 0.044905
v 0.018190 1.527550 0.033865
v 0.016780 1.525060 0.035545
v 0.016450 1.502900 0.038495
v 0.025050 1.527020 0.033385
v 0.025460 1.529270 0.032415
v 0.019690 1.531410 0.032275
v 0.019220 1.529580 0.033185
v 0.006010 1.588520 0.041065
v 0.015810 1.587790 0.039555
v 0.025840 1.586260 0.035825
v 0.035410 1.583560 0.030315
v 0.012220 1.495840 0.041745
v 0.018570 1.500240 0.037115
v 0.016400 1.496770 0.039265
v 0.005890 1.508430 0.056175
v 0.024990 1.487240 0.035685
v 0.020120 1.541830 0.028245
v 0.019370 1.541140 0.028405
v 0.018560 1.540670 0.028525
v 0.017640 1.539840 0.028565
v 0.014930 1.537780 0.030645
v 0.016320 1.538900 0.028945
v 0.045130 1.579830 0.023925
v 0.020120 1.506580 0.036265
v 0.032700 1.524910 0.032035
v 0.018230 1.536040 0.011035
v 0.018590 1.536590 0.008855
v 0.019580 1.537590 0.005985
v 0.053130 1.574870 0.016235
v 0.007210 1.444490 0.036895
v 0.006760 1.450070 0.038975
v 0.032360 1.527970 0.031195
v 0.014180 1.508300 0.047385
v 0.065450 1.537890 -0.005465
v 0.063830 1.538940 -0.000575
v 0.013090 1.457910 0.036425
v 0.022820 1.501210 0.035905
v 0.019410 1.460290 0.032975
v 0.024830 1.463060 0.030375
v 0.029120 1.466040 0.028325
v 0.017120 1.516500 0.037225
v 0.020340 1.512790 0.036315
v 0.031940 1.468960 0.027045
v 0.033010 1.472740 0.027195
v 0.033280 1.476660 0.027855
v 0.032210 1.480700 0.029345
v 0.030050 1.484610 0.031675
v 0.026570 1.489330 0.034585
v 0.030900 1.497260 0.032355
v 0.026050 1.495870 0.034475
v 0.029480 1.490940 0.032855
v 0.033920 1.492190 0.030315
v 0.058610 1.568390 0.007885
v 0.062210 1.561340 -0.000025
v 0.064510 1.553310 -0.005775
v 0.066170 1.544980 -0.009615
v 0.062380 1.507350 -0.002775
v 0.059050 1.501010 0.002375
v 0.059740 1.495470 -0.004455
v 0.063060 1.502880 -0.009285
v 0.066840 1.536920 -0.010925
v 0.066640 1.529100 -0.011045
v 0.065390 1.530930 -0.005495
v 0.064860 1.524240 -0.004095
v 0.066060 1.521560 -0.009685
v 0.063690 1.517820 -0.001245
v 0.064780 1.514270 -0.006885
v 0.061570 1.511690 0.002915
v 0.058190 1.505990 0.008045
v 0.044510 1.464960 0.005785
v 0.007170 1.437580 0.032325
v 0.007590 1.440030 0.034275
v 0.038270 1.481650 0.025145
v 0.035000 1.481190 0.027445
v 0.036070 1.476120 0.025475
v 0.038770 1.475600 0.022465
v 0.009420 1.527310 0.041355
v 0.014670 1.446090 0.034905
v 0.015120 1.441790 0.032145
v 0.035410 1.471150 0.024345
v 0.037790 1.469520 0.020665
v 0.031840 1.458840 0.022655
v 0.027030 1.453740 0.025865
v 0.028060 1.450630 0.023305
v 0.033140 1.455940 0.019425
v 0.021000 1.449550 0.030355
v 0.021980 1.445530 0.027825
v 0.035460 1.463950 0.020765
v 0.037170 1.461650 0.016935
v 0.040120 1.468030 0.016545
v 0.015060 1.439630 0.029945
v 0.021970 1.443260 0.025715
v 0.056730 1.510670 0.012645
v 0.060470 1.515640 0.007815
v 0.065860 1.510710 -0.012985
v 0.062550 1.521100 0.003805
v 0.063510 1.526900 0.000805
v 0.012270 1.524820 0.039145
v 0.015310 1.522110 0.037035
v 0.063870 1.532850 -0.000405
v 0.067880 1.527260 -0.016895
v 0.068790 1.525660 -0.022515
v 0.069050 1.535460 -0.021635
v 0.068240 1.536080 -0.016375
v 0.068290 1.545480 -0.019665
v 0.067570 1.545120 -0.014785
v 0.062320 1.539980 0.003655
v 0.062480 1.534750 0.003755
v 0.062210 1.529530 0.005035
v 0.060940 1.524310 0.007685
v 0.058530 1.519320 0.011625
v 0.054970 1.514970 0.016405
v 0.067180 1.518850 -0.015755
v 0.067960 1.516370 -0.021895
v 0.006050 1.593510 0.039445
v 0.016000 1.593480 0.037665
v 0.026080 1.591830 0.033925
v 0.036740 1.588960 0.028735
v 0.046880 1.584690 0.021685
v 0.066750 1.556030 -0.015315
v 0.065950 1.554690 -0.010475
v 0.063710 1.563730 -0.004605
v 0.066130 1.507200 -0.019745
v 0.063200 1.498220 -0.016625
v 0.060070 1.489380 -0.012005
v 0.055030 1.495790 0.008405
v 0.055580 1.489170 0.002195
v 0.042030 1.481940 0.021375
v 0.041830 1.475070 0.018315
v 0.013620 1.451780 0.036225
v 0.030740 1.462310 0.025295
v 0.025800 1.458380 0.028285
v 0.019900 1.454740 0.032065
v 0.033710 1.466460 0.024195
v 0.028220 1.448360 0.020915
v 0.019080 1.519060 0.035815
v 0.023840 1.515140 0.035535
v 0.034890 1.511950 0.032575
v 0.038510 1.506350 0.029825
v 0.036420 1.486960 0.027745
v 0.032530 1.485850 0.029765
v 0.034200 1.453580 0.016095
v 0.038800 1.459620 0.012985
v 0.042470 1.466590 0.011695
v 0.045550 1.474450 0.011905
v 0.049840 1.474580 0.003085
v 0.055520 1.481860 -0.005035
v 0.053960 1.501450 0.013785
v 0.014160 1.519400 0.038845
v 0.011710 1.521870 0.041435
v 0.009190 1.523910 0.043875
v 0.022970 1.494350 0.036465
v 0.006010 1.501500 -0.128275
v 0.015660 1.496330 -0.125995
v 0.015960 1.501330 -0.127835
v 0.026630 1.500300 -0.126255
v 0.036460 1.507500 -0.122995
v 0.035850 1.499900 -0.121025
v 0.044320 1.507200 -0.115045
v 0.043740 1.499350 -0.113625
v 0.049870 1.507570 -0.104305
v 0.049100 1.499450 -0.102075
v 0.053920 1.508100 -0.092565
v 0.053130 1.500460 -0.089955
v 0.055650 1.503610 -0.080775
v 0.057370 1.507040 -0.073995
v 0.057150 1.502070 -0.070715
v 0.041050 1.487890 0.024595
v 0.045610 1.489360 0.020045
v 0.043960 1.495370 0.023935
v 0.039040 1.493560 0.027495
v 0.036290 1.499020 0.030115
v 0.046270 1.482440 0.015845
v 0.049290 1.497810 0.019395
v 0.050380 1.491700 0.014675
v 0.044150 1.508630 0.026225
v 0.049730 1.511250 0.021735
v 0.046890 1.516110 0.024755
v 0.040010 1.514170 0.029175
v 0.050720 1.484450 0.009075
v 0.043030 1.520820 0.027755
v 0.041100 1.524530 0.028735
v 0.039420 1.527840 0.028195
v 0.038000 1.531150 0.027935
v 0.036980 1.533980 0.027825
v 0.036420 1.536130 0.028455
v 0.035970 1.537890 0.029185
v 0.035360 1.539190 0.029725
v 0.035220 1.540260 0.030045
v 0.034770 1.531710 0.006625
v 0.035260 1.530710 0.009125
v 0.035630 1.530180 0.011555
v 0.035920 1.530030 0.014225
v 0.036110 1.530510 0.017715
v 0.036030 1.532360 0.022205
v 0.035550 1.535940 0.026325
v 0.035280 1.541440 0.025575
v 0.034970 1.541040 0.028805
v 0.035190 1.540840 0.029705
v 0.035190 1.540820 0.030195
v 0.051740 1.506480 0.017505
v 0.041580 1.500870 0.027175
v 0.046910 1.503290 0.023075
v 0.021210 1.491960 0.037745
v 0.020830 1.488910 0.038335
v 0.020870 1.485730 0.038785
v 0.010180 1.491000 0.044825
v 0.016780 1.492220 0.040265
v 0.015600 1.478220 0.041665
v 0.014370 1.478590 0.038375
v 0.012910 1.493150 0.042165
v 0.014190 1.479660 0.037405
v 0.012930 1.482840 0.036055
v 0.012530 1.487230 0.035955
v 0.012340 1.491620 0.035375
v 0.012200 1.496800 0.032625
v 0.013170 1.503930 0.025095
v 0.014980 1.510140 0.012225
v 0.018890 1.513450 -0.007455
v 0.018140 1.509840 -0.027515
v 0.071940 1.550860 -0.072955
v 0.069510 1.574470 -0.024515
v 0.071310 1.577880 -0.030115
v 0.072740 1.581040 -0.036325
v 0.073990 1.583110 -0.043865
v 0.074900 1.583890 -0.052605
v 0.073430 1.570820 -0.045935
v 0.074000 1.571550 -0.052505
v 0.069840 1.561030 -0.029265
v 0.070950 1.565020 -0.034215
v 0.072130 1.568400 -0.039355
v 0.072810 1.560600 -0.047275
v 0.073220 1.561570 -0.052265
v 0.070480 1.546580 -0.034225
v 0.071080 1.553570 -0.038035
v 0.071920 1.557880 -0.042115
v 0.061080 1.510540 -0.069385
v 0.060420 1.506490 -0.066065
v 0.063280 1.520360 -0.074195
v 0.062160 1.515350 -0.072095
v 0.060580 1.503600 -0.062655
v 0.062260 1.500480 -0.057345
v 0.073420 1.560960 -0.057495
v 0.074290 1.570700 -0.059445
v 0.075210 1.582260 -0.061875
v 0.070370 1.533450 -0.035495
v 0.073250 1.551550 -0.063285
v 0.073740 1.548010 -0.065615
v 0.070540 1.533690 -0.071315
v 0.068200 1.526820 -0.070495
v 0.069700 1.512700 -0.042735
v 0.070360 1.521760 -0.040815
v 0.079640 1.541900 -0.070045
v 0.080460 1.544990 -0.068995
v 0.085650 1.545180 -0.071435
v 0.085660 1.542110 -0.073335
v 0.069520 1.499280 -0.051425
v 0.069040 1.504590 -0.045805
v 0.065110 1.509730 -0.062625
v 0.065380 1.506160 -0.060075
v 0.071150 1.535890 -0.041875
v 0.070980 1.528880 -0.042335
v 0.071230 1.527690 -0.044565
v 0.071410 1.533480 -0.044205
v 0.069930 1.511000 -0.061765
v 0.071040 1.515150 -0.064295
v 0.076170 1.513420 -0.068885
v 0.074950 1.508510 -0.065615
v 0.071850 1.549970 -0.044105
v 0.072630 1.552660 -0.048105
v 0.070780 1.530760 -0.039355
v 0.074070 1.548970 -0.055565
v 0.073350 1.549350 -0.051575
v 0.075140 1.548970 -0.052225
v 0.078520 1.551140 -0.055155
v 0.072780 1.499050 -0.052055
v 0.071370 1.500720 -0.057965
v 0.074920 1.502480 -0.057985
v 0.074420 1.502010 -0.052725
v 0.072790 1.548100 -0.048635
v 0.072750 1.545580 -0.049195
v 0.067180 1.521960 -0.069235
v 0.070580 1.503740 -0.061095
v 0.074320 1.504740 -0.061365
v 0.071480 1.541200 -0.043145
v 0.071690 1.538270 -0.044975
v 0.078470 1.538000 -0.070945
v 0.085310 1.538360 -0.074565
v 0.073800 1.545430 -0.067955
v 0.070080 1.513330 -0.045045
v 0.071220 1.506040 -0.047275
v 0.072040 1.507210 -0.048685
v 0.070840 1.514210 -0.046635
v 0.071750 1.519480 -0.066325
v 0.072940 1.522260 -0.067865
v 0.078270 1.521300 -0.072895
v 0.077220 1.517360 -0.070895
v 0.073970 1.540080 -0.048405
v 0.075620 1.543170 -0.049765
v 0.072270 1.542130 -0.046615
v 0.073810 1.506640 -0.053265
v 0.072600 1.509830 -0.050105
v 0.072960 1.521680 -0.048075
v 0.071990 1.527030 -0.047215
v 0.070920 1.521220 -0.045675
v 0.078910 1.515600 -0.068535
v 0.076710 1.510220 -0.064275
v 0.077830 1.547370 -0.052075
v 0.073160 1.515840 -0.048265
v 0.087930 1.540810 -0.072425
v 0.087250 1.537290 -0.073505
v 0.075120 1.506430 -0.057065
v 0.072130 1.531950 -0.046915
v 0.072810 1.536300 -0.047245
v 0.087190 1.547650 -0.067865
v 0.087890 1.543750 -0.070735
v 0.085060 1.548100 -0.069375
v 0.085350 1.532460 -0.074525
v 0.083340 1.527240 -0.073965
v 0.081090 1.526960 -0.074385
v 0.083550 1.532780 -0.075545
v 0.081400 1.522590 -0.072675
v 0.075650 1.507670 -0.060935
v 0.080500 1.549080 -0.054905
v 0.080150 1.519090 -0.070605
v 0.084200 1.549690 -0.061665
v 0.082240 1.551510 -0.061625
v 0.078180 1.544640 -0.052415
v 0.080890 1.547110 -0.054755
v 0.082080 1.523710 -0.071335
v 0.080620 1.520000 -0.069195
v 0.083650 1.548380 -0.061645
v 0.086660 1.546350 -0.066865
v 0.072800 1.526490 -0.049065
v 0.072900 1.530860 -0.048675
v 0.077320 1.512260 -0.063705
v 0.075910 1.509690 -0.060475
v 0.074840 1.538480 -0.049365
v 0.076060 1.541480 -0.050585
v 0.073850 1.509460 -0.053965
v 0.072840 1.512050 -0.051255
v 0.074680 1.521520 -0.049725
v 0.079390 1.517110 -0.067445
v 0.074100 1.517380 -0.050105
v 0.086910 1.539760 -0.071115
v 0.086370 1.536130 -0.072115
v 0.074770 1.508800 -0.057205
v 0.073680 1.534860 -0.048705
v 0.087440 1.542890 -0.069775
v 0.085770 1.532120 -0.072475
v 0.084010 1.526690 -0.072615
v 0.074130 1.533820 -0.049745
v 0.073450 1.530110 -0.049805
v 0.073600 1.529650 -0.050555
v 0.074200 1.533070 -0.050585
v 0.074730 1.511410 -0.057425
v 0.075880 1.512270 -0.060215
v 0.075870 1.513600 -0.060055
v 0.074720 1.512710 -0.057415
v 0.086090 1.538960 -0.070045
v 0.086520 1.542280 -0.068535
v 0.085970 1.541930 -0.067775
v 0.084030 1.538590 -0.069295
v 0.071610 1.518290 -0.051245
v 0.071330 1.514930 -0.052385
v 0.068740 1.516220 -0.052835
v 0.069890 1.519390 -0.052055
v 0.077420 1.546140 -0.055815
v 0.075960 1.544360 -0.054055
v 0.075570 1.543430 -0.054715
v 0.077120 1.545260 -0.056515
v 0.080040 1.521450 -0.067645
v 0.081180 1.524230 -0.069095
v 0.080420 1.524470 -0.068985
v 0.079450 1.521740 -0.067425
v 0.073060 1.526300 -0.050335
v 0.072570 1.526230 -0.050995
v 0.077170 1.514340 -0.062975
v 0.078950 1.519080 -0.066245
v 0.078510 1.519540 -0.065915
v 0.077090 1.515080 -0.062605
v 0.075190 1.540210 -0.051485
v 0.074660 1.539320 -0.052435
v 0.084330 1.535710 -0.070635
v 0.084150 1.535210 -0.069875
v 0.073900 1.511610 -0.054395
v 0.073860 1.513350 -0.054925
v 0.069850 1.523580 -0.052115
v 0.071930 1.526350 -0.051535
v 0.071780 1.522850 -0.051765
v 0.068220 1.520760 -0.052845
v 0.081820 1.543700 -0.064795
v 0.083700 1.541410 -0.066755
v 0.082340 1.544660 -0.065565
v 0.083030 1.530200 -0.069265
v 0.081740 1.526490 -0.068735
v 0.081780 1.526400 -0.069375
v 0.082850 1.530860 -0.070005
v 0.081030 1.524650 -0.068345
v 0.081600 1.544390 -0.061185
v 0.081260 1.545680 -0.061635
v 0.077140 1.515980 -0.062505
v 0.076130 1.514580 -0.059985
v 0.073830 1.535480 -0.052145
v 0.074400 1.538500 -0.053125
v 0.074250 1.536320 -0.051315
v 0.073640 1.515240 -0.055335
v 0.068190 1.518260 -0.053805
v 0.070530 1.522170 -0.059075
v 0.071420 1.521540 -0.060725
v 0.073260 1.522990 -0.060725
v 0.072200 1.523700 -0.059755
v 0.073990 1.530170 -0.053655
v 0.073140 1.528350 -0.053505
v 0.073330 1.527770 -0.054515
v 0.074390 1.529390 -0.054625
v 0.078300 1.534810 -0.060905
v 0.079390 1.534290 -0.061745
v 0.081620 1.535860 -0.062315
v 0.080830 1.536590 -0.061005
v 0.071390 1.524500 -0.058715
v 0.069600 1.523130 -0.057705
v 0.078000 1.526200 -0.063825
v 0.077120 1.524610 -0.063215
v 0.077570 1.523290 -0.063595
v 0.079090 1.525090 -0.064325
v 0.082300 1.533150 -0.064325
v 0.082150 1.534830 -0.063375
v 0.080140 1.533590 -0.062525
v 0.080510 1.532730 -0.063235
v 0.078960 1.529270 -0.064435
v 0.078190 1.527830 -0.064465
v 0.079950 1.526950 -0.064965
v 0.080870 1.528670 -0.065095
v 0.074000 1.521160 -0.061395
v 0.074270 1.522730 -0.061725
v 0.070590 1.525280 -0.057935
v 0.070180 1.526000 -0.057385
v 0.069260 1.525690 -0.055425
v 0.069220 1.524400 -0.056455
v 0.079890 1.530560 -0.064125
v 0.081520 1.530360 -0.065065
v 0.078070 1.537390 -0.057425
v 0.075630 1.536510 -0.056185
v 0.073940 1.533710 -0.057545
v 0.075410 1.534670 -0.057995
v 0.080960 1.526220 -0.065905
v 0.081540 1.528290 -0.066455
v 0.082540 1.530370 -0.066355
v 0.083010 1.537950 -0.063315
v 0.081970 1.538950 -0.061865
v 0.073980 1.531040 -0.052795
v 0.073240 1.528750 -0.052585
v 0.073340 1.531950 -0.054665
v 0.073440 1.533400 -0.053705
v 0.070130 1.520340 -0.058185
v 0.072560 1.519360 -0.059305
v 0.083580 1.533780 -0.065665
v 0.083540 1.536380 -0.064675
v 0.068650 1.525130 -0.053645
v 0.068110 1.523440 -0.054955
v 0.074140 1.539120 -0.055645
v 0.074060 1.536410 -0.054425
v 0.073320 1.534100 -0.055655
v 0.077940 1.519770 -0.061685
v 0.078990 1.521840 -0.063415
v 0.076510 1.521730 -0.062125
v 0.070930 1.526900 -0.054385
v 0.071090 1.526770 -0.053085
v 0.068720 1.521960 -0.056735
v 0.076760 1.518960 -0.060325
v 0.079860 1.537020 -0.059515
v 0.079330 1.539820 -0.060185
v 0.080010 1.524050 -0.064875
v 0.075880 1.540030 -0.057715
v 0.074740 1.537260 -0.050325
v 0.074270 1.522410 -0.051365
v 0.072030 1.545080 -0.045415
v 0.078900 1.520190 -0.065545
v 0.079030 1.520570 -0.064175
v 0.077440 1.517010 -0.062055
v 0.075560 1.542460 -0.055165
v 0.074170 1.537560 -0.053765
v 0.075440 1.541540 -0.055525
v 0.084090 1.534930 -0.068905
v 0.083780 1.538490 -0.068325
v 0.083960 1.537790 -0.066705
v 0.084340 1.534620 -0.067895
v 0.074810 1.514220 -0.057385
v 0.074910 1.516250 -0.057495
v 0.071700 1.517430 -0.056355
v 0.074120 1.532430 -0.051315
v 0.073500 1.529320 -0.051185
v 0.073340 1.529050 -0.051805
v 0.074010 1.531800 -0.052015
v 0.076610 1.516040 -0.059845
v 0.083160 1.540520 -0.065185
v 0.068160 1.519790 -0.055035
v 0.067500 1.522120 -0.053655
v 0.076630 1.544210 -0.057045
v 0.076950 1.542930 -0.057185
v 0.079830 1.521910 -0.066835
v 0.081140 1.525520 -0.067665
v 0.080160 1.523070 -0.065845
v 0.071370 1.526550 -0.052105
v 0.073560 1.534610 -0.052875
v 0.082160 1.526320 -0.069665
v 0.072620 1.531870 -0.056935
v 0.070880 1.526940 -0.055895
v 0.077290 1.535130 -0.059895
v 0.083560 1.530820 -0.070485
v 0.085600 1.544920 -0.066035
v 0.081040 1.546850 -0.061635
v 0.075930 1.523310 -0.062405
v 0.073250 1.530510 -0.055695
v 0.074950 1.529570 -0.056665
v 0.072660 1.530510 -0.057855
v 0.075130 1.528780 -0.055675
v 0.073740 1.527460 -0.055865
v 0.072490 1.526470 -0.056965
v 0.072770 1.526030 -0.057505
v 0.073430 1.525580 -0.058145
v 0.074020 1.525150 -0.059015
v 0.074710 1.524660 -0.059895
v 0.075200 1.524130 -0.060805
v 0.075480 1.523730 -0.061475
v 0.076150 1.524510 -0.062105
v 0.076650 1.525790 -0.062815
v 0.076730 1.527280 -0.063435
v 0.076510 1.528740 -0.063955
v 0.076980 1.529990 -0.063905
v 0.077840 1.531010 -0.063635
v 0.078000 1.532240 -0.063075
v 0.077490 1.532740 -0.062345
v 0.076870 1.533130 -0.061515
v 0.076250 1.533420 -0.060585
v 0.075530 1.533700 -0.059785
v 0.074270 1.533250 -0.058805
v 0.073410 1.532170 -0.058455
v 0.075610 1.527630 -0.062995
v 0.075230 1.528820 -0.063225
v 0.073300 1.531340 -0.059485
v 0.072970 1.529780 -0.058845
v 0.081250 1.542900 -0.060945
v 0.076560 1.526540 -0.061935
v 0.076100 1.525260 -0.061425
v 0.075210 1.529090 -0.057695
v 0.075200 1.528510 -0.059225
v 0.073140 1.529300 -0.060095
v 0.074220 1.530890 -0.061405
v 0.073610 1.531000 -0.060495
v 0.073550 1.529010 -0.061255
v 0.075230 1.527900 -0.057145
v 0.075720 1.527320 -0.058635
v 0.074570 1.526490 -0.057375
v 0.075120 1.526170 -0.058355
v 0.075490 1.525960 -0.059455
v 0.075990 1.527000 -0.059845
v 0.075090 1.528120 -0.060385
v 0.076350 1.526890 -0.060895
v 0.075040 1.527840 -0.061935
v 0.074320 1.528890 -0.062475
v 0.074840 1.530810 -0.062325
v 0.075720 1.530540 -0.063145
v 0.075810 1.525710 -0.060525
v 0.068510 1.524340 -0.052485
v 0.082590 1.541710 -0.063235
v 0.082430 1.530330 -0.068395
v 0.081720 1.527710 -0.068115
v 0.079660 1.547480 -0.065995
v 0.077390 1.549080 -0.061285
v 0.074660 1.526680 -0.069915
v 0.076030 1.533260 -0.070935
v 0.070650 1.521290 -0.043655
v 0.073610 1.542220 -0.069575
v 0.070810 1.539630 -0.039035
v 0.065780 1.513670 -0.065165
v 0.073090 1.553380 -0.056855
v 0.073100 1.553700 -0.051795
v 0.066910 1.502610 -0.055545
v 0.071280 1.545870 -0.041115
v 0.072390 1.538770 -0.070675
v 0.066680 1.518000 -0.067495
v 0.192500 0.031190 0.046125
v 0.197090 0.030510 0.038635
v 0.191390 0.033190 0.038145
v 0.200590 0.024660 0.039655
v 0.179960 0.008150 0.029705
v 0.177690 0.015330 0.032205
v 0.175410 0.016610 0.026165
v 0.178660 0.008070 0.025245
v 0.200700 0.028350 0.035645
v 0.196900 0.032430 0.033665
v 0.182290 0.003600 0.024435
v 0.184030 0.004290 0.029625
v 0.196910 0.007870 0.037665
v 0.193500 0.003880 0.035375
v 0.195030 0.002140 0.030235
v 0.198300 0.004670 0.033915
v 0.200850 0.013450 0.038115
v 0.201400 0.012370 0.040035
v 0.178240 0.024250 0.033365
v 0.182770 0.030050 0.035975
v 0.181880 0.032970 0.030555
v 0.176370 0.025900 0.027465
v 0.176490 0.008900 0.017315
v 0.180320 0.003210 0.017725
v 0.199980 0.000000 0.026595
v 0.200860 0.003950 0.031365
v 0.201430 0.013950 0.035315
v 0.181210 0.035030 0.022895
v 0.175880 0.028160 0.020725
v 0.173990 0.018340 0.018175
v 0.202830 0.028530 0.031245
v 0.199280 0.034940 0.024135
v 0.220480 0.010500 0.050405
v 0.216440 0.008260 0.048395
v 0.216560 0.008110 0.047065
v 0.220210 0.010660 0.048355
v 0.209450 0.023830 0.056815
v 0.211910 0.027020 0.058725
v 0.210520 0.028110 0.055835
v 0.208530 0.024460 0.053775
v 0.209060 0.010980 0.051165
v 0.207480 0.017000 0.053595
v 0.207120 0.017330 0.050065
v 0.209180 0.010980 0.048375
v 0.204940 0.051610 -0.147565
v 0.220360 0.037980 -0.158595
v 0.204470 0.039210 -0.151965
v 0.206060 0.026470 -0.157125
v 0.219570 0.026420 -0.161615
v 0.209350 0.026460 0.045275
v 0.208550 0.025110 0.049795
v 0.210620 0.030110 0.050185
v 0.211730 0.029210 0.044965
v 0.208670 0.010570 0.044785
v 0.209050 0.011020 0.046315
v 0.207260 0.018470 0.047955
v 0.207290 0.019270 0.045825
v 0.211800 0.007580 0.043995
v 0.212190 0.007930 0.045105
v 0.219230 0.010540 0.043615
v 0.219860 0.010820 0.046045
v 0.216260 0.008060 0.045005
v 0.215980 0.007670 0.043435
v 0.221660 0.015940 0.045125
v 0.222730 0.015750 0.047755
v 0.222510 0.022470 0.050115
v 0.220980 0.023030 0.044845
v 0.218810 0.028120 0.045035
v 0.220380 0.028600 0.049915
v 0.223060 0.015210 0.050305
v 0.212400 0.008090 0.047085
v 0.206770 0.016880 -0.155195
v 0.218750 0.017060 -0.159455
v 0.207870 0.008820 -0.150845
v 0.219330 0.009470 -0.155025
v 0.222640 0.021500 0.053525
v 0.220070 0.027180 0.055425
v 0.229860 0.018010 -0.158845
v 0.229020 0.010840 -0.154785
v 0.231370 0.027030 -0.158975
v 0.222920 0.014810 0.052465
v 0.218430 0.026090 0.058375
v 0.222340 0.021110 0.055665
v 0.212490 0.008210 0.048505
v 0.188610 0.064670 -0.077965
v 0.192660 0.063770 -0.059905
v 0.194870 0.071400 -0.058965
v 0.191010 0.073200 -0.077675
v 0.219690 0.024110 0.036595
v 0.217860 0.028880 0.034295
v 0.217690 0.028200 0.037955
v 0.219960 0.023320 0.038845
v 0.205810 0.005510 0.036695
v 0.209680 0.003770 0.034375
v 0.210340 0.005510 0.037815
v 0.206720 0.006680 0.038805
v 0.219280 0.008300 0.037915
v 0.215300 0.005260 0.036815
v 0.215440 0.003870 0.033445
v 0.218300 0.007100 0.035295
v 0.220840 0.014720 0.038195
v 0.220990 0.015170 0.039875
v 0.209070 0.028380 0.038495
v 0.211250 0.029410 0.037635
v 0.211000 0.029990 0.033825
v 0.208350 0.028990 0.035365
v 0.206300 0.064050 -0.143115
v 0.205630 0.019170 0.041695
v 0.204840 0.018320 0.040265
v 0.221080 0.027030 0.030865
v 0.219440 0.031220 0.025215
v 0.203390 0.004440 0.031385
v 0.206130 0.001110 0.027915
v 0.233090 0.037980 -0.156455
v 0.190940 0.049190 -0.098065
v 0.191850 0.044120 -0.118365
v 0.217240 0.005670 0.027275
v 0.220130 0.009470 0.032605
v 0.220640 0.016560 0.035625
v 0.208380 0.032410 0.026065
v 0.205370 0.028130 0.031875
v 0.203420 0.016920 0.036565
v 0.238650 0.016960 0.059245
v 0.234790 0.023040 0.059925
v 0.234630 0.022650 0.061195
v 0.238330 0.017070 0.061415
v 0.227130 0.017570 0.069885
v 0.226580 0.018420 0.068845
v 0.225730 0.015540 0.067695
v 0.226630 0.013760 0.068805
v 0.237100 0.018980 0.063945
v 0.234150 0.021760 0.063155
v 0.233820 0.020230 0.064045
v 0.236350 0.019070 0.064915
v 0.225320 0.010700 0.065485
v 0.224350 0.012250 0.065225
v 0.223850 0.011350 0.059295
v 0.224680 0.008330 0.059465
v 0.238710 0.017180 0.057055
v 0.235230 0.023090 0.057575
v 0.236870 0.011200 0.065515
v 0.234330 0.009320 0.067255
v 0.234360 0.004980 0.059375
v 0.237000 0.008320 0.058985
v 0.235450 0.018210 0.070375
v 0.233230 0.017300 0.072045
v 0.233760 0.013720 0.070795
v 0.235570 0.014640 0.069185
v 0.233790 0.019870 0.064395
v 0.235650 0.019410 0.065045
v 0.236140 0.018870 0.068935
v 0.234640 0.019390 0.068765
v 0.234290 0.019360 0.069845
v 0.228120 0.019000 0.069865
v 0.227880 0.019300 0.069015
v 0.224380 0.011380 0.056315
v 0.225330 0.007960 0.055155
v 0.234280 0.004900 0.053265
v 0.236960 0.008410 0.053695
v 0.228400 0.022890 0.059655
v 0.224610 0.017170 0.059235
v 0.224930 0.018580 0.061905
v 0.228320 0.022330 0.060825
v 0.228550 0.020840 0.062705
v 0.225900 0.018840 0.063065
v 0.227100 0.019470 0.064135
v 0.229290 0.020520 0.063835
v 0.228630 0.023490 0.057555
v 0.224880 0.017230 0.057355
v 0.227930 0.019810 0.064935
v 0.229670 0.020090 0.064235
v 0.229080 0.016870 0.071625
v 0.229090 0.013160 0.070645
v 0.227920 0.009010 0.067225
v 0.227740 0.005190 0.059795
v 0.238040 0.012490 0.064275
v 0.238450 0.011120 0.058855
v 0.236710 0.016270 0.067235
v 0.233320 0.018590 0.071375
v 0.229150 0.018570 0.071335
v 0.228320 0.004800 0.054125
v 0.238260 0.011630 0.054855
v 0.236840 0.009350 0.047725
v 0.233220 0.006870 0.046025
v 0.233410 0.007260 0.044715
v 0.236950 0.009440 0.045545
v 0.225030 0.019230 0.051755
v 0.228770 0.025330 0.053425
v 0.227640 0.026540 0.050925
v 0.224970 0.020500 0.049565
v 0.225860 0.009720 0.047745
v 0.224840 0.013380 0.050325
v 0.224670 0.014210 0.047865
v 0.225720 0.010220 0.046075
v 0.225370 0.021470 0.042745
v 0.225040 0.021340 0.046495
v 0.227530 0.027210 0.045985
v 0.228780 0.027170 0.042015
v 0.225480 0.010560 0.043535
v 0.225560 0.010590 0.044675
v 0.224730 0.014500 0.045685
v 0.225030 0.014570 0.043395
v 0.228760 0.008030 0.042845
v 0.228760 0.007700 0.043865
v 0.236730 0.009390 0.041735
v 0.236890 0.009570 0.043725
v 0.233280 0.007600 0.043285
v 0.233080 0.007720 0.042025
v 0.238350 0.015380 0.041825
v 0.238540 0.015250 0.044235
v 0.238520 0.021290 0.046225
v 0.237900 0.021680 0.042195
v 0.235200 0.026360 0.041995
v 0.236710 0.025280 0.045525
v 0.238370 0.014570 0.046765
v 0.228770 0.007350 0.045155
v 0.238460 0.020410 0.049275
v 0.236840 0.025400 0.050485
v 0.238120 0.013860 0.048745
v 0.235500 0.024380 0.053265
v 0.238280 0.019530 0.051145
v 0.228870 0.006940 0.046415
v 0.236070 0.022440 0.031165
v 0.233660 0.026340 0.029935
v 0.234090 0.025830 0.032935
v 0.236200 0.022240 0.033615
v 0.225250 0.008470 0.037285
v 0.227910 0.004030 0.032995
v 0.228510 0.005620 0.036215
v 0.225020 0.009190 0.039245
v 0.235570 0.007880 0.035175
v 0.232300 0.006130 0.035755
v 0.232520 0.004270 0.030785
v 0.236130 0.008320 0.031305
v 0.237860 0.014070 0.033065
v 0.237410 0.014300 0.034705
v 0.225090 0.022300 0.036425
v 0.227780 0.026920 0.033935
v 0.227710 0.027830 0.030865
v 0.224980 0.023270 0.034525
v 0.224560 0.014220 0.039315
v 0.224030 0.014530 0.037635
v 0.236720 0.024410 0.025665
v 0.233610 0.027890 0.022925
v 0.224220 0.009370 0.032465
v 0.225300 0.002100 0.027415
v 0.233400 0.002150 0.022735
v 0.236880 0.007840 0.027175
v 0.237640 0.015540 0.030105
v 0.226250 0.029950 0.023985
v 0.224210 0.026130 0.030175
v 0.223130 0.016580 0.035455
v 0.252280 0.017220 0.047125
v 0.249170 0.020570 0.047715
v 0.248910 0.020230 0.048855
v 0.251570 0.017430 0.048915
v 0.241830 0.016890 0.055925
v 0.241380 0.017620 0.054445
v 0.240740 0.015830 0.054025
v 0.241190 0.014930 0.055835
v 0.249920 0.018760 0.051145
v 0.248180 0.019800 0.050565
v 0.248090 0.018940 0.051075
v 0.249340 0.018520 0.051685
v 0.240490 0.009920 0.053255
v 0.239050 0.012390 0.050705
v 0.239010 0.012410 0.047345
v 0.239650 0.008250 0.046055
v 0.252170 0.017210 0.045235
v 0.249450 0.021080 0.046385
v 0.252470 0.012150 0.052335
v 0.249950 0.008440 0.053855
v 0.249720 0.004780 0.045895
v 0.252020 0.008950 0.046105
v 0.249710 0.016910 0.055275
v 0.248330 0.016190 0.056645
v 0.249140 0.014010 0.056485
v 0.250270 0.015820 0.055015
v 0.247710 0.018920 0.051705
v 0.248770 0.018370 0.052725
v 0.249940 0.018000 0.053545
v 0.249060 0.018020 0.053635
v 0.249140 0.017850 0.055125
v 0.242210 0.017680 0.055635
v 0.242090 0.017880 0.054395
v 0.239370 0.012220 0.044455
v 0.240880 0.007120 0.041665
v 0.249810 0.005630 0.040205
v 0.251970 0.008740 0.041945
v 0.241990 0.020450 0.047805
v 0.239480 0.017440 0.047895
v 0.239280 0.017030 0.049355
v 0.242180 0.020280 0.048835
v 0.242680 0.019710 0.050445
v 0.240820 0.017740 0.051025
v 0.241610 0.018220 0.051655
v 0.242920 0.018960 0.050965
v 0.241960 0.020780 0.046345
v 0.239740 0.017720 0.046515
v 0.242210 0.018190 0.052465
v 0.243090 0.018630 0.051635
v 0.243110 0.016200 0.056875
v 0.242560 0.014320 0.056975
v 0.243060 0.007730 0.054635
v 0.242210 0.003780 0.045525
v 0.252530 0.014650 0.050395
v 0.252550 0.012770 0.046345
v 0.250610 0.017220 0.053185
v 0.247540 0.017400 0.056115
v 0.243870 0.017210 0.056265
v 0.242900 0.004600 0.040325
v 0.252240 0.012330 0.043385
v 0.251800 0.009500 0.038485
v 0.249550 0.005990 0.037465
v 0.249410 0.006730 0.033205
v 0.252120 0.010650 0.034315
v 0.240380 0.019130 0.041415
v 0.242520 0.022940 0.041085
v 0.241660 0.024090 0.038285
v 0.240280 0.019910 0.037125
v 0.241140 0.006930 0.037185
v 0.239990 0.012390 0.039245
v 0.239260 0.013240 0.035535
v 0.240600 0.008550 0.034055
v 0.240540 0.021180 0.032525
v 0.240180 0.019790 0.034335
v 0.241560 0.025750 0.034805
v 0.242710 0.025020 0.031675
v 0.240590 0.007720 0.031795
v 0.240420 0.008860 0.033085
v 0.239340 0.013210 0.034155
v 0.239480 0.013220 0.032775
v 0.243650 0.005570 0.031655
v 0.243600 0.005760 0.032645
v 0.252560 0.011170 0.030895
v 0.252580 0.011220 0.031985
v 0.249560 0.006850 0.032245
v 0.249120 0.006330 0.031225
v 0.253510 0.014910 0.030895
v 0.253070 0.014940 0.032995
v 0.251930 0.020350 0.034365
v 0.251360 0.020820 0.031315
v 0.249510 0.024210 0.031305
v 0.250620 0.024530 0.035035
v 0.252680 0.014070 0.035525
v 0.243350 0.006060 0.033785
v 0.251740 0.019580 0.037625
v 0.250470 0.023440 0.037975
v 0.251900 0.013170 0.039655
v 0.249380 0.022350 0.041145
v 0.251230 0.019050 0.041615
v 0.243290 0.005370 0.037285
v 0.251790 0.019230 0.021775
v 0.249610 0.023080 0.021035
v 0.249510 0.023330 0.024365
v 0.251560 0.019460 0.024585
v 0.240540 0.005930 0.027065
v 0.242560 0.003090 0.024625
v 0.243040 0.004430 0.027615
v 0.240700 0.006320 0.028275
v 0.251690 0.008740 0.025775
v 0.248890 0.005270 0.025965
v 0.248870 0.003800 0.023005
v 0.251060 0.006560 0.022645
v 0.252820 0.014040 0.023505
v 0.253100 0.014750 0.025605
v 0.240190 0.022100 0.028015
v 0.243010 0.025540 0.025425
v 0.242980 0.026300 0.022255
v 0.240220 0.021950 0.026415
v 0.239740 0.012930 0.030325
v 0.239640 0.012280 0.029315
v 0.251930 0.023000 0.017025
v 0.249020 0.027230 0.015405
v 0.238310 0.008130 0.025675
v 0.239350 0.001570 0.020745
v 0.249120 0.002880 0.015605
v 0.251250 0.004750 0.018355
v 0.252630 0.013840 0.020895
v 0.241670 0.026910 0.017315
v 0.239970 0.024420 0.023815
v 0.238550 0.014810 0.029005
v 0.263710 0.023160 0.017295
v 0.266320 0.018550 0.016575
v 0.267190 0.018530 0.012245
v 0.264870 0.023520 0.013245
v 0.269420 0.018000 0.005965
v 0.266220 0.023860 0.006285
v 0.215660 0.020770 0.071635
v 0.215700 0.020150 0.072405
v 0.261380 0.027260 0.007265
v 0.266480 0.024260 -0.002575
v 0.261680 0.028380 -0.002155
v 0.258820 0.003880 0.015255
v 0.265070 0.005910 0.013265
v 0.266000 0.008460 0.016875
v 0.260690 0.005370 0.017515
v 0.253980 0.012950 0.021145
v 0.255710 0.005380 0.018225
v 0.256980 0.006150 0.019915
v 0.254900 0.012650 0.022825
v 0.267290 0.012780 0.016635
v 0.268150 0.011320 0.012265
v 0.255260 0.019060 0.021845
v 0.254860 0.019300 0.019895
v 0.253420 0.013850 0.020605
v 0.254100 0.004440 0.017085
v 0.263700 0.004260 0.007315
v 0.269210 0.010780 0.005555
v 0.254360 0.023030 0.015875
v 0.215090 0.006960 0.076995
v 0.215000 0.004620 0.064405
v 0.215190 0.023980 0.065635
v 0.215150 0.027740 0.058635
v 0.245890 0.025200 0.038445
v 0.246200 0.026430 0.035045
v 0.215760 0.018460 0.077685
v 0.215780 0.019430 0.073985
v 0.215300 0.029270 0.055975
v 0.231730 0.028340 0.045725
v 0.231640 0.028350 0.041865
v 0.231240 0.021300 0.062945
v 0.231240 0.020370 0.063705
v 0.214120 0.030570 0.032735
v 0.214400 0.029780 0.037285
v 0.215420 0.022700 0.068065
v 0.213530 0.033600 0.022305
v 0.215740 0.014940 0.080855
v 0.215670 0.012640 0.080485
v 0.231050 0.006900 0.046215
v 0.231080 0.007300 0.044935
v 0.215150 0.030050 0.044735
v 0.215380 0.021980 0.069565
v 0.194390 0.028930 -0.142005
v 0.195550 0.040660 -0.138525
v 0.231650 0.024360 0.057795
v 0.231190 0.023140 0.059795
v 0.242180 0.027580 -0.154955
v 0.243610 0.038070 -0.151245
v 0.236700 0.066890 -0.050285
v 0.241180 0.064980 -0.055295
v 0.242830 0.078960 -0.071365
v 0.236440 0.080090 -0.064535
v 0.259040 0.079280 -0.116225
v 0.250230 0.079700 -0.126465
v 0.245390 0.061280 -0.061385
v 0.218770 0.070580 -0.041925
v 0.223740 0.068580 -0.042785
v 0.222330 0.082390 -0.056375
v 0.217220 0.084270 -0.055825
v 0.250410 0.027870 -0.145935
v 0.251100 0.037910 -0.143275
v 0.228250 0.068020 -0.044465
v 0.232610 0.067490 -0.046795
v 0.232190 0.081390 -0.059185
v 0.227430 0.081850 -0.057335
v 0.220770 0.094550 -0.064205
v 0.226270 0.093720 -0.065665
v 0.231450 0.093550 -0.067255
v 0.215390 0.096180 -0.064375
v 0.248870 0.058110 -0.133445
v 0.244820 0.059300 -0.143945
v 0.243490 0.069960 -0.139015
v 0.250320 0.068820 -0.128195
v 0.243360 0.092080 -0.079175
v 0.197250 0.067490 -0.041075
v 0.201280 0.071370 -0.040875
v 0.197630 0.078720 -0.059265
v 0.237250 0.092970 -0.072675
v 0.188830 0.039130 -0.066095
v 0.190920 0.029350 -0.069445
v 0.189010 0.027970 -0.051975
v 0.184990 0.035650 -0.049045
v 0.185280 0.044860 -0.046285
v 0.187320 0.046140 -0.063705
v 0.259920 0.068180 -0.117725
v 0.261240 0.030820 -0.042515
v 0.269100 0.019880 -0.015035
v 0.269740 0.013070 -0.016075
v 0.264910 0.020610 -0.043825
v 0.255670 0.037870 -0.041295
v 0.264590 0.029470 -0.015755
v 0.260760 0.031810 -0.072965
v 0.262170 0.023700 -0.075435
v 0.259150 0.029590 -0.098535
v 0.258910 0.038680 -0.095625
v 0.189660 0.014400 -0.033885
v 0.185210 0.019870 -0.030235
v 0.193890 0.020730 -0.054985
v 0.199330 0.013230 -0.033405
v 0.201660 0.016190 -0.056825
v 0.207590 0.010340 -0.033695
v 0.209670 0.012290 -0.058985
v 0.217540 0.010140 -0.061395
v 0.216530 0.010190 -0.034505
v 0.225410 0.008230 -0.065315
v 0.223570 0.009260 -0.036815
v 0.232350 0.005940 -0.068605
v 0.230900 0.007960 -0.039065
v 0.257890 0.014100 -0.102005
v 0.259000 0.021750 -0.100565
v 0.261120 0.016440 -0.077305
v 0.260120 0.009050 -0.079155
v 0.254300 0.007160 -0.102445
v 0.252080 0.004790 -0.075845
v 0.253760 0.042540 -0.038615
v 0.259170 0.034470 -0.014265
v 0.248580 0.048480 -0.035865
v 0.252680 0.036270 -0.012805
v 0.243530 0.050280 -0.033275
v 0.246520 0.038200 -0.011675
v 0.237090 0.006690 -0.041445
v 0.238820 0.004760 -0.071465
v 0.245140 0.003890 -0.073815
v 0.243010 0.006250 -0.043395
v 0.214230 0.007990 0.045025
v 0.213890 0.007630 0.043695
v 0.212620 0.003810 0.033815
v 0.212820 0.005380 0.037285
v 0.197080 0.053190 -0.134255
v 0.199040 0.065530 -0.130285
v 0.238600 0.051360 -0.030885
v 0.241640 0.038740 -0.010845
v 0.249290 0.005770 -0.044735
v 0.256270 0.004970 -0.045015
v 0.261290 0.007980 -0.044795
v 0.252750 0.011370 -0.136175
v 0.246410 0.011710 -0.148215
v 0.248890 0.018680 -0.148865
v 0.255820 0.018420 -0.136075
v 0.265010 0.012570 -0.044605
v 0.233200 0.051590 -0.028075
v 0.236540 0.039120 -0.008485
v 0.228920 0.052740 -0.026095
v 0.231860 0.039780 -0.006775
v 0.225150 0.053820 -0.025125
v 0.227040 0.041910 -0.006365
v 0.220320 0.055770 -0.024185
v 0.222390 0.043010 -0.005515
v 0.216800 0.045860 -0.004315
v 0.215400 0.057580 -0.023645
v 0.209620 0.059570 -0.022955
v 0.211390 0.047850 -0.003925
v 0.203540 0.060690 -0.020855
v 0.205630 0.049090 -0.004035
v 0.240430 0.018570 -0.156795
v 0.238360 0.011630 -0.153155
v 0.253910 0.057480 -0.119855
v 0.244330 0.048440 -0.148385
v 0.195020 0.016790 -0.145355
v 0.198080 0.059460 -0.019885
v 0.199080 0.053350 -0.004055
v 0.191890 0.050090 -0.005205
v 0.192670 0.054190 -0.020515
v 0.197390 0.008710 -0.141265
v 0.187370 0.046740 -0.023445
v 0.185790 0.042160 -0.008325
v 0.201400 0.112340 -0.078485
v 0.204810 0.099410 -0.071535
v 0.210470 0.097860 -0.067635
v 0.206740 0.112000 -0.074835
v 0.191030 0.035960 -0.083055
v 0.189330 0.044450 -0.081295
v 0.190060 0.055550 -0.061535
v 0.187460 0.053490 -0.043765
v 0.192690 0.061610 -0.042085
v 0.194850 0.113960 -0.089685
v 0.218910 0.076200 -0.149235
v 0.219220 0.086160 -0.148035
v 0.233250 0.083350 -0.147585
v 0.233740 0.073230 -0.149215
v 0.188870 0.055050 -0.079235
v 0.250530 0.047810 -0.139055
v 0.196580 0.102510 -0.085555
v 0.195200 0.091010 -0.080945
v 0.199590 0.077980 -0.127275
v 0.207060 0.076990 -0.139445
v 0.198770 0.089260 -0.125865
v 0.207110 0.087810 -0.137675
v 0.216830 0.107340 -0.145515
v 0.231370 0.105580 -0.145485
v 0.197140 0.111690 -0.126285
v 0.204130 0.110370 -0.136535
v 0.189470 0.128490 -0.115575
v 0.190850 0.129620 -0.104165
v 0.258570 0.038450 -0.112945
v 0.260580 0.028810 -0.117375
v 0.257140 0.027930 -0.133115
v 0.256450 0.038470 -0.128925
v 0.260250 0.019970 -0.120135
v 0.257570 0.012610 -0.120745
v 0.239500 0.105970 -0.137075
v 0.242360 0.092250 -0.136275
v 0.242710 0.080810 -0.136645
v 0.233420 0.093850 -0.145955
v 0.219630 0.096070 -0.147015
v 0.199080 0.100410 -0.125705
v 0.207070 0.098580 -0.136885
v 0.255480 0.047140 -0.108595
v 0.254180 0.047790 -0.123555
v 0.257880 0.040150 -0.069865
v 0.215960 0.017440 0.079595
v 0.192150 0.025790 -0.085345
v 0.254760 0.046240 -0.067115
v 0.193330 0.081620 -0.078555
v 0.189470 0.081630 -0.094415
v 0.191290 0.091870 -0.095275
v 0.193080 0.102920 -0.097605
v 0.009170 0.776280 -0.066085
v 0.015190 0.775750 -0.067345
v 0.193250 0.113670 -0.100555
v 0.256140 0.046690 -0.092065
v 0.183630 0.038890 -0.025415
v 0.181380 0.033730 -0.010255
v 0.251700 0.006740 -0.119575
v 0.247840 0.006260 -0.134325
v 0.244190 0.007220 -0.145795
v 0.250110 0.053830 -0.064765
v 0.182280 0.028050 -0.028505
v 0.180200 0.023070 -0.011535
v 0.256990 0.024910 0.017415
v 0.257660 0.024420 0.019835
v 0.256550 0.025790 0.011755
v 0.260940 0.025930 0.018365
v 0.261050 0.026070 0.014855
v 0.245810 0.016080 0.056775
v 0.245980 0.013700 0.056705
v 0.245360 0.018160 0.054255
v 0.245320 0.018580 0.053035
v 0.215280 0.006720 0.057405
v 0.181400 0.012590 -0.011355
v 0.186500 0.008240 -0.009335
v 0.194620 0.004490 -0.007585
v 0.203590 0.002180 -0.006115
v 0.215640 0.021310 0.071095
v 0.246360 0.005120 0.040265
v 0.246260 0.004400 0.036975
v 0.246530 0.003660 -0.100715
v 0.192200 0.080010 -0.110625
v 0.190790 0.091330 -0.110165
v 0.192460 0.102260 -0.111325
v 0.192230 0.112850 -0.113325
v 0.211740 0.002850 -0.005385
v 0.219530 0.003840 -0.006155
v 0.229020 0.004820 -0.007375
v 0.235210 0.005060 -0.009275
v 0.195010 0.020390 -0.073185
v 0.202500 0.015260 -0.075765
v 0.209340 0.010570 -0.080345
v 0.216400 0.007510 -0.084165
v 0.232270 0.003600 -0.094105
v 0.239700 0.002400 -0.098545
v 0.222970 0.004920 -0.088105
v 0.221510 0.003450 -0.147455
v 0.209120 0.002770 -0.143065
v 0.198120 0.013910 -0.100955
v 0.195650 0.017300 -0.087565
v 0.237860 0.005910 -0.148575
v 0.229930 0.004600 -0.149325
v 0.201310 0.003470 -0.130725
v 0.245180 0.004410 -0.117875
v 0.238110 0.002160 -0.116105
v 0.233180 0.002400 -0.132205
v 0.241320 0.004690 -0.134385
v 0.220210 0.002310 -0.108075
v 0.212780 0.004350 -0.103005
v 0.207310 0.001770 -0.119995
v 0.215790 0.001080 -0.125615
v 0.230170 0.001500 -0.113015
v 0.205450 0.009330 -0.097245
v 0.226110 0.001480 -0.130185
v 0.201370 0.013820 -0.087405
v 0.197150 0.007630 -0.117025
v 0.241160 0.004920 -0.011435
v 0.246720 0.004400 -0.013365
v 0.245570 0.002380 0.023735
v 0.245750 0.005300 0.026825
v 0.196150 0.016060 0.079985
v 0.196250 0.014460 0.080775
v 0.196250 0.010300 0.079375
v 0.190910 0.040330 0.019885
v 0.190790 0.035300 0.032295
v 0.192710 0.030210 0.049295
v 0.192720 0.029590 0.051875
v 0.193940 0.026090 0.060405
v 0.194210 0.024560 0.062715
v 0.194230 0.023370 0.063435
v 0.194450 0.022170 0.064675
v 0.195270 0.020860 0.069555
v 0.195690 0.017330 0.078585
v 0.195570 0.018600 0.077505
v 0.188760 0.004080 0.032345
v 0.190500 0.004220 0.045365
v 0.195530 0.003710 0.073635
v 0.194070 0.002360 0.067335
v 0.190150 0.001600 0.021845
v 0.188660 0.002870 0.026995
v 0.191070 0.002870 0.048035
v 0.191410 0.001410 0.050935
v 0.192270 0.001600 0.055115
v 0.212980 0.000380 0.020925
v 0.214480 0.008100 0.047075
v 0.214460 0.008230 0.048445
v 0.215870 0.015960 0.079935
v 0.215480 0.030790 0.049975
v 0.252570 0.003460 -0.014535
v 0.259520 0.002320 -0.015675
v 0.266770 0.006230 -0.016045
v 0.229900 0.029510 0.020805
v 0.230920 0.028170 0.029195
v 0.231090 0.027990 0.032415
v 0.231750 0.027190 0.050905
v 0.231800 0.026040 0.053645
v 0.231120 0.022620 0.061025
v 0.231240 0.020000 0.064165
v 0.231450 0.019530 0.065685
v 0.231460 0.019210 0.069615
v 0.231450 0.019380 0.068645
v 0.231260 0.018560 0.071485
v 0.231420 0.016800 0.072115
v 0.231550 0.013260 0.071455
v 0.231300 0.004860 0.053695
v 0.230920 0.007870 0.042445
v 0.230410 0.005870 0.035995
v 0.245160 0.028560 0.013705
v 0.246250 0.026610 0.020575
v 0.246710 0.025660 0.024475
v 0.246280 0.004910 0.031605
v 0.246260 0.026180 0.031585
v 0.245570 0.023650 0.041485
v 0.245710 0.022550 0.046705
v 0.245580 0.021900 0.048055
v 0.245540 0.021330 0.049075
v 0.245430 0.020480 0.050655
v 0.245510 0.019820 0.051425
v 0.245440 0.018960 0.051785
v 0.245490 0.017790 0.055325
v 0.245710 0.017310 0.056195
v 0.246310 0.007440 0.054875
v 0.245970 0.004280 0.045715
v 0.246340 0.005120 0.033715
v 0.246170 0.004960 0.032455
v 0.244170 0.000970 0.015135
v 0.231150 0.008390 0.068165
v 0.231050 0.005080 0.059585
v 0.231020 0.007650 0.043575
v 0.230210 0.004150 0.031895
v 0.228340 0.001380 0.021205
v 0.159140 0.255350 -0.114965
v 0.155720 0.256080 -0.131335
v 0.145660 0.284220 -0.114975
v 0.143010 0.286030 -0.133955
v 0.136290 0.312260 -0.114725
v 0.135180 0.315310 -0.134765
v 0.130980 0.338580 -0.113165
v 0.130880 0.341930 -0.132275
v 0.127330 0.362770 -0.109945
v 0.128150 0.365540 -0.127725
v 0.123840 0.386330 -0.107195
v 0.126730 0.389160 -0.123565
v 0.118110 0.407070 -0.104175
v 0.121250 0.409810 -0.119835
v 0.112170 0.425490 -0.100435
v 0.116920 0.428290 -0.115735
v 0.106520 0.441770 -0.099105
v 0.113280 0.444350 -0.112865
v 0.102900 0.456730 -0.097595
v 0.109670 0.458700 -0.111855
v 0.099870 0.471610 -0.096585
v 0.106670 0.472940 -0.111385
v 0.097380 0.488030 -0.095265
v 0.102720 0.488990 -0.112365
v 0.091250 0.512900 -0.095705
v 0.095680 0.513860 -0.113245
v 0.081820 0.550590 -0.098055
v 0.084860 0.552200 -0.116085
v 0.185410 0.718580 -0.109745
v 0.188540 0.678300 -0.107125
v 0.193930 0.678050 -0.082545
v 0.195360 0.637810 -0.082455
v 0.191510 0.638190 -0.104375
v 0.192410 0.718240 -0.083165
v 0.196380 0.718200 -0.057245
v 0.197930 0.679120 -0.058555
v 0.193910 0.716320 -0.031895
v 0.196840 0.678820 -0.034035
v 0.042430 0.707070 -0.099765
v 0.049900 0.711740 -0.121615
v 0.056250 0.694250 -0.122135
v 0.049130 0.689080 -0.100865
v 0.036230 0.722780 -0.098125
v 0.043630 0.726680 -0.120775
v 0.030990 0.737910 -0.096065
v 0.037190 0.740320 -0.119585
v 0.025850 0.752010 -0.093355
v 0.029510 0.752780 -0.117185
v 0.020860 0.764790 -0.088655
v 0.021360 0.762950 -0.113125
v 0.016050 0.773490 -0.086465
v 0.014090 0.772160 -0.106655
v 0.008200 0.774510 -0.085315
v 0.006970 0.772020 -0.103815
v 0.257710 0.006400 0.023815
v 0.255620 0.009190 0.024725
v 0.258130 0.006240 0.020635
v 0.260270 0.005950 0.023745
v 0.260090 0.006060 0.019785
v 0.177100 0.020700 0.003315
v 0.178470 0.030540 0.005595
v 0.270330 0.018500 -0.003235
v 0.182740 0.038690 0.006865
v 0.191090 0.045520 0.009855
v 0.199270 0.042820 0.009845
v 0.206870 0.040020 0.011385
v 0.212700 0.039300 0.011005
v 0.217790 0.037760 0.011225
v 0.223850 0.035540 0.009855
v 0.228700 0.033460 0.007725
v 0.233330 0.031600 0.006635
v 0.239380 0.032440 0.004515
v 0.243810 0.033230 0.002465
v 0.248450 0.030840 0.001335
v 0.264890 0.005440 -0.002185
v 0.270190 0.011630 -0.003425
v 0.178940 0.010740 0.002985
v 0.183410 0.005720 0.004195
v 0.192390 0.003040 0.007125
v 0.201790 0.001090 0.009915
v 0.209200 0.002000 0.011445
v 0.250880 0.003210 0.001545
v 0.257390 0.003020 -0.000635
v 0.245900 0.004130 0.003215
v 0.239450 0.001850 0.006275
v 0.234660 0.003960 0.007675
v 0.227940 0.003790 0.009955
v 0.215340 0.001050 0.010025
v 0.265150 0.016450 0.035825
v 0.263200 0.018490 0.036025
v 0.262860 0.018050 0.036685
v 0.264950 0.015850 0.037255
v 0.256350 0.014860 0.043915
v 0.255970 0.015270 0.042405
v 0.255150 0.014690 0.042095
v 0.255590 0.013820 0.044025
v 0.263780 0.016600 0.038975
v 0.262610 0.016850 0.037115
v 0.262230 0.016740 0.037585
v 0.263080 0.016440 0.039355
v 0.254810 0.009720 0.041015
v 0.253780 0.011510 0.040035
v 0.252800 0.012160 0.036465
v 0.253950 0.008820 0.034625
v 0.265370 0.016570 0.034645
v 0.263420 0.019050 0.035295
v 0.265680 0.010800 0.039185
v 0.264220 0.008540 0.040415
v 0.264710 0.006760 0.034285
v 0.266620 0.009530 0.034915
v 0.263560 0.015450 0.042805
v 0.262170 0.014350 0.044855
v 0.262550 0.012980 0.044765
v 0.264240 0.014340 0.042605
v 0.261820 0.016540 0.038045
v 0.262550 0.016450 0.039935
v 0.263540 0.016110 0.041285
v 0.262760 0.016080 0.041335
v 0.262470 0.015520 0.042685
v 0.257030 0.015510 0.043635
v 0.256530 0.015850 0.042585
v 0.253200 0.012530 0.034365
v 0.254050 0.008430 0.033805
v 0.264880 0.006830 0.033215
v 0.266660 0.009650 0.033445
v 0.256400 0.018460 0.036565
v 0.253390 0.015840 0.036235
v 0.254360 0.015460 0.038325
v 0.256510 0.018020 0.037315
v 0.256350 0.016470 0.037715
v 0.255560 0.015530 0.039815
v 0.256020 0.015810 0.040135
v 0.256650 0.016340 0.038085
v 0.256540 0.019500 0.035645
v 0.253450 0.016190 0.035245
v 0.256700 0.016220 0.040435
v 0.256810 0.016170 0.038435
v 0.257840 0.014310 0.045275
v 0.257260 0.013070 0.045675
v 0.257370 0.007380 0.041775
v 0.256840 0.004800 0.033815
v 0.265490 0.013500 0.037935
v 0.266230 0.013350 0.035555
v 0.264230 0.015510 0.040875
v 0.261670 0.015190 0.043865
v 0.258000 0.015180 0.044515
v 0.257130 0.004570 0.032805
v 0.266430 0.013090 0.034205
v 0.266830 0.010130 0.032525
v 0.265030 0.007060 0.032185
v 0.264260 0.007500 0.028555
v 0.267470 0.011580 0.029875
v 0.253780 0.016830 0.033495
v 0.256570 0.020550 0.034225
v 0.257030 0.022010 0.032245
v 0.254430 0.018240 0.031125
v 0.254320 0.008090 0.032545
v 0.253560 0.012660 0.032965
v 0.253930 0.013480 0.030405
v 0.254600 0.008870 0.029465
v 0.254980 0.019360 0.027045
v 0.254770 0.018550 0.028685
v 0.256550 0.022980 0.030145
v 0.256890 0.023290 0.026955
v 0.255240 0.009380 0.025885
v 0.254950 0.009460 0.026895
v 0.254330 0.013620 0.027915
v 0.254470 0.013570 0.026985
v 0.257390 0.005700 0.024855
v 0.257060 0.005420 0.025575
v 0.267740 0.011740 0.026595
v 0.267650 0.011850 0.027295
v 0.264030 0.008260 0.025575
v 0.263950 0.008370 0.024465
v 0.267810 0.015440 0.026995
v 0.267350 0.015660 0.028615
v 0.265640 0.019260 0.029985
v 0.265920 0.020080 0.027635
v 0.264450 0.022610 0.027635
v 0.264260 0.022500 0.030885
v 0.266840 0.014510 0.030625
v 0.257050 0.004420 0.028825
v 0.265200 0.018740 0.031805
v 0.263160 0.021060 0.032445
v 0.266320 0.013560 0.033105
v 0.263230 0.020360 0.033985
v 0.265230 0.017710 0.033415
v 0.257320 0.004460 0.031805
v 0.259920 0.022100 0.032705
v 0.260410 0.022500 0.030485
v 0.259810 0.014000 0.045365
v 0.259770 0.012390 0.046185
v 0.259530 0.016110 0.041955
v 0.259140 0.016430 0.040415
v 0.266100 0.020360 0.024465
v 0.263810 0.023850 0.024475
v 0.260430 0.003910 0.032245
v 0.260560 0.003700 0.031265
v 0.267590 0.015500 0.024365
v 0.267850 0.011930 0.024745
v 0.264050 0.008560 0.023765
v 0.260620 0.005830 0.024415
v 0.254650 0.013470 0.025855
v 0.260700 0.023640 0.027145
v 0.259750 0.020500 0.034045
v 0.259370 0.019500 0.035325
v 0.259170 0.019690 0.036215
v 0.259050 0.019000 0.036815
v 0.259030 0.016670 0.037175
v 0.259160 0.016520 0.037695
v 0.259190 0.016420 0.038175
v 0.259560 0.015800 0.043155
v 0.259610 0.015040 0.044375
v 0.260130 0.007460 0.041685
v 0.260400 0.004090 0.032945
v 0.261290 0.004630 0.028635
v 0.260660 0.005480 0.025415
v 0.255010 0.019300 0.025425
v 0.257790 0.023660 0.023925
v 0.260930 0.024720 0.024155
v 0.255810 0.030380 -0.000275
v 0.256220 0.002680 0.010085
v 0.203000 0.005450 -0.112355
v 0.186220 0.675970 -0.013295
v 0.187860 0.637790 -0.017195
v 0.197310 0.639900 -0.037845
v 0.182520 0.711980 -0.011215
v 0.163350 0.705820 0.000985
v 0.168580 0.670820 0.001505
v 0.136320 0.697570 0.002365
v 0.141360 0.662890 0.002775
v 0.146610 0.626280 0.000925
v 0.170800 0.632570 -0.002705
v 0.122060 0.617100 -0.003255
v 0.056260 0.659550 -0.079705
v 0.058030 0.662170 -0.056405
v 0.197140 0.638600 -0.061245
v 0.182160 0.638100 -0.128455
v 0.122130 0.617680 -0.154975
v 0.104090 0.607630 -0.148065
v 0.088820 0.598290 -0.134785
v 0.077680 0.591750 -0.118365
v 0.098260 0.607140 -0.014305
f 1 2 3
f 1 3 4
f 5 6 7
f 5 7 8
f 9 1 6
f 9 6 10
f 10 6 5
f 10 5 11
f 12 10 11
f 12 11 13
f 14 9 10
f 14 10 12
f 15 12 13
f 15 13 16
f 17 14 12
f 17 12 15
f 18 15 16
f 18 16 19
f 20 17 15
f 20 15 18
f 21 18 19
f 21 19 22
f 23 20 18
f 23 18 21
f 24 21 22
f 24 22 25
f 26 23 21
f 26 21 24
f 27 24 25
f 27 25 28
f 29 26 24
f 29 24 27
f 30 27 28
f 30 28 31
f 32 29 27
f 32 27 30
f 33 30 31
f 33 31 34
f 35 32 30
f 35 30 33
f 36 37 38
f 36 38 39
f 40 41 37
f 40 37 36
f 42 43 44
f 42 44 45
f 45 44 46
f 45 46 47
f 48 42 45
f 48 45 49
f 49 45 47
f 49 47 50
f 51 48 49
f 51 49 52
f 52 49 50
f 52 50 53
f 54 4 3
f 54 3 55
f 56 8 7
f 56 7 57
f 58 56 57
f 58 57 59
f 60 54 55
f 60 55 61
f 62 58 59
f 62 59 63
f 64 60 61
f 64 61 65
f 66 62 63
f 66 63 67
f 68 64 65
f 68 65 69
f 70 71 72
f 70 72 73
f 74 75 76
f 74 76 77
f 78 70 73
f 78 73 79
f 80 74 77
f 80 77 81
f 82 78 79
f 82 79 83
f 84 80 81
f 84 81 85
f 86 39 38
f 86 38 87
f 88 53 50
f 88 50 89
f 89 50 47
f 89 47 90
f 90 91 92
f 90 92 93
f 94 34 31
f 94 31 95
f 95 31 28
f 95 28 96
f 96 28 25
f 96 25 97
f 97 25 22
f 97 22 98
f 98 22 19
f 98 19 99
f 99 19 16
f 99 16 100
f 101 13 11
f 101 11 102
f 103 5 8
f 103 8 104
f 104 8 56
f 104 56 105
f 102 11 5
f 102 5 103
f 106 58 62
f 106 62 107
f 105 56 58
f 105 58 106
f 100 101 108
f 100 108 109
f 110 71 70
f 110 70 111
f 111 70 78
f 111 78 112
f 112 78 82
f 112 82 113
f 114 110 115
f 114 115 116
f 71 66 67
f 71 67 72
f 75 68 69
f 75 69 76
f 107 114 116
f 107 116 117
f 118 116 115
f 118 115 119
f 119 115 120
f 119 120 121
f 121 120 122
f 121 122 123
f 123 122 124
f 123 124 125
f 126 127 128
f 126 128 129
f 130 131 132
f 130 132 133
f 133 132 134
f 133 134 135
f 129 128 131
f 129 131 130
f 136 126 129
f 136 129 137
f 137 129 130
f 137 130 138
f 138 130 133
f 138 133 139
f 139 133 135
f 139 135 140
f 141 136 137
f 141 137 142
f 143 144 145
f 143 145 140
f 142 137 138
f 142 138 146
f 146 138 139
f 146 139 147
f 147 139 140
f 147 140 145
f 148 141 142
f 148 142 149
f 144 150 151
f 144 151 145
f 149 142 146
f 149 146 152
f 152 146 147
f 152 147 153
f 153 147 145
f 153 145 151
f 92 154 155
f 92 155 93
f 156 157 93
f 156 93 155
f 158 159 157
f 158 157 156
f 160 161 162
f 160 162 163
f 164 165 166
f 164 166 167
f 168 169 170
f 168 170 171
f 167 166 172
f 167 172 173
f 171 170 165
f 171 165 164
f 173 172 109
f 173 109 174
f 175 108 176
f 175 176 177
f 178 179 180
f 178 180 181
f 177 176 182
f 177 182 183
f 184 185 179
f 184 179 178
f 181 180 117
f 181 117 186
f 183 182 185
f 183 185 184
f 118 186 117
f 118 117 116
f 109 108 175
f 109 175 174
f 127 126 187
f 127 187 188
f 126 136 189
f 126 189 187
f 136 141 190
f 136 190 189
f 141 148 191
f 141 191 190
f 192 193 194
f 192 194 195
f 196 197 193
f 196 193 192
f 198 199 200
f 198 200 201
f 202 203 199
f 202 199 198
f 201 200 197
f 201 197 196
f 188 187 195
f 188 195 194
f 204 205 206
f 204 206 207
f 207 206 208
f 207 208 209
f 210 211 205
f 210 205 204
f 209 208 212
f 209 212 213
f 213 212 214
f 213 214 215
f 203 202 215
f 203 215 214
f 216 202 198
f 216 198 217
f 202 216 218
f 202 218 215
f 219 196 192
f 219 192 220
f 220 192 195
f 220 195 221
f 222 204 207
f 222 207 223
f 223 207 209
f 223 209 224
f 225 210 204
f 225 204 222
f 224 209 213
f 224 213 226
f 227 201 196
f 227 196 219
f 228 229 210
f 228 210 225
f 226 213 215
f 226 215 218
f 217 198 201
f 217 201 227
f 187 189 221
f 187 221 195
f 189 190 230
f 189 230 221
f 190 191 231
f 190 231 230
f 232 216 217
f 232 217 233
f 233 217 227
f 233 227 234
f 234 227 219
f 234 219 235
f 236 230 231
f 236 231 237
f 238 220 236
f 238 236 239
f 240 234 235
f 240 235 241
f 220 221 230
f 220 230 236
f 242 232 233
f 242 233 243
f 239 236 237
f 239 237 244
f 243 233 234
f 243 234 240
f 245 238 239
f 245 239 246
f 246 239 244
f 246 244 247
f 248 249 250
f 248 250 251
f 251 250 252
f 251 252 253
f 253 252 254
f 253 254 255
f 256 225 222
f 256 222 257
f 258 223 224
f 258 224 259
f 257 222 223
f 257 223 258
f 260 226 218
f 260 218 261
f 262 228 225
f 262 225 256
f 259 224 226
f 259 226 260
f 263 260 261
f 263 261 264
f 265 259 260
f 265 260 263
f 266 258 259
f 266 259 265
f 232 261 218
f 232 218 216
f 232 242 264
f 232 264 261
f 267 268 269
f 267 269 270
f 248 271 272
f 248 272 270
f 273 249 269
f 273 269 274
f 275 267 276
f 275 276 277
f 278 279 280
f 278 280 281
f 282 283 284
f 282 284 285
f 286 287 288
f 286 288 289
f 290 286 289
f 290 289 291
f 292 293 289
f 292 289 288
f 291 289 293
f 291 293 294
f 295 296 284
f 295 284 297
f 298 299 300
f 298 300 297
f 300 301 295
f 300 295 297
f 296 302 285
f 296 285 284
f 283 298 297
f 283 297 284
f 303 304 305
f 303 305 306
f 301 292 288
f 301 288 295
f 307 308 309
f 307 309 310
f 311 312 313
f 311 313 314
f 315 316 317
f 315 317 318
f 308 319 320
f 308 320 309
f 321 322 318
f 321 318 317
f 316 323 324
f 316 324 317
f 319 325 326
f 319 326 320
f 327 321 317
f 327 317 324
f 323 328 329
f 323 329 324
f 325 330 331
f 325 331 326
f 332 327 324
f 332 324 329
f 333 334 335
f 333 335 336
f 337 333 338
f 337 338 339
f 340 341 307
f 340 307 342
f 343 344 345
f 343 345 346
f 347 343 346
f 347 346 348
f 308 307 341
f 308 341 349
f 319 308 349
f 319 349 350
f 325 319 350
f 325 350 351
f 330 325 351
f 330 351 352
f 336 330 352
f 336 352 353
f 333 336 353
f 333 353 338
f 337 339 347
f 337 347 348
f 313 348 346
f 313 346 314
f 314 346 345
f 314 345 354
f 355 356 357
f 355 357 358
f 342 359 354
f 342 354 345
f 360 287 286
f 360 286 361
f 290 362 363
f 290 363 364
f 362 365 366
f 362 366 363
f 367 337 348
f 367 348 313
f 368 369 370
f 368 370 371
f 328 372 373
f 328 373 329
f 374 332 329
f 374 329 373
f 339 375 376
f 339 376 347
f 375 339 338
f 375 338 377
f 351 378 379
f 351 379 352
f 341 380 381
f 341 381 349
f 382 343 347
f 382 347 376
f 349 381 383
f 349 383 350
f 340 384 380
f 340 380 341
f 352 379 385
f 352 385 353
f 386 344 343
f 386 343 382
f 377 338 353
f 377 353 385
f 350 383 378
f 350 378 351
f 387 374 373
f 387 373 388
f 389 390 391
f 389 391 392
f 393 394 395
f 393 395 396
f 336 335 331
f 336 331 330
f 334 333 337
f 334 337 367
f 344 340 342
f 344 342 345
f 307 310 359
f 307 359 342
f 344 386 384
f 344 384 340
f 397 398 394
f 397 394 393
f 399 400 401
f 399 401 402
f 403 387 388
f 403 388 404
f 379 405 406
f 379 406 385
f 407 382 376
f 407 376 408
f 409 377 385
f 409 385 406
f 375 410 408
f 375 408 376
f 380 411 412
f 380 412 381
f 381 412 413
f 381 413 383
f 410 375 377
f 410 377 409
f 414 384 386
f 414 386 415
f 383 413 416
f 383 416 378
f 384 414 411
f 384 411 380
f 378 416 405
f 378 405 379
f 415 386 382
f 415 382 407
f 417 414 415
f 417 415 418
f 418 415 407
f 418 407 419
f 420 417 418
f 420 418 421
f 421 418 419
f 421 419 422
f 417 412 411
f 417 411 414
f 407 408 410
f 407 410 419
f 410 409 422
f 410 422 419
f 422 409 406
f 422 406 405
f 421 422 405
f 421 405 416
f 420 421 416
f 420 416 413
f 417 420 413
f 417 413 412
f 398 423 424
f 398 424 394
f 394 424 425
f 394 425 395
f 392 391 426
f 392 426 427
f 428 404 388
f 428 388 429
f 427 430 431
f 427 431 432
f 430 433 434
f 430 434 431
f 435 436 437
f 435 437 438
f 436 439 440
f 436 440 437
f 439 441 442
f 439 442 440
f 443 444 445
f 443 445 446
f 447 443 446
f 447 446 448
f 449 450 451
f 449 451 452
f 453 449 452
f 453 452 454
f 455 456 457
f 455 457 458
f 459 460 461
f 459 461 462
f 463 430 427
f 463 427 426
f 433 430 463
f 433 463 464
f 435 433 464
f 435 464 465
f 439 436 466
f 439 466 467
f 441 439 467
f 441 467 468
f 469 470 471
f 469 471 472
f 473 474 456
f 473 456 455
f 462 461 475
f 462 475 476
f 397 393 458
f 397 458 457
f 477 478 479
f 477 479 480
f 481 482 483
f 481 483 484
f 485 486 487
f 485 487 488
f 489 490 491
f 489 491 492
f 493 494 495
f 493 495 496
f 497 498 499
f 497 499 500
f 501 502 503
f 501 503 504
f 505 497 500
f 505 500 506
f 507 501 504
f 507 504 508
f 509 505 506
f 509 506 510
f 511 507 508
f 511 508 512
f 513 509 510
f 513 510 514
f 515 511 512
f 515 512 516
f 517 518 499
f 517 499 488
f 500 499 518
f 500 518 519
f 506 500 519
f 506 519 520
f 510 506 520
f 510 520 521
f 514 510 521
f 514 521 522
f 496 495 482
f 496 482 481
f 502 501 479
f 502 479 523
f 480 479 501
f 480 501 507
f 507 511 402
f 507 402 480
f 399 402 511
f 399 511 515
f 524 455 458
f 524 458 525
f 526 462 476
f 526 476 527
f 528 473 455
f 528 455 524
f 393 396 525
f 393 525 458
f 529 530 525
f 529 525 396
f 524 525 530
f 524 530 531
f 528 524 531
f 528 531 532
f 532 533 527
f 532 527 528
f 526 527 533
f 526 533 534
f 535 532 531
f 535 531 536
f 536 531 530
f 536 530 537
f 538 539 540
f 538 540 541
f 529 542 537
f 529 537 530
f 543 534 533
f 543 533 544
f 433 435 438
f 433 438 434
f 450 447 448
f 450 448 451
f 436 435 465
f 436 465 466
f 476 475 474
f 476 474 473
f 484 483 486
f 484 486 485
f 504 503 498
f 504 498 497
f 508 504 497
f 508 497 505
f 512 508 505
f 512 505 509
f 516 512 509
f 516 509 513
f 527 476 473
f 527 473 528
f 534 545 546
f 534 546 526
f 544 533 532
f 544 532 535
f 545 534 543
f 545 543 547
f 518 548 549
f 518 549 519
f 519 549 550
f 519 550 520
f 517 551 548
f 517 548 518
f 545 552 553
f 545 553 546
f 459 462 526
f 459 526 546
f 521 554 555
f 521 555 522
f 520 550 554
f 520 554 521
f 556 453 454
f 556 454 557
f 554 558 559
f 554 559 555
f 560 441 468
f 560 468 561
f 548 562 563
f 548 563 549
f 564 460 459
f 564 459 565
f 552 566 567
f 552 567 553
f 550 568 558
f 550 558 554
f 552 545 547
f 552 547 569
f 549 563 568
f 549 568 550
f 565 459 546
f 565 546 553
f 551 570 562
f 551 562 548
f 441 560 571
f 441 571 442
f 558 572 573
f 558 573 559
f 563 574 575
f 563 575 568
f 568 575 572
f 568 572 558
f 566 552 569
f 566 569 576
f 570 577 578
f 570 578 562
f 579 564 565
f 579 565 580
f 581 560 561
f 581 561 582
f 560 581 583
f 560 583 571
f 562 578 574
f 562 574 563
f 584 567 566
f 584 566 585
f 580 565 553
f 580 553 567
f 586 556 557
f 586 557 587
f 588 580 567
f 588 567 584
f 589 586 587
f 589 587 590
f 572 591 592
f 572 592 573
f 574 593 594
f 574 594 575
f 575 594 591
f 575 591 572
f 585 566 576
f 585 576 595
f 577 596 597
f 577 597 578
f 598 579 580
f 598 580 588
f 599 581 582
f 599 582 600
f 581 599 601
f 581 601 583
f 578 597 593
f 578 593 574
f 585 602 603
f 585 603 584
f 604 603 602
f 604 602 605
f 606 588 584
f 606 584 603
f 607 589 590
f 607 590 608
f 591 609 610
f 591 610 592
f 593 611 612
f 593 612 594
f 594 612 609
f 594 609 591
f 602 585 595
f 602 595 613
f 596 614 615
f 596 615 597
f 616 598 588
f 616 588 606
f 617 599 600
f 617 600 618
f 599 617 619
f 599 619 601
f 620 621 622
f 620 622 623
f 597 615 611
f 597 611 593
f 624 617 618
f 624 618 625
f 617 624 626
f 617 626 619
f 627 628 621
f 627 621 620
f 615 629 630
f 615 630 611
f 605 631 632
f 605 632 604
f 633 606 603
f 633 603 604
f 628 627 634
f 628 634 635
f 636 607 608
f 636 608 637
f 609 638 639
f 609 639 610
f 635 634 640
f 635 640 641
f 611 630 642
f 611 642 612
f 612 642 638
f 612 638 609
f 605 602 613
f 605 613 643
f 614 644 629
f 614 629 615
f 645 616 606
f 645 606 633
f 638 646 647
f 638 647 639
f 640 643 648
f 640 648 641
f 630 649 650
f 630 650 642
f 642 650 646
f 642 646 638
f 631 605 643
f 631 643 640
f 644 651 652
f 644 652 629
f 653 645 633
f 653 633 654
f 655 624 625
f 655 625 656
f 624 655 657
f 624 657 626
f 658 648 643
f 658 643 613
f 629 652 649
f 629 649 630
f 659 632 631
f 659 631 660
f 654 633 604
f 654 604 632
f 613 595 661
f 613 661 658
f 662 636 637
f 662 637 663
f 664 654 632
f 664 632 659
f 595 576 665
f 595 665 661
f 666 662 663
f 666 663 667
f 646 668 669
f 646 669 647
f 576 569 670
f 576 670 665
f 649 671 672
f 649 672 650
f 650 672 668
f 650 668 646
f 660 631 640
f 660 640 634
f 651 673 674
f 651 674 652
f 675 653 654
f 675 654 664
f 676 655 656
f 676 656 677
f 655 676 678
f 655 678 657
f 569 547 679
f 569 679 670
f 652 674 671
f 652 671 649
f 659 660 680
f 659 680 681
f 682 683 681
f 682 681 680
f 684 664 659
f 684 659 681
f 547 543 685
f 547 685 679
f 686 666 667
f 686 667 687
f 668 688 689
f 668 689 669
f 543 544 690
f 543 690 685
f 671 691 692
f 671 692 672
f 672 692 688
f 672 688 668
f 680 660 634
f 680 634 627
f 673 693 694
f 673 694 674
f 695 675 664
f 695 664 684
f 696 676 677
f 696 677 697
f 676 696 698
f 676 698 678
f 699 690 544
f 699 544 535
f 674 694 691
f 674 691 671
f 688 700 701
f 688 701 689
f 535 536 702
f 535 702 699
f 691 703 704
f 691 704 692
f 692 704 700
f 692 700 688
f 682 680 627
f 682 627 620
f 693 705 706
f 693 706 694
f 707 695 684
f 707 684 708
f 709 696 697
f 709 697 710
f 696 709 711
f 696 711 698
f 536 537 712
f 536 712 702
f 694 706 703
f 694 703 691
f 713 714 683
f 713 683 682
f 708 684 681
f 708 681 683
f 715 712 537
f 715 537 542
f 716 686 687
f 716 687 717
f 718 709 710
f 718 710 719
f 709 718 720
f 709 720 711
f 706 721 722
f 706 722 703
f 723 708 683
f 723 683 714
f 724 716 717
f 724 717 725
f 700 726 727
f 700 727 701
f 703 722 728
f 703 728 704
f 704 728 726
f 704 726 700
f 713 682 620
f 713 620 623
f 705 729 721
f 705 721 706
f 730 707 708
f 730 708 723
f 731 730 723
f 731 723 732
f 733 734 714
f 733 714 713
f 623 622 735
f 623 735 736
f 737 718 719
f 737 719 738
f 718 737 739
f 718 739 720
f 740 720 739
f 740 739 741
f 732 723 714
f 732 714 734
f 742 724 725
f 742 725 743
f 726 744 745
f 726 745 727
f 722 746 747
f 722 747 728
f 728 747 744
f 728 744 726
f 713 623 736
f 713 736 733
f 729 748 749
f 729 749 721
f 749 746 722
f 749 722 721
f 748 741 739
f 748 739 737
f 731 732 737
f 731 737 738
f 255 254 750
f 255 750 751
f 752 541 540
f 752 540 753
f 754 755 756
f 754 756 757
f 423 758 759
f 423 759 424
f 472 471 445
f 472 445 444
f 759 760 425
f 759 425 424
f 761 762 763
f 761 763 764
f 765 766 767
f 765 767 768
f 769 770 771
f 769 771 772
f 773 769 772
f 773 772 774
f 775 773 774
f 775 774 776
f 777 775 776
f 777 776 778
f 779 777 778
f 779 778 780
f 781 779 780
f 781 780 782
f 783 784 785
f 783 785 786
f 787 783 786
f 787 786 788
f 789 787 788
f 789 788 790
f 791 789 790
f 791 790 792
f 793 791 792
f 793 792 794
f 795 793 794
f 795 794 796
f 768 767 797
f 768 797 798
f 799 800 801
f 799 801 802
f 800 803 804
f 800 804 801
f 803 805 806
f 803 806 804
f 805 807 808
f 805 808 806
f 809 810 811
f 809 811 812
f 813 814 810
f 813 810 815
f 807 814 816
f 807 816 808
f 814 813 817
f 814 817 816
f 818 815 810
f 818 810 809
f 814 807 811
f 814 811 810
f 813 819 820
f 813 820 817
f 812 821 822
f 812 822 823
f 816 817 824
f 816 824 825
f 826 827 815
f 826 815 818
f 793 795 828
f 793 828 829
f 791 793 829
f 791 829 830
f 789 791 830
f 789 830 831
f 804 806 832
f 804 832 833
f 834 835 766
f 834 766 765
f 271 248 251
f 271 251 836
f 770 769 786
f 770 786 785
f 769 773 788
f 769 788 786
f 773 775 790
f 773 790 788
f 775 777 792
f 775 792 790
f 777 779 794
f 777 794 792
f 779 781 796
f 779 796 794
f 772 837 838
f 772 838 774
f 780 839 840
f 780 840 782
f 778 841 839
f 778 839 780
f 776 842 841
f 776 841 778
f 774 838 842
f 774 842 776
f 837 843 844
f 837 844 838
f 839 845 846
f 839 846 840
f 838 844 847
f 838 847 842
f 842 847 848
f 842 848 841
f 841 848 845
f 841 845 839
f 843 849 850
f 843 850 844
f 845 851 852
f 845 852 846
f 844 850 853
f 844 853 847
f 847 853 854
f 847 854 848
f 848 854 851
f 848 851 845
f 849 855 856
f 849 856 850
f 851 857 858
f 851 858 852
f 850 856 859
f 850 859 853
f 853 859 860
f 853 860 854
f 854 860 857
f 854 857 851
f 855 861 862
f 855 862 856
f 857 863 864
f 857 864 858
f 856 862 865
f 856 865 859
f 859 865 866
f 859 866 860
f 860 866 863
f 860 863 857
f 861 867 868
f 861 868 862
f 863 869 870
f 863 870 864
f 862 868 871
f 862 871 865
f 865 871 872
f 865 872 866
f 866 872 869
f 866 869 863
f 873 874 875
f 873 875 876
f 877 878 879
f 877 879 880
f 876 875 881
f 876 881 882
f 882 881 883
f 882 883 884
f 884 883 878
f 884 878 877
f 885 886 887
f 885 887 888
f 888 887 889
f 888 889 890
f 891 892 893
f 891 893 894
f 895 896 897
f 895 897 898
f 894 893 886
f 894 886 885
f 898 897 899
f 898 899 900
f 901 902 903
f 901 903 904
f 902 905 906
f 902 906 903
f 907 908 909
f 907 909 910
f 911 901 904
f 911 904 912
f 913 914 915
f 913 915 916
f 905 275 277
f 905 277 906
f 917 918 279
f 917 279 278
f 908 907 918
f 908 918 917
f 915 919 920
f 915 920 916
f 921 922 797
f 921 797 767
f 772 771 923
f 772 923 837
f 843 837 923
f 843 923 924
f 849 843 924
f 849 924 925
f 855 849 925
f 855 925 926
f 861 855 926
f 861 926 927
f 867 861 927
f 867 927 928
f 929 930 931
f 929 931 932
f 933 169 168
f 933 168 934
f 160 163 935
f 160 935 936
f 937 938 939
f 937 939 934
f 937 211 210
f 937 210 229
f 940 936 935
f 940 935 941
f 931 930 940
f 931 940 941
f 174 175 203
f 174 203 214
f 164 167 208
f 164 208 206
f 118 119 128
f 118 128 127
f 168 171 205
f 168 205 211
f 178 181 194
f 178 194 193
f 121 123 132
f 121 132 131
f 183 184 197
f 183 197 200
f 173 174 214
f 173 214 212
f 119 121 131
f 119 131 128
f 171 164 206
f 171 206 205
f 181 186 188
f 181 188 194
f 184 178 193
f 184 193 197
f 175 177 199
f 175 199 203
f 127 188 186
f 127 186 118
f 167 173 212
f 167 212 208
f 177 183 200
f 177 200 199
f 123 125 134
f 123 134 132
f 798 797 942
f 798 942 943
f 922 944 942
f 922 942 797
f 806 808 945
f 806 945 832
f 825 945 808
f 825 808 816
f 817 820 946
f 817 946 824
f 762 761 947
f 762 947 948
f 949 950 951
f 949 951 952
f 953 954 952
f 953 952 951
f 955 951 950
f 955 950 956
f 955 957 953
f 955 953 951
f 958 959 960
f 958 960 961
f 811 962 821
f 811 821 812
f 807 805 962
f 807 962 811
f 813 815 827
f 813 827 819
f 963 964 826
f 963 826 818
f 965 963 818
f 965 818 809
f 809 812 823
f 809 823 965
f 961 960 966
f 961 966 967
f 968 969 954
f 968 954 953
f 968 970 958
f 968 958 961
f 971 972 766
f 971 766 835
f 973 974 975
f 973 975 976
f 831 830 977
f 831 977 978
f 830 829 979
f 830 979 977
f 829 828 980
f 829 980 979
f 981 982 784
f 981 784 975
f 983 984 771
f 983 771 770
f 985 981 975
f 985 975 974
f 983 986 798
f 983 798 943
f 982 986 785
f 982 785 784
f 987 923 771
f 987 771 984
f 988 989 896
f 988 896 895
f 990 991 989
f 990 989 988
f 992 912 904
f 992 904 993
f 890 889 994
f 890 994 995
f 900 899 892
f 900 892 891
f 943 942 996
f 943 996 997
f 998 999 1000
f 998 1000 1001
f 1002 924 923
f 1002 923 987
f 1003 1004 1005
f 1003 1005 1006
f 1007 1008 1009
f 1007 1009 1010
f 1011 1012 1008
f 1011 1008 1007
f 1013 1014 928
f 1013 928 927
f 1015 1013 927
f 1015 927 926
f 1016 1015 926
f 1016 926 925
f 1017 1016 925
f 1017 925 924
f 1018 867 928
f 1018 928 1019
f 915 1020 1021
f 915 1021 919
f 1022 1023 1024
f 1022 1024 1025
f 914 1026 1020
f 914 1020 915
f 1027 1028 1029
f 1027 1029 1030
f 1031 1032 1026
f 1031 1026 914
f 919 1021 1028
f 919 1028 1027
f 1033 1034 1035
f 1033 1035 1036
f 1037 998 1001
f 1037 1001 1038
f 1039 1040 998
f 1039 998 1037
f 1041 1042 1043
f 1041 1043 1044
f 1036 1035 1040
f 1036 1040 1039
f 1038 1001 1045
f 1038 1045 1046
f 1000 894 885
f 1000 885 1047
f 1048 895 898
f 1048 898 1049
f 999 891 894
f 999 894 1000
f 1050 900 891
f 1050 891 999
f 1051 890 995
f 1051 995 1052
f 1049 898 900
f 1049 900 1050
f 1053 1054 1055
f 1053 1055 1056
f 1057 1058 280
f 1057 280 279
f 836 1059 1060
f 836 1060 1061
f 1062 1063 272
f 1062 272 271
f 1062 271 836
f 1062 836 1061
f 1064 1065 281
f 1064 281 280
f 919 1027 1066
f 919 1066 920
f 1027 1030 1012
f 1027 1012 1066
f 1067 1068 1069
f 1067 1069 1070
f 1060 1059 1071
f 1060 1071 1072
f 751 750 1068
f 751 1068 1067
f 1073 1062 1061
f 1073 1061 1074
f 1073 1075 1063
f 1073 1063 1062
f 1012 1030 1076
f 1012 1076 1008
f 1077 1078 907
f 1077 907 910
f 1078 1079 918
f 1078 918 907
f 1074 1061 1060
f 1074 1060 1080
f 763 799 802
f 763 802 764
f 1008 1076 1022
f 1008 1022 1009
f 961 967 969
f 961 969 968
f 953 957 970
f 953 970 968
f 765 768 982
f 765 982 981
f 943 1081 984
f 943 984 983
f 834 765 981
f 834 981 985
f 770 785 986
f 770 986 983
f 768 798 986
f 768 986 982
f 1082 987 984
f 1082 984 1081
f 1083 1002 987
f 1083 987 1082
f 1084 1017 924
f 1084 924 1002
f 1085 1086 1032
f 1085 1032 1031
f 1087 1088 1034
f 1087 1034 1033
f 1089 988 895
f 1089 895 1048
f 1078 1090 1091
f 1078 1091 1079
f 1078 1077 1092
f 1078 1092 1090
f 1009 1022 1025
f 1009 1025 1093
f 1079 1091 1094
f 1079 1094 1057
f 1095 1096 1097
f 1095 1097 1098
f 1099 882 884
f 1099 884 1100
f 1055 1101 1102
f 1055 1102 1056
f 1103 1104 1105
f 1103 1105 1106
f 1107 1058 1108
f 1107 1108 1109
f 241 235 238
f 241 238 245
f 1096 1110 1111
f 1096 1111 1097
f 1076 1112 1023
f 1076 1023 1022
f 1058 1057 1094
f 1058 1094 1108
f 1113 876 882
f 1113 882 1099
f 1114 888 890
f 1114 890 1051
f 1079 1057 279
f 1079 279 918
f 1115 1116 1054
f 1115 1054 1053
f 1117 877 880
f 1117 880 1118
f 1018 873 876
f 1018 876 1113
f 1119 1120 1042
f 1119 1042 1041
f 874 873 1006
f 874 1006 1005
f 1100 884 877
f 1100 877 1117
f 1107 1053 1056
f 1107 1056 1064
f 1080 1121 1108
f 1080 1108 1094
f 219 220 238
f 219 238 235
f 395 425 540
f 395 540 539
f 753 540 425
f 753 425 760
f 538 541 1122
f 538 1122 1123
f 541 752 1124
f 541 1124 1122
f 949 952 762
f 949 762 948
f 952 954 763
f 952 763 762
f 799 763 954
f 799 954 969
f 969 967 800
f 969 800 799
f 803 800 967
f 803 967 966
f 801 804 833
f 801 833 1125
f 802 801 1125
f 802 1125 1126
f 1126 1127 764
f 1126 764 802
f 1127 1128 761
f 1127 761 764
f 947 761 1128
f 947 1128 1129
f 1130 1131 1132
f 1130 1132 1133
f 1134 956 950
f 1134 950 1135
f 1135 950 949
f 1135 949 1136
f 1136 949 948
f 1136 948 1137
f 1137 948 947
f 1137 947 1138
f 362 306 305
f 362 305 365
f 1139 973 976
f 1139 976 1140
f 784 783 976
f 784 976 975
f 783 787 1140
f 783 1140 976
f 960 959 822
f 960 822 821
f 966 960 821
f 966 821 962
f 805 803 966
f 805 966 962
f 1139 1140 831
f 1139 831 978
f 787 789 831
f 787 831 1140
f 1086 1085 1141
f 1086 1141 1142
f 1143 1144 1088
f 1143 1088 1087
f 1034 1048 1049
f 1034 1049 1035
f 1110 1096 1145
f 1110 1145 1146
f 1146 1145 1072
f 1146 1072 1071
f 873 1018 1019
f 873 1019 1006
f 1056 1102 1065
f 1056 1065 1064
f 871 1099 1100
f 871 1100 872
f 1053 1107 1109
f 1053 1109 1115
f 1030 1029 1112
f 1030 1112 1076
f 868 1113 1099
f 868 1099 871
f 1047 885 888
f 1047 888 1114
f 869 1117 1118
f 869 1118 870
f 867 1018 1113
f 867 1113 868
f 1046 1045 1120
f 1046 1120 1119
f 872 1100 1117
f 872 1117 869
f 1058 1107 1064
f 1058 1064 280
f 1095 1115 1109
f 1095 1109 1147
f 1147 1109 1108
f 1147 1108 1121
f 1148 1149 1150
f 1148 1150 1151
f 1152 1153 1154
f 1152 1154 1155
f 1156 1157 1153
f 1156 1153 1152
f 1158 1159 1157
f 1158 1157 1156
f 1160 1161 1159
f 1160 1159 1158
f 1162 55 3
f 1162 3 1151
f 1163 85 81
f 1163 81 1164
f 1165 1166 1167
f 1165 1167 1168
f 1164 81 77
f 1164 77 1169
f 1170 1171 1172
f 1170 1172 1173
f 1169 77 76
f 1169 76 1168
f 1174 1175 1176
f 1174 1176 1177
f 1165 69 65
f 1165 65 1178
f 1179 1180 1175
f 1179 1175 1174
f 1178 65 61
f 1178 61 1181
f 1181 61 55
f 1181 55 1162
f 1182 1183 1184
f 1182 1184 1185
f 1186 1187 1188
f 1186 1188 1189
f 1190 1191 1192
f 1190 1192 1193
f 1148 2 1161
f 1148 1161 1160
f 1194 1195 1191
f 1194 1191 1190
f 1155 1154 1195
f 1155 1195 1194
f 1196 1197 1198
f 1196 1198 1199
f 1200 1201 1202
f 1200 1202 1203
f 1204 1205 1206
f 1204 1206 1207
f 1208 1149 1209
f 1208 1209 1210
f 1211 1212 1213
f 1211 1213 1214
f 1199 1198 1215
f 1199 1215 1216
f 1207 1206 1217
f 1207 1217 1218
f 1210 1209 1219
f 1210 1219 1220
f 1166 1221 1222
f 1166 1222 1167
f 1221 1166 1212
f 1221 1212 1211
f 1223 1224 1225
f 1223 1225 1226
f 1218 1217 1227
f 1218 1227 1228
f 1220 1219 1229
f 1220 1229 1230
f 1231 1232 1167
f 1231 1167 1222
f 1233 1234 1235
f 1233 1235 1236
f 1230 1229 1237
f 1230 1237 1238
f 1239 1240 1232
f 1239 1232 1231
f 1241 1242 1150
f 1241 1150 1243
f 1238 1237 1205
f 1238 1205 1204
f 1149 1208 1243
f 1149 1243 1150
f 1244 1245 1240
f 1244 1240 1239
f 1214 1213 1242
f 1214 1242 1241
f 1246 1214 1241
f 1246 1241 1247
f 1248 1196 1199
f 1248 1199 1249
f 1250 1200 1203
f 1250 1203 1251
f 1252 1204 1207
f 1252 1207 1253
f 1254 1208 1210
f 1254 1210 1255
f 1256 1211 1214
f 1256 1214 1246
f 1249 1199 1216
f 1249 1216 1257
f 1253 1207 1218
f 1253 1218 1258
f 1255 1210 1220
f 1255 1220 1259
f 1221 1260 1261
f 1221 1261 1222
f 1260 1221 1211
f 1260 1211 1256
f 1262 1223 1226
f 1262 1226 1263
f 1258 1218 1228
f 1258 1228 1264
f 1259 1220 1230
f 1259 1230 1265
f 1266 1231 1222
f 1266 1222 1261
f 1267 1233 1236
f 1267 1236 1268
f 1265 1230 1238
f 1265 1238 1269
f 1270 1239 1231
f 1270 1231 1266
f 1247 1241 1243
f 1247 1243 1271
f 1269 1238 1204
f 1269 1204 1252
f 1208 1254 1271
f 1208 1271 1243
f 1272 1244 1239
f 1272 1239 1270
f 1273 1270 1266
f 1273 1266 1274
f 1275 1247 1271
f 1275 1271 1276
f 1277 1269 1252
f 1277 1252 1278
f 1254 1279 1276
f 1254 1276 1271
f 1280 1272 1270
f 1280 1270 1273
f 1281 1246 1247
f 1281 1247 1275
f 1282 1248 1249
f 1282 1249 1283
f 1284 1250 1251
f 1284 1251 1285
f 1278 1252 1253
f 1278 1253 1286
f 1279 1254 1255
f 1279 1255 1287
f 1288 1256 1246
f 1288 1246 1281
f 1283 1249 1257
f 1283 1257 1289
f 1286 1253 1258
f 1286 1258 1290
f 1287 1255 1259
f 1287 1259 1291
f 1260 1292 1293
f 1260 1293 1261
f 1292 1260 1256
f 1292 1256 1288
f 1294 1262 1263
f 1294 1263 1295
f 1290 1258 1264
f 1290 1264 1296
f 1291 1259 1265
f 1291 1265 1297
f 1274 1266 1261
f 1274 1261 1293
f 1298 1267 1268
f 1298 1268 1299
f 1297 1265 1269
f 1297 1269 1277
f 1300 1279 1287
f 1300 1287 1301
f 1302 1288 1281
f 1302 1281 1303
f 1304 1283 1289
f 1304 1289 1305
f 1306 1286 1290
f 1306 1290 1307
f 1301 1287 1291
f 1301 1291 1308
f 1292 1309 1310
f 1292 1310 1293
f 1309 1292 1288
f 1309 1288 1302
f 1311 1294 1295
f 1311 1295 1312
f 1307 1290 1296
f 1307 1296 1313
f 1308 1291 1297
f 1308 1297 1314
f 1315 1274 1293
f 1315 1293 1310
f 1316 1298 1299
f 1316 1299 1317
f 1314 1297 1277
f 1314 1277 1318
f 1319 1273 1274
f 1319 1274 1315
f 1320 1275 1276
f 1320 1276 1321
f 1318 1277 1278
f 1318 1278 1322
f 1279 1300 1321
f 1279 1321 1276
f 1323 1280 1273
f 1323 1273 1319
f 1303 1281 1275
f 1303 1275 1320
f 1324 1282 1283
f 1324 1283 1304
f 1325 1284 1285
f 1325 1285 1326
f 1322 1278 1286
f 1322 1286 1306
f 1300 1327 1328
f 1300 1328 1321
f 1329 1323 1319
f 1329 1319 1330
f 1331 1303 1320
f 1331 1320 1332
f 1333 1324 1304
f 1333 1304 1334
f 1335 1325 1326
f 1335 1326 1336
f 1337 1322 1306
f 1337 1306 1338
f 1327 1300 1301
f 1327 1301 1339
f 1340 1302 1303
f 1340 1303 1331
f 1334 1304 1305
f 1334 1305 1341
f 1338 1306 1307
f 1338 1307 1342
f 1339 1301 1308
f 1339 1308 1343
f 1309 1344 1345
f 1309 1345 1310
f 1344 1309 1302
f 1344 1302 1340
f 1346 1311 1312
f 1346 1312 1347
f 1342 1307 1313
f 1342 1313 1348
f 1343 1308 1314
f 1343 1314 1349
f 1350 1315 1310
f 1350 1310 1345
f 1351 1316 1317
f 1351 1317 1352
f 1349 1314 1318
f 1349 1318 1353
f 1330 1319 1315
f 1330 1315 1350
f 1332 1320 1321
f 1332 1321 1328
f 1353 1318 1322
f 1353 1322 1337
f 1354 1349 1353
f 1354 1353 1355
f 1353 1337 1356
f 1353 1356 1355
f 1337 1338 1357
f 1337 1357 1356
f 1342 1348 1358
f 1342 1358 1359
f 1360 1329 1330
f 1360 1330 1361
f 1351 1352 1362
f 1351 1362 1363
f 1335 1336 1364
f 1335 1364 1365
f 1333 1334 1366
f 1333 1366 1367
f 1368 1327 1339
f 1368 1339 1369
f 1334 1341 1370
f 1334 1370 1366
f 1332 1371 1372
f 1332 1372 1331
f 1357 1338 1342
f 1357 1342 1359
f 1330 1350 1373
f 1330 1373 1361
f 1344 1374 1375
f 1344 1375 1345
f 1350 1345 1375
f 1350 1375 1373
f 1376 1346 1347
f 1376 1347 1377
f 1344 1340 1378
f 1344 1378 1374
f 1340 1331 1372
f 1340 1372 1378
f 1332 1328 1379
f 1332 1379 1371
f 1368 1379 1328
f 1368 1328 1327
f 1339 1343 1380
f 1339 1380 1369
f 1343 1349 1354
f 1343 1354 1380
f 1352 1335 1365
f 1352 1365 1362
f 1325 1335 1352
f 1325 1352 1317
f 1284 1325 1317
f 1284 1317 1299
f 1299 1268 1250
f 1299 1250 1284
f 1354 1381 1382
f 1354 1382 1380
f 1374 1383 1384
f 1374 1384 1375
f 1378 1385 1383
f 1378 1383 1374
f 1376 1386 1387
f 1376 1387 1370
f 1366 1388 1389
f 1366 1389 1367
f 1371 1390 1391
f 1371 1391 1372
f 1358 1392 1393
f 1358 1393 1359
f 1369 1394 1395
f 1369 1395 1368
f 1372 1391 1385
f 1372 1385 1378
f 1363 1396 1392
f 1363 1392 1358
f 1355 1397 1381
f 1355 1381 1354
f 1380 1382 1394
f 1380 1394 1369
f 1379 1398 1390
f 1379 1390 1371
f 1373 1399 1400
f 1373 1400 1361
f 1364 1401 1402
f 1364 1402 1365
f 1356 1403 1397
f 1356 1397 1355
f 1361 1400 1404
f 1361 1404 1360
f 1375 1384 1399
f 1375 1399 1373
f 1370 1387 1388
f 1370 1388 1366
f 1357 1405 1403
f 1357 1403 1356
f 1368 1395 1398
f 1368 1398 1379
f 1365 1402 1406
f 1365 1406 1362
f 1359 1393 1405
f 1359 1405 1357
f 1396 1407 1408
f 1396 1408 1392
f 1397 1409 1410
f 1397 1410 1381
f 1390 1411 1412
f 1390 1412 1391
f 1400 1413 1414
f 1400 1414 1404
f 1399 1415 1413
f 1399 1413 1400
f 1401 1416 1417
f 1401 1417 1402
f 1403 1418 1409
f 1403 1409 1397
f 1395 1419 1420
f 1395 1420 1398
f 1384 1421 1415
f 1384 1415 1399
f 1387 1422 1423
f 1387 1423 1388
f 1405 1424 1418
f 1405 1418 1403
f 1383 1425 1421
f 1383 1421 1384
f 1385 1426 1425
f 1385 1425 1383
f 1402 1417 1427
f 1402 1427 1406
f 1393 1428 1424
f 1393 1424 1405
f 1382 1429 1430
f 1382 1430 1394
f 1391 1412 1426
f 1391 1426 1385
f 1386 1431 1422
f 1386 1422 1387
f 1388 1423 1432
f 1388 1432 1389
f 1392 1408 1428
f 1392 1428 1393
f 1394 1430 1419
f 1394 1419 1395
f 1381 1410 1429
f 1381 1429 1382
f 1398 1420 1411
f 1398 1411 1390
f 1415 1433 1434
f 1415 1434 1413
f 1416 1435 1436
f 1416 1436 1417
f 1418 1437 1438
f 1418 1438 1409
f 1419 1439 1440
f 1419 1440 1420
f 1421 1441 1433
f 1421 1433 1415
f 1422 1442 1443
f 1422 1443 1423
f 1424 1444 1437
f 1424 1437 1418
f 1425 1445 1441
f 1425 1441 1421
f 1426 1446 1445
f 1426 1445 1425
f 1417 1436 1447
f 1417 1447 1427
f 1428 1448 1444
f 1428 1444 1424
f 1429 1449 1450
f 1429 1450 1430
f 1412 1451 1446
f 1412 1446 1426
f 1431 1452 1442
f 1431 1442 1422
f 1423 1443 1453
f 1423 1453 1432
f 1408 1454 1448
f 1408 1448 1428
f 1430 1450 1439
f 1430 1439 1419
f 1410 1455 1449
f 1410 1449 1429
f 1420 1440 1456
f 1420 1456 1411
f 1407 1457 1454
f 1407 1454 1408
f 1409 1438 1455
f 1409 1455 1410
f 1411 1456 1451
f 1411 1451 1412
f 1413 1434 1458
f 1413 1458 1414
f 1459 1460 1461
f 1459 1461 1462
f 1463 1464 1465
f 1463 1465 1466
f 1467 1468 1469
f 1467 1469 1470
f 1471 1472 1473
f 1471 1473 1474
f 1475 1476 1477
f 1475 1477 1478
f 1472 1471 1479
f 1472 1479 1480
f 1476 1475 1481
f 1476 1481 1482
f 1462 1461 1483
f 1462 1483 1484
f 1485 1486 1487
f 1485 1487 1488
f 1474 1473 1489
f 1474 1489 1490
f 1491 1492 1493
f 1491 1493 1494
f 1495 1496 1497
f 1495 1497 1498
f 1468 1467 1486
f 1468 1486 1485
f 1482 1481 1499
f 1482 1499 1500
f 1498 1497 1501
f 1498 1501 1502
f 1503 1504 1490
f 1503 1490 1489
f 1505 1506 1496
f 1505 1496 1495
f 1464 1463 1460
f 1464 1460 1459
f 1492 1491 1488
f 1492 1488 1487
f 1504 1503 1507
f 1504 1507 1508
f 1506 1505 1500
f 1506 1500 1499
f 1502 1501 1509
f 1502 1509 1510
f 1511 1512 1513
f 1511 1513 1514
f 1466 1465 1508
f 1466 1508 1507
f 1470 1469 1512
f 1470 1512 1511
f 1484 1483 1478
f 1484 1478 1477
f 1510 1509 1514
f 1510 1514 1513
f 1492 1439 1450
f 1492 1450 1493
f 1454 1466 1507
f 1454 1507 1448
f 1481 1443 1442
f 1481 1442 1499
f 1451 1467 1470
f 1451 1470 1446
f 1493 1450 1449
f 1493 1449 1480
f 1452 1506 1499
f 1452 1499 1442
f 1503 1444 1448
f 1503 1448 1507
f 1475 1453 1443
f 1475 1443 1481
f 1446 1470 1511
f 1446 1511 1445
f 1445 1511 1514
f 1445 1514 1441
f 1463 1457 1447
f 1463 1447 1460
f 1444 1503 1489
f 1444 1489 1437
f 1460 1447 1436
f 1460 1436 1461
f 1509 1433 1441
f 1509 1441 1514
f 1439 1492 1487
f 1439 1487 1440
f 1453 1475 1478
f 1453 1478 1515
f 1473 1438 1437
f 1473 1437 1489
f 1461 1436 1435
f 1461 1435 1483
f 1501 1434 1433
f 1501 1433 1509
f 1516 1517 932
f 1516 932 931
f 1518 996 942
f 1518 942 944
f 997 1519 1081
f 997 1081 943
f 1520 1516 931
f 1520 931 941
f 941 935 938
f 941 938 1520
f 935 163 939
f 935 939 938
f 1521 939 163
f 1521 163 162
f 87 38 1522
f 87 1522 1523
f 1524 1522 38
f 1524 38 37
f 1525 1524 37
f 1525 37 41
f 1182 1201 1235
f 1182 1235 1189
f 1201 1200 1236
f 1201 1236 1235
f 1200 1250 1268
f 1200 1268 1236
f 1526 1527 1528
f 1526 1528 1529
f 1527 1530 1531
f 1527 1531 1528
f 1530 1532 1533
f 1530 1533 1531
f 1532 1534 1535
f 1532 1535 1533
f 1534 1536 1537
f 1534 1537 1535
f 1538 1539 1540
f 1538 1540 1541
f 1539 1542 1543
f 1539 1543 1540
f 1542 1544 1545
f 1542 1545 1543
f 1544 1546 1547
f 1544 1547 1545
f 1529 1528 1548
f 1529 1548 1549
f 1528 1531 1550
f 1528 1550 1548
f 1531 1533 1551
f 1531 1551 1550
f 1533 1535 1552
f 1533 1552 1551
f 1535 1537 1553
f 1535 1553 1552
f 1541 1540 1554
f 1541 1554 1555
f 1540 1543 1556
f 1540 1556 1554
f 1543 1545 1557
f 1543 1557 1556
f 1545 1547 1558
f 1545 1558 1557
f 1559 1560 1561
f 1559 1561 1562
f 1560 1563 1564
f 1560 1564 1561
f 1563 1565 1566
f 1563 1566 1564
f 1565 1567 1568
f 1565 1568 1566
f 1569 1570 1571
f 1569 1571 1572
f 1570 1573 1574
f 1570 1574 1571
f 1573 1575 1576
f 1573 1576 1574
f 1575 1577 1578
f 1575 1578 1576
f 1579 1580 1581
f 1579 1581 1582
f 1562 1561 1583
f 1562 1583 1584
f 1561 1564 1585
f 1561 1585 1583
f 1564 1566 1586
f 1564 1586 1585
f 1566 1568 1587
f 1566 1587 1586
f 1572 1571 1588
f 1572 1588 1589
f 1571 1574 1590
f 1571 1590 1588
f 1574 1591 1592
f 1574 1592 1590
f 1576 1578 1593
f 1576 1593 1594
f 1595 1596 1597
f 1595 1597 1598
f 1584 1583 1599
f 1584 1599 1600
f 1583 1585 1601
f 1583 1601 1599
f 1585 1586 1602
f 1585 1602 1601
f 1586 1587 1603
f 1586 1603 1602
f 1589 1588 1604
f 1589 1604 1605
f 1588 1590 1606
f 1588 1606 1604
f 1594 1607 1608
f 1594 1608 1591
f 1598 1597 1582
f 1598 1582 1581
f 1600 1599 1609
f 1600 1609 1610
f 1599 1601 1611
f 1599 1611 1609
f 1601 1602 1612
f 1601 1612 1611
f 1602 1603 1613
f 1602 1613 1612
f 1605 1604 1614
f 1605 1614 1615
f 1604 1606 1616
f 1604 1616 1614
f 1606 1617 1618
f 1606 1618 1616
f 1562 1584 1580
f 1562 1580 1579
f 1610 1609 1619
f 1610 1619 1620
f 1609 1611 1621
f 1609 1621 1619
f 1611 1612 1622
f 1611 1622 1621
f 1612 1613 1623
f 1612 1623 1622
f 1615 1614 1624
f 1615 1624 1625
f 1614 1616 1626
f 1614 1626 1624
f 1616 1618 1627
f 1616 1627 1626
f 1628 1629 1630
f 1628 1630 1631
f 1620 1619 1632
f 1620 1632 1633
f 1619 1621 1634
f 1619 1634 1632
f 1621 1622 1635
f 1621 1635 1634
f 1622 1623 1636
f 1622 1636 1635
f 1625 1624 1637
f 1625 1637 1638
f 1624 1626 1639
f 1624 1639 1637
f 1626 1627 1640
f 1626 1640 1639
f 1631 1630 1641
f 1631 1641 1642
f 1643 1644 1629
f 1643 1629 1628
f 1595 1598 1644
f 1595 1644 1643
f 1645 980 828
f 1645 828 1646
f 1647 1648 1527
f 1647 1527 1526
f 1648 1649 1530
f 1648 1530 1527
f 1649 1650 1532
f 1649 1532 1530
f 1650 1651 1534
f 1650 1534 1532
f 1651 1652 1536
f 1651 1536 1534
f 1653 1654 1539
f 1653 1539 1538
f 1654 1655 1542
f 1654 1542 1539
f 1655 1656 1544
f 1655 1544 1542
f 1656 1657 1546
f 1656 1546 1544
f 1598 1581 1658
f 1598 1658 1644
f 1630 1659 1660
f 1630 1660 1641
f 1661 1562 1579
f 1661 1579 1662
f 1629 1663 1659
f 1629 1659 1630
f 1644 1658 1663
f 1644 1663 1629
f 1662 1579 1582
f 1662 1582 1664
f 1665 1559 1562
f 1665 1562 1661
f 1666 827 826
f 1666 826 1667
f 1668 819 827
f 1668 827 1666
f 1667 826 964
f 1667 964 1669
f 1670 1526 1529
f 1670 1529 1671
f 1672 795 796
f 1672 796 1673
f 1674 852 858
f 1674 858 1675
f 1676 1118 880
f 1676 880 1677
f 1678 846 852
f 1678 852 1674
f 1677 880 879
f 1677 879 1679
f 1118 1676 1680
f 1118 1680 870
f 1681 840 846
f 1681 846 1678
f 1682 781 782
f 1682 782 1683
f 1684 864 870
f 1684 870 1680
f 1683 782 840
f 1683 840 1681
f 1675 858 864
f 1675 864 1684
f 1685 1683 1681
f 1685 1681 1686
f 1687 1684 1680
f 1687 1680 1688
f 1689 1682 1683
f 1689 1683 1685
f 1690 1675 1684
f 1690 1684 1687
f 1691 1674 1675
f 1691 1675 1690
f 1692 1678 1674
f 1692 1674 1691
f 1693 1676 1677
f 1693 1677 1694
f 1686 1681 1678
f 1686 1678 1692
f 1676 1693 1688
f 1676 1688 1680
f 1694 1677 1679
f 1694 1679 1695
f 1696 1694 1695
f 1696 1695 1697
f 1698 1691 1690
f 1698 1690 1699
f 1699 1690 1687
f 1699 1687 1700
f 1700 1687 1688
f 1700 1688 1701
f 1702 1689 1685
f 1702 1685 1703
f 1693 1704 1701
f 1693 1701 1688
f 1703 1685 1686
f 1703 1686 1705
f 1704 1693 1694
f 1704 1694 1696
f 1705 1686 1692
f 1705 1692 1706
f 1706 1692 1691
f 1706 1691 1698
f 1707 1645 1646
f 1707 1646 1671
f 1708 1666 1667
f 1708 1667 1709
f 1710 1668 1666
f 1710 1666 1708
f 1709 1667 1669
f 1709 1669 1711
f 795 1672 1646
f 795 1646 828
f 1670 1672 1673
f 1670 1673 1712
f 1549 1707 1671
f 1549 1671 1529
f 1682 1689 1712
f 1682 1712 1673
f 1526 1670 1712
f 1526 1712 1647
f 1661 1709 1711
f 1661 1711 1665
f 1672 1670 1671
f 1672 1671 1646
f 1664 1710 1708
f 1664 1708 1662
f 1662 1708 1709
f 1662 1709 1661
f 1689 1702 1647
f 1689 1647 1712
f 1682 1673 796
f 1682 796 781
f 820 1713 1714
f 820 1714 946
f 1713 1715 1716
f 1713 1716 1714
f 1715 1717 1718
f 1715 1718 1716
f 1717 1597 1596
f 1717 1596 1718
f 1658 1719 1720
f 1658 1720 1663
f 1663 1720 1721
f 1663 1721 1659
f 1659 1721 1722
f 1659 1722 1660
f 1581 1580 1719
f 1581 1719 1658
f 1668 1713 820
f 1668 820 819
f 1715 1713 1668
f 1715 1668 1710
f 1710 1664 1717
f 1710 1717 1715
f 1664 1582 1597
f 1664 1597 1717
f 1580 1584 1600
f 1580 1600 1719
f 1721 1620 1633
f 1721 1633 1722
f 1720 1610 1620
f 1720 1620 1721
f 1719 1600 1610
f 1719 1610 1720
f 1723 1696 1697
f 1723 1697 1724
f 1725 1703 1705
f 1725 1705 1726
f 1704 1727 1728
f 1704 1728 1701
f 1726 1705 1706
f 1726 1706 1729
f 1727 1704 1696
f 1727 1696 1723
f 1729 1706 1698
f 1729 1698 1730
f 1730 1698 1699
f 1730 1699 1731
f 1731 1699 1700
f 1731 1700 1732
f 1732 1700 1701
f 1732 1701 1728
f 1733 1702 1703
f 1733 1703 1725
f 1734 1730 1731
f 1734 1731 1735
f 1735 1731 1732
f 1735 1732 1736
f 1736 1732 1728
f 1736 1728 1737
f 1738 1733 1725
f 1738 1725 1739
f 1740 1723 1724
f 1740 1724 1741
f 1739 1725 1726
f 1739 1726 1742
f 1727 1743 1737
f 1727 1737 1728
f 1742 1726 1729
f 1742 1729 1744
f 1743 1727 1723
f 1743 1723 1740
f 1744 1729 1730
f 1744 1730 1734
f 1745 1746 1747
f 1745 1747 1748
f 1749 1750 1751
f 1749 1751 1752
f 1746 1753 1754
f 1746 1754 1747
f 1755 1756 1757
f 1755 1757 1758
f 1756 1749 1752
f 1756 1752 1757
f 1759 1760 1746
f 1759 1746 1745
f 1761 1762 1750
f 1761 1750 1749
f 1760 1763 1753
f 1760 1753 1746
f 1764 1765 1756
f 1764 1756 1755
f 1765 1761 1749
f 1765 1749 1756
f 1766 1767 1760
f 1766 1760 1759
f 1768 1769 1762
f 1768 1762 1761
f 1767 1770 1763
f 1767 1763 1760
f 1771 1772 1765
f 1771 1765 1764
f 1772 1768 1761
f 1772 1761 1765
f 1773 1774 1767
f 1773 1767 1766
f 1775 1776 1769
f 1775 1769 1768
f 1774 1777 1770
f 1774 1770 1767
f 1778 1779 1772
f 1778 1772 1771
f 1779 1775 1768
f 1779 1768 1772
f 1780 1781 1774
f 1780 1774 1773
f 1782 1783 1776
f 1782 1776 1775
f 1781 1784 1777
f 1781 1777 1774
f 1785 1786 1779
f 1785 1779 1778
f 1786 1782 1775
f 1786 1775 1779
f 1787 1788 1781
f 1787 1781 1780
f 1789 1790 1783
f 1789 1783 1782
f 1788 1791 1784
f 1788 1784 1781
f 1792 1793 1786
f 1792 1786 1785
f 1793 1789 1782
f 1793 1782 1786
f 1748 1734 1735
f 1748 1735 1745
f 1745 1735 1736
f 1745 1736 1759
f 1759 1736 1737
f 1759 1737 1766
f 1743 1773 1766
f 1743 1766 1737
f 1773 1743 1740
f 1773 1740 1780
f 1780 1740 1741
f 1780 1741 1787
f 1649 1648 1733
f 1649 1733 1738
f 1648 1647 1702
f 1648 1702 1733
f 1794 1738 1739
f 1794 1739 1795
f 1795 1739 1742
f 1795 1742 1796
f 1796 1742 1744
f 1796 1744 1797
f 1798 1799 1800
f 1798 1800 1801
f 1802 1794 1795
f 1802 1795 1803
f 1804 1805 1806
f 1804 1806 1807
f 1803 1795 1796
f 1803 1796 1808
f 1805 1809 1810
f 1805 1810 1806
f 1808 1796 1797
f 1808 1797 1811
f 1812 1813 1799
f 1812 1799 1798
f 1807 1814 1815
f 1807 1815 1816
f 1817 1807 1816
f 1817 1816 1818
f 1819 1802 1803
f 1819 1803 1820
f 1807 1806 1821
f 1807 1821 1814
f 1820 1803 1808
f 1820 1808 1822
f 1806 1810 1823
f 1806 1823 1821
f 1822 1808 1811
f 1822 1811 1824
f 1824 1811 1825
f 1824 1825 1826
f 1826 1825 1827
f 1826 1827 1828
f 1818 1816 1829
f 1818 1829 1830
f 1816 1815 1831
f 1816 1831 1829
f 1832 1819 1820
f 1832 1820 1833
f 1833 1820 1822
f 1833 1822 1834
f 1834 1822 1824
f 1834 1824 1835
f 1835 1824 1826
f 1835 1826 1836
f 1836 1826 1828
f 1836 1828 1812
f 1837 1838 1798
f 1837 1798 1801
f 1830 1829 1839
f 1830 1839 1840
f 1829 1831 1841
f 1829 1841 1839
f 1842 1843 1844
f 1842 1844 1845
f 1846 1617 1592
f 1846 1592 1847
f 1845 1844 1848
f 1845 1848 1849
f 1841 1831 1847
f 1841 1847 1608
f 1849 1848 1850
f 1849 1850 1851
f 1851 1850 1838
f 1851 1838 1837
f 1852 1837 1801
f 1852 1801 1853
f 1840 1839 1854
f 1840 1854 1855
f 1839 1841 1856
f 1839 1856 1854
f 1857 1842 1845
f 1857 1845 1858
f 1841 1608 1607
f 1841 1607 1856
f 1858 1845 1849
f 1858 1849 1859
f 1576 1594 1591
f 1576 1591 1574
f 1859 1849 1851
f 1859 1851 1860
f 1860 1851 1837
f 1860 1837 1852
f 1861 1860 1852
f 1861 1852 1862
f 1862 1852 1853
f 1862 1853 1863
f 1855 1854 1864
f 1855 1864 1865
f 1854 1856 1866
f 1854 1866 1864
f 1867 1857 1858
f 1867 1858 1868
f 1856 1607 1869
f 1856 1869 1866
f 1868 1858 1859
f 1868 1859 1870
f 1607 1594 1593
f 1607 1593 1869
f 1870 1859 1860
f 1870 1860 1861
f 1618 1871 1872
f 1618 1872 1627
f 1592 1591 1608
f 1592 1608 1847
f 1592 1617 1606
f 1592 1606 1590
f 1846 1871 1618
f 1846 1618 1617
f 1828 1873 1813
f 1828 1813 1812
f 1843 1832 1833
f 1843 1833 1844
f 1844 1833 1834
f 1844 1834 1848
f 1815 1846 1847
f 1815 1847 1831
f 1848 1834 1835
f 1848 1835 1850
f 1850 1835 1836
f 1850 1836 1838
f 1838 1836 1812
f 1838 1812 1798
f 1603 1605 1615
f 1603 1615 1613
f 1568 1572 1589
f 1568 1589 1587
f 1536 1538 1541
f 1536 1541 1537
f 1652 1653 1538
f 1652 1538 1536
f 1587 1589 1605
f 1587 1605 1603
f 1537 1541 1555
f 1537 1555 1553
f 1567 1569 1572
f 1567 1572 1568
f 1623 1625 1638
f 1623 1638 1636
f 1613 1615 1625
f 1613 1625 1623
f 1814 1871 1846
f 1814 1846 1815
f 1650 1649 1738
f 1650 1738 1794
f 1651 1650 1794
f 1651 1794 1802
f 1802 1819 1652
f 1802 1652 1651
f 1653 1652 1819
f 1653 1819 1832
f 1832 1843 1654
f 1832 1654 1653
f 1843 1842 1655
f 1843 1655 1654
f 1656 1655 1842
f 1656 1842 1857
f 1857 1867 1657
f 1857 1657 1656
f 1871 1814 1821
f 1871 1821 1872
f 1801 1800 1874
f 1801 1874 1853
f 1853 1874 1875
f 1853 1875 1863
f 1876 1804 1807
f 1876 1807 1817
f 1872 1821 1823
f 1872 1823 1877
f 1872 1877 1640
f 1872 1640 1627
f 1878 1873 1828
f 1878 1828 1827
f 1864 1866 1879
f 1864 1879 1880
f 1881 1867 1868
f 1881 1868 1882
f 1546 1883 1884
f 1546 1884 1547
f 1866 1869 1885
f 1866 1885 1879
f 1886 1887 1863
f 1886 1863 1875
f 1882 1868 1870
f 1882 1870 1888
f 1547 1884 1889
f 1547 1889 1558
f 1888 1870 1861
f 1888 1861 1890
f 1883 1546 1657
f 1883 1657 1891
f 1890 1861 1862
f 1890 1862 1892
f 1892 1862 1863
f 1892 1863 1887
f 1891 1657 1867
f 1891 1867 1881
f 1577 1893 1894
f 1577 1894 1578
f 1865 1864 1880
f 1865 1880 1895
f 1578 1894 1896
f 1578 1896 1593
f 1869 1593 1896
f 1869 1896 1885
f 1880 1879 1897
f 1880 1897 1898
f 1899 1881 1882
f 1899 1882 1900
f 1884 1901 1902
f 1884 1902 1889
f 1879 1885 1903
f 1879 1903 1897
f 1900 1882 1888
f 1900 1888 1904
f 1885 1896 1905
f 1885 1905 1903
f 1904 1888 1890
f 1904 1890 1906
f 1907 1891 1881
f 1907 1881 1899
f 1906 1890 1892
f 1906 1892 1908
f 1893 1909 1910
f 1893 1910 1894
f 1911 1912 1887
f 1911 1887 1886
f 1908 1892 1887
f 1908 1887 1912
f 1894 1910 1905
f 1894 1905 1896
f 1895 1880 1898
f 1895 1898 1913
f 1914 1883 1891
f 1914 1891 1907
f 1883 1914 1901
f 1883 1901 1884
f 1897 1903 1915
f 1897 1915 1916
f 1917 1900 1904
f 1917 1904 1918
f 1903 1905 1919
f 1903 1919 1915
f 1918 1904 1906
f 1918 1906 1920
f 1921 1907 1899
f 1921 1899 1922
f 1920 1906 1908
f 1920 1908 1923
f 1909 1924 1925
f 1909 1925 1910
f 1926 1927 1912
f 1926 1912 1911
f 1923 1908 1912
f 1923 1912 1927
f 1910 1925 1919
f 1910 1919 1905
f 1913 1898 1928
f 1913 1928 1929
f 1930 1914 1907
f 1930 1907 1921
f 1914 1930 1931
f 1914 1931 1901
f 1898 1897 1916
f 1898 1916 1928
f 1922 1899 1900
f 1922 1900 1917
f 1901 1931 1932
f 1901 1932 1902
f 1915 1919 1933
f 1915 1933 1934
f 1935 1918 1920
f 1935 1920 1936
f 1937 1921 1922
f 1937 1922 1938
f 1936 1920 1923
f 1936 1923 1939
f 1924 1940 1941
f 1924 1941 1925
f 1942 1943 1927
f 1942 1927 1926
f 1939 1923 1927
f 1939 1927 1943
f 1925 1941 1933
f 1925 1933 1919
f 1929 1928 1944
f 1929 1944 1945
f 1946 1930 1921
f 1946 1921 1937
f 1930 1946 1947
f 1930 1947 1931
f 1928 1916 1948
f 1928 1948 1944
f 1938 1922 1917
f 1938 1917 1949
f 1931 1947 1950
f 1931 1950 1932
f 1916 1915 1934
f 1916 1934 1948
f 1949 1917 1918
f 1949 1918 1935
f 1951 1952 1953
f 1951 1953 1954
f 1955 1956 1957
f 1955 1957 1958
f 1952 1959 1960
f 1952 1960 1953
f 1961 1962 1957
f 1961 1957 1956
f 1959 1963 1964
f 1959 1964 1960
f 1961 1965 1966
f 1961 1966 1962
f 1963 1967 1968
f 1963 1968 1964
f 1969 1970 1971
f 1969 1971 1972
f 1965 1973 1974
f 1965 1974 1966
f 1967 1975 1976
f 1967 1976 1968
f 1970 1977 1978
f 1970 1978 1971
f 1979 1969 1972
f 1979 1972 1980
f 1975 1981 1982
f 1975 1982 1976
f 1977 1951 1954
f 1977 1954 1978
f 1973 1979 1980
f 1973 1980 1974
f 1981 1955 1958
f 1981 1958 1982
f 1955 1965 1961
f 1955 1961 1956
f 1981 1973 1965
f 1981 1965 1955
f 1975 1979 1973
f 1975 1973 1981
f 1967 1969 1979
f 1967 1979 1975
f 1969 1967 1963
f 1969 1963 1970
f 1970 1963 1959
f 1970 1959 1977
f 1977 1959 1952
f 1977 1952 1951
f 1954 1953 1983
f 1954 1983 1984
f 1958 1957 1985
f 1958 1985 1986
f 1953 1960 1987
f 1953 1987 1983
f 1962 1988 1985
f 1962 1985 1957
f 1960 1964 1989
f 1960 1989 1987
f 1962 1966 1990
f 1962 1990 1988
f 1964 1968 1991
f 1964 1991 1989
f 1972 1971 1992
f 1972 1992 1993
f 1966 1974 1994
f 1966 1994 1990
f 1968 1976 1995
f 1968 1995 1991
f 1971 1978 1996
f 1971 1996 1992
f 1980 1972 1993
f 1980 1993 1997
f 1976 1982 1998
f 1976 1998 1995
f 1978 1954 1984
f 1978 1984 1996
f 1974 1980 1997
f 1974 1997 1994
f 1982 1958 1986
f 1982 1986 1998
f 1988 1999 2000
f 1988 2000 1985
f 1987 1989 2001
f 1987 2001 2002
f 1988 1990 2003
f 1988 2003 1999
f 1989 1991 2004
f 1989 2004 2001
f 1993 1992 2005
f 1993 2005 2006
f 1990 1994 2007
f 1990 2007 2003
f 1991 1995 2008
f 1991 2008 2004
f 1992 1996 2009
f 1992 2009 2005
f 1997 1993 2006
f 1997 2006 2010
f 1995 1998 2011
f 1995 2011 2008
f 1996 1984 2012
f 1996 2012 2009
f 1994 1997 2010
f 1994 2010 2007
f 1998 1986 2013
f 1998 2013 2011
f 1984 1983 2014
f 1984 2014 2012
f 1986 1985 2000
f 1986 2000 2013
f 1983 1987 2002
f 1983 2002 2014
f 2015 2016 2017
f 2015 2017 2018
f 2019 2020 2021
f 2019 2021 2022
f 2023 2024 2017
f 2023 2017 2016
f 2020 2025 2026
f 2020 2026 2021
f 2023 2027 2028
f 2023 2028 2024
f 2025 2029 2030
f 2025 2030 2026
f 2031 2032 2033
f 2031 2033 2034
f 2027 2035 2036
f 2027 2036 2028
f 2029 2037 2038
f 2029 2038 2030
f 2032 2039 2040
f 2032 2040 2033
f 2041 2031 2034
f 2041 2034 2042
f 2037 2043 2044
f 2037 2044 2038
f 2039 2045 2046
f 2039 2046 2040
f 2035 2041 2042
f 2035 2042 2036
f 2043 2015 2018
f 2043 2018 2044
f 2045 2019 2022
f 2045 2022 2046
f 2024 2047 2048
f 2024 2048 2017
f 2021 2026 2049
f 2021 2049 2050
f 2024 2028 2051
f 2024 2051 2047
f 2026 2030 2052
f 2026 2052 2049
f 2034 2033 2053
f 2034 2053 2054
f 2028 2036 2055
f 2028 2055 2051
f 2030 2038 2056
f 2030 2056 2052
f 2033 2040 2057
f 2033 2057 2053
f 2042 2034 2054
f 2042 2054 2058
f 2038 2044 2059
f 2038 2059 2056
f 2040 2046 2060
f 2040 2060 2057
f 2036 2042 2058
f 2036 2058 2055
f 2044 2018 2061
f 2044 2061 2059
f 2046 2022 2062
f 2046 2062 2060
f 2018 2017 2048
f 2018 2048 2061
f 2022 2021 2050
f 2022 2050 2062
f 2061 2048 2063
f 2061 2063 2064
f 2062 2050 2065
f 2062 2065 2066
f 2047 2067 2063
f 2047 2063 2048
f 2050 2049 2068
f 2050 2068 2065
f 2047 2051 2069
f 2047 2069 2067
f 2049 2052 2070
f 2049 2070 2068
f 2054 2053 2071
f 2054 2071 2072
f 2051 2055 2073
f 2051 2073 2069
f 2052 2056 2074
f 2052 2074 2070
f 2053 2057 2075
f 2053 2075 2071
f 2058 2054 2072
f 2058 2072 2076
f 2056 2059 2077
f 2056 2077 2074
f 2057 2060 2078
f 2057 2078 2075
f 2055 2058 2076
f 2055 2076 2073
f 2059 2061 2064
f 2059 2064 2077
f 2060 2062 2066
f 2060 2066 2078
f 2013 2000 2016
f 2013 2016 2015
f 2014 2002 2020
f 2014 2020 2019
f 1999 2023 2016
f 1999 2016 2000
f 2002 2001 2025
f 2002 2025 2020
f 1999 2003 2027
f 1999 2027 2023
f 2001 2004 2029
f 2001 2029 2025
f 2006 2005 2032
f 2006 2032 2031
f 2003 2007 2035
f 2003 2035 2027
f 2004 2008 2037
f 2004 2037 2029
f 2005 2009 2039
f 2005 2039 2032
f 2010 2006 2031
f 2010 2031 2041
f 2008 2011 2043
f 2008 2043 2037
f 2009 2012 2045
f 2009 2045 2039
f 2007 2010 2041
f 2007 2041 2035
f 2011 2013 2015
f 2011 2015 2043
f 2012 2014 2019
f 2012 2019 2045
f 2063 2067 1632
f 2063 1632 1634
f 2064 2063 1634
f 2064 1634 1635
f 2067 2069 1633
f 2067 1633 1632
f 1722 1633 2069
f 1722 2069 2073
f 1660 1722 2073
f 1660 2073 2076
f 2079 2076 2072
f 2079 2072 2080
f 2080 2072 2071
f 2080 2071 2081
f 2081 2071 2075
f 2081 2075 2082
f 2083 2079 2080
f 2083 2080 2084
f 2084 2080 2081
f 2084 2081 2085
f 2085 2081 2082
f 2085 2082 2086
f 1642 1641 2079
f 1642 2079 2083
f 1641 1660 2076
f 1641 2076 2079
f 1635 1636 2077
f 1635 2077 2064
f 1638 1637 2087
f 1638 2087 2088
f 2089 2090 2091
f 2089 2091 2092
f 2093 2094 2095
f 2093 2095 2096
f 2097 2098 2099
f 2097 2099 2100
f 2101 2102 2103
f 2101 2103 2104
f 2105 2106 2107
f 2105 2107 2108
f 2109 2110 2111
f 2109 2111 2112
f 2113 2114 2115
f 2113 2115 2116
f 2117 2118 2119
f 2117 2119 2120
f 2121 2122 2123
f 2121 2123 2124
f 2125 2126 2127
f 2125 2127 2128
f 2129 2130 2099
f 2129 2099 2098
f 2131 2132 2133
f 2131 2133 2134
f 2135 2136 2137
f 2135 2137 2138
f 2139 2140 2141
f 2139 2141 2142
f 2143 2120 2119
f 2143 2119 2144
f 2145 2112 2111
f 2145 2111 2146
f 2147 2096 2095
f 2147 2095 2148
f 2126 2149 2150
f 2126 2150 2127
f 2136 2151 2152
f 2136 2152 2137
f 2153 2154 2137
f 2153 2137 2152
f 2155 2156 2091
f 2155 2091 2090
f 2157 2158 2095
f 2157 2095 2094
f 2159 2160 2161
f 2159 2161 2162
f 2163 2164 2165
f 2163 2165 2166
f 2167 2168 2169
f 2167 2169 2170
f 2171 2172 2173
f 2171 2173 2174
f 2162 2161 2164
f 2162 2164 2163
f 2175 2176 2177
f 2175 2177 2178
f 2179 2180 2177
f 2179 2177 2181
f 2182 2183 2184
f 2182 2184 2185
f 2186 2187 2180
f 2186 2180 2179
f 2188 2189 2190
f 2188 2190 2191
f 2192 2193 2194
f 2192 2194 2195
f 2196 2197 2198
f 2196 2198 2199
f 2191 2190 2197
f 2191 2197 2196
f 2190 2200 2201
f 2190 2201 2197
f 2197 2201 2202
f 2197 2202 2198
f 2092 2091 2098
f 2092 2098 2097
f 2108 2107 2102
f 2108 2102 2101
f 2116 2115 2122
f 2116 2122 2121
f 2203 2204 2205
f 2203 2205 2206
f 2156 2129 2098
f 2156 2098 2091
f 2207 2208 2209
f 2207 2209 2210
f 2211 2212 2213
f 2211 2213 2214
f 2193 2215 2216
f 2193 2216 2194
f 2189 2217 2200
f 2189 2200 2190
f 2187 2167 2170
f 2187 2170 2180
f 2183 2218 2219
f 2183 2219 2184
f 2180 2170 2178
f 2180 2178 2177
f 2176 2220 2181
f 2176 2181 2177
f 2221 2222 2223
f 2221 2223 2224
f 2169 2225 2174
f 2169 2174 2173
f 2160 2188 2191
f 2160 2191 2161
f 2168 2226 2225
f 2168 2225 2169
f 2161 2191 2196
f 2161 2196 2164
f 2227 2182 2185
f 2227 2185 2228
f 2164 2196 2199
f 2164 2199 2165
f 2172 2175 2178
f 2172 2178 2173
f 2229 2159 2162
f 2229 2162 2230
f 2231 2163 2166
f 2231 2166 2232
f 2233 2234 2235
f 2233 2235 2236
f 2237 2238 2239
f 2237 2239 2240
f 2138 2137 2154
f 2138 2154 2241
f 2242 2158 2140
f 2242 2140 2139
f 2243 2132 2154
f 2243 2154 2153
f 2244 2245 2246
f 2244 2246 2247
f 2248 2141 2140
f 2248 2140 2249
f 2245 2237 2240
f 2245 2240 2246
f 2214 2213 2250
f 2214 2250 2251
f 2252 2253 2254
f 2252 2254 2255
f 2256 2257 2258
f 2256 2258 2259
f 2260 2261 2262
f 2260 2262 2263
f 2264 2265 2266
f 2264 2266 2267
f 2268 2269 2270
f 2268 2270 2266
f 2271 2272 2273
f 2271 2273 2274
f 2275 2276 2277
f 2275 2277 2278
f 2118 2260 2263
f 2118 2263 2119
f 2279 2280 2253
f 2279 2253 2252
f 2281 2282 2280
f 2281 2280 2279
f 2246 2240 2129
f 2246 2129 2156
f 2283 2263 2262
f 2283 2262 2284
f 2278 2277 2204
f 2278 2204 2203
f 2272 2285 2286
f 2272 2286 2273
f 2287 2171 2174
f 2287 2174 2288
f 2247 2246 2156
f 2247 2156 2155
f 2230 2162 2163
f 2230 2163 2231
f 2253 2097 2100
f 2253 2100 2254
f 2289 2290 2235
f 2289 2235 2234
f 2114 2281 2279
f 2114 2279 2115
f 2122 2252 2255
f 2122 2255 2123
f 2144 2119 2263
f 2144 2263 2283
f 2291 2268 2266
f 2291 2266 2265
f 2267 2266 2270
f 2267 2270 2288
f 2261 2093 2096
f 2261 2096 2262
f 2273 2286 2149
f 2273 2149 2126
f 2274 2273 2126
f 2274 2126 2125
f 2115 2279 2252
f 2115 2252 2122
f 2148 2095 2158
f 2148 2158 2242
f 2241 2154 2132
f 2241 2132 2131
f 2240 2239 2130
f 2240 2130 2129
f 2210 2209 2276
f 2210 2276 2275
f 2133 2292 2285
f 2133 2285 2272
f 2249 2140 2158
f 2249 2158 2157
f 2292 2133 2132
f 2292 2132 2243
f 2251 2250 2208
f 2251 2208 2207
f 2134 2133 2272
f 2134 2272 2271
f 2282 2089 2092
f 2282 2092 2280
f 2280 2092 2097
f 2280 2097 2253
f 2284 2262 2096
f 2284 2096 2147
f 2293 2113 2116
f 2293 2116 2294
f 2295 2117 2120
f 2295 2120 2296
f 2297 2121 2124
f 2297 2124 2298
f 2299 2296 2120
f 2299 2120 2143
f 2294 2116 2121
f 2294 2121 2297
f 2127 2150 2300
f 2127 2300 2301
f 2206 2205 2302
f 2206 2302 2303
f 2128 2127 2301
f 2128 2301 2304
f 2301 2300 2269
f 2301 2269 2268
f 2303 2302 2290
f 2303 2290 2289
f 2304 2301 2268
f 2304 2268 2291
f 2305 2293 2294
f 2305 2294 2306
f 2307 2295 2296
f 2307 2296 2308
f 2309 2297 2298
f 2309 2298 2310
f 2311 2308 2296
f 2311 2296 2299
f 2306 2294 2297
f 2306 2297 2309
f 2257 2227 2228
f 2257 2228 2258
f 2215 2221 2224
f 2215 2224 2216
f 2170 2169 2173
f 2170 2173 2178
f 2204 2312 2313
f 2204 2313 2205
f 2208 2314 2315
f 2208 2315 2209
f 2212 2316 2317
f 2212 2317 2213
f 2216 2224 2318
f 2216 2318 2319
f 2195 2194 2320
f 2195 2320 2321
f 2194 2216 2319
f 2194 2319 2320
f 2224 2223 2322
f 2224 2322 2318
f 2213 2317 2323
f 2213 2323 2250
f 2236 2235 2324
f 2236 2324 2325
f 2276 2326 2327
f 2276 2327 2277
f 2290 2328 2324
f 2290 2324 2235
f 2277 2327 2312
f 2277 2312 2204
f 2250 2323 2314
f 2250 2314 2208
f 2209 2315 2326
f 2209 2326 2276
f 2205 2313 2329
f 2205 2329 2302
f 2302 2329 2328
f 2302 2328 2290
f 2330 2251 2207
f 2330 2207 2331
f 2332 2211 2214
f 2332 2214 2333
f 2333 2214 2251
f 2333 2251 2330
f 2334 2289 2234
f 2334 2234 2335
f 2336 2337 2215
f 2336 2215 2193
f 2338 2210 2275
f 2338 2275 2339
f 2340 2206 2303
f 2340 2303 2341
f 2342 2343 2222
f 2342 2222 2221
f 2344 2203 2206
f 2344 2206 2340
f 2331 2207 2210
f 2331 2210 2338
f 2345 2278 2203
f 2345 2203 2344
f 2337 2342 2221
f 2337 2221 2215
f 2346 2336 2193
f 2346 2193 2192
f 2341 2303 2289
f 2341 2289 2334
f 2347 2335 2234
f 2347 2234 2233
f 2339 2275 2278
f 2339 2278 2345
f 2348 2192 2195
f 2348 2195 2349
f 2200 2350 2351
f 2200 2351 2201
f 2321 2352 2349
f 2321 2349 2195
f 2217 2353 2350
f 2217 2350 2200
f 2354 2179 2181
f 2354 2181 2355
f 2218 2356 2357
f 2218 2357 2219
f 2346 2358 2356
f 2346 2356 2218
f 2220 2359 2355
f 2220 2355 2181
f 2360 2186 2179
f 2360 2179 2354
f 2201 2351 2361
f 2201 2361 2202
f 2358 2362 2363
f 2358 2363 2356
f 2360 2354 2363
f 2360 2363 2362
f 2354 2355 2364
f 2354 2364 2363
f 2363 2364 2357
f 2363 2357 2356
f 2365 2351 2350
f 2365 2350 2353
f 2365 2364 2355
f 2365 2355 2359
f 2307 2229 2230
f 2307 2230 2310
f 2309 2231 2232
f 2309 2232 2306
f 2222 2233 2236
f 2222 2236 2223
f 2311 2256 2259
f 2311 2259 2308
f 2226 2264 2267
f 2226 2267 2225
f 2305 2287 2288
f 2305 2288 2270
f 2310 2230 2231
f 2310 2231 2309
f 2225 2267 2288
f 2225 2288 2174
f 2223 2236 2325
f 2223 2325 2322
f 2343 2347 2233
f 2343 2233 2222
f 2366 2367 2368
f 2366 2368 2369
f 2370 2371 2372
f 2370 2372 2373
f 2374 2375 2376
f 2374 2376 2377
f 2378 2379 2380
f 2378 2380 2381
f 2382 2383 2384
f 2382 2384 2385
f 2386 2387 2388
f 2386 2388 2389
f 2390 2391 2392
f 2390 2392 2393
f 2394 2395 2396
f 2394 2396 2397
f 2398 2399 2400
f 2398 2400 2401
f 2402 2403 2404
f 2402 2404 2405
f 2406 2407 2376
f 2406 2376 2375
f 2408 2409 2410
f 2408 2410 2411
f 2412 2413 2414
f 2412 2414 2415
f 2416 2417 2418
f 2416 2418 2419
f 2420 2397 2396
f 2420 2396 2421
f 2422 2389 2388
f 2422 2388 2423
f 2424 2373 2372
f 2424 2372 2425
f 2403 2426 2427
f 2403 2427 2404
f 2413 2428 2429
f 2413 2429 2414
f 2430 2431 2414
f 2430 2414 2429
f 2432 2433 2368
f 2432 2368 2367
f 2434 2435 2372
f 2434 2372 2371
f 2436 2437 2438
f 2436 2438 2439
f 2440 2441 2442
f 2440 2442 2443
f 2444 2445 2446
f 2444 2446 2447
f 2448 2449 2450
f 2448 2450 2451
f 2439 2438 2441
f 2439 2441 2440
f 2452 2453 2454
f 2452 2454 2455
f 2456 2457 2454
f 2456 2454 2458
f 2459 2460 2461
f 2459 2461 2462
f 2463 2464 2457
f 2463 2457 2456
f 2465 2466 2467
f 2465 2467 2468
f 2469 2470 2471
f 2469 2471 2472
f 2473 2474 2475
f 2473 2475 2476
f 2468 2467 2474
f 2468 2474 2473
f 2467 2477 2478
f 2467 2478 2474
f 2474 2478 2479
f 2474 2479 2475
f 2369 2368 2375
f 2369 2375 2374
f 2385 2384 2379
f 2385 2379 2378
f 2393 2392 2399
f 2393 2399 2398
f 2480 2481 2482
f 2480 2482 2483
f 2433 2406 2375
f 2433 2375 2368
f 2484 2485 2486
f 2484 2486 2487
f 2488 2489 2490
f 2488 2490 2491
f 2470 2492 2493
f 2470 2493 2471
f 2466 2494 2477
f 2466 2477 2467
f 2464 2444 2447
f 2464 2447 2457
f 2460 2495 2496
f 2460 2496 2461
f 2457 2447 2455
f 2457 2455 2454
f 2453 2497 2458
f 2453 2458 2454
f 2498 2499 2500
f 2498 2500 2501
f 2446 2502 2451
f 2446 2451 2450
f 2437 2465 2468
f 2437 2468 2438
f 2445 2503 2502
f 2445 2502 2446
f 2438 2468 2473
f 2438 2473 2441
f 2504 2459 2462
f 2504 2462 2505
f 2441 2473 2476
f 2441 2476 2442
f 2449 2452 2455
f 2449 2455 2450
f 2506 2436 2439
f 2506 2439 2507
f 2508 2440 2443
f 2508 2443 2509
f 2510 2511 2512
f 2510 2512 2513
f 2514 2515 2516
f 2514 2516 2517
f 2415 2414 2431
f 2415 2431 2518
f 2519 2435 2417
f 2519 2417 2416
f 2520 2409 2431
f 2520 2431 2430
f 2521 2522 2523
f 2521 2523 2524
f 2525 2418 2417
f 2525 2417 2526
f 2522 2514 2517
f 2522 2517 2523
f 2491 2490 2527
f 2491 2527 2528
f 2529 2530 2531
f 2529 2531 2532
f 2533 2534 2535
f 2533 2535 2536
f 2537 2538 2539
f 2537 2539 2540
f 2541 2542 2543
f 2541 2543 2544
f 2545 2546 2547
f 2545 2547 2543
f 2548 2549 2550
f 2548 2550 2551
f 2552 2553 2554
f 2552 2554 2555
f 2395 2537 2540
f 2395 2540 2396
f 2556 2557 2530
f 2556 2530 2529
f 2558 2559 2557
f 2558 2557 2556
f 2523 2517 2406
f 2523 2406 2433
f 2560 2540 2539
f 2560 2539 2561
f 2555 2554 2481
f 2555 2481 2480
f 2549 2562 2563
f 2549 2563 2550
f 2564 2448 2451
f 2564 2451 2565
f 2524 2523 2433
f 2524 2433 2432
f 2507 2439 2440
f 2507 2440 2508
f 2530 2374 2377
f 2530 2377 2531
f 2566 2567 2512
f 2566 2512 2511
f 2391 2558 2556
f 2391 2556 2392
f 2399 2529 2532
f 2399 2532 2400
f 2421 2396 2540
f 2421 2540 2560
f 2568 2545 2543
f 2568 2543 2542
f 2544 2543 2547
f 2544 2547 2565
f 2538 2370 2373
f 2538 2373 2539
f 2550 2563 2426
f 2550 2426 2403
f 2551 2550 2403
f 2551 2403 2402
f 2392 2556 2529
f 2392 2529 2399
f 2425 2372 2435
f 2425 2435 2519
f 2518 2431 2409
f 2518 2409 2408
f 2517 2516 2407
f 2517 2407 2406
f 2487 2486 2553
f 2487 2553 2552
f 2410 2569 2562
f 2410 2562 2549
f 2526 2417 2435
f 2526 2435 2434
f 2569 2410 2409
f 2569 2409 2520
f 2528 2527 2485
f 2528 2485 2484
f 2411 2410 2549
f 2411 2549 2548
f 2559 2366 2369
f 2559 2369 2557
f 2557 2369 2374
f 2557 2374 2530
f 2561 2539 2373
f 2561 2373 2424
f 2570 2390 2393
f 2570 2393 2571
f 2572 2394 2397
f 2572 2397 2573
f 2574 2398 2401
f 2574 2401 2575
f 2576 2573 2397
f 2576 2397 2420
f 2571 2393 2398
f 2571 2398 2574
f 2404 2427 2577
f 2404 2577 2578
f 2483 2482 2579
f 2483 2579 2580
f 2405 2404 2578
f 2405 2578 2581
f 2578 2577 2546
f 2578 2546 2545
f 2580 2579 2567
f 2580 2567 2566
f 2581 2578 2545
f 2581 2545 2568
f 2582 2570 2571
f 2582 2571 2583
f 2584 2572 2573
f 2584 2573 2585
f 2586 2574 2575
f 2586 2575 2587
f 2588 2585 2573
f 2588 2573 2576
f 2583 2571 2574
f 2583 2574 2586
f 2534 2504 2505
f 2534 2505 2535
f 2492 2498 2501
f 2492 2501 2493
f 2447 2446 2450
f 2447 2450 2455
f 2481 2589 2590
f 2481 2590 2482
f 2485 2591 2592
f 2485 2592 2486
f 2489 2593 2594
f 2489 2594 2490
f 2493 2501 2595
f 2493 2595 2596
f 2472 2471 2597
f 2472 2597 2598
f 2471 2493 2596
f 2471 2596 2597
f 2501 2500 2599
f 2501 2599 2595
f 2490 2594 2600
f 2490 2600 2527
f 2513 2512 2601
f 2513 2601 2602
f 2553 2603 2604
f 2553 2604 2554
f 2567 2605 2601
f 2567 2601 2512
f 2554 2604 2589
f 2554 2589 2481
f 2527 2600 2591
f 2527 2591 2485
f 2486 2592 2603
f 2486 2603 2553
f 2482 2590 2606
f 2482 2606 2579
f 2579 2606 2605
f 2579 2605 2567
f 2607 2528 2484
f 2607 2484 2608
f 2609 2488 2491
f 2609 2491 2610
f 2610 2491 2528
f 2610 2528 2607
f 2611 2566 2511
f 2611 2511 2612
f 2613 2614 2492
f 2613 2492 2470
f 2615 2487 2552
f 2615 2552 2616
f 2617 2483 2580
f 2617 2580 2618
f 2619 2620 2499
f 2619 2499 2498
f 2621 2480 2483
f 2621 2483 2617
f 2608 2484 2487
f 2608 2487 2615
f 2622 2555 2480
f 2622 2480 2621
f 2614 2619 2498
f 2614 2498 2492
f 2623 2613 2470
f 2623 2470 2469
f 2618 2580 2566
f 2618 2566 2611
f 2624 2612 2511
f 2624 2511 2510
f 2616 2552 2555
f 2616 2555 2622
f 2625 2469 2472
f 2625 2472 2626
f 2477 2627 2628
f 2477 2628 2478
f 2598 2629 2626
f 2598 2626 2472
f 2494 2630 2627
f 2494 2627 2477
f 2631 2456 2458
f 2631 2458 2632
f 2495 2633 2634
f 2495 2634 2496
f 2623 2635 2633
f 2623 2633 2495
f 2497 2636 2632
f 2497 2632 2458
f 2637 2463 2456
f 2637 2456 2631
f 2478 2628 2638
f 2478 2638 2479
f 2635 2639 2640
f 2635 2640 2633
f 2637 2631 2640
f 2637 2640 2639
f 2631 2632 2641
f 2631 2641 2640
f 2640 2641 2634
f 2640 2634 2633
f 2642 2628 2627
f 2642 2627 2630
f 2642 2641 2632
f 2642 2632 2636
f 2584 2506 2507
f 2584 2507 2587
f 2586 2508 2509
f 2586 2509 2583
f 2499 2510 2513
f 2499 2513 2500
f 2588 2533 2536
f 2588 2536 2585
f 2503 2541 2544
f 2503 2544 2502
f 2582 2564 2565
f 2582 2565 2547
f 2587 2507 2508
f 2587 2508 2586
f 2502 2544 2565
f 2502 2565 2451
f 2500 2513 2602
f 2500 2602 2599
f 2620 2624 2510
f 2620 2510 2499
f 2643 2644 2645
f 2643 2645 2646
f 2647 2648 2649
f 2647 2649 2650
f 2651 2652 2653
f 2651 2653 2654
f 2655 2656 2657
f 2655 2657 2658
f 2659 2660 2661
f 2659 2661 2662
f 2663 2664 2665
f 2663 2665 2666
f 2667 2668 2669
f 2667 2669 2670
f 2671 2672 2673
f 2671 2673 2674
f 2675 2676 2677
f 2675 2677 2678
f 2679 2680 2681
f 2679 2681 2682
f 2683 2684 2653
f 2683 2653 2652
f 2685 2686 2687
f 2685 2687 2688
f 2689 2690 2691
f 2689 2691 2692
f 2693 2694 2695
f 2693 2695 2696
f 2697 2674 2673
f 2697 2673 2698
f 2699 2666 2665
f 2699 2665 2700
f 2701 2650 2649
f 2701 2649 2702
f 2680 2703 2704
f 2680 2704 2681
f 2690 2705 2706
f 2690 2706 2691
f 2707 2708 2691
f 2707 2691 2706
f 2709 2710 2645
f 2709 2645 2644
f 2711 2712 2649
f 2711 2649 2648
f 2713 2714 2715
f 2713 2715 2716
f 2717 2718 2719
f 2717 2719 2720
f 2721 2722 2723
f 2721 2723 2724
f 2725 2726 2727
f 2725 2727 2728
f 2716 2715 2718
f 2716 2718 2717
f 2729 2730 2731
f 2729 2731 2732
f 2733 2734 2731
f 2733 2731 2735
f 2736 2737 2738
f 2736 2738 2739
f 2740 2741 2734
f 2740 2734 2733
f 2742 2743 2744
f 2742 2744 2745
f 2746 2747 2748
f 2746 2748 2749
f 2750 2751 2752
f 2750 2752 2753
f 2745 2744 2751
f 2745 2751 2750
f 2744 2754 2755
f 2744 2755 2751
f 2751 2755 2756
f 2751 2756 2752
f 2646 2645 2652
f 2646 2652 2651
f 2662 2661 2656
f 2662 2656 2655
f 2670 2669 2676
f 2670 2676 2675
f 2757 2758 2759
f 2757 2759 2760
f 2710 2683 2652
f 2710 2652 2645
f 2761 2762 2763
f 2761 2763 2764
f 2765 2766 2767
f 2765 2767 2768
f 2747 2769 2770
f 2747 2770 2748
f 2743 2771 2754
f 2743 2754 2744
f 2741 2721 2724
f 2741 2724 2734
f 2737 2772 2773
f 2737 2773 2738
f 2734 2724 2732
f 2734 2732 2731
f 2730 2774 2735
f 2730 2735 2731
f 2775 2776 2777
f 2775 2777 2778
f 2723 2779 2728
f 2723 2728 2727
f 2714 2742 2745
f 2714 2745 2715
f 2722 2780 2779
f 2722 2779 2723
f 2715 2745 2750
f 2715 2750 2718
f 2781 2736 2739
f 2781 2739 2782
f 2718 2750 2753
f 2718 2753 2719
f 2726 2729 2732
f 2726 2732 2727
f 2783 2713 2716
f 2783 2716 2784
f 2785 2717 2720
f 2785 2720 2786
f 2787 2788 2789
f 2787 2789 2790
f 2791 2792 2793
f 2791 2793 2794
f 2692 2691 2708
f 2692 2708 2795
f 2796 2712 2694
f 2796 2694 2693
f 2797 2686 2708
f 2797 2708 2707
f 2798 2799 2800
f 2798 2800 2801
f 2802 2695 2694
f 2802 2694 2803
f 2799 2791 2794
f 2799 2794 2800
f 2768 2767 2804
f 2768 2804 2805
f 2806 2807 2808
f 2806 2808 2809
f 2810 2811 2812
f 2810 2812 2813
f 2814 2815 2816
f 2814 2816 2817
f 2818 2819 2820
f 2818 2820 2821
f 2822 2823 2824
f 2822 2824 2820
f 2825 2826 2827
f 2825 2827 2828
f 2829 2830 2831
f 2829 2831 2832
f 2672 2814 2817
f 2672 2817 2673
f 2833 2834 2807
f 2833 2807 2806
f 2835 2836 2834
f 2835 2834 2833
f 2800 2794 2683
f 2800 2683 2710
f 2837 2817 2816
f 2837 2816 2838
f 2832 2831 2758
f 2832 2758 2757
f 2826 2839 2840
f 2826 2840 2827
f 2841 2725 2728
f 2841 2728 2842
f 2801 2800 2710
f 2801 2710 2709
f 2784 2716 2717
f 2784 2717 2785
f 2807 2651 2654
f 2807 2654 2808
f 2843 2844 2789
f 2843 2789 2788
f 2668 2835 2833
f 2668 2833 2669
f 2676 2806 2809
f 2676 2809 2677
f 2698 2673 2817
f 2698 2817 2837
f 2845 2822 2820
f 2845 2820 2819
f 2821 2820 2824
f 2821 2824 2842
f 2815 2647 2650
f 2815 2650 2816
f 2827 2840 2703
f 2827 2703 2680
f 2828 2827 2680
f 2828 2680 2679
f 2669 2833 2806
f 2669 2806 2676
f 2702 2649 2712
f 2702 2712 2796
f 2795 2708 2686
f 2795 2686 2685
f 2794 2793 2684
f 2794 2684 2683
f 2764 2763 2830
f 2764 2830 2829
f 2687 2846 2839
f 2687 2839 2826
f 2803 2694 2712
f 2803 2712 2711
f 2846 2687 2686
f 2846 2686 2797
f 2805 2804 2762
f 2805 2762 2761
f 2688 2687 2826
f 2688 2826 2825
f 2836 2643 2646
f 2836 2646 2834
f 2834 2646 2651
f 2834 2651 2807
f 2838 2816 2650
f 2838 2650 2701
f 2847 2667 2670
f 2847 2670 2848
f 2849 2671 2674
f 2849 2674 2850
f 2851 2675 2678
f 2851 2678 2852
f 2853 2850 2674
f 2853 2674 2697
f 2848 2670 2675
f 2848 2675 2851
f 2681 2704 2854
f 2681 2854 2855
f 2760 2759 2856
f 2760 2856 2857
f 2682 2681 2855
f 2682 2855 2858
f 2855 2854 2823
f 2855 2823 2822
f 2857 2856 2844
f 2857 2844 2843
f 2858 2855 2822
f 2858 2822 2845
f 2859 2847 2848
f 2859 2848 2860
f 2861 2849 2850
f 2861 2850 2862
f 2863 2851 2852
f 2863 2852 2864
f 2865 2862 2850
f 2865 2850 2853
f 2860 2848 2851
f 2860 2851 2863
f 2811 2781 2782
f 2811 2782 2812
f 2769 2775 2778
f 2769 2778 2770
f 2724 2723 2727
f 2724 2727 2732
f 2758 2866 2867
f 2758 2867 2759
f 2762 2868 2869
f 2762 2869 2763
f 2766 2870 2871
f 2766 2871 2767
f 2770 2778 2872
f 2770 2872 2873
f 2749 2748 2874
f 2749 2874 2875
f 2748 2770 2873
f 2748 2873 2874
f 2778 2777 2876
f 2778 2876 2872
f 2767 2871 2877
f 2767 2877 2804
f 2790 2789 2878
f 2790 2878 2879
f 2830 2880 2881
f 2830 2881 2831
f 2844 2882 2878
f 2844 2878 2789
f 2831 2881 2866
f 2831 2866 2758
f 2804 2877 2868
f 2804 2868 2762
f 2763 2869 2880
f 2763 2880 2830
f 2759 2867 2883
f 2759 2883 2856
f 2856 2883 2882
f 2856 2882 2844
f 2884 2805 2761
f 2884 2761 2885
f 2886 2765 2768
f 2886 2768 2887
f 2887 2768 2805
f 2887 2805 2884
f 2888 2843 2788
f 2888 2788 2889
f 2890 2891 2769
f 2890 2769 2747
f 2892 2764 2829
f 2892 2829 2893
f 2894 2760 2857
f 2894 2857 2895
f 2896 2897 2776
f 2896 2776 2775
f 2898 2757 2760
f 2898 2760 2894
f 2885 2761 2764
f 2885 2764 2892
f 2899 2832 2757
f 2899 2757 2898
f 2891 2896 2775
f 2891 2775 2769
f 2900 2890 2747
f 2900 2747 2746
f 2895 2857 2843
f 2895 2843 2888
f 2901 2889 2788
f 2901 2788 2787
f 2893 2829 2832
f 2893 2832 2899
f 2902 2746 2749
f 2902 2749 2903
f 2754 2904 2905
f 2754 2905 2755
f 2875 2906 2903
f 2875 2903 2749
f 2771 2907 2904
f 2771 2904 2754
f 2908 2733 2735
f 2908 2735 2909
f 2772 2910 2911
f 2772 2911 2773
f 2900 2912 2910
f 2900 2910 2772
f 2774 2913 2909
f 2774 2909 2735
f 2914 2740 2733
f 2914 2733 2908
f 2755 2905 2915
f 2755 2915 2756
f 2912 2916 2917
f 2912 2917 2910
f 2914 2908 2917
f 2914 2917 2916
f 2908 2909 2918
f 2908 2918 2917
f 2917 2918 2911
f 2917 2911 2910
f 2919 2905 2904
f 2919 2904 2907
f 2919 2918 2909
f 2919 2909 2913
f 2861 2783 2784
f 2861 2784 2864
f 2863 2785 2786
f 2863 2786 2860
f 2776 2787 2790
f 2776 2790 2777
f 2865 2810 2813
f 2865 2813 2862
f 2780 2818 2821
f 2780 2821 2779
f 2859 2841 2842
f 2859 2842 2824
f 2864 2784 2785
f 2864 2785 2863
f 2779 2821 2842
f 2779 2842 2728
f 2777 2790 2879
f 2777 2879 2876
f 2897 2901 2787
f 2897 2787 2776
f 2920 2921 2922
f 2920 2922 2923
f 2924 2925 2926
f 2924 2926 2927
f 2928 2929 2930
f 2928 2930 2931
f 2932 2933 2934
f 2932 2934 2935
f 2936 2937 2938
f 2936 2938 2939
f 2940 2941 2942
f 2940 2942 2943
f 2944 2945 2946
f 2944 2946 2947
f 2948 2949 2950
f 2948 2950 2951
f 2952 2953 2954
f 2952 2954 2955
f 2956 2957 2958
f 2956 2958 2959
f 2960 2961 2930
f 2960 2930 2929
f 2962 2963 2964
f 2962 2964 2965
f 2966 2967 2968
f 2966 2968 2969
f 2970 2971 2972
f 2970 2972 2973
f 2974 2951 2950
f 2974 2950 2975
f 2976 2943 2942
f 2976 2942 2977
f 2978 2927 2926
f 2978 2926 2979
f 2957 2980 2981
f 2957 2981 2958
f 2967 2982 2983
f 2967 2983 2968
f 2984 2985 2968
f 2984 2968 2983
f 2986 2987 2922
f 2986 2922 2921
f 2988 2989 2926
f 2988 2926 2925
f 2990 2991 2992
f 2990 2992 2993
f 2994 2995 2996
f 2994 2996 2997
f 2998 2999 3000
f 2998 3000 3001
f 3002 3003 3004
f 3002 3004 3005
f 2993 2992 2995
f 2993 2995 2994
f 3006 3007 3008
f 3006 3008 3009
f 3010 3011 3008
f 3010 3008 3012
f 3013 3014 3015
f 3013 3015 3016
f 3017 3018 3011
f 3017 3011 3010
f 3019 3020 3021
f 3019 3021 3022
f 3023 3024 3025
f 3023 3025 3026
f 3027 3028 3029
f 3027 3029 3030
f 3022 3021 3028
f 3022 3028 3027
f 3021 3031 3032
f 3021 3032 3028
f 3028 3032 3033
f 3028 3033 3029
f 2923 2922 2929
f 2923 2929 2928
f 2939 2938 2933
f 2939 2933 2932
f 2947 2946 2953
f 2947 2953 2952
f 3034 3035 3036
f 3034 3036 3037
f 2987 2960 2929
f 2987 2929 2922
f 3038 3039 3040
f 3038 3040 3041
f 3042 3043 3044
f 3042 3044 3045
f 3024 3046 3047
f 3024 3047 3025
f 3020 3048 3031
f 3020 3031 3021
f 3018 2998 3001
f 3018 3001 3011
f 3014 3049 3050
f 3014 3050 3015
f 3011 3001 3009
f 3011 3009 3008
f 3007 3051 3012
f 3007 3012 3008
f 3052 3053 3054
f 3052 3054 3055
f 3000 3056 3005
f 3000 3005 3004
f 2991 3019 3022
f 2991 3022 2992
f 2999 3057 3056
f 2999 3056 3000
f 2992 3022 3027
f 2992 3027 2995
f 3058 3013 3016
f 3058 3016 3059
f 2995 3027 3030
f 2995 3030 2996
f 3003 3006 3009
f 3003 3009 3004
f 3060 2990 2993
f 3060 2993 3061
f 3062 2994 2997
f 3062 2997 3063
f 3064 3065 3066
f 3064 3066 3067
f 3068 3069 3070
f 3068 3070 3071
f 2969 2968 2985
f 2969 2985 3072
f 3073 2989 2971
f 3073 2971 2970
f 3074 2963 2985
f 3074 2985 2984
f 3075 3076 3077
f 3075 3077 3078
f 3079 2972 2971
f 3079 2971 3080
f 3076 3068 3071
f 3076 3071 3077
f 3045 3044 3081
f 3045 3081 3082
f 3083 3084 3085
f 3083 3085 3086
f 3087 3088 3089
f 3087 3089 3090
f 3091 3092 3093
f 3091 3093 3094
f 3095 3096 3097
f 3095 3097 3098
f 3099 3100 3101
f 3099 3101 3097
f 3102 3103 3104
f 3102 3104 3105
f 3106 3107 3108
f 3106 3108 3109
f 2949 3091 3094
f 2949 3094 2950
f 3110 3111 3084
f 3110 3084 3083
f 3112 3113 3111
f 3112 3111 3110
f 3077 3071 2960
f 3077 2960 2987
f 3114 3094 3093
f 3114 3093 3115
f 3109 3108 3035
f 3109 3035 3034
f 3103 3116 3117
f 3103 3117 3104
f 3118 3002 3005
f 3118 3005 3119
f 3078 3077 2987
f 3078 2987 2986
f 3061 2993 2994
f 3061 2994 3062
f 3084 2928 2931
f 3084 2931 3085
f 3120 3121 3066
f 3120 3066 3065
f 2945 3112 3110
f 2945 3110 2946
f 2953 3083 3086
f 2953 3086 2954
f 2975 2950 3094
f 2975 3094 3114
f 3122 3099 3097
f 3122 3097 3096
f 3098 3097 3101
f 3098 3101 3119
f 3092 2924 2927
f 3092 2927 3093
f 3104 3117 2980
f 3104 2980 2957
f 3105 3104 2957
f 3105 2957 2956
f 2946 3110 3083
f 2946 3083 2953
f 2979 2926 2989
f 2979 2989 3073
f 3072 2985 2963
f 3072 2963 2962
f 3071 3070 2961
f 3071 2961 2960
f 3041 3040 3107
f 3041 3107 3106
f 2964 3123 3116
f 2964 3116 3103
f 3080 2971 2989
f 3080 2989 2988
f 3123 2964 2963
f 3123 2963 3074
f 3082 3081 3039
f 3082 3039 3038
f 2965 2964 3103
f 2965 3103 3102
f 3113 2920 2923
f 3113 2923 3111
f 3111 2923 2928
f 3111 2928 3084
f 3115 3093 2927
f 3115 2927 2978
f 3124 2944 2947
f 3124 2947 3125
f 3126 2948 2951
f 3126 2951 3127
f 3128 2952 2955
f 3128 2955 3129
f 3130 3127 2951
f 3130 2951 2974
f 3125 2947 2952
f 3125 2952 3128
f 2958 2981 3131
f 2958 3131 3132
f 3037 3036 3133
f 3037 3133 3134
f 2959 2958 3132
f 2959 3132 3135
f 3132 3131 3100
f 3132 3100 3099
f 3134 3133 3121
f 3134 3121 3120
f 3135 3132 3099
f 3135 3099 3122
f 3136 3124 3125
f 3136 3125 3137
f 3138 3126 3127
f 3138 3127 3139
f 3140 3128 3129
f 3140 3129 3141
f 3142 3139 3127
f 3142 3127 3130
f 3137 3125 3128
f 3137 3128 3140
f 3088 3058 3059
f 3088 3059 3089
f 3046 3052 3055
f 3046 3055 3047
f 3001 3000 3004
f 3001 3004 3009
f 3035 3143 3144
f 3035 3144 3036
f 3039 3145 3146
f 3039 3146 3040
f 3043 3147 3148
f 3043 3148 3044
f 3047 3055 3149
f 3047 3149 3150
f 3026 3025 3151
f 3026 3151 3152
f 3025 3047 3150
f 3025 3150 3151
f 3055 3054 3153
f 3055 3153 3149
f 3044 3148 3154
f 3044 3154 3081
f 3067 3066 3155
f 3067 3155 3156
f 3107 3157 3158
f 3107 3158 3108
f 3121 3159 3155
f 3121 3155 3066
f 3108 3158 3143
f 3108 3143 3035
f 3081 3154 3145
f 3081 3145 3039
f 3040 3146 3157
f 3040 3157 3107
f 3036 3144 3160
f 3036 3160 3133
f 3133 3160 3159
f 3133 3159 3121
f 3161 3082 3038
f 3161 3038 3162
f 3163 3042 3045
f 3163 3045 3164
f 3164 3045 3082
f 3164 3082 3161
f 3165 3120 3065
f 3165 3065 3166
f 3167 3168 3046
f 3167 3046 3024
f 3169 3041 3106
f 3169 3106 3170
f 3171 3037 3134
f 3171 3134 3172
f 3173 3174 3053
f 3173 3053 3052
f 3175 3034 3037
f 3175 3037 3171
f 3162 3038 3041
f 3162 3041 3169
f 3176 3109 3034
f 3176 3034 3175
f 3168 3173 3052
f 3168 3052 3046
f 3177 3167 3024
f 3177 3024 3023
f 3172 3134 3120
f 3172 3120 3165
f 3178 3166 3065
f 3178 3065 3064
f 3170 3106 3109
f 3170 3109 3176
f 3179 3023 3026
f 3179 3026 3180
f 3031 3181 3182
f 3031 3182 3032
f 3152 3183 3180
f 3152 3180 3026
f 3048 3184 3181
f 3048 3181 3031
f 3185 3010 3012
f 3185 3012 3186
f 3049 3187 3188
f 3049 3188 3050
f 3177 3189 3187
f 3177 3187 3049
f 3051 3190 3186
f 3051 3186 3012
f 3191 3017 3010
f 3191 3010 3185
f 3032 3182 3192
f 3032 3192 3033
f 3189 3193 3194
f 3189 3194 3187
f 3191 3185 3194
f 3191 3194 3193
f 3185 3186 3195
f 3185 3195 3194
f 3194 3195 3188
f 3194 3188 3187
f 3196 3182 3181
f 3196 3181 3184
f 3196 3195 3186
f 3196 3186 3190
f 3138 3060 3061
f 3138 3061 3141
f 3140 3062 3063
f 3140 3063 3137
f 3053 3064 3067
f 3053 3067 3054
f 3142 3087 3090
f 3142 3090 3139
f 3057 3095 3098
f 3057 3098 3056
f 3136 3118 3119
f 3136 3119 3101
f 3141 3061 3062
f 3141 3062 3140
f 3056 3098 3119
f 3056 3119 3005
f 3054 3067 3156
f 3054 3156 3153
f 3174 3178 3064
f 3174 3064 3053
f 3197 3198 3199
f 3197 3199 3200
f 3201 3202 3203
f 3201 3203 3204
f 3205 3206 3202
f 3205 3202 3201
f 3207 3208 3209
f 3207 3209 3210
f 3211 3204 3203
f 3211 3203 3212
f 3208 3213 3198
f 3208 3198 3209
f 3214 3215 3216
f 3214 3216 3217
f 3218 3219 3220
f 3218 3220 3221
f 3222 3223 3224
f 3222 3224 3225
f 3221 3220 3226
f 3221 3226 3227
f 3217 3216 3219
f 3217 3219 3218
f 3228 3229 3230
f 3228 3230 3231
f 3232 3233 3230
f 3232 3230 3234
f 3235 3236 3237
f 3235 3237 3238
f 3239 3240 3233
f 3239 3233 3232
f 3238 3237 3241
f 3238 3241 3242
f 3243 3244 3245
f 3243 3245 3246
f 3247 3248 3229
f 3247 3229 3228
f 3242 3241 3248
f 3242 3248 3247
f 3241 3249 3250
f 3241 3250 3248
f 3248 3250 3251
f 3248 3251 3229
f 3200 3199 3206
f 3200 3206 3205
f 3252 3253 3254
f 3252 3254 3255
f 3244 3256 3257
f 3244 3257 3245
f 3237 3258 3249
f 3237 3249 3241
f 3240 3222 3225
f 3240 3225 3233
f 3236 3259 3258
f 3236 3258 3237
f 3233 3225 3231
f 3233 3231 3230
f 3229 3251 3234
f 3229 3234 3230
f 3260 3261 3262
f 3260 3262 3263
f 3224 3264 3227
f 3224 3227 3226
f 3215 3238 3242
f 3215 3242 3216
f 3223 3265 3264
f 3223 3264 3224
f 3216 3242 3247
f 3216 3247 3219
f 3266 3235 3238
f 3266 3238 3215
f 3219 3247 3228
f 3219 3228 3220
f 3220 3228 3231
f 3220 3231 3226
f 3267 3214 3217
f 3267 3217 3268
f 3269 3218 3221
f 3269 3221 3270
f 3271 3272 3273
f 3271 3273 3274
f 3275 3276 3214
f 3275 3214 3267
f 3277 3278 3279
f 3277 3279 3280
f 3281 3282 3283
f 3281 3283 3279
f 3202 3284 3285
f 3202 3285 3203
f 3270 3221 3227
f 3270 3227 3286
f 3268 3217 3218
f 3268 3218 3269
f 3287 3288 3273
f 3287 3273 3272
f 3198 3213 3289
f 3198 3289 3199
f 3206 3290 3284
f 3206 3284 3202
f 3212 3203 3285
f 3212 3285 3291
f 3292 3281 3279
f 3292 3279 3278
f 3280 3279 3283
f 3280 3283 3286
f 3199 3289 3290
f 3199 3290 3206
f 3282 3197 3200
f 3282 3200 3293
f 3294 3201 3204
f 3294 3204 3295
f 3296 3205 3201
f 3296 3201 3294
f 3297 3295 3204
f 3297 3204 3211
f 3293 3200 3205
f 3293 3205 3296
f 3209 3198 3197
f 3209 3197 3298
f 3255 3254 3299
f 3255 3299 3300
f 3210 3209 3298
f 3210 3298 3301
f 3298 3197 3282
f 3298 3282 3281
f 3300 3299 3288
f 3300 3288 3287
f 3301 3298 3281
f 3301 3281 3292
f 3283 3282 3293
f 3283 3293 3302
f 3303 3294 3295
f 3303 3295 3304
f 3305 3296 3294
f 3305 3294 3303
f 3306 3304 3295
f 3306 3295 3297
f 3302 3293 3296
f 3302 3296 3305
f 3276 3266 3215
f 3276 3215 3214
f 3256 3260 3263
f 3256 3263 3257
f 3225 3224 3226
f 3225 3226 3231
f 3253 3207 3210
f 3253 3210 3254
f 3257 3263 3223
f 3257 3223 3222
f 3246 3245 3240
f 3246 3240 3239
f 3245 3257 3222
f 3245 3222 3240
f 3263 3262 3265
f 3263 3265 3223
f 3274 3273 3278
f 3274 3278 3277
f 3288 3292 3278
f 3288 3278 3273
f 3254 3210 3301
f 3254 3301 3299
f 3299 3301 3292
f 3299 3292 3288
f 3297 3287 3272
f 3297 3272 3306
f 3236 3235 3256
f 3236 3256 3244
f 3212 3255 3300
f 3212 3300 3211
f 3266 3276 3261
f 3266 3261 3260
f 3291 3252 3255
f 3291 3255 3212
f 3235 3266 3260
f 3235 3260 3256
f 3259 3236 3244
f 3259 3244 3243
f 3211 3300 3287
f 3211 3287 3297
f 3275 3306 3272
f 3275 3272 3271
f 3307 3243 3246
f 3307 3246 3308
f 3249 3309 3310
f 3249 3310 3250
f 3239 3311 3308
f 3239 3308 3246
f 3258 3312 3309
f 3258 3309 3249
f 3313 3232 3234
f 3313 3234 3314
f 3259 3315 3312
f 3259 3312 3258
f 3243 3307 3315
f 3243 3315 3259
f 3251 3316 3314
f 3251 3314 3234
f 3311 3239 3232
f 3311 3232 3313
f 3250 3310 3316
f 3250 3316 3251
f 3307 3308 3317
f 3307 3317 3315
f 3311 3313 3317
f 3311 3317 3308
f 3313 3314 3318
f 3313 3318 3317
f 3317 3318 3312
f 3317 3312 3315
f 3318 3310 3309
f 3318 3309 3312
f 3310 3318 3314
f 3310 3314 3316
f 3304 3267 3268
f 3304 3268 3303
f 3305 3269 3270
f 3305 3270 3302
f 3261 3271 3274
f 3261 3274 3262
f 3306 3275 3267
f 3306 3267 3304
f 3265 3277 3280
f 3265 3280 3264
f 3302 3270 3286
f 3302 3286 3283
f 3303 3268 3269
f 3303 3269 3305
f 3264 3280 3286
f 3264 3286 3227
f 3262 3274 3277
f 3262 3277 3265
f 3276 3275 3271
f 3276 3271 3261
f 2285 2292 2090
f 2285 2090 2089
f 2100 2099 2094
f 2100 2094 2093
f 2151 3319 2106
f 2151 2106 2105
f 2104 2103 2110
f 2104 2110 2109
f 2300 2150 2114
f 2300 2114 2113
f 2124 2123 2118
f 2124 2118 2117
f 2243 2155 2090
f 2243 2090 2292
f 2130 2157 2094
f 2130 2094 2099
f 2258 2228 2160
f 2258 2160 2159
f 2166 2165 2172
f 2166 2172 2171
f 2199 2198 2176
f 2199 2176 2175
f 2185 2184 2189
f 2185 2189 2188
f 2184 2219 2217
f 2184 2217 2189
f 2198 2202 2220
f 2198 2220 2176
f 2228 2185 2188
f 2228 2188 2160
f 2165 2199 2175
f 2165 2175 2172
f 2259 2258 2159
f 2259 2159 2229
f 2152 2244 2247
f 2152 2247 2153
f 2238 2248 2249
f 2238 2249 2239
f 2255 2254 2261
f 2255 2261 2260
f 2123 2255 2260
f 2123 2260 2118
f 2149 2286 2282
f 2149 2282 2281
f 2232 2166 2171
f 2232 2171 2287
f 2153 2247 2155
f 2153 2155 2243
f 2150 2149 2281
f 2150 2281 2114
f 2254 2100 2093
f 2254 2093 2261
f 2239 2249 2157
f 2239 2157 2130
f 2286 2285 2089
f 2286 2089 2282
f 2269 2300 2113
f 2269 2113 2293
f 2298 2124 2117
f 2298 2117 2295
f 2270 2269 2293
f 2270 2293 2305
f 2310 2298 2295
f 2310 2295 2307
f 2219 2357 2353
f 2219 2353 2217
f 2202 2361 2359
f 2202 2359 2220
f 2364 2365 2353
f 2364 2353 2357
f 2351 2365 2359
f 2351 2359 2361
f 2308 2259 2229
f 2308 2229 2307
f 2306 2232 2287
f 2306 2287 2305
f 2562 2569 2367
f 2562 2367 2366
f 2377 2376 2371
f 2377 2371 2370
f 2428 3320 2383
f 2428 2383 2382
f 2381 2380 2387
f 2381 2387 2386
f 2577 2427 2391
f 2577 2391 2390
f 2401 2400 2395
f 2401 2395 2394
f 2520 2432 2367
f 2520 2367 2569
f 2407 2434 2371
f 2407 2371 2376
f 2535 2505 2437
f 2535 2437 2436
f 2443 2442 2449
f 2443 2449 2448
f 2476 2475 2453
f 2476 2453 2452
f 2462 2461 2466
f 2462 2466 2465
f 2461 2496 2494
f 2461 2494 2466
f 2475 2479 2497
f 2475 2497 2453
f 2505 2462 2465
f 2505 2465 2437
f 2442 2476 2452
f 2442 2452 2449
f 2536 2535 2436
f 2536 2436 2506
f 2429 2521 2524
f 2429 2524 2430
f 2515 2525 2526
f 2515 2526 2516
f 2532 2531 2538
f 2532 2538 2537
f 2400 2532 2537
f 2400 2537 2395
f 2426 2563 2559
f 2426 2559 2558
f 2509 2443 2448
f 2509 2448 2564
f 2430 2524 2432
f 2430 2432 2520
f 2427 2426 2558
f 2427 2558 2391
f 2531 2377 2370
f 2531 2370 2538
f 2516 2526 2434
f 2516 2434 2407
f 2563 2562 2366
f 2563 2366 2559
f 2546 2577 2390
f 2546 2390 2570
f 2575 2401 2394
f 2575 2394 2572
f 2547 2546 2570
f 2547 2570 2582
f 2587 2575 2572
f 2587 2572 2584
f 2496 2634 2630
f 2496 2630 2494
f 2479 2638 2636
f 2479 2636 2497
f 2641 2642 2630
f 2641 2630 2634
f 2628 2642 2636
f 2628 2636 2638
f 2585 2536 2506
f 2585 2506 2584
f 2583 2509 2564
f 2583 2564 2582
f 2839 2846 2644
f 2839 2644 2643
f 2654 2653 2648
f 2654 2648 2647
f 2705 3321 2660
f 2705 2660 2659
f 2658 2657 2664
f 2658 2664 2663
f 2854 2704 2668
f 2854 2668 2667
f 2678 2677 2672
f 2678 2672 2671
f 2797 2709 2644
f 2797 2644 2846
f 2684 2711 2648
f 2684 2648 2653
f 2812 2782 2714
f 2812 2714 2713
f 2720 2719 2726
f 2720 2726 2725
f 2753 2752 2730
f 2753 2730 2729
f 2739 2738 2743
f 2739 2743 2742
f 2738 2773 2771
f 2738 2771 2743
f 2752 2756 2774
f 2752 2774 2730
f 2782 2739 2742
f 2782 2742 2714
f 2719 2753 2729
f 2719 2729 2726
f 2813 2812 2713
f 2813 2713 2783
f 2706 2798 2801
f 2706 2801 2707
f 2792 2802 2803
f 2792 2803 2793
f 2809 2808 2815
f 2809 2815 2814
f 2677 2809 2814
f 2677 2814 2672
f 2703 2840 2836
f 2703 2836 2835
f 2786 2720 2725
f 2786 2725 2841
f 2707 2801 2709
f 2707 2709 2797
f 2704 2703 2835
f 2704 2835 2668
f 2808 2654 2647
f 2808 2647 2815
f 2793 2803 2711
f 2793 2711 2684
f 2840 2839 2643
f 2840 2643 2836
f 2823 2854 2667
f 2823 2667 2847
f 2852 2678 2671
f 2852 2671 2849
f 2824 2823 2847
f 2824 2847 2859
f 2864 2852 2849
f 2864 2849 2861
f 2773 2911 2907
f 2773 2907 2771
f 2756 2915 2913
f 2756 2913 2774
f 2918 2919 2907
f 2918 2907 2911
f 2905 2919 2913
f 2905 2913 2915
f 2862 2813 2783
f 2862 2783 2861
f 2860 2786 2841
f 2860 2841 2859
f 3116 3123 2921
f 3116 2921 2920
f 2931 2930 2925
f 2931 2925 2924
f 2982 3322 2937
f 2982 2937 2936
f 2935 2934 2941
f 2935 2941 2940
f 3131 2981 2945
f 3131 2945 2944
f 2955 2954 2949
f 2955 2949 2948
f 3074 2986 2921
f 3074 2921 3123
f 2961 2988 2925
f 2961 2925 2930
f 3089 3059 2991
f 3089 2991 2990
f 2997 2996 3003
f 2997 3003 3002
f 3030 3029 3007
f 3030 3007 3006
f 3016 3015 3020
f 3016 3020 3019
f 3015 3050 3048
f 3015 3048 3020
f 3029 3033 3051
f 3029 3051 3007
f 3059 3016 3019
f 3059 3019 2991
f 2996 3030 3006
f 2996 3006 3003
f 3090 3089 2990
f 3090 2990 3060
f 2983 3075 3078
f 2983 3078 2984
f 3069 3079 3080
f 3069 3080 3070
f 3086 3085 3092
f 3086 3092 3091
f 2954 3086 3091
f 2954 3091 2949
f 2980 3117 3113
f 2980 3113 3112
f 3063 2997 3002
f 3063 3002 3118
f 2984 3078 2986
f 2984 2986 3074
f 2981 2980 3112
f 2981 3112 2945
f 3085 2931 2924
f 3085 2924 3092
f 3070 3080 2988
f 3070 2988 2961
f 3117 3116 2920
f 3117 2920 3113
f 3100 3131 2944
f 3100 2944 3124
f 3129 2955 2948
f 3129 2948 3126
f 3101 3100 3124
f 3101 3124 3136
f 3141 3129 3126
f 3141 3126 3138
f 3050 3188 3184
f 3050 3184 3048
f 3033 3192 3190
f 3033 3190 3051
f 3195 3196 3184
f 3195 3184 3188
f 3182 3196 3190
f 3182 3190 3192
f 3139 3090 3060
f 3139 3060 3138
f 3137 3063 3118
f 3137 3118 3136
f 2312 2125 2128
f 2312 2128 2313
f 2314 2131 2134
f 2314 2134 2315
f 2316 2135 2138
f 2316 2138 2317
f 2319 2318 2168
f 2319 2168 2167
f 2321 2320 2187
f 2321 2187 2186
f 2320 2319 2167
f 2320 2167 2187
f 2318 2322 2226
f 2318 2226 2168
f 2317 2138 2241
f 2317 2241 2323
f 2325 2324 2265
f 2325 2265 2264
f 2326 2271 2274
f 2326 2274 2327
f 2328 2291 2265
f 2328 2265 2324
f 2327 2274 2125
f 2327 2125 2312
f 2323 2241 2131
f 2323 2131 2314
f 2315 2134 2271
f 2315 2271 2326
f 2313 2128 2304
f 2313 2304 2329
f 2329 2304 2291
f 2329 2291 2328
f 2139 2330 2331
f 2139 2331 2242
f 2145 2332 2333
f 2145 2333 2142
f 2142 2333 2330
f 2142 2330 2139
f 2299 2334 2335
f 2299 2335 2311
f 2183 2182 2337
f 2183 2337 2336
f 2148 2338 2339
f 2148 2339 2147
f 2144 2340 2341
f 2144 2341 2143
f 2227 2257 2343
f 2227 2343 2342
f 2283 2344 2340
f 2283 2340 2144
f 2242 2331 2338
f 2242 2338 2148
f 2284 2345 2344
f 2284 2344 2283
f 2182 2227 2342
f 2182 2342 2337
f 2218 2183 2336
f 2218 2336 2346
f 2143 2341 2334
f 2143 2334 2299
f 2256 2311 2335
f 2256 2335 2347
f 2147 2339 2345
f 2147 2345 2284
f 2192 2348 2358
f 2192 2358 2346
f 2352 2321 2186
f 2352 2186 2360
f 2348 2349 2362
f 2348 2362 2358
f 2352 2360 2362
f 2352 2362 2349
f 2322 2325 2264
f 2322 2264 2226
f 2257 2256 2347
f 2257 2347 2343
f 2589 2402 2405
f 2589 2405 2590
f 2591 2408 2411
f 2591 2411 2592
f 2593 2412 2415
f 2593 2415 2594
f 2596 2595 2445
f 2596 2445 2444
f 2598 2597 2464
f 2598 2464 2463
f 2597 2596 2444
f 2597 2444 2464
f 2595 2599 2503
f 2595 2503 2445
f 2594 2415 2518
f 2594 2518 2600
f 2602 2601 2542
f 2602 2542 2541
f 2603 2548 2551
f 2603 2551 2604
f 2605 2568 2542
f 2605 2542 2601
f 2604 2551 2402
f 2604 2402 2589
f 2600 2518 2408
f 2600 2408 2591
f 2592 2411 2548
f 2592 2548 2603
f 2590 2405 2581
f 2590 2581 2606
f 2606 2581 2568
f 2606 2568 2605
f 2416 2607 2608
f 2416 2608 2519
f 2422 2609 2610
f 2422 2610 2419
f 2419 2610 2607
f 2419 2607 2416
f 2576 2611 2612
f 2576 2612 2588
f 2460 2459 2614
f 2460 2614 2613
f 2425 2615 2616
f 2425 2616 2424
f 2421 2617 2618
f 2421 2618 2420
f 2504 2534 2620
f 2504 2620 2619
f 2560 2621 2617
f 2560 2617 2421
f 2519 2608 2615
f 2519 2615 2425
f 2561 2622 2621
f 2561 2621 2560
f 2459 2504 2619
f 2459 2619 2614
f 2495 2460 2613
f 2495 2613 2623
f 2420 2618 2611
f 2420 2611 2576
f 2533 2588 2612
f 2533 2612 2624
f 2424 2616 2622
f 2424 2622 2561
f 2469 2625 2635
f 2469 2635 2623
f 2629 2598 2463
f 2629 2463 2637
f 2625 2626 2639
f 2625 2639 2635
f 2629 2637 2639
f 2629 2639 2626
f 2599 2602 2541
f 2599 2541 2503
f 2534 2533 2624
f 2534 2624 2620
f 2866 2679 2682
f 2866 2682 2867
f 2868 2685 2688
f 2868 2688 2869
f 2870 2689 2692
f 2870 2692 2871
f 2873 2872 2722
f 2873 2722 2721
f 2875 2874 2741
f 2875 2741 2740
f 2874 2873 2721
f 2874 2721 2741
f 2872 2876 2780
f 2872 2780 2722
f 2871 2692 2795
f 2871 2795 2877
f 2879 2878 2819
f 2879 2819 2818
f 2880 2825 2828
f 2880 2828 2881
f 2882 2845 2819
f 2882 2819 2878
f 2881 2828 2679
f 2881 2679 2866
f 2877 2795 2685
f 2877 2685 2868
f 2869 2688 2825
f 2869 2825 2880
f 2867 2682 2858
f 2867 2858 2883
f 2883 2858 2845
f 2883 2845 2882
f 2693 2884 2885
f 2693 2885 2796
f 2699 2886 2887
f 2699 2887 2696
f 2696 2887 2884
f 2696 2884 2693
f 2853 2888 2889
f 2853 2889 2865
f 2737 2736 2891
f 2737 2891 2890
f 2702 2892 2893
f 2702 2893 2701
f 2698 2894 2895
f 2698 2895 2697
f 2781 2811 2897
f 2781 2897 2896
f 2837 2898 2894
f 2837 2894 2698
f 2796 2885 2892
f 2796 2892 2702
f 2838 2899 2898
f 2838 2898 2837
f 2736 2781 2896
f 2736 2896 2891
f 2772 2737 2890
f 2772 2890 2900
f 2697 2895 2888
f 2697 2888 2853
f 2810 2865 2889
f 2810 2889 2901
f 2701 2893 2899
f 2701 2899 2838
f 2746 2902 2912
f 2746 2912 2900
f 2906 2875 2740
f 2906 2740 2914
f 2902 2903 2916
f 2902 2916 2912
f 2906 2914 2916
f 2906 2916 2903
f 2876 2879 2818
f 2876 2818 2780
f 2811 2810 2901
f 2811 2901 2897
f 3143 2956 2959
f 3143 2959 3144
f 3145 2962 2965
f 3145 2965 3146
f 3147 2966 2969
f 3147 2969 3148
f 3150 3149 2999
f 3150 2999 2998
f 3152 3151 3018
f 3152 3018 3017
f 3151 3150 2998
f 3151 2998 3018
f 3149 3153 3057
f 3149 3057 2999
f 3148 2969 3072
f 3148 3072 3154
f 3156 3155 3096
f 3156 3096 3095
f 3157 3102 3105
f 3157 3105 3158
f 3159 3122 3096
f 3159 3096 3155
f 3158 3105 2956
f 3158 2956 3143
f 3154 3072 2962
f 3154 2962 3145
f 3146 2965 3102
f 3146 3102 3157
f 3144 2959 3135
f 3144 3135 3160
f 3160 3135 3122
f 3160 3122 3159
f 2970 3161 3162
f 2970 3162 3073
f 2976 3163 3164
f 2976 3164 2973
f 2973 3164 3161
f 2973 3161 2970
f 3130 3165 3166
f 3130 3166 3142
f 3014 3013 3168
f 3014 3168 3167
f 2979 3169 3170
f 2979 3170 2978
f 2975 3171 3172
f 2975 3172 2974
f 3058 3088 3174
f 3058 3174 3173
f 3114 3175 3171
f 3114 3171 2975
f 3073 3162 3169
f 3073 3169 2979
f 3115 3176 3175
f 3115 3175 3114
f 3013 3058 3173
f 3013 3173 3168
f 3049 3014 3167
f 3049 3167 3177
f 2974 3172 3165
f 2974 3165 3130
f 3087 3142 3166
f 3087 3166 3178
f 2978 3170 3176
f 2978 3176 3115
f 3023 3179 3189
f 3023 3189 3177
f 3183 3152 3017
f 3183 3017 3191
f 3179 3180 3193
f 3179 3193 3189
f 3183 3191 3193
f 3183 3193 3180
f 3153 3156 3095
f 3153 3095 3057
f 3088 3087 3178
f 3088 3178 3174
f 2656 3323 3324
f 2656 3324 2657
f 3325 3326 3327
f 3325 3327 3328
f 3329 2933 2938
f 3329 2938 3330
f 3331 3332 2977
f 3331 2977 3333
f 2106 3334 3335
f 2106 3335 2107
f 3336 3337 3338
f 3336 3338 3339
f 2933 3329 3340
f 2933 3340 2934
f 3341 2941 2934
f 3341 2934 3340
f 3342 3343 3344
f 3342 3344 3345
f 3332 3331 3343
f 3332 3343 3342
f 3346 3347 3348
f 3346 3348 3349
f 3334 2106 3319
f 3334 3319 3350
f 3351 3352 3328
f 3351 3328 3327
f 3353 2379 2384
f 3353 2384 3354
f 3339 3338 3355
f 3339 3355 3356
f 3357 3358 3345
f 3357 3345 3344
f 3337 3336 3359
f 3337 3359 3360
f 3361 3362 3349
f 3361 3349 3348
f 2379 3353 3363
f 2379 3363 2380
f 3364 2102 2107
f 3364 2107 3335
f 3350 3319 3360
f 3350 3360 3359
f 3333 2977 2942
f 3333 2942 3365
f 2941 3341 3365
f 2941 3365 2942
f 3366 3367 3356
f 3366 3356 3355
f 3323 2656 2661
f 3323 2661 3368
f 2102 3364 3369
f 2102 3369 2103
f 3370 3361 3348
f 3370 3348 3371
f 3372 3373 3374
f 3372 3374 3375
f 3376 3357 3344
f 3376 3344 3377
f 3378 3379 3380
f 3378 3380 3381
f 3382 3351 3327
f 3382 3327 3375
f 3383 3384 3385
f 3383 3385 3371
f 3386 3387 3388
f 3386 3388 3389
f 3390 3387 3391
f 3390 3391 3392
f 3384 3393 3394
f 3384 3394 3395
f 2664 2657 3324
f 2664 3324 3396
f 3390 3397 3388
f 3390 3388 3387
f 3390 3398 3399
f 3390 3399 3397
f 3373 3400 3401
f 3373 3401 3374
f 3402 3403 3404
f 3402 3404 3405
f 3392 3391 3374
f 3392 3374 3401
f 3406 3368 2661
f 3406 2661 2660
f 3407 3408 3409
f 3407 3409 3395
f 3410 3392 3401
f 3410 3401 3411
f 3395 3409 3385
f 3395 3385 3384
f 3400 3412 3411
f 3400 3411 3401
f 3413 3414 3415
f 3413 3415 3416
f 3417 3418 3419
f 3417 3419 3420
f 3414 3413 3421
f 3414 3421 3422
f 3420 3419 3423
f 3420 3423 3424
f 3425 3426 3424
f 3425 3424 3423
f 3427 3428 3429
f 3427 3429 3430
f 3431 3432 3426
f 3431 3426 3425
f 3428 3433 3434
f 3428 3434 3429
f 3418 3417 3435
f 3418 3435 3436
f 3437 3438 3439
f 3437 3439 3440
f 3441 3442 3443
f 3441 3443 3444
f 3445 3446 3447
f 3445 3447 3448
f 3440 3439 3449
f 3440 3449 3450
f 3435 3451 3452
f 3435 3452 3453
f 2387 2380 3363
f 2387 3363 3454
f 3444 3443 3455
f 3444 3455 3448
f 3456 3457 3446
f 3456 3446 3445
f 3441 3458 3438
f 3441 3438 3437
f 3459 3420 3424
f 3459 3424 3460
f 3453 3452 3461
f 3453 3461 3462
f 3463 3464 3415
f 3463 3415 3414
f 3436 3435 3453
f 3436 3453 3465
f 3415 3464 3466
f 3415 3466 3432
f 2237 2101 2104
f 2237 2104 2238
f 2244 2105 2108
f 2244 2108 2245
f 2248 2109 2112
f 2248 2112 2141
f 3337 3360 2136
f 3337 2136 2135
f 2142 2141 2112
f 2142 2112 2145
f 3360 3319 2151
f 3360 2151 2136
f 2245 2108 2101
f 2245 2101 2237
f 3366 3355 2212
f 3366 2212 2211
f 3355 3338 2316
f 3355 2316 2212
f 3467 3366 2211
f 3467 2211 2332
f 2152 2151 2105
f 2152 2105 2244
f 2238 2104 2109
f 2238 2109 2248
f 3338 3337 2135
f 3338 2135 2316
f 2146 3467 2332
f 2146 2332 2145
f 3468 3325 2488
f 3468 2488 2609
f 2521 2382 2385
f 2521 2385 2522
f 2525 2386 2389
f 2525 2389 2418
f 2419 2418 2389
f 2419 2389 2422
f 2696 2695 2666
f 2696 2666 2699
f 3469 3470 2413
f 3469 2413 2412
f 3471 3346 2765
f 3471 2765 2886
f 3349 3362 2870
f 3349 2870 2766
f 3325 3328 2489
f 3325 2489 2488
f 2799 2662 2655
f 2799 2655 2791
f 3352 3469 2412
f 3352 2412 2593
f 2515 2381 2386
f 2515 2386 2525
f 2802 2663 2666
f 2802 2666 2695
f 2429 2428 2382
f 2429 2382 2521
f 2798 2659 2662
f 2798 2662 2799
f 2423 3468 2609
f 2423 2609 2422
f 3328 3352 2593
f 3328 2593 2489
f 3345 3358 3147
f 3345 3147 3043
f 2522 2385 2378
f 2522 2378 2514
f 3470 3320 2428
f 3470 2428 2413
f 3362 3472 2689
f 3362 2689 2870
f 2514 2378 2381
f 2514 2381 2515
f 2700 3471 2886
f 2700 2886 2699
f 3342 3345 3043
f 3342 3043 3042
f 3472 3473 2690
f 3472 2690 2689
f 3068 2932 2935
f 3068 2935 3069
f 3474 3475 2967
f 3474 2967 2966
f 3075 2936 2939
f 3075 2939 3076
f 2792 2658 2663
f 2792 2663 2802
f 3473 3321 2705
f 3473 2705 2690
f 2791 2655 2658
f 2791 2658 2792
f 2706 2705 2659
f 2706 2659 2798
f 3346 3349 2766
f 3346 2766 2765
f 3069 2935 2940
f 3069 2940 3079
f 3076 2939 2932
f 3076 2932 3068
f 3358 3474 2966
f 3358 2966 3147
f 3332 3342 3042
f 3332 3042 3163
f 2983 2982 2936
f 2983 2936 3075
f 2977 3332 3163
f 2977 3163 2976
f 3475 3322 2982
f 3475 2982 2967
f 3079 2940 2943
f 3079 2943 2972
f 2973 2972 2943
f 2973 2943 2976
f 3476 1934 1933
f 3476 1933 3477
f 3478 1935 1936
f 3478 1936 3479
f 3480 1937 1938
f 3480 1938 3481
f 3479 1936 1939
f 3479 1939 3482
f 1940 3483 3484
f 1940 3484 1941
f 1942 3485 3486
f 1942 3486 1943
f 3482 1939 1943
f 3482 1943 3486
f 1941 3484 3477
f 1941 3477 1933
f 3487 1945 1944
f 3487 1944 3488
f 3489 1946 1937
f 3489 1937 3480
f 1946 3489 3490
f 1946 3490 1947
f 3488 1944 1948
f 3488 1948 3491
f 3481 1938 1949
f 3481 1949 3492
f 1947 3490 3493
f 1947 3493 1950
f 3491 1948 1934
f 3491 1934 3476
f 3492 1949 1935
f 3492 1935 3478
f 3494 3482 3486
f 3494 3486 3495
f 3484 3496 3497
f 3484 3497 3477
f 3498 3487 3488
f 3498 3488 3499
f 3500 3489 3480
f 3500 3480 3501
f 3489 3500 3502
f 3489 3502 3490
f 3499 3488 3491
f 3499 3491 3503
f 3504 3481 3492
f 3504 3492 3505
f 3490 3502 3506
f 3490 3506 3493
f 3503 3491 3476
f 3503 3476 3507
f 3505 3492 3478
f 3505 3478 3508
f 3507 3476 3477
f 3507 3477 3497
f 3508 3478 3479
f 3508 3479 3509
f 3501 3480 3481
f 3501 3481 3504
f 3509 3479 3482
f 3509 3482 3494
f 3483 3510 3496
f 3483 3496 3484
f 3485 3511 3495
f 3485 3495 3486
f 3512 3498 3499
f 3512 3499 3513
f 3514 3500 3501
f 3514 3501 3515
f 3500 3514 3516
f 3500 3516 3502
f 3513 3499 3503
f 3513 3503 3517
f 3518 3504 3505
f 3518 3505 3519
f 3502 3516 3520
f 3502 3520 3506
f 3517 3503 3507
f 3517 3507 3521
f 3519 3505 3508
f 3519 3508 3522
f 3521 3507 3497
f 3521 3497 3523
f 3522 3508 3509
f 3522 3509 3524
f 3515 3501 3504
f 3515 3504 3518
f 3524 3509 3494
f 3524 3494 3525
f 3510 3526 3527
f 3510 3527 3496
f 3511 3528 3529
f 3511 3529 3495
f 3525 3494 3495
f 3525 3495 3529
f 3496 3527 3523
f 3496 3523 3497
f 3530 3513 3517
f 3530 3517 3531
f 3532 3518 3519
f 3532 3519 3533
f 3516 3534 3535
f 3516 3535 3520
f 3531 3517 3521
f 3531 3521 3536
f 3533 3519 3522
f 3533 3522 3537
f 3536 3521 3523
f 3536 3523 3538
f 3537 3522 3524
f 3537 3524 3539
f 3540 3515 3518
f 3540 3518 3532
f 3539 3524 3525
f 3539 3525 3541
f 3526 3542 3543
f 3526 3543 3527
f 3528 3544 3545
f 3528 3545 3529
f 3541 3525 3529
f 3541 3529 3545
f 3527 3543 3538
f 3527 3538 3523
f 3546 3512 3513
f 3546 3513 3530
f 3547 3514 3515
f 3547 3515 3540
f 3514 3547 3534
f 3514 3534 3516
f 3548 3546 3530
f 3548 3530 3549
f 3550 3547 3540
f 3550 3540 3551
f 3547 3550 3552
f 3547 3552 3534
f 3549 3530 3531
f 3549 3531 3553
f 3554 3532 3533
f 3554 3533 3555
f 3534 3552 3556
f 3534 3556 3535
f 3553 3531 3536
f 3553 3536 3557
f 3555 3533 3537
f 3555 3537 3558
f 3557 3536 3538
f 3557 3538 3559
f 3558 3537 3539
f 3558 3539 3560
f 3551 3540 3532
f 3551 3532 3554
f 3560 3539 3541
f 3560 3541 3561
f 3542 3562 3563
f 3542 3563 3543
f 3544 3564 3565
f 3544 3565 3545
f 3561 3541 3545
f 3561 3545 3565
f 3543 3563 3559
f 3543 3559 3538
f 3566 3549 3553
f 3566 3553 3567
f 3568 3554 3555
f 3568 3555 3569
f 3552 3570 3571
f 3552 3571 3556
f 3567 3553 3557
f 3567 3557 3572
f 3569 3555 3558
f 3569 3558 3573
f 3572 3557 3559
f 3572 3559 3574
f 3573 3558 3560
f 3573 3560 3575
f 3576 3551 3554
f 3576 3554 3568
f 3575 3560 3561
f 3575 3561 3577
f 3562 3578 3579
f 3562 3579 3563
f 3564 3580 3581
f 3564 3581 3565
f 3577 3561 3565
f 3577 3565 3581
f 3563 3579 3574
f 3563 3574 3559
f 3582 3548 3549
f 3582 3549 3566
f 3583 3550 3551
f 3583 3551 3576
f 3550 3583 3570
f 3550 3570 3552
f 3584 3567 3572
f 3584 3572 3585
f 3586 3569 3573
f 3586 3573 3587
f 3585 3572 3574
f 3585 3574 3588
f 3587 3573 3575
f 3587 3575 3589
f 3590 3576 3568
f 3590 3568 3591
f 3589 3575 3577
f 3589 3577 3592
f 3578 3593 3594
f 3578 3594 3579
f 3580 3595 3596
f 3580 3596 3581
f 3592 3577 3581
f 3592 3581 3596
f 3579 3594 3588
f 3579 3588 3574
f 3597 3582 3566
f 3597 3566 3598
f 3599 3583 3576
f 3599 3576 3590
f 3583 3599 3600
f 3583 3600 3570
f 3598 3566 3567
f 3598 3567 3584
f 3591 3568 3569
f 3591 3569 3586
f 3570 3600 3601
f 3570 3601 3571
f 3602 3585 3588
f 3602 3588 3603
f 3604 3587 3589
f 3604 3589 3605
f 3606 3590 3591
f 3606 3591 3607
f 3605 3589 3592
f 3605 3592 3608
f 3593 3609 3610
f 3593 3610 3594
f 3595 3611 3612
f 3595 3612 3596
f 3608 3592 3596
f 3608 3596 3612
f 3594 3610 3603
f 3594 3603 3588
f 3613 3597 3598
f 3613 3598 3614
f 3615 3599 3590
f 3615 3590 3606
f 3599 3615 3616
f 3599 3616 3600
f 3614 3598 3584
f 3614 3584 3617
f 3607 3591 3586
f 3607 3586 3618
f 3600 3616 3619
f 3600 3619 3601
f 3617 3584 3585
f 3617 3585 3602
f 3618 3586 3587
f 3618 3587 3604
f 3620 3606 3607
f 3620 3607 3621
f 3622 3605 3608
f 3622 3608 3623
f 3609 3624 3625
f 3609 3625 3610
f 3611 3626 3627
f 3611 3627 3612
f 3623 3608 3612
f 3623 3612 3627
f 3610 3625 3628
f 3610 3628 3603
f 3629 3613 3614
f 3629 3614 3630
f 3631 3615 3606
f 3631 3606 3620
f 3615 3631 3632
f 3615 3632 3616
f 3630 3614 3617
f 3630 3617 3633
f 3621 3607 3618
f 3621 3618 3634
f 3616 3632 3635
f 3616 3635 3619
f 3633 3617 3602
f 3633 3602 3636
f 3634 3618 3604
f 3634 3604 3637
f 3636 3602 3603
f 3636 3603 3628
f 3637 3604 3605
f 3637 3605 3622
f 3626 3638 3639
f 3626 3639 3627
f 3640 3623 3627
f 3640 3627 3639
f 3625 3641 3642
f 3625 3642 3628
f 3643 3629 3630
f 3643 3630 3644
f 3645 3631 3620
f 3645 3620 3646
f 3631 3645 3647
f 3631 3647 3632
f 3644 3630 3633
f 3644 3633 3648
f 3649 3621 3634
f 3649 3634 3650
f 3632 3647 3651
f 3632 3651 3635
f 3648 3633 3636
f 3648 3636 3652
f 3650 3634 3637
f 3650 3637 3653
f 3652 3636 3628
f 3652 3628 3642
f 3653 3637 3622
f 3653 3622 3654
f 3646 3620 3621
f 3646 3621 3649
f 3654 3622 3623
f 3654 3623 3640
f 3624 3655 3641
f 3624 3641 3625
f 3656 3643 3644
f 3656 3644 3657
f 3658 3645 3646
f 3658 3646 3659
f 3645 3658 3660
f 3645 3660 3647
f 3657 3644 3648
f 3657 3648 3661
f 3662 3649 3650
f 3662 3650 3663
f 3647 3660 3664
f 3647 3664 3651
f 3661 3648 3652
f 3661 3652 3665
f 3663 3650 3653
f 3663 3653 3666
f 3665 3652 3642
f 3665 3642 3667
f 3666 3653 3654
f 3666 3654 3668
f 3659 3646 3649
f 3659 3649 3662
f 3668 3654 3640
f 3668 3640 3669
f 3655 3670 3671
f 3655 3671 3641
f 3638 3672 3673
f 3638 3673 3639
f 3669 3640 3639
f 3669 3639 3673
f 3641 3671 3667
f 3641 3667 3642
f 3674 3657 3661
f 3674 3661 3675
f 3676 3662 3663
f 3676 3663 3677
f 3660 3678 3679
f 3660 3679 3664
f 3675 3661 3665
f 3675 3665 3680
f 3677 3663 3666
f 3677 3666 3681
f 3680 3665 3667
f 3680 3667 3682
f 3681 3666 3668
f 3681 3668 3683
f 3684 3659 3662
f 3684 3662 3676
f 3683 3668 3669
f 3683 3669 3685
f 3670 3686 3687
f 3670 3687 3671
f 3672 3688 3689
f 3672 3689 3673
f 3685 3669 3673
f 3685 3673 3689
f 3671 3687 3682
f 3671 3682 3667
f 3690 3656 3657
f 3690 3657 3674
f 3691 3658 3659
f 3691 3659 3684
f 3658 3691 3678
f 3658 3678 3660
f 3692 3675 3680
f 3692 3680 3693
f 3694 3677 3681
f 3694 3681 3695
f 3693 3680 3682
f 3693 3682 3696
f 3695 3681 3683
f 3695 3683 3697
f 3698 3684 3676
f 3698 3676 3699
f 3697 3683 3685
f 3697 3685 3700
f 3686 3701 3702
f 3686 3702 3687
f 3688 3703 3704
f 3688 3704 3689
f 3700 3685 3689
f 3700 3689 3704
f 3687 3702 3696
f 3687 3696 3682
f 3705 3690 3674
f 3705 3674 3706
f 3707 3691 3684
f 3707 3684 3698
f 3691 3707 3708
f 3691 3708 3678
f 3706 3674 3675
f 3706 3675 3692
f 3699 3676 3677
f 3699 3677 3694
f 3678 3708 3709
f 3678 3709 3679
f 3710 3693 3696
f 3710 3696 3711
f 3712 3695 3697
f 3712 3697 3713
f 3714 3698 3699
f 3714 3699 3715
f 3713 3697 3700
f 3713 3700 3716
f 3701 3717 3718
f 3701 3718 3702
f 3703 3719 3720
f 3703 3720 3704
f 3716 3700 3704
f 3716 3704 3720
f 3702 3718 3711
f 3702 3711 3696
f 3721 3705 3706
f 3721 3706 3722
f 3723 3707 3698
f 3723 3698 3714
f 3707 3723 3724
f 3707 3724 3708
f 3722 3706 3692
f 3722 3692 3725
f 3715 3699 3694
f 3715 3694 3726
f 3708 3724 3727
f 3708 3727 3709
f 3725 3692 3693
f 3725 3693 3710
f 3726 3694 3695
f 3726 3695 3712
f 3728 3714 3715
f 3728 3715 3729
f 3730 3713 3716
f 3730 3716 3731
f 3732 3733 3734
f 3732 3734 3735
f 3736 3737 3738
f 3736 3738 3739
f 3731 3716 3720
f 3731 3720 3739
f 3735 3734 3740
f 3735 3740 3741
f 3742 3721 3722
f 3742 3722 3743
f 3744 3723 3714
f 3744 3714 3728
f 3744 3745 3746
f 3744 3746 3747
f 3743 3722 3725
f 3743 3725 3748
f 3729 3715 3726
f 3729 3726 3749
f 3747 3746 3750
f 3747 3750 3751
f 3748 3725 3710
f 3748 3710 3752
f 3749 3726 3712
f 3749 3712 3753
f 3752 3710 3711
f 3752 3711 3741
f 3753 3712 3713
f 3753 3713 3730
f 3432 3466 3754
f 3432 3754 3426
f 3417 3755 3451
f 3417 3451 3435
f 3403 3402 3462
f 3403 3462 3461
f 3755 3417 3420
f 3755 3420 3459
f 3756 3757 3460
f 3756 3460 3754
f 3758 3759 3451
f 3758 3451 3755
f 3426 3754 3460
f 3426 3460 3424
f 3760 3761 3340
f 3760 3340 3329
f 3762 3354 2384
f 3762 2384 2383
f 2110 2103 3369
f 2110 3369 3763
f 2383 3320 2111
f 2383 2111 2110
f 2110 3763 3762
f 2110 3762 2383
f 3329 3330 3764
f 3329 3764 3760
f 3464 3764 3330
f 3464 3330 3765
f 2660 3321 2388
f 2660 2388 2387
f 3754 3466 3766
f 3754 3766 3756
f 2387 3454 3406
f 2387 3406 2660
f 3466 3464 3765
f 3466 3765 3396
f 3463 3767 3761
f 3463 3761 3760
f 3414 3422 3767
f 3414 3767 3463
f 3765 3330 2938
f 3765 2938 2937
f 2664 3396 3765
f 2664 3765 2937
f 2937 3322 2665
f 2937 2665 2664
f 3760 3764 3464
f 3760 3464 3463
f 3768 3409 3408
f 3768 3408 3769
f 3770 3771 3750
f 3770 3750 3746
f 3772 3770 3746
f 3772 3746 3745
f 3208 3773 3774
f 3208 3774 3213
f 3775 3291 3285
f 3775 3285 3776
f 3777 3207 3253
f 3777 3253 3778
f 3252 3779 3778
f 3252 3778 3253
f 3780 3284 3290
f 3780 3290 3781
f 3776 3285 3284
f 3776 3284 3780
f 3779 3252 3291
f 3779 3291 3775
f 3781 3290 3289
f 3781 3289 3782
f 3207 3777 3773
f 3207 3773 3208
f 3782 3289 3213
f 3782 3213 3774
f 3783 3781 3782
f 3783 3782 3784
f 3784 3782 3774
f 3784 3774 3785
f 3777 3786 3787
f 3777 3787 3773
f 3788 3775 3776
f 3788 3776 3789
f 3773 3787 3785
f 3773 3785 3774
f 3786 3777 3778
f 3786 3778 3790
f 3779 3791 3790
f 3779 3790 3778
f 3791 3779 3775
f 3791 3775 3788
f 3792 3780 3781
f 3792 3781 3783
f 3789 3776 3780
f 3789 3780 3792
f 3793 3792 3783
f 3793 3783 3794
f 3795 3789 3792
f 3795 3792 3793
f 3794 3783 3784
f 3794 3784 3796
f 3796 3784 3785
f 3796 3785 3797
f 3786 3798 3799
f 3786 3799 3787
f 3800 3788 3789
f 3800 3789 3795
f 3787 3799 3797
f 3787 3797 3785
f 3798 3786 3790
f 3798 3790 3801
f 3791 3802 3801
f 3791 3801 3790
f 3802 3791 3788
f 3802 3788 3800
f 3803 3798 3801
f 3803 3801 3804
f 3802 3805 3804
f 3802 3804 3801
f 3805 3802 3800
f 3805 3800 3806
f 3807 3793 3794
f 3807 3794 3808
f 3809 3795 3793
f 3809 3793 3807
f 3808 3794 3796
f 3808 3796 3810
f 3810 3796 3797
f 3810 3797 3811
f 3798 3803 3812
f 3798 3812 3799
f 3806 3800 3795
f 3806 3795 3809
f 3799 3812 3811
f 3799 3811 3797
f 3803 3813 3814
f 3803 3814 3812
f 3815 3806 3809
f 3815 3809 3816
f 3812 3814 3817
f 3812 3817 3811
f 3813 3803 3804
f 3813 3804 3818
f 3805 3819 3818
f 3805 3818 3804
f 3819 3805 3806
f 3819 3806 3815
f 3820 3807 3808
f 3820 3808 3821
f 3816 3809 3807
f 3816 3807 3820
f 3821 3808 3810
f 3821 3810 3822
f 3822 3810 3811
f 3822 3811 3817
f 3823 3821 3822
f 3823 3822 3824
f 3824 3822 3817
f 3824 3817 3825
f 3813 3826 3827
f 3813 3827 3814
f 3828 3815 3816
f 3828 3816 3829
f 3814 3827 3825
f 3814 3825 3817
f 3826 3813 3818
f 3826 3818 3830
f 3819 3831 3830
f 3819 3830 3818
f 3831 3819 3815
f 3831 3815 3828
f 3832 3820 3821
f 3832 3821 3823
f 3829 3816 3820
f 3829 3820 3832
f 3833 3834 3824
f 3833 3824 3825
f 3835 3833 3825
f 3835 3825 3827
f 3836 3837 3838
f 3836 3838 3839
f 3839 3838 3840
f 3839 3840 3841
f 3841 3840 3842
f 3841 3842 3843
f 3837 3844 3845
f 3837 3845 3838
f 3844 3846 3847
f 3844 3847 3845
f 3846 3848 3849
f 3846 3849 3847
f 3850 3851 3852
f 3850 3852 3853
f 3848 3854 3855
f 3848 3855 3849
f 3854 3856 3857
f 3854 3857 3855
f 3858 3859 3860
f 3858 3860 3857
f 3861 3858 3857
f 3861 3857 3856
f 2146 2111 3320
f 2146 3320 3470
f 2423 2388 3321
f 2423 3321 3473
f 3467 2146 3470
f 3467 3470 3469
f 3469 3352 3366
f 3469 3366 3467
f 3352 3351 3367
f 3352 3367 3366
f 3386 3367 3351
f 3386 3351 3382
f 3399 3398 3836
f 3399 3836 3862
f 3392 3410 3398
f 3392 3398 3390
f 3863 3835 3827
f 3863 3827 3826
f 3468 2423 3473
f 3468 3473 3472
f 3472 3362 3325
f 3472 3325 3468
f 2700 2665 3322
f 2700 3322 3475
f 3471 2700 3475
f 3471 3475 3474
f 3474 3358 3346
f 3474 3346 3471
f 3358 3357 3347
f 3358 3347 3346
f 3383 3347 3357
f 3383 3357 3376
f 3768 3400 3373
f 3768 3373 3864
f 3769 3412 3400
f 3769 3400 3768
f 3409 3768 3864
f 3409 3864 3385
f 3370 3864 3373
f 3370 3373 3372
f 3326 3325 3362
f 3326 3362 3361
f 3393 3381 3380
f 3393 3380 3394
f 3456 3865 3434
f 3456 3434 3433
f 3432 3431 3416
f 3432 3416 3415
f 3461 3452 3866
f 3461 3866 3867
f 3461 3867 3868
f 3461 3868 3403
f 3755 3459 3869
f 3755 3869 3758
f 3422 3379 3378
f 3422 3378 3767
f 3870 3863 3826
f 3870 3826 3830
f 3871 3872 3433
f 3871 3433 3428
f 3873 3437 3440
f 3873 3440 3874
f 3457 3456 3433
f 3457 3433 3872
f 3865 3456 3445
f 3865 3445 3875
f 3874 3440 3450
f 3874 3450 3876
f 3458 3441 3444
f 3458 3444 3877
f 3875 3445 3448
f 3875 3448 3455
f 3442 3441 3437
f 3442 3437 3873
f 3877 3444 3448
f 3877 3448 3447
f 3380 3878 3879
f 3380 3879 3394
f 3855 3857 3860
f 3855 3860 3880
f 3395 3394 3879
f 3395 3879 3407
f 3849 3855 3880
f 3849 3880 3881
f 3882 3870 3830
f 3882 3830 3831
f 3831 3828 3883
f 3831 3883 3882
f 3884 3883 3828
f 3884 3828 3829
f 3885 3884 3829
f 3885 3829 3832
f 3832 3823 3886
f 3832 3886 3885
f 3450 3853 3852
f 3450 3852 3876
f 3887 3888 3889
f 3887 3889 3890
f 3890 3891 3892
f 3890 3892 3887
f 3421 3893 3379
f 3421 3379 3422
f 3894 3895 3851
f 3894 3851 3850
f 3772 3896 3897
f 3772 3897 3898
f 3896 3899 3900
f 3896 3900 3897
f 3899 3901 3902
f 3899 3902 3900
f 3901 3903 3904
f 3901 3904 3902
f 3903 3905 3906
f 3903 3906 3904
f 3907 3732 3717
f 3907 3717 3908
f 3909 3908 3717
f 3909 3717 3701
f 3910 3911 3686
f 3910 3686 3670
f 3912 3913 980
f 3912 980 1645
f 3913 3914 979
f 3913 979 980
f 3914 3915 977
f 3914 977 979
f 3915 3916 978
f 3915 978 977
f 3916 3917 1139
f 3916 1139 978
f 3917 3918 973
f 3917 973 1139
f 3918 3919 974
f 3918 974 973
f 3920 3919 958
f 3920 958 970
f 3920 3921 834
f 3920 834 985
f 3922 3921 957
f 3922 957 955
f 3922 3923 971
f 3922 971 835
f 3924 3923 956
f 3924 956 1134
f 282 285 356
f 282 356 355
f 3925 356 285
f 3925 285 302
f 3926 3927 758
f 3926 758 423
f 3928 3926 423
f 3928 423 398
f 3929 3930 397
f 3929 397 457
f 3931 3929 457
f 3931 457 456
f 3932 3931 456
f 3932 456 474
f 3932 3933 451
f 3932 451 448
f 3934 3933 475
f 3934 475 461
f 3935 3934 461
f 3935 461 460
f 3936 3935 460
f 3936 460 564
f 3936 3937 587
f 3936 587 557
f 3938 3937 579
f 3938 579 598
f 3939 3938 598
f 3939 598 616
f 3939 3940 637
f 3939 637 608
f 3940 3941 663
f 3940 663 637
f 3942 3941 653
f 3942 653 675
f 3943 3942 675
f 3943 675 695
f 3943 3944 717
f 3943 717 687
f 3944 3945 725
f 3944 725 717
f 3945 3946 743
f 3945 743 725
f 3947 3946 731
f 3947 731 738
f 3947 3948 724
f 3947 724 742
f 3948 3949 716
f 3948 716 724
f 3950 3949 710
f 3950 710 697
f 3950 3951 666
f 3950 666 686
f 3952 3951 677
f 3952 677 656
f 3953 3952 656
f 3953 656 625
f 3953 3954 607
f 3953 607 636
f 3954 3955 589
f 3954 589 607
f 3956 3955 600
f 3956 600 582
f 3957 3956 582
f 3957 582 561
f 3957 3958 453
f 3957 453 556
f 3959 3958 468
f 3959 468 467
f 3960 3959 467
f 3960 467 466
f 3961 3960 466
f 3961 466 465
f 3961 3962 443
f 3961 443 447
f 3963 3962 464
f 3963 464 463
f 3963 3964 472
f 3963 472 444
f 3965 3966 757
f 3965 757 469
f 3966 3967 754
f 3966 754 757
f 360 3968 3925
f 360 3925 302
f 360 361 3969
f 360 3969 3968
f 3970 3912 1645
f 3970 1645 1707
f 3970 3971 1665
f 3970 1665 1711
f 3972 3971 1549
f 3972 1549 1548
f 3973 3972 1548
f 3973 1548 1550
f 3974 3973 1550
f 3974 1550 1551
f 3975 3974 1551
f 3975 1551 1552
f 3975 3976 1567
f 3975 1567 1565
f 3977 3976 1553
f 3977 1553 1555
f 3977 3978 1570
f 3977 1570 1569
f 3978 3979 1573
f 3978 1573 1570
f 3980 3979 1556
f 3980 1556 1557
f 3980 3981 1577
f 3980 1577 1575
f 3981 3982 1893
f 3981 1893 1577
f 3982 3983 1909
f 3982 1909 1893
f 3984 3983 1902
f 3984 1902 1932
f 3984 3985 1940
f 3984 1940 1924
f 3985 3986 3483
f 3985 3483 1940
f 3905 3987 3988
f 3905 3988 3906
f 3987 3989 3990
f 3987 3990 3988
f 1669 964 3913
f 1669 3913 3912
f 964 963 3914
f 964 3914 3913
f 963 965 3915
f 963 3915 3914
f 965 823 3916
f 965 3916 3915
f 823 822 3917
f 823 3917 3916
f 822 959 3918
f 822 3918 3917
f 959 958 3919
f 959 3919 3918
f 985 974 3919
f 985 3919 3920
f 970 957 3921
f 970 3921 3920
f 835 834 3921
f 835 3921 3922
f 955 956 3923
f 955 3923 3922
f 3991 3992 359
f 3991 359 310
f 3993 3969 361
f 3993 361 364
f 3993 364 363
f 3993 363 3994
f 756 755 3927
f 756 3927 3926
f 470 756 3926
f 470 3926 3928
f 445 471 3930
f 445 3930 3929
f 446 445 3929
f 446 3929 3931
f 448 446 3931
f 448 3931 3932
f 474 475 3933
f 474 3933 3932
f 452 451 3933
f 452 3933 3934
f 454 452 3934
f 454 3934 3935
f 557 454 3935
f 557 3935 3936
f 564 579 3937
f 564 3937 3936
f 590 587 3937
f 590 3937 3938
f 608 590 3938
f 608 3938 3939
f 616 645 3940
f 616 3940 3939
f 645 653 3941
f 645 3941 3940
f 667 663 3941
f 667 3941 3942
f 687 667 3942
f 687 3942 3943
f 695 707 3944
f 695 3944 3943
f 707 730 3945
f 707 3945 3944
f 730 731 3946
f 730 3946 3945
f 742 743 3946
f 742 3946 3947
f 738 719 3948
f 738 3948 3947
f 719 710 3949
f 719 3949 3948
f 686 716 3949
f 686 3949 3950
f 697 677 3951
f 697 3951 3950
f 662 666 3951
f 662 3951 3952
f 636 662 3952
f 636 3952 3953
f 625 618 3954
f 625 3954 3953
f 618 600 3955
f 618 3955 3954
f 586 589 3955
f 586 3955 3956
f 556 586 3956
f 556 3956 3957
f 561 468 3958
f 561 3958 3957
f 449 453 3958
f 449 3958 3959
f 450 449 3959
f 450 3959 3960
f 447 450 3960
f 447 3960 3961
f 465 464 3962
f 465 3962 3961
f 444 443 3962
f 444 3962 3963
f 463 426 3964
f 463 3964 3963
f 391 390 3966
f 391 3966 3965
f 390 3995 3967
f 390 3967 3966
f 3996 3994 363
f 3996 363 366
f 3997 3998 3999
f 3997 3999 4000
f 3998 4001 4002
f 3998 4002 3999
f 4001 4003 4004
f 4001 4004 4002
f 4005 4006 4007
f 4005 4007 4008
f 4006 4009 4010
f 4006 4010 4007
f 4009 4011 4012
f 4009 4012 4010
f 4011 4013 4014
f 4011 4014 4012
f 4013 4015 4016
f 4013 4016 4014
f 4015 4017 4018
f 4015 4018 4016
f 1711 1669 3912
f 1711 3912 3970
f 1707 1549 3971
f 1707 3971 3970
f 1559 1665 3971
f 1559 3971 3972
f 1560 1559 3972
f 1560 3972 3973
f 1563 1560 3973
f 1563 3973 3974
f 1565 1563 3974
f 1565 3974 3975
f 1552 1553 3976
f 1552 3976 3975
f 1569 1567 3976
f 1569 3976 3977
f 1555 1554 3978
f 1555 3978 3977
f 1554 1556 3979
f 1554 3979 3978
f 1575 1573 3979
f 1575 3979 3980
f 1557 1558 3981
f 1557 3981 3980
f 1558 1889 3982
f 1558 3982 3981
f 1889 1902 3983
f 1889 3983 3982
f 1924 1909 3983
f 1924 3983 3984
f 1932 1950 3985
f 1932 3985 3984
f 1950 3493 3986
f 1950 3986 3985
f 3873 3874 4019
f 3873 4019 3898
f 3442 3873 3898
f 3442 3898 3897
f 3897 3900 3443
f 3897 3443 3442
f 3900 3902 3455
f 3900 3455 3443
f 3875 3455 3902
f 3875 3902 3904
f 3701 3686 3911
f 3701 3911 3909
f 3865 3875 3904
f 3865 3904 3906
f 3906 3988 3434
f 3906 3434 3865
f 4020 3989 3738
f 4020 3738 3737
f 3751 3750 4021
f 3751 4021 3907
f 3709 3727 3908
f 3709 3908 3909
f 1753 4022 4023
f 1753 4023 1754
f 1763 4024 4022
f 1763 4022 1753
f 1770 4025 4024
f 1770 4024 1763
f 1777 4026 4025
f 1777 4025 1770
f 1784 4027 4026
f 1784 4026 1777
f 1791 4028 4027
f 1791 4027 1784
f 1873 4029 4030
f 1873 4030 1813
f 1813 4030 4031
f 1813 4031 1799
f 1799 4031 4032
f 1799 4032 1800
f 1800 4032 4033
f 1800 4033 1874
f 1874 4033 4034
f 1874 4034 1875
f 1878 4035 4029
f 1878 4029 1873
f 1875 4034 4036
f 1875 4036 1886
f 1886 4036 4037
f 1886 4037 1911
f 1911 4037 4038
f 1911 4038 1926
f 1926 4038 4039
f 1926 4039 1942
f 3485 1942 4039
f 3485 4039 4040
f 3511 3485 4040
f 3511 4040 4041
f 3528 3511 4041
f 3528 4041 4042
f 3544 3528 4042
f 3544 4042 4043
f 3564 3544 4043
f 3564 4043 4044
f 3580 3564 4044
f 3580 4044 4045
f 3595 3580 4045
f 3595 4045 4046
f 3611 3595 4046
f 3611 4046 4047
f 3626 3611 4047
f 3626 4047 4048
f 3638 3626 4048
f 3638 4048 4049
f 3672 3638 4049
f 3672 4049 4050
f 3688 3672 4050
f 3688 4050 4051
f 3703 3688 4051
f 3703 4051 4052
f 3719 3703 4052
f 3719 4052 4053
f 3736 3719 4053
f 3736 4053 4054
f 4055 4020 3737
f 4055 3737 4056
f 3429 3434 3988
f 3429 3988 3990
f 3766 3466 3396
f 3766 3396 3324
f 3864 3370 3371
f 3864 3371 3385
f 4057 3336 3389
f 4057 3389 3388
f 3756 3766 3324
f 3756 3324 3323
f 3323 3368 3757
f 3323 3757 3756
f 3326 3372 3375
f 3326 3375 3327
f 3460 3757 3368
f 3460 3368 3406
f 3393 3376 3377
f 3393 3377 3381
f 3336 3339 3356
f 3336 3356 3389
f 3406 3454 3459
f 3406 3459 3460
f 3869 3459 3454
f 3869 3454 3363
f 3758 3869 3363
f 3758 3363 3353
f 3353 3354 3759
f 3353 3759 3758
f 3391 3382 3375
f 3391 3375 3374
f 3347 3383 3371
f 3347 3371 3348
f 3331 3333 3381
f 3331 3381 3377
f 3451 3759 3354
f 3451 3354 3762
f 3367 3386 3389
f 3367 3389 3356
f 3762 3763 3452
f 3762 3452 3451
f 3866 3452 3763
f 3866 3763 3369
f 3867 3866 3369
f 3867 3369 3364
f 3331 3377 3344
f 3331 3344 3343
f 3364 3335 3868
f 3364 3868 3867
f 3403 3868 3335
f 3403 3335 3334
f 3334 3350 3404
f 3334 3404 3403
f 3405 3404 4058
f 3405 4058 4059
f 4057 4060 4059
f 4057 4059 4058
f 3333 3365 3378
f 3333 3378 3381
f 3767 3378 3365
f 3767 3365 3341
f 3341 3340 3761
f 3341 3761 3767
f 3350 3359 4058
f 3350 4058 3404
f 3387 3386 3382
f 3387 3382 3391
f 3384 3383 3376
f 3384 3376 3393
f 3361 3370 3372
f 3361 3372 3326
f 3823 3824 3834
f 3823 3834 3886
f 4061 4062 3883
f 4061 3883 3884
f 4063 4061 3884
f 4063 3884 3885
f 3462 4064 3465
f 3462 3465 3453
f 3853 3450 3449
f 3853 3449 4065
f 3430 3429 3990
f 3430 3990 4066
f 3850 4063 3885
f 3850 3885 3886
f 3430 4066 4067
f 3430 4067 3888
f 4068 4064 3462
f 4068 3462 3402
f 4064 4068 4065
f 4064 4065 3449
f 4065 4068 4061
f 4065 4061 4063
f 3402 3405 4061
f 3402 4061 4068
f 3465 4064 3449
f 3465 3449 3439
f 3436 3465 3439
f 3436 3439 3438
f 3858 3861 3891
f 3858 3891 3890
f 3890 3889 3859
f 3890 3859 3858
f 4069 3888 4067
f 4069 4067 4070
f 4071 4069 4070
f 4071 4070 4072
f 4073 4071 4072
f 4073 4072 4074
f 4075 4073 4074
f 4075 4074 4076
f 4077 4075 4076
f 4077 4076 4078
f 3895 4077 4078
f 3895 4078 4079
f 3851 3895 4079
f 3851 4079 4080
f 3852 3851 4080
f 3852 4080 4081
f 4069 4082 3889
f 4069 3889 3888
f 3842 3895 3894
f 3842 3894 3843
f 4071 4083 4082
f 4071 4082 4069
f 3889 4082 3860
f 3889 3860 3859
f 3847 3849 3881
f 3847 3881 4084
f 4084 4085 3845
f 4084 3845 3847
f 3880 3860 4082
f 3880 4082 4083
f 4083 4086 3881
f 4083 3881 3880
f 4086 4087 4084
f 4086 4084 3881
f 4087 4088 4085
f 4087 4085 4084
f 4073 4086 4083
f 4073 4083 4071
f 4087 4086 4073
f 4087 4073 4075
f 4075 4077 4088
f 4075 4088 4087
f 3845 4085 3840
f 3845 3840 3838
f 4085 4088 3842
f 4085 3842 3840
f 3842 4088 4077
f 3842 4077 3895
f 3379 3893 3878
f 3379 3878 3380
f 3418 3436 3438
f 3418 3438 3458
f 3458 3877 3419
f 3458 3419 3418
f 3877 3447 3423
f 3877 3423 3419
f 3425 3423 3447
f 3425 3447 3446
f 3431 3425 3446
f 3431 3446 3457
f 3416 3431 3457
f 3416 3457 3872
f 3413 3416 3872
f 3413 3872 3871
f 3878 3893 3892
f 3878 3892 3891
f 3891 3861 3879
f 3891 3879 3878
f 3407 3879 3861
f 3407 3861 3856
f 3856 3854 3408
f 3856 3408 3407
f 3769 3408 3854
f 3769 3854 3848
f 3848 3846 3412
f 3848 3412 3769
f 3846 3844 3411
f 3846 3411 3412
f 3410 3411 3844
f 3410 3844 3837
f 3837 3836 3398
f 3837 3398 3410
f 4057 4058 3359
f 4057 3359 3336
f 3397 3399 4059
f 3397 4059 4060
f 4057 3388 3397
f 4057 3397 4060
f 3405 4059 4062
f 3405 4062 4061
f 4022 1755 1758
f 4022 1758 4023
f 4024 1764 1755
f 4024 1755 4022
f 4025 1771 1764
f 4025 1764 4024
f 4026 1778 1771
f 4026 1771 4025
f 4027 1785 1778
f 4027 1778 4026
f 4028 1792 1785
f 4028 1785 4027
f 4029 1817 1818
f 4029 1818 4030
f 4030 1818 1830
f 4030 1830 4031
f 4031 1830 1840
f 4031 1840 4032
f 4032 1840 1855
f 4032 1855 4033
f 4033 1855 1865
f 4033 1865 4034
f 4035 1876 1817
f 4035 1817 4029
f 4034 1865 1895
f 4034 1895 4036
f 4036 1895 1913
f 4036 1913 4037
f 4037 1913 1929
f 4037 1929 4038
f 4038 1929 1945
f 4038 1945 4039
f 3887 3427 3430
f 3887 3430 3888
f 4040 4039 1945
f 4040 1945 3487
f 4041 4040 3487
f 4041 3487 3498
f 4042 4041 3498
f 4042 3498 3512
f 4043 4042 3512
f 4043 3512 3546
f 4044 4043 3546
f 4044 3546 3548
f 4045 4044 3548
f 4045 3548 3582
f 4046 4045 3582
f 4046 3582 3597
f 4047 4046 3597
f 4047 3597 3613
f 4048 4047 3613
f 4048 3613 3629
f 4049 4048 3629
f 4049 3629 3643
f 4050 4049 3643
f 4050 3643 3656
f 4051 4050 3656
f 4051 3656 3690
f 4052 4051 3690
f 4052 3690 3705
f 4053 4052 3705
f 4053 3705 3721
f 4054 4053 3721
f 4054 3721 3742
f 3876 3852 4081
f 3876 4081 4089
f 3874 3876 4089
f 3874 4089 4019
f 3893 3421 4090
f 3893 4090 3892
f 3887 3892 4090
f 3887 4090 3427
f 3871 4090 3421
f 3871 3421 3413
f 3427 4090 3871
f 3427 3871 3428
f 4091 4092 3655
f 4091 3655 3624
f 4091 4093 3619
f 4091 3619 3635
f 4094 4093 3609
f 4094 3609 3593
f 4094 4095 3571
f 4094 3571 3601
f 4096 4095 3578
f 4096 3578 3562
f 4097 4096 3562
f 4097 3562 3542
f 4098 4097 3542
f 4098 3542 3526
f 4099 4098 3526
f 4099 3526 3510
f 3635 3651 4092
f 3635 4092 4091
f 3624 3609 4093
f 3624 4093 4091
f 3601 3619 4093
f 3601 4093 4094
f 3593 3578 4095
f 3593 4095 4094
f 3556 3571 4095
f 3556 4095 4096
f 3535 3556 4096
f 3535 4096 4097
f 3520 3535 4097
f 3520 4097 4098
f 3506 3520 4098
f 3506 4098 4099
f 4092 3910 3670
f 4092 3670 3655
f 3909 3911 3679
f 3909 3679 3709
f 3986 4099 3510
f 3986 3510 3483
f 3651 3664 3910
f 3651 3910 4092
f 3493 3506 4099
f 3493 4099 3986
f 3664 3679 3911
f 3664 3911 3910
f 4063 3850 3853
f 4063 3853 4065
f 3882 3883 4062
f 3882 4062 3862
f 3862 3836 3870
f 3862 3870 3882
f 3836 3839 3863
f 3836 3863 3870
f 3839 3841 3835
f 3839 3835 3863
f 3841 3843 3833
f 3841 3833 3835
f 3843 3894 3834
f 3843 3834 3833
f 3894 3850 3886
f 3894 3886 3834
f 4100 4101 3733
f 4100 3733 4021
f 4101 4102 3734
f 4101 3734 3733
f 4102 4103 3740
f 4102 3740 3734
f 4104 4103 4078
f 4104 4078 4076
f 4105 4104 4076
f 4105 4076 4074
f 4106 4105 4074
f 4106 4074 4072
f 4107 4106 4072
f 4107 4072 4070
f 4107 4055 4056
f 4107 4056 4108
f 3771 4100 4021
f 3771 4021 3750
f 4109 3728 3729
f 4109 3729 4110
f 4111 3730 3731
f 4111 3731 4112
f 3717 3732 3735
f 3717 3735 3718
f 3719 3736 3739
f 3719 3739 3720
f 4112 3731 3739
f 4112 3739 3738
f 3718 3735 3741
f 3718 3741 3711
f 4108 3742 3743
f 4108 3743 4113
f 3745 3744 3728
f 3745 3728 4109
f 3723 3744 3747
f 3723 3747 3724
f 4113 3743 3748
f 4113 3748 4114
f 4110 3729 3749
f 4110 3749 4115
f 3724 3747 3751
f 3724 3751 3727
f 4114 3748 3752
f 4114 3752 4116
f 4115 3749 3753
f 4115 3753 4117
f 4116 3752 3741
f 4116 3741 3740
f 4117 3753 3730
f 4117 3730 4111
f 4021 3733 3732
f 4021 3732 3907
f 3727 3751 3907
f 3727 3907 3908
f 3737 3736 4054
f 3737 4054 4056
f 4056 4054 3742
f 4056 3742 4108
f 4067 4066 4020
f 4067 4020 4055
f 3745 4109 3896
f 3745 3896 3772
f 4114 4116 4104
f 4114 4104 4105
f 3898 4019 3770
f 3898 3770 3772
f 4079 4078 4103
f 4079 4103 4102
f 4019 4089 3771
f 4019 3771 3770
f 4112 3738 3989
f 4112 3989 3987
f 4089 4081 4100
f 4089 4100 3771
f 4115 4117 3903
f 4115 3903 3901
f 4111 4112 3987
f 4111 3987 3905
f 4080 4079 4102
f 4080 4102 4101
f 4108 4113 4106
f 4108 4106 4107
f 4110 4115 3901
f 4110 3901 3899
f 4117 4111 3905
f 4117 3905 3903
f 4070 4067 4055
f 4070 4055 4107
f 4116 3740 4103
f 4116 4103 4104
f 4109 4110 3899
f 4109 3899 3896
f 4066 3990 3989
f 4066 3989 4020
f 4113 4114 4105
f 4113 4105 4106
f 4081 4080 4101
f 4081 4101 4100
f 4059 3399 3862
f 4059 3862 4062
f 1776 4118 4119
f 1776 4119 1769
f 1809 4120 4121
f 1809 4121 1810
f 1769 4119 4122
f 1769 4122 1762
f 1639 4123 2087
f 1639 2087 1637
f 1823 4124 4125
f 1823 4125 1877
f 1640 4126 4123
f 1640 4123 1639
f 1810 4121 4124
f 1810 4124 1823
f 1762 4122 4127
f 1762 4127 1750
f 1877 4125 4126
f 1877 4126 1640
f 1790 4128 4129
f 1790 4129 1783
f 1750 4127 4130
f 1750 4130 1751
f 1783 4129 4118
f 1783 4118 1776
f 4129 4131 4132
f 4129 4132 4118
f 4126 4133 4134
f 4126 4134 4123
f 4128 4135 4131
f 4128 4131 4129
f 4127 4136 4137
f 4127 4137 4130
f 4120 4138 4139
f 4120 4139 4121
f 4122 4140 4136
f 4122 4136 4127
f 4121 4139 4141
f 4121 4141 4124
f 4119 4142 4140
f 4119 4140 4122
f 4124 4141 4143
f 4124 4143 4125
f 4118 4132 4142
f 4118 4142 4119
f 4123 4134 4144
f 4123 4144 2087
f 4125 4143 4133
f 4125 4133 4126
f 4143 4145 4146
f 4143 4146 4133
f 4131 4147 4148
f 4131 4148 4132
f 4133 4146 4149
f 4133 4149 4134
f 4135 4150 4147
f 4135 4147 4131
f 4136 4151 4152
f 4136 4152 4137
f 4138 4153 4154
f 4138 4154 4139
f 4140 4155 4151
f 4140 4151 4136
f 4139 4154 4156
f 4139 4156 4141
f 4142 4157 4155
f 4142 4155 4140
f 4141 4156 4145
f 4141 4145 4143
f 4132 4148 4157
f 4132 4157 4142
f 4134 4149 4158
f 4134 4158 4144
f 4145 4159 4160
f 4145 4160 4146
f 4147 4161 4162
f 4147 4162 4148
f 4146 4160 4163
f 4146 4163 4149
f 4150 4164 4161
f 4150 4161 4147
f 4151 4165 4166
f 4151 4166 4152
f 4153 4167 4168
f 4153 4168 4154
f 4155 4169 4165
f 4155 4165 4151
f 4154 4168 4170
f 4154 4170 4156
f 4157 4171 4169
f 4157 4169 4155
f 4156 4170 4159
f 4156 4159 4145
f 4148 4162 4171
f 4148 4171 4157
f 4149 4163 4172
f 4149 4172 4158
f 4159 4173 4174
f 4159 4174 4160
f 4161 4175 4176
f 4161 4176 4162
f 4160 4174 4177
f 4160 4177 4163
f 4164 4178 4175
f 4164 4175 4161
f 4165 4179 4180
f 4165 4180 4166
f 4167 4181 4182
f 4167 4182 4168
f 4169 4183 4179
f 4169 4179 4165
f 4168 4182 4184
f 4168 4184 4170
f 4171 4185 4183
f 4171 4183 4169
f 4170 4184 4173
f 4170 4173 4159
f 4162 4176 4185
f 4162 4185 4171
f 4163 4177 4186
f 4163 4186 4172
f 4173 4187 4188
f 4173 4188 4174
f 4175 4189 4190
f 4175 4190 4176
f 4174 4188 4191
f 4174 4191 4177
f 4178 4192 4189
f 4178 4189 4175
f 4179 4193 4194
f 4179 4194 4180
f 4181 4195 4196
f 4181 4196 4182
f 4183 4197 4193
f 4183 4193 4179
f 4182 4196 4198
f 4182 4198 4184
f 4185 4199 4197
f 4185 4197 4183
f 4184 4198 4187
f 4184 4187 4173
f 4176 4190 4199
f 4176 4199 4185
f 4177 4191 4200
f 4177 4200 4186
f 4191 4201 4202
f 4191 4202 4200
f 4187 4203 4204
f 4187 4204 4188
f 4189 4205 4206
f 4189 4206 4190
f 4188 4204 4201
f 4188 4201 4191
f 4192 4207 4205
f 4192 4205 4189
f 4193 4208 4209
f 4193 4209 4194
f 4195 4210 4211
f 4195 4211 4196
f 4197 4212 4208
f 4197 4208 4193
f 4196 4211 4213
f 4196 4213 4198
f 4199 4214 4212
f 4199 4212 4197
f 4198 4213 4203
f 4198 4203 4187
f 4190 4206 4214
f 4190 4214 4199
f 4206 4215 4216
f 4206 4216 4214
f 4201 4217 4218
f 4201 4218 4202
f 4203 4219 4220
f 4203 4220 4204
f 4205 4221 4215
f 4205 4215 4206
f 4204 4220 4217
f 4204 4217 4201
f 4207 4222 4221
f 4207 4221 4205
f 4208 4223 4224
f 4208 4224 4209
f 4210 4225 4226
f 4210 4226 4211
f 4212 4227 4223
f 4212 4223 4208
f 4211 4226 4228
f 4211 4228 4213
f 4214 4216 4227
f 4214 4227 4212
f 4213 4228 4219
f 4213 4219 4203
f 4229 4230 4231
f 4229 4231 4232
f 4215 4233 4234
f 4215 4234 4216
f 4235 4236 4237
f 4235 4237 4238
f 4232 4231 4239
f 4232 4239 4240
f 4221 4241 4233
f 4221 4233 4215
f 4240 4239 4236
f 4240 4236 4235
f 4222 4242 4241
f 4222 4241 4221
f 4223 4243 4244
f 4223 4244 4224
f 4227 4245 4243
f 4227 4243 4223
f 4216 4234 4245
f 4216 4245 4227
f 4230 4246 4247
f 4230 4247 4231
f 4248 4249 4250
f 4248 4250 4251
f 4236 4252 4253
f 4236 4253 4237
f 4231 4247 4254
f 4231 4254 4239
f 4255 4256 4249
f 4255 4249 4248
f 4239 4254 4252
f 4239 4252 4236
f 4257 4258 4256
f 4257 4256 4255
f 1744 1734 1748
f 1744 1748 1797
f 4259 4260 4261
f 4259 4261 4262
f 4263 4264 4260
f 4263 4260 4259
f 4251 4250 4264
f 4251 4264 4263
f 2088 2077 1636
f 2088 1636 1638
f 2074 2077 2088
f 2074 2088 4265
f 2087 4144 4265
f 2087 4265 2088
f 4144 4158 4266
f 4144 4266 4265
f 2070 2074 4265
f 2070 4265 4266
f 4267 4268 4269
f 4267 4269 4270
f 4200 4202 4267
f 4200 4267 4271
f 4267 4270 4272
f 4267 4272 4271
f 4186 4200 4271
f 4186 4271 4273
f 4274 4275 4276
f 4274 4276 4277
f 4271 4272 4278
f 4271 4278 4273
f 4277 4276 4279
f 4277 4279 4280
f 2065 4281 4282
f 2065 4282 2066
f 4283 4284 4275
f 4283 4275 4274
f 4172 4186 4273
f 4172 4273 4285
f 4286 4287 4288
f 4286 4288 4289
f 4281 4290 4291
f 4281 4291 4282
f 4273 4278 2068
f 4273 2068 4285
f 4289 4288 4292
f 4289 4292 4293
f 4294 4295 4287
f 4294 4287 4286
f 4296 4286 4289
f 4296 4289 4297
f 4297 4289 4293
f 4297 4293 4298
f 4299 4294 4286
f 4299 4286 4296
f 4290 4300 4301
f 4290 4301 4291
f 4158 4172 4285
f 4158 4285 4266
f 4302 4299 4296
f 4302 4296 4303
f 4304 4297 4298
f 4304 4298 4305
f 4303 4296 4297
f 4303 4297 4304
f 4300 4306 4307
f 4300 4307 4301
f 2068 2070 4266
f 2068 4266 4285
f 2078 4302 4303
f 2078 4303 2075
f 2082 4304 4305
f 2082 4305 2086
f 2075 4303 4304
f 2075 4304 2082
f 4308 4309 4310
f 4308 4310 4311
f 2065 2068 4278
f 2065 4278 4281
f 4290 4281 4278
f 4290 4278 4272
f 4300 4290 4272
f 4300 4272 4270
f 4300 4270 4269
f 4300 4269 4306
f 4308 4312 4313
f 4308 4313 4309
f 4202 4218 4268
f 4202 4268 4267
f 4314 4315 4313
f 4314 4313 4312
f 4238 4237 4315
f 4238 4315 4314
f 2078 2066 4282
f 2078 4282 4302
f 4282 4291 4299
f 4282 4299 4302
f 4294 4299 4291
f 4294 4291 4301
f 4295 4294 4301
f 4295 4301 4307
f 4283 4295 4307
f 4283 4307 4311
f 4316 4229 4228
f 4316 4228 4226
f 4317 4316 4226
f 4317 4226 4225
f 4318 4319 4320
f 4318 4320 4321
f 4322 4323 4319
f 4322 4319 4318
f 4324 4325 4323
f 4324 4323 4322
f 4326 4327 4325
f 4326 4325 4324
f 4319 4328 4329
f 4319 4329 4320
f 4323 4330 4328
f 4323 4328 4319
f 4325 4331 4330
f 4325 4330 4323
f 4327 4332 4331
f 4327 4331 4325
f 4329 4328 4330
f 4329 4330 4333
f 4330 4331 4332
f 4330 4332 4333
f 4318 4321 4279
f 4318 4279 4276
f 4310 4334 4335
f 4310 4335 4284
f 4309 4336 4334
f 4309 4334 4310
f 4315 4337 4338
f 4315 4338 4313
f 4313 4338 4336
f 4313 4336 4309
f 4284 4335 4339
f 4284 4339 4275
f 4237 4253 4337
f 4237 4337 4315
f 4276 4275 4339
f 4276 4339 4318
f 4336 4340 4341
f 4336 4341 4334
f 4338 4342 4340
f 4338 4340 4336
f 4246 4343 4344
f 4246 4344 4247
f 4337 4345 4342
f 4337 4342 4338
f 4247 4344 4346
f 4247 4346 4254
f 4334 4341 4347
f 4334 4347 4335
f 4253 4348 4345
f 4253 4345 4337
f 4252 4349 4348
f 4252 4348 4253
f 4254 4346 4349
f 4254 4349 4252
f 4335 4347 4350
f 4335 4350 4339
f 4339 4350 4322
f 4339 4322 4318
f 4228 4229 4232
f 4228 4232 4219
f 4217 4235 4238
f 4217 4238 4218
f 4219 4232 4240
f 4219 4240 4220
f 4220 4240 4235
f 4220 4235 4217
f 4233 4248 4251
f 4233 4251 4234
f 4241 4255 4248
f 4241 4248 4233
f 4242 4257 4255
f 4242 4255 4241
f 4243 4259 4262
f 4243 4262 4244
f 4245 4263 4259
f 4245 4259 4243
f 4234 4251 4263
f 4234 4263 4245
f 4287 4274 4277
f 4287 4277 4288
f 4288 4277 4280
f 4288 4280 4292
f 4295 4283 4274
f 4295 4274 4287
f 4306 4308 4311
f 4306 4311 4307
f 4306 4269 4312
f 4306 4312 4308
f 4268 4314 4312
f 4268 4312 4269
f 4218 4238 4314
f 4218 4314 4268
f 4284 4283 4311
f 4284 4311 4310
f 4351 4230 4229
f 4351 4229 4316
f 4352 4351 4316
f 4352 4316 4317
f 4348 4353 4354
f 4348 4354 4345
f 4342 4355 4356
f 4342 4356 4340
f 4346 4357 4358
f 4346 4358 4349
f 4347 4359 4360
f 4347 4360 4350
f 4350 4360 4324
f 4350 4324 4322
f 4340 4356 4361
f 4340 4361 4341
f 4343 4362 4363
f 4343 4363 4344
f 4345 4354 4355
f 4345 4355 4342
f 4341 4361 4359
f 4341 4359 4347
f 4349 4358 4353
f 4349 4353 4348
f 4344 4363 4357
f 4344 4357 4346
f 4362 4343 4364
f 4362 4364 4365
f 4343 4246 4366
f 4343 4366 4364
f 4246 4230 4351
f 4246 4351 4366
f 4352 4367 4366
f 4352 4366 4351
f 4256 4368 4369
f 4256 4369 4249
f 4260 4370 4371
f 4260 4371 4261
f 4249 4369 4372
f 4249 4372 4250
f 4250 4372 4373
f 4250 4373 4264
f 4258 4374 4368
f 4258 4368 4256
f 4264 4373 4370
f 4264 4370 4260
f 4373 4375 4376
f 4373 4376 4370
f 4368 4377 4378
f 4368 4378 4369
f 4370 4376 4379
f 4370 4379 4371
f 4369 4378 4380
f 4369 4380 4372
f 4372 4380 4375
f 4372 4375 4373
f 4374 4381 4377
f 4374 4377 4368
f 4367 4382 4364
f 4367 4364 4366
f 4382 4383 4365
f 4382 4365 4364
f 4384 4385 4386
f 4384 4386 4387
f 4388 4389 4390
f 4388 4390 4391
f 4392 4393 4389
f 4392 4389 4388
f 4394 4395 4393
f 4394 4393 4392
f 4396 4397 4395
f 4396 4395 4394
f 4398 4399 4400
f 4398 4400 4401
f 4387 4386 4397
f 4387 4397 4396
f 4399 4402 4403
f 4399 4403 4400
f 4404 4405 4406
f 4404 4406 4407
f 4408 4409 4405
f 4408 4405 4404
f 4410 4411 4409
f 4410 4409 4408
f 4412 4413 4411
f 4412 4411 4410
f 4414 4415 4413
f 4414 4413 4412
f 4416 4417 4415
f 4416 4415 4414
f 4405 4418 4419
f 4405 4419 4406
f 4409 4420 4418
f 4409 4418 4405
f 4421 4422 4423
f 4421 4423 4424
f 4411 4425 4420
f 4411 4420 4409
f 4413 4426 4425
f 4413 4425 4411
f 4415 4427 4426
f 4415 4426 4413
f 4417 4428 4427
f 4417 4427 4415
f 4428 4429 4430
f 4428 4430 4427
f 4418 4431 4432
f 4418 4432 4419
f 4420 4433 4431
f 4420 4431 4418
f 4422 4434 4435
f 4422 4435 4423
f 4425 4436 4433
f 4425 4433 4420
f 4426 4437 4436
f 4426 4436 4425
f 4427 4430 4437
f 4427 4437 4426
f 4429 4438 4439
f 4429 4439 4430
f 4431 4440 4441
f 4431 4441 4432
f 4433 4442 4440
f 4433 4440 4431
f 4434 4443 4444
f 4434 4444 4435
f 4436 4445 4442
f 4436 4442 4433
f 4437 4446 4445
f 4437 4445 4436
f 4430 4439 4446
f 4430 4446 4437
f 4442 4447 4448
f 4442 4448 4440
f 4443 4449 4450
f 4443 4450 4444
f 4445 4451 4447
f 4445 4447 4442
f 4446 4452 4451
f 4446 4451 4445
f 4439 4453 4452
f 4439 4452 4446
f 4438 4454 4453
f 4438 4453 4439
f 4440 4448 4455
f 4440 4455 4441
f 4448 4456 4457
f 4448 4457 4455
f 4449 4458 4459
f 4449 4459 4450
f 4452 4460 4461
f 4452 4461 4451
f 4453 4462 4460
f 4453 4460 4452
f 4454 4463 4462
f 4454 4462 4453
f 4464 4465 4466
f 4464 4466 4467
f 4468 4469 4470
f 4468 4470 4471
f 4467 4466 4472
f 4467 4472 4473
f 4473 4472 4469
f 4473 4469 4468
f 4474 4475 4465
f 4474 4465 4464
f 4475 4476 4477
f 4475 4477 4465
f 4465 4477 4478
f 4465 4478 4466
f 4469 4479 4480
f 4469 4480 4470
f 4466 4478 4481
f 4466 4481 4472
f 4472 4481 4479
f 4472 4479 4469
f 4482 4483 4484
f 4482 4484 4485
f 4485 4484 4486
f 4485 4486 4487
f 4488 4489 4490
f 4488 4490 4491
f 4487 4486 4492
f 4487 4492 4493
f 4493 4492 4489
f 4493 4489 4488
f 4483 4494 4495
f 4483 4495 4484
f 4484 4495 4496
f 4484 4496 4486
f 4489 4497 4498
f 4489 4498 4490
f 4486 4496 4499
f 4486 4499 4492
f 4492 4499 4497
f 4492 4497 4489
f 4494 4500 4501
f 4494 4501 4495
f 4495 4501 4502
f 4495 4502 4496
f 4497 4503 4504
f 4497 4504 4498
f 4496 4502 4505
f 4496 4505 4499
f 4499 4505 4503
f 4499 4503 4497
f 4500 4506 4507
f 4500 4507 4501
f 4501 4507 4508
f 4501 4508 4502
f 4503 4509 4510
f 4503 4510 4504
f 4502 4508 4511
f 4502 4511 4505
f 4505 4511 4509
f 4505 4509 4503
f 4506 4512 4513
f 4506 4513 4507
f 4507 4513 4514
f 4507 4514 4508
f 4515 4516 4517
f 4515 4517 4518
f 4508 4514 4519
f 4508 4519 4511
f 4520 4521 4522
f 4520 4522 4523
f 4474 4401 4400
f 4474 4400 4475
f 4400 4403 4476
f 4400 4476 4475
f 4424 4423 4483
f 4424 4483 4482
f 4423 4435 4494
f 4423 4494 4483
f 4435 4444 4500
f 4435 4500 4494
f 4444 4450 4506
f 4444 4506 4500
f 4450 4459 4512
f 4450 4512 4506
f 4524 4525 4526
f 4524 4526 4527
f 4528 4529 4530
f 4528 4530 4531
f 4531 4530 4532
f 4531 4532 4533
f 4533 4532 4524
f 4533 4524 4534
f 4535 4536 4529
f 4535 4529 4528
f 4536 4537 4538
f 4536 4538 4529
f 4530 4539 4540
f 4530 4540 4532
f 4529 4538 4539
f 4529 4539 4530
f 4527 4526 4541
f 4527 4541 4542
f 4532 4540 4525
f 4532 4525 4524
f 4543 4544 4545
f 4543 4545 4546
f 4547 4548 4549
f 4547 4549 4550
f 4546 4545 4548
f 4546 4548 4547
f 4551 4552 4553
f 4551 4553 4554
f 4550 4549 4555
f 4550 4555 4556
f 4544 4557 4558
f 4544 4558 4545
f 4548 4559 4560
f 4548 4560 4549
f 4545 4558 4559
f 4545 4559 4548
f 4552 4561 4562
f 4552 4562 4553
f 4549 4560 4563
f 4549 4563 4555
f 4557 4564 4565
f 4557 4565 4558
f 4559 4566 4567
f 4559 4567 4560
f 4558 4565 4566
f 4558 4566 4559
f 4561 4568 4569
f 4561 4569 4562
f 4560 4567 4570
f 4560 4570 4563
f 4564 4571 4572
f 4564 4572 4565
f 4565 4572 4573
f 4565 4573 4566
f 4556 4555 4552
f 4556 4552 4551
f 4555 4563 4561
f 4555 4561 4552
f 4563 4570 4568
f 4563 4568 4561
f 4574 4575 4576
f 4574 4576 4577
f 4574 4578 4579
f 4574 4579 4575
f 4578 4580 4581
f 4578 4581 4579
f 4582 4534 4524
f 4582 4524 4527
f 4527 4542 4583
f 4527 4583 4582
f 4584 4384 4387
f 4584 4387 4585
f 4586 4388 4391
f 4586 4391 4587
f 4588 4392 4388
f 4588 4388 4586
f 4589 4394 4392
f 4589 4392 4588
f 1797 1748 1825
f 1797 1825 1811
f 4590 4396 4394
f 4590 4394 4589
f 4585 4387 4396
f 4585 4396 4590
f 4490 4498 4557
f 4490 4557 4544
f 4470 4480 4537
f 4470 4537 4536
f 4471 4470 4536
f 4471 4536 4535
f 4504 4510 4571
f 4504 4571 4564
f 4491 4490 4544
f 4491 4544 4543
f 4498 4504 4564
f 4498 4564 4557
f 1748 1747 1827
f 1748 1827 1825
f 1747 1754 1878
f 1747 1878 1827
f 4035 1878 1754
f 4035 1754 4023
f 1876 4035 4023
f 1876 4023 1758
f 1758 1757 1804
f 1758 1804 1876
f 1757 1752 1805
f 1757 1805 1804
f 1752 1751 1809
f 1752 1809 1805
f 4120 1809 1751
f 4120 1751 4130
f 4130 4137 4138
f 4130 4138 4120
f 4137 4152 4153
f 4137 4153 4138
f 4152 4166 4167
f 4152 4167 4153
f 4166 4180 4181
f 4166 4181 4167
f 4180 4194 4195
f 4180 4195 4181
f 4194 4209 4210
f 4194 4210 4195
f 4209 4224 4225
f 4209 4225 4210
f 4317 4225 4224
f 4317 4224 4244
f 4244 4262 4352
f 4244 4352 4317
f 4262 4261 4367
f 4262 4367 4352
f 4261 4371 4382
f 4261 4382 4367
f 4371 4379 4383
f 4371 4383 4382
f 4587 4391 4399
f 4587 4399 4398
f 4391 4390 4402
f 4391 4402 4399
f 4407 4406 4422
f 4407 4422 4421
f 4406 4419 4434
f 4406 4434 4422
f 4419 4432 4443
f 4419 4443 4434
f 4432 4441 4449
f 4432 4449 4443
f 4458 4449 4441
f 4458 4441 4455
f 4567 4566 4573
f 4567 4573 4591
f 4592 4514 4513
f 4592 4513 4593
f 4512 4594 4593
f 4512 4593 4513
f 4459 4595 4594
f 4459 4594 4512
f 4515 4573 4572
f 4515 4572 4596
f 4514 4592 4597
f 4514 4597 4519
f 4595 4459 4458
f 4595 4458 4598
f 4573 4515 4518
f 4573 4518 4591
f 4510 4520 4523
f 4510 4523 4571
f 4596 4572 4571
f 4596 4571 4523
f 4455 4457 4598
f 4455 4598 4458
f 4599 4600 4581
f 4599 4581 4601
f 4601 4581 4580
f 4601 4580 4602
f 4603 4596 4523
f 4603 4523 4522
f 4516 4515 4596
f 4516 4596 4603
f 4604 4601 4602
f 4604 4602 4605
f 4606 4599 4601
f 4606 4601 4604
f 4607 4604 4605
f 4607 4605 4608
f 4609 4606 4604
f 4609 4604 4607
f 4521 4520 4610
f 4521 4610 4611
f 4610 4520 4510
f 4610 4510 4509
f 4509 4511 4519
f 4509 4519 4610
f 4611 4610 4519
f 4611 4519 4597
f 4461 4612 4447
f 4461 4447 4451
f 4612 4613 4448
f 4612 4448 4447
f 4613 4614 4456
f 4613 4456 4448
f 4615 4609 4607
f 4615 4607 4616
f 4617 4603 4522
f 4617 4522 4618
f 4457 4619 4620
f 4457 4620 4598
f 4614 4621 4622
f 4614 4622 4456
f 4594 4623 4624
f 4594 4624 4593
f 4521 4625 4618
f 4521 4618 4522
f 4595 4626 4623
f 4595 4623 4594
f 4625 4521 4611
f 4625 4611 4627
f 4626 4595 4598
f 4626 4598 4620
f 4516 4628 4629
f 4516 4629 4517
f 4630 4592 4593
f 4630 4593 4624
f 4592 4630 4631
f 4592 4631 4597
f 4616 4607 4608
f 4616 4608 4632
f 4456 4622 4619
f 4456 4619 4457
f 4597 4631 4627
f 4597 4627 4611
f 4628 4516 4603
f 4628 4603 4617
f 4619 4633 4634
f 4619 4634 4620
f 4635 4626 4620
f 4635 4620 4634
f 4636 4628 4617
f 4636 4617 4637
f 4638 4630 4624
f 4638 4624 4639
f 4622 4640 4633
f 4622 4633 4619
f 4641 4616 4632
f 4641 4632 4642
f 4630 4638 4643
f 4630 4643 4631
f 4637 4617 4618
f 4637 4618 4644
f 4645 4625 4627
f 4645 4627 4646
f 4647 4615 4616
f 4647 4616 4641
f 4623 4648 4639
f 4623 4639 4624
f 4628 4636 4649
f 4628 4649 4629
f 4631 4643 4646
f 4631 4646 4627
f 4626 4635 4648
f 4626 4648 4623
f 4625 4645 4644
f 4625 4644 4618
f 4621 4650 4640
f 4621 4640 4622
f 4651 4652 4653
f 4651 4653 4654
f 4655 4656 4653
f 4655 4653 4652
f 4657 4655 4658
f 4657 4658 4659
f 4660 4657 4659
f 4660 4659 4661
f 4660 4661 4662
f 4660 4662 4663
f 4664 4665 4666
f 4664 4666 4663
f 4667 4668 4665
f 4667 4665 4664
f 4667 4669 4670
f 4667 4670 4668
f 4669 4671 4672
f 4669 4672 4670
f 4671 4673 4674
f 4671 4674 4672
f 4675 4673 4676
f 4675 4676 4677
f 4675 4678 4679
f 4675 4679 4680
f 4681 4682 4683
f 4681 4683 4684
f 4685 4686 4687
f 4685 4687 4688
f 4689 4690 4691
f 4689 4691 4692
f 4682 4681 4693
f 4682 4693 4694
f 4695 4696 4697
f 4695 4697 4698
f 4699 4700 4701
f 4699 4701 4702
f 4703 4704 4690
f 4703 4690 4689
f 4705 4706 4684
f 4705 4684 4683
f 4707 4708 4709
f 4707 4709 4710
f 4694 4693 4702
f 4694 4702 4701
f 4711 4712 4706
f 4711 4706 4705
f 4700 4699 4698
f 4700 4698 4697
f 4713 4714 4686
f 4713 4686 4685
f 4688 4687 4715
f 4688 4715 4716
f 4712 4711 4716
f 4712 4716 4715
f 4708 4707 4696
f 4708 4696 4695
f 4693 4717 4718
f 4693 4718 4702
f 4712 4719 4720
f 4712 4720 4706
f 4699 4721 4722
f 4699 4722 4698
f 4714 4723 4724
f 4714 4724 4686
f 4687 4725 4726
f 4687 4726 4715
f 4719 4712 4715
f 4719 4715 4726
f 4727 4708 4695
f 4727 4695 4728
f 4729 4681 4684
f 4729 4684 4730
f 4686 4724 4725
f 4686 4725 4687
f 4731 4689 4692
f 4731 4692 4732
f 4681 4729 4717
f 4681 4717 4693
f 4728 4695 4698
f 4728 4698 4722
f 4721 4699 4702
f 4721 4702 4718
f 4733 4703 4689
f 4733 4689 4731
f 4706 4720 4730
f 4706 4730 4684
f 4708 4727 4734
f 4708 4734 4709
f 4735 4727 4728
f 4735 4728 4736
f 4737 4729 4730
f 4737 4730 4738
f 4724 4739 4740
f 4724 4740 4725
f 4741 4731 4732
f 4741 4732 4742
f 4729 4737 4743
f 4729 4743 4717
f 4736 4728 4722
f 4736 4722 4744
f 4745 4721 4718
f 4745 4718 4746
f 4747 4733 4731
f 4747 4731 4741
f 4720 4748 4738
f 4720 4738 4730
f 4727 4735 4749
f 4727 4749 4734
f 4717 4743 4746
f 4717 4746 4718
f 4719 4750 4748
f 4719 4748 4720
f 4721 4745 4744
f 4721 4744 4722
f 4723 4751 4739
f 4723 4739 4724
f 4725 4740 4752
f 4725 4752 4726
f 4750 4719 4726
f 4750 4726 4752
f 4743 4753 4754
f 4743 4754 4746
f 4750 4755 4756
f 4750 4756 4748
f 4745 4757 4758
f 4745 4758 4744
f 4751 4759 4760
f 4751 4760 4739
f 4740 4761 4762
f 4740 4762 4752
f 4755 4750 4752
f 4755 4752 4762
f 4763 4735 4736
f 4763 4736 4764
f 4765 4737 4738
f 4765 4738 4766
f 4739 4760 4761
f 4739 4761 4740
f 4767 4741 4742
f 4767 4742 4768
f 4737 4765 4753
f 4737 4753 4743
f 4764 4736 4744
f 4764 4744 4758
f 4757 4745 4746
f 4757 4746 4754
f 4769 4747 4741
f 4769 4741 4767
f 4748 4756 4766
f 4748 4766 4738
f 4735 4763 4770
f 4735 4770 4749
f 4771 4763 4764
f 4771 4764 4772
f 4773 4765 4766
f 4773 4766 4774
f 4760 4775 4776
f 4760 4776 4761
f 4777 4767 4768
f 4777 4768 4778
f 4765 4773 4779
f 4765 4779 4753
f 4772 4764 4758
f 4772 4758 4780
f 4781 4757 4754
f 4781 4754 4782
f 4783 4769 4767
f 4783 4767 4777
f 4756 4784 4774
f 4756 4774 4766
f 4763 4771 4785
f 4763 4785 4770
f 4753 4779 4782
f 4753 4782 4754
f 4755 4786 4784
f 4755 4784 4756
f 4757 4781 4780
f 4757 4780 4758
f 4759 4787 4775
f 4759 4775 4760
f 4761 4776 4788
f 4761 4788 4762
f 4786 4755 4762
f 4786 4762 4788
f 4771 4789 4790
f 4771 4790 4785
f 4779 4791 4792
f 4779 4792 4782
f 4786 4793 4794
f 4786 4794 4784
f 4781 4795 4796
f 4781 4796 4780
f 4787 4797 4798
f 4787 4798 4775
f 4776 4799 4800
f 4776 4800 4788
f 4793 4786 4788
f 4793 4788 4800
f 4789 4771 4772
f 4789 4772 4801
f 4802 4773 4774
f 4802 4774 4803
f 4775 4798 4799
f 4775 4799 4776
f 4804 4777 4778
f 4804 4778 4805
f 4773 4802 4791
f 4773 4791 4779
f 4801 4772 4780
f 4801 4780 4796
f 4795 4781 4782
f 4795 4782 4792
f 4806 4783 4777
f 4806 4777 4804
f 4784 4794 4803
f 4784 4803 4774
f 4807 4789 4801
f 4807 4801 4808
f 4809 4802 4803
f 4809 4803 4810
f 4798 4811 4812
f 4798 4812 4799
f 4813 4804 4805
f 4813 4805 4814
f 4802 4809 4815
f 4802 4815 4791
f 4808 4801 4796
f 4808 4796 4816
f 4817 4795 4792
f 4817 4792 4818
f 4819 4806 4804
f 4819 4804 4813
f 4794 4820 4810
f 4794 4810 4803
f 4789 4807 4821
f 4789 4821 4790
f 4791 4815 4818
f 4791 4818 4792
f 4793 4822 4820
f 4793 4820 4794
f 4795 4817 4816
f 4795 4816 4796
f 4797 4823 4811
f 4797 4811 4798
f 4799 4812 4824
f 4799 4824 4800
f 4822 4793 4800
f 4822 4800 4824
f 4825 4817 4818
f 4825 4818 4826
f 4827 4819 4813
f 4827 4813 4828
f 4820 4829 4830
f 4820 4830 4810
f 4807 4831 4832
f 4807 4832 4821
f 4815 4833 4826
f 4815 4826 4818
f 4822 4834 4829
f 4822 4829 4820
f 4817 4825 4835
f 4817 4835 4816
f 4823 4836 4837
f 4823 4837 4811
f 4812 4838 4839
f 4812 4839 4824
f 4834 4822 4824
f 4834 4824 4839
f 4831 4807 4808
f 4831 4808 4840
f 4841 4809 4810
f 4841 4810 4830
f 4811 4837 4838
f 4811 4838 4812
f 4828 4813 4814
f 4828 4814 4842
f 4809 4841 4833
f 4809 4833 4815
f 4840 4808 4816
f 4840 4816 4835
f 4843 4834 4839
f 4843 4839 4844
f 4845 4831 4840
f 4845 4840 4846
f 4847 4841 4830
f 4847 4830 4848
f 4837 4849 4850
f 4837 4850 4838
f 4851 4828 4842
f 4851 4842 4852
f 4841 4847 4853
f 4841 4853 4833
f 4846 4840 4835
f 4846 4835 4854
f 4855 4825 4826
f 4855 4826 4856
f 4857 4827 4828
f 4857 4828 4851
f 4829 4858 4848
f 4829 4848 4830
f 4831 4845 4859
f 4831 4859 4832
f 4833 4853 4856
f 4833 4856 4826
f 4834 4843 4858
f 4834 4858 4829
f 4825 4855 4854
f 4825 4854 4835
f 4836 4860 4849
f 4836 4849 4837
f 4838 4850 4844
f 4838 4844 4839
f 4861 4855 4856
f 4861 4856 4862
f 4863 4857 4851
f 4863 4851 4864
f 4858 4865 4866
f 4858 4866 4848
f 4845 4867 4868
f 4845 4868 4859
f 4853 4869 4862
f 4853 4862 4856
f 4843 4870 4865
f 4843 4865 4858
f 4855 4861 4871
f 4855 4871 4854
f 4860 4872 4873
f 4860 4873 4849
f 4850 4874 4875
f 4850 4875 4844
f 4870 4843 4844
f 4870 4844 4875
f 4867 4845 4846
f 4867 4846 4876
f 4877 4847 4848
f 4877 4848 4866
f 4849 4873 4874
f 4849 4874 4850
f 4864 4851 4852
f 4864 4852 4878
f 4847 4877 4869
f 4847 4869 4853
f 4876 4846 4854
f 4876 4854 4871
f 4872 4879 4880
f 4872 4880 4873
f 4874 4881 4882
f 4874 4882 4875
f 4883 4870 4875
f 4883 4875 4882
f 4884 4867 4876
f 4884 4876 4885
f 4886 4877 4866
f 4886 4866 4887
f 4873 4880 4881
f 4873 4881 4874
f 4888 4864 4878
f 4888 4878 4889
f 4877 4886 4890
f 4877 4890 4869
f 4885 4876 4871
f 4885 4871 4891
f 4892 4861 4862
f 4892 4862 4893
f 4894 4863 4864
f 4894 4864 4888
f 4865 4895 4887
f 4865 4887 4866
f 4867 4884 4896
f 4867 4896 4868
f 4869 4890 4893
f 4869 4893 4862
f 4870 4883 4895
f 4870 4895 4865
f 4861 4892 4891
f 4861 4891 4871
f 4886 4897 4898
f 4886 4898 4890
f 4899 4885 4891
f 4899 4891 4900
f 4901 4892 4893
f 4901 4893 4902
f 4903 4894 4888
f 4903 4888 4904
f 4895 4905 4906
f 4895 4906 4887
f 4884 4907 4908
f 4884 4908 4896
f 4890 4898 4902
f 4890 4902 4893
f 4883 4909 4905
f 4883 4905 4895
f 4892 4901 4900
f 4892 4900 4891
f 4879 4910 4911
f 4879 4911 4880
f 4881 4912 4913
f 4881 4913 4882
f 4909 4883 4882
f 4909 4882 4913
f 4907 4884 4885
f 4907 4885 4899
f 4897 4886 4887
f 4897 4887 4906
f 4880 4911 4912
f 4880 4912 4881
f 4904 4888 4889
f 4904 4889 4914
f 4910 4915 4916
f 4910 4916 4911
f 4912 4917 4918
f 4912 4918 4913
f 4919 4909 4913
f 4919 4913 4918
f 4920 4907 4899
f 4920 4899 4921
f 4922 4897 4906
f 4922 4906 4923
f 4911 4916 4917
f 4911 4917 4912
f 4924 4904 4914
f 4924 4914 4925
f 4897 4922 4926
f 4897 4926 4898
f 4921 4899 4900
f 4921 4900 4927
f 4928 4901 4902
f 4928 4902 4929
f 4930 4903 4904
f 4930 4904 4924
f 4905 4931 4923
f 4905 4923 4906
f 4907 4920 4932
f 4907 4932 4908
f 4898 4926 4929
f 4898 4929 4902
f 4909 4919 4931
f 4909 4931 4905
f 4901 4928 4927
f 4901 4927 4900
f 4933 4924 4925
f 4933 4925 4934
f 4922 4935 4936
f 4922 4936 4926
f 4937 4921 4927
f 4937 4927 4938
f 4939 4928 4929
f 4939 4929 4940
f 4941 4930 4924
f 4941 4924 4933
f 4931 4942 4943
f 4931 4943 4923
f 4920 4944 4945
f 4920 4945 4932
f 4926 4936 4940
f 4926 4940 4929
f 4919 4946 4942
f 4919 4942 4931
f 4928 4939 4938
f 4928 4938 4927
f 4915 4947 4948
f 4915 4948 4916
f 4917 4949 4950
f 4917 4950 4918
f 4946 4919 4918
f 4946 4918 4950
f 4944 4920 4921
f 4944 4921 4937
f 4935 4922 4923
f 4935 4923 4943
f 4916 4948 4949
f 4916 4949 4917
f 4951 4952 4953
f 4951 4953 4954
f 4955 4956 4957
f 4955 4957 4958
f 4959 4960 4961
f 4959 4961 4962
f 4962 4961 4963
f 4962 4963 4964
f 4965 4966 4964
f 4965 4964 4963
f 4967 4968 4966
f 4967 4966 4965
f 4969 4970 4968
f 4969 4968 4967
f 4970 4969 4971
f 4970 4971 4972
f 4973 4974 4970
f 4973 4970 4972
f 4974 4973 4975
f 4974 4975 4976
f 4974 4976 4977
f 4974 4977 4978
f 4939 4979 4980
f 4939 4980 4938
f 4981 4982 4983
f 4981 4983 4984
f 4985 4986 4987
f 4985 4987 4988
f 4989 4990 4991
f 4989 4991 4992
f 4971 4969 4993
f 4971 4993 4994
f 4984 4983 4980
f 4984 4980 4995
f 4996 4997 4990
f 4996 4990 4989
f 4968 4970 4974
f 4968 4974 4978
f 4982 4981 4998
f 4982 4998 4999
f 4994 4993 5000
f 4994 5000 4979
f 5001 5002 4976
f 5001 4976 4975
f 5003 5004 4986
f 5003 4986 4985
f 4988 4987 5005
f 4988 5005 5006
f 5002 5001 5006
f 5002 5006 5005
f 4981 5007 5008
f 4981 5008 4998
f 4993 5009 5010
f 4993 5010 5000
f 5011 5012 4978
f 5011 4978 4977
f 5007 4981 4984
f 5007 4984 5013
f 5014 5015 5016
f 5014 5016 5017
f 4969 4967 5009
f 4969 5009 4993
f 5013 4984 4995
f 5013 4995 5018
f 6 1 4
f 6 4 7
f 1161 2 1
f 1161 1 9
f 1159 1161 9
f 1159 9 14
f 1157 1159 14
f 1157 14 17
f 1153 1157 17
f 1153 17 20
f 1154 1153 20
f 1154 20 23
f 1195 1154 23
f 1195 23 26
f 1191 1195 26
f 1191 26 29
f 1192 1191 29
f 1192 29 32
f 1187 1192 32
f 1187 32 35
f 1184 1183 41
f 1184 41 40
f 1175 1180 43
f 1175 43 42
f 1176 1175 42
f 1176 42 48
f 1171 1176 48
f 1171 48 51
f 57 7 4
f 57 4 54
f 59 57 54
f 59 54 60
f 63 59 60
f 63 60 64
f 67 63 64
f 67 64 68
f 73 72 75
f 73 75 74
f 79 73 74
f 79 74 80
f 83 79 80
f 83 80 84
f 72 67 68
f 72 68 75
f 1188 1525 41
f 1188 41 1183
f 185 104 105
f 185 105 179
f 172 99 100
f 172 100 109
f 157 89 90
f 157 90 93
f 161 86 87
f 161 87 162
f 108 101 102
f 108 102 176
f 120 111 112
f 120 112 122
f 122 112 113
f 122 113 124
f 16 13 101
f 16 101 100
f 165 97 98
f 165 98 166
f 62 66 114
f 62 114 107
f 170 96 97
f 170 97 165
f 162 87 1523
f 162 1523 1521
f 933 94 95
f 933 95 169
f 115 110 111
f 115 111 120
f 176 102 103
f 176 103 182
f 182 103 104
f 182 104 185
f 66 71 110
f 66 110 114
f 180 106 107
f 180 107 117
f 166 98 99
f 166 99 172
f 47 46 91
f 47 91 90
f 179 105 106
f 179 106 180
f 159 88 89
f 159 89 157
f 169 95 96
f 169 96 170
f 5019 5020 5021
f 5019 5021 5022
f 5023 5024 5025
f 5023 5025 5026
f 5027 5028 5029
f 5027 5029 5030
f 5031 5032 5033
f 5031 5033 5034
f 5035 5036 5037
f 5035 5037 5038
f 5039 5040 5041
f 5039 5041 5042
f 5043 5019 5022
f 5043 5022 5044
f 5045 5046 5047
f 5045 5047 5048
f 5048 5047 5040
f 5048 5040 5039
f 5049 5043 5044
f 5049 5044 5050
f 5051 5052 5053
f 5051 5053 5054
f 5055 5056 5057
f 5055 5057 5058
f 5059 5060 5061
f 5059 5061 5062
f 5063 5064 5065
f 5063 5065 5066
f 5058 5057 5052
f 5058 5052 5051
f 5032 5067 5068
f 5032 5068 5033
f 5063 5069 5070
f 5063 5070 5071
f 5072 5027 5030
f 5072 5030 5073
f 5074 5075 5076
f 5074 5076 5077
f 5078 5079 5080
f 5078 5080 5081
f 5082 5083 5084
f 5082 5084 5085
f 5086 5074 5077
f 5086 5077 5087
f 5088 5086 5087
f 5088 5087 5089
f 5083 5090 5091
f 5083 5091 5084
f 5092 5093 5028
f 5092 5028 5027
f 5094 5095 5036
f 5094 5036 5035
f 5096 5039 5042
f 5096 5042 5097
f 5098 5045 5048
f 5098 5048 5099
f 5099 5048 5039
f 5099 5039 5096
f 5100 5051 5054
f 5100 5054 5101
f 5102 5055 5058
f 5102 5058 5103
f 5104 5105 5060
f 5104 5060 5059
f 5071 5106 5064
f 5071 5064 5063
f 5103 5058 5051
f 5103 5051 5100
f 5066 5107 5069
f 5066 5069 5063
f 5108 5092 5027
f 5108 5027 5072
f 5049 5050 5078
f 5049 5078 5081
f 5109 5110 5088
f 5109 5088 5026
f 5111 5112 5113
f 5111 5113 5114
f 5115 5116 5117
f 5115 5117 5118
f 5119 5120 5121
f 5119 5121 5122
f 5123 5124 5125
f 5123 5125 5126
f 5127 5111 5114
f 5127 5114 5128
f 5129 5130 5131
f 5129 5131 5132
f 5133 5134 5135
f 5133 5135 5136
f 5137 5138 5139
f 5137 5139 5140
f 5120 5141 5142
f 5120 5142 5121
f 5137 5143 5144
f 5137 5144 5145
f 5146 5115 5118
f 5146 5118 5147
f 5132 5131 5148
f 5132 5148 5149
f 5124 5150 5151
f 5124 5151 5125
f 5134 5152 5153
f 5134 5153 5135
f 5154 5155 5156
f 5154 5156 5157
f 5158 5159 5160
f 5158 5160 5161
f 5162 5154 5157
f 5162 5157 5163
f 5159 5164 5165
f 5159 5165 5160
f 5166 5167 5116
f 5166 5116 5115
f 5168 5169 5124
f 5168 5124 5123
f 5170 5171 5134
f 5170 5134 5133
f 5145 5172 5138
f 5145 5138 5137
f 5140 5173 5143
f 5140 5143 5137
f 5174 5166 5115
f 5174 5115 5146
f 5169 5175 5150
f 5169 5150 5124
f 5171 5176 5152
f 5171 5152 5134
f 1524 33 34
f 1524 34 1522
f 5177 3996 366
f 5177 366 365
f 305 5178 5177
f 305 5177 365
f 5179 5180 5181
f 5179 5181 5182
f 5183 5184 5185
f 5183 5185 5186
f 5187 5188 5189
f 5187 5189 5190
f 5191 5192 5184
f 5191 5184 5183
f 5187 5190 301
f 5187 301 300
f 312 311 3994
f 312 3994 3996
f 5193 5194 5188
f 5193 5188 5187
f 5193 5187 300
f 5193 300 299
f 5182 5181 5192
f 5182 5192 5191
f 312 5195 367
f 312 367 313
f 5196 5197 5198
f 5196 5198 5199
f 4016 4018 5200
f 4016 5200 5201
f 4014 4016 5201
f 4014 5201 5202
f 4012 4014 5202
f 4012 5202 5203
f 5203 5204 4010
f 5203 4010 4012
f 331 335 491
f 331 491 490
f 5205 491 335
f 5205 335 334
f 5206 5207 367
f 5206 367 5195
f 326 331 372
f 326 372 328
f 320 326 328
f 320 328 323
f 309 320 323
f 309 323 316
f 316 315 310
f 316 310 309
f 310 315 5208
f 310 5208 3991
f 302 296 287
f 302 287 360
f 389 5209 3995
f 389 3995 390
f 315 318 357
f 315 357 5208
f 358 357 318
f 358 318 322
f 1525 35 33
f 1525 33 1524
f 5210 51 52
f 5210 52 5211
f 5211 52 53
f 5211 53 5212
f 5213 5212 53
f 5213 53 88
f 1523 1522 34
f 1523 34 94
f 5214 5215 159
f 5214 159 158
f 1516 1520 229
f 1516 229 228
f 1517 1516 228
f 1517 228 262
f 362 290 291
f 362 291 306
f 306 291 294
f 306 294 303
f 5204 5216 4007
f 5204 4007 4010
f 304 5217 5178
f 304 5178 305
f 286 290 364
f 286 364 361
f 1518 911 912
f 1518 912 996
f 1521 933 934
f 1521 934 939
f 211 937 934
f 211 934 168
f 938 937 229
f 938 229 1520
f 5218 5179 5182
f 5218 5182 5196
f 997 996 912
f 997 912 992
f 156 155 5199
f 156 5199 5198
f 1177 1176 1171
f 1177 1171 1170
f 1193 1192 1187
f 1193 1187 1186
f 1216 1215 1224
f 1216 1224 1223
f 1228 1227 1234
f 1228 1234 1233
f 1257 1216 1223
f 1257 1223 1262
f 1264 1228 1233
f 1264 1233 1267
f 1289 1257 1262
f 1289 1262 1294
f 1296 1264 1267
f 1296 1267 1298
f 1305 1289 1294
f 1305 1294 1311
f 1313 1296 1298
f 1313 1298 1316
f 1341 1305 1311
f 1341 1311 1346
f 1348 1313 1316
f 1348 1316 1351
f 1348 1351 1363
f 1348 1363 1358
f 1370 1341 1346
f 1370 1346 1376
f 1377 5219 1386
f 1377 1386 1376
f 1362 1406 1396
f 1362 1396 1363
f 1406 1427 1407
f 1406 1407 1396
f 5219 5220 1431
f 5219 1431 1386
f 5220 5221 1452
f 5220 1452 1431
f 1427 1447 1457
f 1427 1457 1407
f 1497 1458 1434
f 1497 1434 1501
f 1467 1451 1456
f 1467 1456 1486
f 1472 1455 1438
f 1472 1438 1473
f 1457 1463 1466
f 1457 1466 1454
f 1483 1435 1515
f 1483 1515 1478
f 1496 5221 1458
f 1496 1458 1497
f 1506 1452 5221
f 1506 5221 1496
f 5216 5222 4008
f 5216 4008 4007
f 1188 1187 35
f 1188 35 1525
f 1172 1171 51
f 1172 51 5210
f 1521 1523 94
f 1521 94 933
f 5215 5213 88
f 5215 88 159
f 5223 5224 1124
f 5223 1124 752
f 5225 5218 5196
f 5225 5196 5199
f 5226 311 314
f 5226 314 354
f 296 295 288
f 296 288 287
f 354 359 3992
f 354 3992 5226
f 429 372 331
f 429 331 490
f 5227 5228 3997
f 5227 3997 4000
f 5206 5195 5177
f 5206 5177 5178
f 372 429 388
f 372 388 373
f 752 753 5229
f 752 5229 5223
f 5178 5217 5230
f 5178 5230 5206
f 5231 5229 753
f 5231 753 760
f 760 759 5232
f 760 5232 5231
f 5233 5232 759
f 5233 759 758
f 5208 357 356
f 5208 356 3925
f 3991 5208 3925
f 3991 3925 3968
f 3968 3969 3992
f 3968 3992 3991
f 5226 3992 3969
f 5226 3969 3993
f 3993 3994 311
f 3993 311 5226
f 5234 5235 304
f 5234 304 303
f 5195 312 3996
f 5195 3996 5177
f 5236 5233 758
f 5236 758 3927
f 3927 755 5237
f 3927 5237 5236
f 5238 5237 755
f 5238 755 754
f 5239 5238 754
f 5239 754 3967
f 3967 3995 5240
f 3967 5240 5239
f 3995 5209 5241
f 3995 5241 5240
f 5217 368 371
f 5217 371 5230
f 5242 5243 5244
f 5242 5244 5245
f 5217 304 5235
f 5217 5235 368
f 1132 5186 140
f 1132 140 135
f 4004 4008 5222
f 4004 5222 5246
f 5246 5247 4002
f 5246 4002 4004
f 1131 5183 5186
f 1131 5186 1132
f 5247 5248 3999
f 5247 3999 4002
f 5248 5249 4000
f 5248 4000 3999
f 5197 5191 5183
f 5197 5183 1131
f 5250 5251 5252
f 5250 5252 5253
f 4000 5249 5254
f 4000 5254 5227
f 5255 5256 5227
f 5255 5227 5254
f 5256 5255 5257
f 5256 5257 5258
f 5258 5257 5259
f 5258 5259 5260
f 5250 5261 5260
f 5250 5260 5259
f 5262 5261 5250
f 5262 5250 5253
f 3924 5263 971
f 3924 971 3923
f 5264 5265 5266
f 5264 5266 5267
f 150 144 5188
f 150 5188 5194
f 144 143 5189
f 144 5189 5188
f 5268 5269 5270
f 5268 5270 5271
f 5272 5189 143
f 5272 143 5185
f 5273 5274 5275
f 5273 5275 5264
f 5269 5276 5277
f 5269 5277 5270
f 5278 5279 5280
f 5278 5280 5281
f 5282 5283 5274
f 5282 5274 5273
f 5281 5280 5283
f 5281 5283 5282
f 5284 5276 5285
f 5284 5285 5286
f 5287 5288 5289
f 5287 5289 5275
f 5284 5286 5279
f 5284 5279 5278
f 5274 5290 5287
f 5274 5287 5275
f 5283 5291 5290
f 5283 5290 5274
f 5292 5293 5261
f 5292 5261 5262
f 5259 5294 5251
f 5259 5251 5250
f 5293 5295 5260
f 5293 5260 5261
f 5295 5296 5258
f 5295 5258 5260
f 5297 5272 5185
f 5297 5185 5184
f 5184 5192 5298
f 5184 5298 5297
f 5296 5299 5256
f 5296 5256 5258
f 5299 5228 5227
f 5299 5227 5256
f 5300 5301 5302
f 5300 5302 5303
f 5301 5304 5305
f 5301 5305 5302
f 257 258 266
f 257 266 5306
f 256 257 5306
f 256 5306 5307
f 262 256 5307
f 262 5307 5308
f 5308 5309 1517
f 5308 1517 262
f 5309 5310 932
f 5309 932 1517
f 5310 5311 929
f 5310 929 932
f 5312 5300 5303
f 5312 5303 5313
f 1068 5314 5315
f 1068 5315 1069
f 750 5316 5314
f 750 5314 1068
f 252 5317 5318
f 252 5318 254
f 249 273 5319
f 249 5319 250
f 250 5319 5317
f 250 5317 252
f 254 5318 5316
f 254 5316 750
f 5305 5304 5320
f 5305 5320 5321
f 5321 5320 5322
f 5321 5322 268
f 268 5322 274
f 268 274 269
f 5313 5323 5294
f 5313 5294 5312
f 5323 5324 5251
f 5323 5251 5294
f 5324 5325 5252
f 5324 5252 5251
f 154 5225 5199
f 154 5199 155
f 5253 5252 5326
f 5253 5326 5327
f 5275 5289 5265
f 5275 5265 5264
f 5328 5329 5269
f 5328 5269 5268
f 5330 5273 5264
f 5330 5264 5267
f 5329 5285 5276
f 5329 5276 5269
f 5331 5278 5281
f 5331 5281 5332
f 5333 5282 5273
f 5333 5273 5330
f 5332 5281 5282
f 5332 5282 5333
f 5334 5277 5276
f 5334 5276 5284
f 5334 5284 5278
f 5334 5278 5331
f 5280 5335 5291
f 5280 5291 5283
f 5336 5298 5192
f 5336 5192 5181
f 5337 5336 5181
f 5337 5181 5180
f 5338 369 5337
f 5338 5337 5180
f 5338 5339 370
f 5338 370 369
f 5268 5271 5340
f 5268 5340 5341
f 5279 5342 5335
f 5279 5335 5280
f 5286 5343 5342
f 5286 5342 5279
f 5286 5285 5344
f 5286 5344 5343
f 1138 5345 5288
f 1138 5288 5287
f 5285 5329 5346
f 5285 5346 5344
f 5347 5263 5344
f 5347 5344 5346
f 5326 5252 5325
f 5326 5325 5348
f 836 251 253
f 836 253 1059
f 1059 253 255
f 1059 255 1071
f 276 267 270
f 276 270 272
f 249 248 270
f 249 270 269
f 5321 268 267
f 5321 267 275
f 1071 255 751
f 1071 751 1146
f 5303 5302 902
f 5303 902 901
f 5302 5305 905
f 5302 905 902
f 5313 5303 901
f 5313 901 911
f 5305 5321 275
f 5305 275 905
f 5348 5325 922
f 5348 922 921
f 5325 5324 944
f 5325 944 922
f 1110 1067 1070
f 1110 1070 1111
f 1146 751 1067
f 1146 1067 1110
f 5323 1518 944
f 5323 944 5324
f 5323 5313 911
f 5323 911 1518
f 921 767 766
f 921 766 972
f 5342 1134 1135
f 5342 1135 5335
f 156 5198 1130
f 156 1130 158
f 158 1130 1133
f 158 1133 5214
f 5182 5191 5197
f 5182 5197 5196
f 143 140 5186
f 143 5186 5185
f 5262 5253 5327
f 5262 5327 5349
f 5244 5243 5341
f 5244 5341 5340
f 369 368 5235
f 369 5235 5337
f 5240 5340 5271
f 5240 5271 5239
f 5271 5270 5238
f 5271 5238 5239
f 5336 5337 5235
f 5336 5235 5234
f 5234 5350 5298
f 5234 5298 5336
f 5270 5277 5237
f 5270 5237 5238
f 5277 5334 5236
f 5277 5236 5237
f 294 5350 5234
f 294 5234 303
f 5334 5331 5233
f 5334 5233 5236
f 5350 5351 5297
f 5350 5297 5298
f 5232 5233 5331
f 5232 5331 5332
f 294 293 5351
f 294 5351 5350
f 5352 5351 293
f 5352 293 292
f 5190 5352 292
f 5190 292 301
f 5352 5272 5297
f 5352 5297 5351
f 5272 5352 5190
f 5272 5190 5189
f 5231 5232 5332
f 5231 5332 5333
f 5229 5231 5333
f 5229 5333 5330
f 5330 5267 5223
f 5330 5223 5229
f 5267 5266 5224
f 5267 5224 5223
f 5245 5244 5241
f 5245 5241 5353
f 4008 4004 4003
f 4008 4003 4005
f 1010 5354 5355
f 1010 5355 5356
f 5357 5358 5356
f 5357 5356 1003
f 1014 5359 5358
f 1014 5358 5357
f 5360 1011 5359
f 5360 5359 5361
f 5362 5360 5361
f 5362 5361 5363
f 5364 5362 5363
f 5364 5363 5365
f 5366 5364 5365
f 5366 5365 5367
f 1103 5366 5367
f 1103 5367 5368
f 1084 5369 5370
f 1084 5370 5368
f 5361 5359 1014
f 5361 1014 1013
f 5356 5355 1004
f 5356 1004 1003
f 5367 5365 1016
f 5367 1016 1017
f 5368 5367 1017
f 5368 1017 1084
f 1019 5357 1003
f 1019 1003 1006
f 5363 5361 1013
f 5363 1013 1015
f 5365 5363 1015
f 5365 1015 1016
f 928 1014 5357
f 928 5357 1019
f 1002 1083 5369
f 1002 5369 1084
f 5241 5244 5340
f 5241 5340 5240
f 5371 5372 5373
f 5371 5373 5374
f 5268 5341 5371
f 5268 5371 5328
f 5372 5371 5341
f 5372 5341 5243
f 5242 5375 5372
f 5242 5372 5243
f 5371 5374 5376
f 5371 5376 5328
f 5376 5346 5329
f 5376 5329 5328
f 5335 1135 1136
f 5335 1136 5291
f 5291 1136 1137
f 5291 1137 5290
f 5290 1137 1138
f 5290 1138 5287
f 5343 3924 1134
f 5343 1134 5342
f 5343 5344 5263
f 5343 5263 3924
f 947 1129 5345
f 947 5345 1138
f 972 971 5263
f 972 5263 5347
f 5349 5327 5377
f 5349 5377 5378
f 5379 5380 5381
f 5379 5381 5382
f 5347 5346 5376
f 5347 5376 5383
f 5380 5179 5384
f 5380 5384 5381
f 5347 5383 5326
f 5347 5326 5348
f 5338 5380 5379
f 5338 5379 5339
f 5179 5380 5338
f 5179 5338 5180
f 5383 5377 5327
f 5383 5327 5326
f 972 5347 5348
f 972 5348 921
f 5374 5377 5383
f 5374 5383 5376
f 5198 5197 1131
f 5198 1131 1130
f 5377 5374 5373
f 5377 5373 5378
f 5382 5381 929
f 5382 929 5311
f 930 929 5381
f 930 5381 5384
f 5384 5385 940
f 5384 940 930
f 5385 5386 936
f 5385 936 940
f 160 936 5386
f 160 5386 5387
f 5387 5388 161
f 5387 161 160
f 86 161 5388
f 86 5388 5389
f 5389 5390 39
f 5389 39 86
f 36 39 5390
f 36 5390 5391
f 40 36 5391
f 40 5391 5392
f 5257 5312 5294
f 5257 5294 5259
f 5257 5255 5300
f 5257 5300 5312
f 5255 5254 5301
f 5255 5301 5300
f 5304 5301 5254
f 5304 5254 5249
f 5320 5304 5249
f 5320 5249 5248
f 5322 5320 5248
f 5322 5248 5247
f 274 5322 5247
f 274 5247 5246
f 1486 1456 1440
f 1486 1440 1487
f 1435 1416 5393
f 1435 5393 1515
f 1416 1401 5394
f 1416 5394 5393
f 5395 5394 1401
f 5395 1401 1364
f 5396 5395 1364
f 5396 1364 1336
f 1336 1326 5397
f 1336 5397 5396
f 1326 1285 5398
f 1326 5398 5397
f 1285 1251 5399
f 1285 5399 5398
f 1251 1203 5400
f 1251 5400 5399
f 1203 1202 5401
f 1203 5401 5400
f 5402 5401 1202
f 5402 1202 1185
f 5392 5403 1184
f 5392 1184 40
f 5246 5222 273
f 5246 273 274
f 5319 273 5222
f 5319 5222 5216
f 5317 5319 5216
f 5317 5216 5204
f 5318 5317 5204
f 5318 5204 5203
f 5203 5202 5316
f 5203 5316 5318
f 5202 5201 5314
f 5202 5314 5316
f 5201 5200 5315
f 5201 5315 5314
f 1455 1472 1480
f 1455 1480 1449
f 1515 5393 1432
f 1515 1432 1453
f 1414 1458 5221
f 1414 5221 5220
f 5385 5384 5179
f 5385 5179 5218
f 5218 5225 5386
f 5218 5386 5385
f 5387 5386 5225
f 5387 5225 154
f 154 92 5388
f 154 5388 5387
f 1133 1132 135
f 1133 135 134
f 5214 1133 134
f 5214 134 125
f 5215 5214 125
f 5215 125 124
f 1494 1493 1480
f 1494 1480 1479
f 1491 1494 1485
f 1491 1485 1488
f 1494 1479 1468
f 1494 1468 1485
f 1479 1471 1469
f 1479 1469 1468
f 1471 1474 1512
f 1471 1512 1469
f 1474 1490 1513
f 1474 1513 1512
f 1510 1513 1490
f 1510 1490 1504
f 1504 1508 1502
f 1504 1502 1510
f 1498 1502 1508
f 1498 1508 1465
f 1495 1498 1465
f 1495 1465 1464
f 1505 1495 1464
f 1505 1464 1459
f 1459 1462 1500
f 1459 1500 1505
f 1462 1484 1482
f 1462 1482 1500
f 1476 1482 1484
f 1476 1484 1477
f 5393 5394 1389
f 5393 1389 1432
f 1367 1389 5394
f 1367 5394 5395
f 5395 5396 1333
f 5395 1333 1367
f 1324 1333 5396
f 1324 5396 5397
f 5397 5398 1282
f 5397 1282 1324
f 5398 5399 1248
f 5398 1248 1282
f 1196 1248 5399
f 1196 5399 5400
f 1197 1196 5400
f 1197 5400 5401
f 1179 1197 5401
f 1179 5401 5402
f 43 1180 5403
f 43 5403 5392
f 5392 5391 44
f 5392 44 43
f 5391 5390 46
f 5391 46 44
f 91 46 5390
f 91 5390 5389
f 5389 5388 92
f 5389 92 91
f 5213 5215 124
f 5213 124 113
f 113 82 5212
f 113 5212 5213
f 5211 5212 82
f 5211 82 83
f 5210 5211 83
f 5210 83 84
f 84 85 1172
f 84 1172 5210
f 1163 1245 1225
f 1163 1225 1173
f 1226 1225 1245
f 1226 1245 1244
f 1263 1226 1244
f 1263 1244 1272
f 1272 1280 1295
f 1272 1295 1263
f 1312 1295 1280
f 1312 1280 1323
f 1323 1329 1347
f 1323 1347 1312
f 1329 1360 1377
f 1329 1377 1347
f 5219 1377 1360
f 5219 1360 1404
f 1404 1414 5220
f 1404 5220 5219
f 5349 5404 5292
f 5349 5292 5262
f 5372 5375 5405
f 5372 5405 5373
f 5378 5373 5405
f 5378 5405 5406
f 5378 5406 5404
f 5378 5404 5349
f 5353 5241 5209
f 5353 5209 5407
f 5408 5407 5209
f 5408 5209 389
f 5409 392 427
f 5409 427 432
f 480 402 401
f 480 401 477
f 757 756 470
f 757 470 469
f 428 489 478
f 428 478 477
f 479 478 5410
f 479 5410 523
f 494 5411 5408
f 494 5408 5409
f 542 529 539
f 542 539 538
f 396 395 539
f 396 539 529
f 542 538 1123
f 542 1123 715
f 3930 3928 398
f 3930 398 397
f 3964 3965 469
f 3964 469 472
f 471 470 3928
f 471 3928 3930
f 426 391 3965
f 426 3965 3964
f 5408 389 392
f 5408 392 5409
f 437 440 5412
f 437 5412 487
f 438 437 487
f 438 487 486
f 486 483 434
f 486 434 438
f 431 434 483
f 431 483 482
f 432 431 482
f 432 482 495
f 5409 432 495
f 5409 495 494
f 5353 5407 5207
f 5353 5207 5206
f 5408 5411 5207
f 5408 5207 5407
f 5206 5230 5245
f 5206 5245 5353
f 5230 371 5242
f 5230 5242 5245
f 371 370 5375
f 371 5375 5242
f 370 5339 5405
f 370 5405 5375
f 5339 5379 5406
f 5339 5406 5405
f 5404 5406 5379
f 5404 5379 5382
f 5382 5311 5292
f 5382 5292 5404
f 400 403 404
f 400 404 401
f 477 401 404
f 477 404 428
f 478 489 492
f 478 492 5410
f 429 490 489
f 429 489 428
f 5412 5413 551
f 5412 551 517
f 498 485 488
f 498 488 499
f 5414 493 5410
f 5414 5410 492
f 503 484 485
f 503 485 498
f 523 496 481
f 523 481 502
f 5410 493 496
f 5410 496 523
f 502 481 484
f 502 484 503
f 5412 517 488
f 5412 488 487
f 5413 5415 570
f 5413 570 551
f 5415 5416 577
f 5415 577 570
f 5416 5417 596
f 5416 596 577
f 5417 5418 614
f 5417 614 596
f 5418 5419 644
f 5418 644 614
f 5419 5420 651
f 5419 651 644
f 5420 5421 673
f 5420 673 651
f 5421 5422 693
f 5421 693 673
f 5422 5423 705
f 5422 705 693
f 5423 740 729
f 5423 729 705
f 740 741 748
f 740 748 729
f 5411 494 493
f 5411 493 5414
f 5207 5205 334
f 5207 334 367
f 5207 5411 5414
f 5207 5414 5205
f 492 491 5205
f 492 5205 5414
f 732 734 748
f 732 748 737
f 734 733 749
f 734 749 748
f 749 744 747
f 749 747 746
f 733 736 744
f 733 744 749
f 736 735 745
f 736 745 744
f 711 720 740
f 711 740 5423
f 5423 5422 698
f 5423 698 711
f 5422 5421 678
f 5422 678 698
f 5421 5420 657
f 5421 657 678
f 5420 5419 626
f 5420 626 657
f 619 626 5419
f 619 5419 5418
f 5418 5417 601
f 5418 601 619
f 5417 5416 583
f 5417 583 601
f 5416 5415 571
f 5416 571 583
f 5415 5413 442
f 5415 442 571
f 440 442 5413
f 440 5413 5412
f 5293 5292 5311
f 5293 5311 5310
f 5295 5293 5310
f 5295 5310 5309
f 5296 5295 5309
f 5296 5309 5308
f 5299 5296 5308
f 5299 5308 5307
f 5228 5299 5307
f 5228 5307 5306
f 3997 5228 5306
f 3997 5306 266
f 266 265 3998
f 266 3998 3997
f 265 263 4001
f 265 4001 3998
f 263 264 4003
f 263 4003 4001
f 4005 4003 264
f 4005 264 242
f 242 243 4006
f 242 4006 4005
f 243 240 4009
f 243 4009 4006
f 240 241 4011
f 240 4011 4009
f 241 245 4013
f 241 4013 4011
f 245 246 4015
f 245 4015 4013
f 246 247 4017
f 246 4017 4015
f 1001 1000 1047
f 1001 1047 1045
f 1040 1050 999
f 1040 999 998
f 1042 1051 1052
f 1042 1052 1043
f 1035 1049 1050
f 1035 1050 1040
f 1088 1089 1048
f 1088 1048 1034
f 1120 1114 1051
f 1120 1051 1042
f 1045 1047 1114
f 1045 1114 1120
f 990 988 1089
f 990 1089 5424
f 1089 1088 1144
f 1089 1144 5424
f 1106 1031 914
f 1106 914 913
f 1105 1085 1031
f 1105 1031 1106
f 1075 5425 5426
f 1075 5426 1063
f 5427 1092 1077
f 5427 1077 5428
f 910 5429 5428
f 910 5428 1077
f 5429 5430 5431
f 5429 5431 5428
f 5425 5432 5433
f 5425 5433 5426
f 5434 5427 5428
f 5434 5428 5431
f 5430 5435 5436
f 5430 5436 5431
f 5432 5437 5438
f 5432 5438 5433
f 5439 5434 5431
f 5439 5431 5436
f 5369 5440 5441
f 5369 5441 5370
f 1104 5442 5443
f 1104 5443 1105
f 1082 5444 5445
f 1082 5445 1083
f 5440 5369 1083
f 5440 1083 5445
f 1082 1081 1519
f 1082 1519 5444
f 1141 1085 1105
f 1141 1105 5443
f 906 277 5433
f 906 5433 5438
f 5426 5433 277
f 5426 277 276
f 5435 5430 5446
f 5435 5446 5447
f 910 909 5448
f 910 5448 5429
f 5448 5446 5430
f 5448 5430 5429
f 276 272 1063
f 276 1063 5426
f 903 906 5438
f 903 5438 5449
f 993 904 903
f 993 903 5449
f 5450 991 990
f 5450 990 5451
f 5452 1142 1141
f 5452 1141 5453
f 5454 992 993
f 5454 993 5455
f 5456 5457 5458
f 5456 5458 5459
f 5460 1519 997
f 5460 997 5461
f 5462 5440 5445
f 5462 5445 5463
f 5464 5465 5466
f 5464 5466 5467
f 5468 5469 5470
f 5468 5470 5471
f 5472 5439 5436
f 5472 5436 5473
f 5455 993 5449
f 5455 5449 5474
f 5475 5476 5477
f 5475 5477 5478
f 5479 5480 5481
f 5479 5481 5482
f 5478 5477 5483
f 5478 5483 5484
f 5453 1141 5443
f 5453 5443 5485
f 5482 5481 5486
f 5482 5486 5487
f 5488 5489 5465
f 5488 5465 5464
f 5490 5491 5457
f 5490 5457 5456
f 5451 990 5424
f 5451 5424 5492
f 5493 5494 5495
f 5493 5495 5496
f 5497 5498 5499
f 5497 5499 5500
f 5501 5502 5483
f 5501 5483 5503
f 5504 5480 5495
f 5504 5495 5505
f 5506 5507 5466
f 5506 5466 5508
f 5469 5509 5510
f 5469 5510 5470
f 5477 5511 5503
f 5477 5503 5483
f 5512 5494 5507
f 5512 5507 5506
f 5491 5513 5514
f 5491 5514 5457
f 5480 5504 5515
f 5480 5515 5481
f 5489 5516 5517
f 5489 5517 5465
f 5518 5519 5458
f 5518 5458 5520
f 5521 5522 5523
f 5521 5523 5524
f 5524 5523 5499
f 5524 5499 5525
f 5481 5515 5526
f 5481 5526 5486
f 5457 5514 5520
f 5457 5520 5458
f 5494 5512 5505
f 5494 5505 5495
f 5476 5527 5511
f 5476 5511 5477
f 5498 5528 5525
f 5498 5525 5499
f 5529 5530 5519
f 5529 5519 5518
f 5465 5517 5508
f 5465 5508 5466
f 5509 5469 5486
f 5509 5486 5526
f 5527 5531 5532
f 5527 5532 5511
f 5528 5533 5534
f 5528 5534 5525
f 5535 5529 5518
f 5535 5518 5536
f 5517 5537 5538
f 5517 5538 5508
f 5539 5509 5526
f 5539 5526 5540
f 5541 5501 5503
f 5541 5503 5542
f 5543 5504 5505
f 5543 5505 5544
f 5545 5506 5508
f 5545 5508 5538
f 5509 5539 5546
f 5509 5546 5510
f 5511 5532 5542
f 5511 5542 5503
f 5547 5512 5506
f 5547 5506 5545
f 5513 5548 5549
f 5513 5549 5514
f 5504 5543 5550
f 5504 5550 5515
f 5516 5551 5537
f 5516 5537 5517
f 5536 5518 5520
f 5536 5520 5552
f 5553 5521 5524
f 5553 5524 5554
f 5554 5524 5525
f 5554 5525 5534
f 5515 5550 5540
f 5515 5540 5526
f 5514 5549 5552
f 5514 5552 5520
f 5512 5547 5544
f 5512 5544 5505
f 5555 5556 5557
f 5555 5557 5558
f 5559 5560 5561
f 5559 5561 5562
f 5563 5564 5565
f 5563 5565 5566
f 5567 5568 5569
f 5567 5569 5570
f 5571 5572 5573
f 5571 5573 5574
f 5575 5576 5577
f 5575 5577 5578
f 5558 5557 5579
f 5558 5579 5580
f 5581 5582 5583
f 5581 5583 5584
f 5574 5573 5585
f 5574 5585 5586
f 5587 5588 5564
f 5587 5564 5563
f 5589 5590 5560
f 5589 5560 5559
f 5591 5592 5579
f 5591 5579 5593
f 5594 5568 5592
f 5594 5592 5591
f 5595 5596 5565
f 5595 5565 5597
f 5598 5599 5600
f 5598 5600 5601
f 5601 5600 5577
f 5601 5577 5602
f 5603 5604 5596
f 5603 5596 5595
f 5605 5582 5561
f 5605 5561 5606
f 5607 5608 5585
f 5607 5585 5609
f 5610 5590 5569
f 5610 5569 5611
f 5612 5613 5614
f 5612 5614 5615
f 5616 5617 5618
f 5616 5618 5619
f 5620 5621 5622
f 5620 5622 5623
f 5613 5612 5624
f 5613 5624 5625
f 5626 5627 5628
f 5626 5628 5629
f 5630 5631 5632
f 5630 5632 5633
f 5634 5635 5636
f 5634 5636 5637
f 5615 5614 5638
f 5615 5638 5639
f 5633 5632 5623
f 5633 5623 5622
f 5640 5641 5642
f 5640 5642 5643
f 5644 5645 5635
f 5644 5635 5634
f 5646 5647 5648
f 5646 5648 5649
f 5627 5626 5637
f 5627 5637 5636
f 5635 5650 5651
f 5635 5651 5636
f 5645 5652 5650
f 5645 5650 5635
f 5621 5653 5654
f 5621 5654 5622
f 5655 5616 5619
f 5655 5619 5656
f 5616 5655 5657
f 5616 5657 5658
f 5659 5612 5615
f 5659 5615 5660
f 5661 5630 5633
f 5661 5633 5662
f 5641 5663 5664
f 5641 5664 5642
f 5665 5649 5666
f 5665 5666 5667
f 5668 5669 5628
f 5668 5628 5670
f 5642 5664 5671
f 5642 5671 5672
f 5612 5659 5673
f 5612 5673 5624
f 5658 5657 5667
f 5658 5667 5666
f 5669 5668 5674
f 5669 5674 5639
f 5656 5619 5672
f 5656 5672 5671
f 5675 5676 5653
f 5675 5653 5621
f 5677 5627 5636
f 5677 5636 5651
f 5678 5646 5649
f 5678 5649 5665
f 5571 5574 5532
f 5571 5532 5531
f 5574 5586 5542
f 5574 5542 5532
f 5541 5542 5586
f 5541 5586 5679
f 5551 5541 5679
f 5551 5679 5555
f 5555 5558 5537
f 5555 5537 5551
f 5558 5580 5538
f 5558 5538 5537
f 5545 5538 5580
f 5545 5580 5680
f 5358 1007 1010
f 5358 1010 5356
f 5359 1011 1007
f 5359 1007 5358
f 1090 1073 1074
f 1090 1074 1091
f 1090 1092 1075
f 1090 1075 1073
f 1091 1074 1080
f 1091 1080 1094
f 1115 1095 1098
f 1115 1098 1116
f 5368 5370 1104
f 5368 1104 1103
f 1060 1072 1121
f 1060 1121 1080
f 1096 1095 1147
f 1096 1147 1145
f 1145 1147 1121
f 1145 1121 1072
f 1009 1093 5354
f 1009 5354 1010
f 1066 1012 1011
f 1066 1011 5360
f 920 1066 5360
f 920 5360 5362
f 916 920 5362
f 916 5362 5364
f 913 916 5364
f 913 5364 5366
f 1106 913 5366
f 1106 5366 1103
f 1092 5427 5425
f 1092 5425 1075
f 5427 5434 5432
f 5427 5432 5425
f 5434 5439 5437
f 5434 5437 5432
f 5370 5441 5442
f 5370 5442 1104
f 5681 5502 5489
f 5681 5489 5488
f 5471 5470 5498
f 5471 5498 5497
f 5502 5501 5516
f 5502 5516 5489
f 5470 5510 5528
f 5470 5528 5498
f 5510 5546 5533
f 5510 5533 5528
f 5501 5541 5551
f 5501 5551 5516
f 5679 5608 5556
f 5679 5556 5555
f 5584 5583 5576
f 5584 5576 5575
f 5663 5641 5624
f 5663 5624 5673
f 5662 5633 5622
f 5662 5622 5654
f 5660 5615 5639
f 5660 5639 5674
f 5627 5677 5670
f 5627 5670 5628
f 5547 5545 5680
f 5547 5680 5567
f 5567 5570 5544
f 5567 5544 5547
f 5605 5682 5683
f 5605 5683 5684
f 5685 5686 5687
f 5685 5687 5609
f 5688 5689 5690
f 5688 5690 5691
f 5610 5692 5693
f 5610 5693 5694
f 5695 5696 5697
f 5695 5697 5698
f 5694 5693 5699
f 5694 5699 5606
f 5691 5690 5700
f 5691 5700 5597
f 5594 5701 5702
f 5594 5702 5611
f 5703 5704 5686
f 5703 5686 5685
f 5705 5706 5707
f 5705 5707 5602
f 5698 5697 5708
f 5698 5708 5593
f 5607 5709 5696
f 5607 5696 5695
f 5684 5683 5706
f 5684 5706 5705
f 5590 5589 5570
f 5590 5570 5569
f 5543 5544 5570
f 5543 5570 5589
f 5589 5559 5550
f 5589 5550 5543
f 5559 5562 5540
f 5559 5540 5550
f 5539 5540 5562
f 5539 5562 5581
f 5581 5584 5546
f 5581 5546 5539
f 5600 5710 5578
f 5600 5578 5577
f 5533 5546 5584
f 5533 5584 5575
f 5649 5648 5711
f 5649 5711 5666
f 5643 5642 5672
f 5643 5672 5712
f 5582 5581 5562
f 5582 5562 5561
f 5713 5675 5621
f 5713 5621 5620
f 5568 5567 5680
f 5568 5680 5592
f 5599 5714 5710
f 5599 5710 5600
f 5575 5578 5534
f 5575 5534 5533
f 5596 5715 5566
f 5596 5566 5565
f 5554 5534 5578
f 5554 5578 5710
f 5608 5679 5586
f 5608 5586 5585
f 5592 5680 5580
f 5592 5580 5579
f 5553 5554 5710
f 5553 5710 5714
f 5604 5716 5715
f 5604 5715 5596
f 5587 5563 5549
f 5587 5549 5548
f 5563 5566 5552
f 5563 5552 5549
f 5536 5552 5566
f 5536 5566 5715
f 5535 5536 5715
f 5535 5715 5716
f 5669 5717 5629
f 5669 5629 5628
f 5617 5616 5658
f 5617 5658 5718
f 5718 5658 5666
f 5718 5666 5711
f 5641 5640 5625
f 5641 5625 5624
f 5718 5711 5719
f 5718 5719 5720
f 5619 5618 5712
f 5619 5712 5672
f 5617 5718 5720
f 5617 5720 5721
f 5721 5722 5618
f 5721 5618 5617
f 5722 5723 5712
f 5722 5712 5618
f 5643 5712 5723
f 5643 5723 5724
f 5640 5643 5724
f 5640 5724 5725
f 5725 5726 5625
f 5725 5625 5640
f 5613 5625 5726
f 5613 5726 5727
f 5727 5728 5614
f 5727 5614 5613
f 5728 5729 5638
f 5728 5638 5614
f 5717 5638 5729
f 5717 5729 5730
f 5717 5669 5639
f 5717 5639 5638
f 5730 5731 5629
f 5730 5629 5717
f 5626 5629 5731
f 5626 5731 5732
f 5732 5733 5637
f 5732 5637 5626
f 5634 5637 5733
f 5634 5733 5734
f 5644 5634 5734
f 5644 5734 5735
f 5736 5737 5632
f 5736 5632 5631
f 5737 5738 5623
f 5737 5623 5632
f 5620 5623 5738
f 5620 5738 5739
f 5713 5620 5739
f 5713 5739 5740
f 5741 5742 5648
f 5741 5648 5647
f 5742 5719 5711
f 5742 5711 5648
f 5743 5744 5733
f 5743 5733 5732
f 5745 5746 5719
f 5745 5719 5742
f 5676 5678 5704
f 5676 5704 5747
f 5748 5743 5732
f 5748 5732 5731
f 5749 5748 5731
f 5749 5731 5730
f 5676 5675 5646
f 5676 5646 5678
f 5750 5746 5751
f 5750 5751 5752
f 5753 5754 5751
f 5753 5751 5755
f 5741 5647 5713
f 5741 5713 5740
f 5756 5750 5752
f 5756 5752 5757
f 5758 5756 5757
f 5758 5757 5759
f 5760 5726 5725
f 5760 5725 5759
f 5757 5752 5761
f 5757 5761 5762
f 5675 5713 5647
f 5675 5647 5646
f 5752 5751 5754
f 5752 5754 5761
f 5762 5761 5763
f 5762 5763 5764
f 5755 5751 5746
f 5755 5746 5745
f 5720 5719 5746
f 5720 5746 5750
f 5721 5720 5750
f 5721 5750 5756
f 5722 5721 5756
f 5722 5756 5758
f 5763 5765 5744
f 5763 5744 5743
f 5766 5765 5754
f 5766 5754 5753
f 5759 5757 5762
f 5759 5762 5760
f 5740 5739 5755
f 5740 5755 5745
f 5739 5738 5753
f 5739 5753 5755
f 5761 5754 5765
f 5761 5765 5763
f 5758 5724 5723
f 5758 5723 5722
f 5735 5734 5767
f 5735 5767 5736
f 5766 5753 5738
f 5766 5738 5737
f 5767 5744 5765
f 5767 5765 5766
f 5760 5762 5764
f 5760 5764 5768
f 5734 5733 5744
f 5734 5744 5767
f 5768 5764 5748
f 5768 5748 5749
f 5764 5763 5743
f 5764 5743 5748
f 5768 5727 5726
f 5768 5726 5760
f 5759 5725 5724
f 5759 5724 5758
f 5730 5729 5728
f 5730 5728 5749
f 5749 5728 5727
f 5749 5727 5768
f 5769 5591 5593
f 5769 5593 5708
f 5701 5594 5591
f 5701 5591 5769
f 5770 5595 5597
f 5770 5597 5700
f 5771 5598 5601
f 5771 5601 5772
f 5772 5601 5602
f 5772 5602 5707
f 5747 5603 5595
f 5747 5595 5770
f 5682 5605 5606
f 5682 5606 5699
f 5709 5607 5609
f 5709 5609 5687
f 5692 5610 5611
f 5692 5611 5702
f 5582 5605 5684
f 5582 5684 5583
f 5573 5685 5609
f 5573 5609 5585
f 5588 5688 5691
f 5588 5691 5564
f 5590 5610 5694
f 5590 5694 5560
f 5556 5695 5698
f 5556 5698 5557
f 5560 5694 5606
f 5560 5606 5561
f 5564 5691 5597
f 5564 5597 5565
f 5568 5594 5611
f 5568 5611 5569
f 5572 5703 5685
f 5572 5685 5573
f 5576 5705 5602
f 5576 5602 5577
f 5557 5698 5593
f 5557 5593 5579
f 5608 5607 5695
f 5608 5695 5556
f 5583 5684 5705
f 5583 5705 5576
f 5709 5687 5667
f 5709 5667 5657
f 5696 5709 5657
f 5696 5657 5655
f 5655 5656 5697
f 5655 5697 5696
f 5656 5671 5708
f 5656 5708 5697
f 5769 5708 5671
f 5769 5671 5664
f 5701 5769 5664
f 5701 5664 5663
f 5663 5673 5702
f 5663 5702 5701
f 5692 5702 5673
f 5692 5673 5659
f 5659 5660 5693
f 5659 5693 5692
f 5660 5674 5699
f 5660 5699 5693
f 5682 5699 5674
f 5682 5674 5668
f 5668 5670 5683
f 5668 5683 5682
f 5706 5683 5670
f 5706 5670 5677
f 5677 5651 5707
f 5677 5707 5706
f 5772 5707 5651
f 5772 5651 5650
f 5771 5772 5650
f 5771 5650 5652
f 5661 5662 5690
f 5661 5690 5689
f 5662 5654 5700
f 5662 5700 5690
f 5770 5700 5654
f 5770 5654 5653
f 5747 5770 5653
f 5747 5653 5676
f 5678 5665 5686
f 5678 5686 5704
f 5665 5667 5687
f 5665 5687 5686
f 5530 5773 5774
f 5530 5774 5519
f 5522 5775 5776
f 5522 5776 5523
f 5494 5493 5777
f 5494 5777 5507
f 5778 5456 5459
f 5778 5459 5492
f 5480 5479 5496
f 5480 5496 5495
f 5469 5468 5487
f 5469 5487 5486
f 5535 5716 5571
f 5535 5571 5531
f 5779 5464 5467
f 5779 5467 5474
f 5462 5468 5471
f 5462 5471 5780
f 5502 5681 5484
f 5502 5484 5483
f 5507 5777 5467
f 5507 5467 5466
f 5781 5475 5478
f 5781 5478 5782
f 5460 5479 5482
f 5460 5482 5783
f 5782 5478 5484
f 5782 5484 5473
f 5716 5604 5572
f 5716 5572 5571
f 5523 5776 5500
f 5523 5500 5499
f 5783 5482 5487
f 5783 5487 5463
f 5784 5488 5464
f 5784 5464 5779
f 5785 5490 5456
f 5785 5456 5778
f 5519 5774 5459
f 5519 5459 5458
f 5454 5493 5496
f 5454 5496 5461
f 5786 5497 5500
f 5786 5500 5485
f 5472 5681 5488
f 5472 5488 5784
f 5780 5471 5497
f 5780 5497 5786
f 5773 5450 5451
f 5773 5451 5774
f 5775 5452 5453
f 5775 5453 5776
f 5493 5454 5455
f 5493 5455 5777
f 5479 5460 5461
f 5479 5461 5496
f 5468 5462 5463
f 5468 5463 5487
f 5681 5472 5473
f 5681 5473 5484
f 5777 5455 5474
f 5777 5474 5467
f 5776 5453 5485
f 5776 5485 5500
f 5774 5451 5492
f 5774 5492 5459
f 5736 5631 5644
f 5736 5644 5735
f 1144 5778 5492
f 1144 5492 5424
f 5703 5572 5604
f 5703 5604 5603
f 5438 5779 5474
f 5438 5474 5449
f 5440 5462 5780
f 5440 5780 5441
f 5447 5781 5782
f 5447 5782 5435
f 1519 5460 5783
f 1519 5783 5444
f 5435 5782 5473
f 5435 5473 5436
f 5703 5603 5747
f 5703 5747 5704
f 5444 5783 5463
f 5444 5463 5445
f 5437 5784 5779
f 5437 5779 5438
f 1143 5785 5778
f 1143 5778 1144
f 992 5454 5461
f 992 5461 997
f 5442 5786 5485
f 5442 5485 5443
f 5439 5472 5784
f 5439 5784 5437
f 5441 5780 5786
f 5441 5786 5442
f 5767 5766 5737
f 5767 5737 5736
f 5740 5745 5742
f 5740 5742 5741
f 5645 5644 5631
f 5645 5631 5630
f 5652 5645 5630
f 5652 5630 5661
f 5661 5689 5771
f 5661 5771 5652
f 5598 5771 5689
f 5598 5689 5688
f 5688 5588 5599
f 5688 5599 5598
f 5714 5599 5588
f 5714 5588 5587
f 5553 5714 5587
f 5553 5587 5548
f 5521 5553 5548
f 5521 5548 5513
f 5513 5491 5522
f 5513 5522 5521
f 5775 5522 5491
f 5775 5491 5490
f 5452 5775 5490
f 5452 5490 5785
f 5785 1143 1142
f 5785 1142 5452
f 1143 1087 1086
f 1143 1086 1142
f 1032 1086 1087
f 1032 1087 1033
f 1033 1036 1026
f 1033 1026 1032
f 1036 1039 1020
f 1036 1020 1026
f 5531 5527 5529
f 5531 5529 5535
f 5530 5529 5527
f 5530 5527 5476
f 5773 5530 5476
f 5773 5476 5475
f 5450 5773 5475
f 5450 5475 5781
f 5781 5447 991
f 5781 991 5450
f 989 991 5447
f 989 5447 5446
f 896 989 5446
f 896 5446 5448
f 897 896 5448
f 897 5448 909
f 899 897 909
f 899 909 908
f 892 899 908
f 892 908 917
f 893 892 917
f 893 917 278
f 886 893 278
f 886 278 281
f 887 886 281
f 887 281 1065
f 889 887 1065
f 889 1065 1102
f 994 889 1102
f 994 1102 1101
f 1039 1037 1021
f 1039 1021 1020
f 1037 1038 1028
f 1037 1028 1021
f 1038 1046 1029
f 1038 1029 1028
f 1112 1029 1046
f 1112 1046 1119
f 1119 1041 1023
f 1119 1023 1112
f 1041 1044 1024
f 1041 1024 1023
f 5787 5788 5789
f 5787 5789 5075
f 5076 5075 5789
f 5076 5789 5790
f 5791 5792 5793
f 5791 5793 5794
f 5795 5790 5789
f 5795 5789 5796
f 5792 5791 5797
f 5792 5797 5798
f 5799 5800 5801
f 5799 5801 5802
f 5800 5799 5803
f 5800 5803 5804
f 5805 5806 5807
f 5805 5807 5808
f 5809 5792 5798
f 5809 5798 5810
f 5800 5811 5812
f 5800 5812 5801
f 5811 5800 5804
f 5811 5804 5813
f 5806 5814 5815
f 5806 5815 5807
f 5792 5809 5816
f 5792 5816 5793
f 5817 5795 5796
f 5817 5796 5818
f 5819 5820 5821
f 5819 5821 5822
f 5823 5824 5825
f 5823 5825 5826
f 5827 5828 5829
f 5827 5829 5830
f 5831 5832 5833
f 5831 5833 4952
f 5834 5835 5833
f 5834 5833 5832
f 5836 5837 5838
f 5836 5838 5839
f 5840 5841 5842
f 5840 5842 5843
f 5843 5844 5845
f 5843 5845 5840
f 5846 5847 5848
f 5846 5848 5849
f 5849 5850 5851
f 5849 5851 5846
f 5852 5853 5854
f 5852 5854 5855
f 5820 5856 5850
f 5820 5850 5849
f 5849 5848 5821
f 5849 5821 5820
f 5828 5857 5844
f 5828 5844 5843
f 5843 5842 5829
f 5843 5829 5828
f 5839 5838 5825
f 5839 5825 5824
f 5858 5859 5835
f 5858 5835 5834
f 5860 5861 5859
f 5860 5859 5858
f 5862 5863 5853
f 5862 5853 5852
f 5861 5864 5865
f 5861 5865 5859
f 5859 5865 5866
f 5859 5866 5835
f 5820 5819 5867
f 5820 5867 5856
f 5862 5868 5869
f 5862 5869 5863
f 5828 5827 5870
f 5828 5870 5857
f 5871 5872 5873
f 5871 5873 5874
f 5875 5876 5877
f 5875 5877 5878
f 5879 5880 5881
f 5879 5881 5882
f 5883 5884 5885
f 5883 5885 5886
f 5884 5883 5887
f 5884 5887 5888
f 5889 5890 5891
f 5889 5891 5892
f 5893 5831 4952
f 5893 4952 4951
f 5880 5879 5894
f 5880 5894 5895
f 5896 5875 5878
f 5896 5878 5897
f 5898 5879 5882
f 5898 5882 5899
f 5835 5866 5900
f 5835 5900 5833
f 5130 5129 5901
f 5130 5901 5902
f 5884 5903 5904
f 5884 5904 5885
f 5903 5884 5888
f 5903 5888 5905
f 5890 5906 5907
f 5890 5907 5891
f 5879 5898 5908
f 5879 5908 5894
f 5909 5910 5911
f 5909 5911 5912
f 5913 5914 5915
f 5913 5915 5916
f 5917 5918 5919
f 5917 5919 5920
f 5921 5922 5923
f 5921 5923 5924
f 5925 5909 5912
f 5925 5912 5926
f 5927 5928 5929
f 5927 5929 5930
f 5931 5932 5933
f 5931 5933 5934
f 5918 5935 5936
f 5918 5936 5919
f 5931 5937 5938
f 5931 5938 5939
f 5940 5913 5916
f 5940 5916 5941
f 5922 5942 5943
f 5922 5943 5923
f 5928 5944 5945
f 5928 5945 5929
f 5946 5947 5948
f 5946 5948 5949
f 5950 5951 5952
f 5950 5952 5953
f 5954 5946 5949
f 5954 5949 5955
f 5951 5956 5957
f 5951 5957 5952
f 5958 5959 5914
f 5958 5914 5913
f 5960 5961 5922
f 5960 5922 5921
f 5962 5963 5928
f 5962 5928 5927
f 5939 5964 5932
f 5939 5932 5931
f 5934 5965 5937
f 5934 5937 5931
f 5966 5958 5913
f 5966 5913 5940
f 5961 5967 5942
f 5961 5942 5922
f 5963 5968 5944
f 5963 5944 5928
f 5969 5970 5971
f 5969 5971 5972
f 5973 5974 5975
f 5973 5975 5976
f 5977 5978 5979
f 5977 5979 5980
f 5981 5982 5983
f 5981 5983 5984
f 5985 5986 5987
f 5985 5987 5988
f 5988 5989 5990
f 5988 5990 5985
f 5991 5992 5993
f 5991 5993 5994
f 5994 5995 5996
f 5994 5996 5991
f 5997 5998 5999
f 5997 5999 6000
f 5970 6001 5995
f 5970 5995 5994
f 5994 5993 5971
f 5994 5971 5970
f 5978 6002 5989
f 5978 5989 5988
f 5988 5987 5979
f 5988 5979 5978
f 5984 5983 5975
f 5984 5975 5974
f 6003 6004 5998
f 6003 5998 5997
f 5970 5969 6005
f 5970 6005 6001
f 6003 6006 6007
f 6003 6007 6004
f 5978 5977 6008
f 5978 6008 6002
f 6009 6010 6011
f 6009 6011 6012
f 6013 6014 6015
f 6013 6015 6016
f 6017 6018 6019
f 6017 6019 6020
f 6018 6017 6021
f 6018 6021 6022
f 6023 6024 6025
f 6023 6025 6026
f 6014 6013 6027
f 6014 6027 6028
f 6029 6009 6012
f 6029 6012 6030
f 6031 6013 6016
f 6031 6016 6032
f 6018 6033 6034
f 6018 6034 6019
f 6033 6018 6022
f 6033 6022 6035
f 6024 6036 6037
f 6024 6037 6025
f 6013 6031 6038
f 6013 6038 6027
f 6039 6040 6041
f 6039 6041 6042
f 6043 6044 6045
f 6043 6045 6046
f 6047 6048 6049
f 6047 6049 6050
f 6051 6052 6053
f 6051 6053 6054
f 6055 6039 6042
f 6055 6042 6056
f 6057 6058 6059
f 6057 6059 6060
f 6061 6062 6063
f 6061 6063 6064
f 6048 6065 6066
f 6048 6066 6049
f 6061 6067 6068
f 6061 6068 6069
f 6070 6043 6046
f 6070 6046 6071
f 6052 6072 6073
f 6052 6073 6053
f 6058 6074 6075
f 6058 6075 6059
f 6076 6077 6078
f 6076 6078 6079
f 6080 6081 6082
f 6080 6082 6083
f 6084 6076 6079
f 6084 6079 6085
f 6081 6086 6087
f 6081 6087 6082
f 6088 6089 6044
f 6088 6044 6043
f 6090 6091 6052
f 6090 6052 6051
f 6092 6093 6058
f 6092 6058 6057
f 6069 6094 6062
f 6069 6062 6061
f 6064 6095 6067
f 6064 6067 6061
f 6096 6088 6043
f 6096 6043 6070
f 6091 6097 6072
f 6091 6072 6052
f 6093 6098 6074
f 6093 6074 6058
f 6099 6100 6101
f 6099 6101 6102
f 6103 6104 6105
f 6103 6105 6106
f 6107 6108 6109
f 6107 6109 6110
f 6111 6112 6113
f 6111 6113 6114
f 6115 6116 6117
f 6115 6117 6118
f 6118 6119 6120
f 6118 6120 6115
f 6121 6122 6123
f 6121 6123 6124
f 6124 6125 6126
f 6124 6126 6121
f 6127 6128 6129
f 6127 6129 6130
f 6100 6131 6125
f 6100 6125 6124
f 6124 6123 6101
f 6124 6101 6100
f 6108 6132 6119
f 6108 6119 6118
f 6118 6117 6109
f 6118 6109 6108
f 6114 6113 6105
f 6114 6105 6104
f 6133 6134 6128
f 6133 6128 6127
f 6100 6099 6135
f 6100 6135 6131
f 6133 6136 6137
f 6133 6137 6134
f 6108 6107 6138
f 6108 6138 6132
f 6139 6140 6141
f 6139 6141 6142
f 6143 6144 6145
f 6143 6145 6146
f 6147 6148 6149
f 6147 6149 6150
f 6148 6147 6151
f 6148 6151 6152
f 6153 6154 6155
f 6153 6155 6156
f 6144 6143 6157
f 6144 6157 6158
f 6159 6139 6142
f 6159 6142 6160
f 6161 6143 6146
f 6161 6146 6162
f 6148 6163 6164
f 6148 6164 6149
f 6163 6148 6152
f 6163 6152 6165
f 6154 6166 6167
f 6154 6167 6155
f 6143 6161 6168
f 6143 6168 6157
f 6169 6170 6171
f 6169 6171 6172
f 6171 6170 6173
f 6171 6173 6174
f 5121 5142 6175
f 5121 6175 6176
f 6177 6178 6179
f 6177 6179 6173
f 6180 6181 6182
f 6180 6182 6183
f 6184 6185 6186
f 6184 6186 6187
f 6188 6189 6183
f 6188 6183 6182
f 6189 6188 6172
f 6189 6172 6171
f 6185 6184 6190
f 6185 6190 6191
f 6192 6184 6187
f 6192 6187 6193
f 6189 6194 6195
f 6189 6195 6183
f 6194 6189 6171
f 6194 6171 6174
f 6184 6192 6196
f 6184 6196 6190
f 5902 5901 4958
f 5902 4958 4957
f 5136 5135 6197
f 5136 6197 6198
f 5826 6199 6200
f 5826 6200 5162
f 6105 6113 6201
f 6105 6201 6202
f 5165 6203 6204
f 5165 6204 5147
f 5826 5825 6205
f 5826 6205 6199
f 5983 5982 6206
f 5983 6206 6207
f 5920 5919 6208
f 5920 6208 6209
f 5878 5877 6210
f 5878 6210 6211
f 5811 5813 5908
f 5811 5908 5898
f 5898 5899 5812
f 5898 5812 5811
f 5128 5114 6212
f 5128 6212 6200
f 5897 5878 6211
f 5897 6211 6213
f 5903 5905 6038
f 5903 6038 6031
f 6033 6035 6168
f 6033 6168 6161
f 6161 6162 6034
f 6161 6034 6033
f 6031 6032 5904
f 6031 5904 5903
f 6165 6159 6196
f 6165 6196 6192
f 6163 6165 6192
f 6163 6192 6193
f 5140 5139 6214
f 5140 6214 6215
f 5972 5971 6216
f 5972 6216 6217
f 5892 6210 6218
f 5892 6218 5837
f 5155 5154 6212
f 5155 6212 6219
f 5834 5832 6220
f 5834 6220 6221
f 5926 5912 6222
f 5926 6222 6223
f 6224 6225 5900
f 6224 5900 5866
f 6226 6227 6228
f 6226 6228 6229
f 5012 5011 6230
f 5012 6230 6231
f 4963 6232 6229
f 4963 6229 6228
f 6233 6234 6235
f 6233 6235 6236
f 6237 6238 6225
f 6237 6225 6224
f 4966 4968 4978
f 4966 4978 5012
f 6239 6240 6241
f 6239 6241 6242
f 4964 4966 5012
f 4964 5012 6231
f 6240 6239 6236
f 6240 6236 6235
f 6243 6244 6240
f 6243 6240 6235
f 6244 6245 6241
f 6244 6241 6240
f 6243 6246 5008
f 6243 5008 5007
f 6247 6248 6249
f 6247 6249 6250
f 4965 6251 5009
f 4965 5009 4967
f 5873 6252 6253
f 5873 6253 6254
f 6251 6255 5010
f 6251 5010 5009
f 6256 6257 6258
f 6256 6258 6259
f 6257 6256 6260
f 6257 6260 6261
f 6231 6230 6248
f 6231 6248 6262
f 6263 6264 6265
f 6263 6265 6266
f 6267 6263 6266
f 6267 6266 6268
f 6269 6270 6271
f 6269 6271 6272
f 6273 6274 6258
f 6273 6258 6275
f 6276 6277 6274
f 6276 6274 6273
f 6278 6279 6277
f 6278 6277 6276
f 6278 6280 6281
f 6278 6281 6279
f 6281 6280 6282
f 6281 6282 6283
f 6282 6284 6285
f 6282 6285 6283
f 6286 6287 6288
f 6286 6288 6289
f 6290 6291 6287
f 6290 6287 6286
f 6268 6292 6293
f 6268 6293 6267
f 6292 6294 6295
f 6292 6295 6293
f 6294 6296 6297
f 6294 6297 6295
f 6298 6299 6285
f 6298 6285 6284
f 6299 6298 6300
f 6299 6300 6301
f 5165 5164 6175
f 5165 6175 6203
f 5848 5847 6302
f 5848 6302 6303
f 5882 5881 6304
f 5882 6304 6305
f 5831 5893 6306
f 5831 6306 6307
f 6308 6297 6296
f 6308 6296 6309
f 6291 6301 6300
f 6291 6300 6310
f 6310 6311 6287
f 6310 6287 6291
f 6311 6312 6288
f 6311 6288 6287
f 6313 6314 6315
f 6313 6315 6316
f 6317 6272 6288
f 6317 6288 6312
f 6269 6272 6317
f 6269 6317 6264
f 6308 6309 6318
f 6308 6318 6319
f 6320 6319 6318
f 6320 6318 6321
f 6321 6322 6323
f 6321 6323 6320
f 6324 6323 6322
f 6324 6322 6325
f 6326 6327 6324
f 6326 6324 6325
f 6328 6327 6326
f 6328 6326 6329
f 6329 6330 6331
f 6329 6331 6328
f 6332 6315 6237
f 6332 6237 6224
f 6333 6316 6315
f 6333 6315 6332
f 6247 6334 6262
f 6247 6262 6248
f 6335 4953 5900
f 6335 5900 6225
f 6336 5858 5834
f 6336 5834 6221
f 6337 6331 6330
f 6337 6330 6338
f 6339 6340 6337
f 6339 6337 6338
f 5015 6253 6252
f 5015 6252 5016
f 6341 5860 5858
f 6341 5858 6336
f 6339 6342 6343
f 6339 6343 6340
f 6344 6345 6346
f 6344 6346 6347
f 5865 6332 6224
f 5865 6224 5866
f 5864 6333 6332
f 5864 6332 5865
f 6348 6349 6260
f 6348 6260 6256
f 5874 6350 6351
f 5874 6351 6352
f 6250 4954 4953
f 6250 4953 6335
f 4996 4989 6344
f 4996 6344 6353
f 6354 6355 6356
f 6354 6356 6357
f 5871 5874 6352
f 5871 6352 6358
f 6247 6250 6335
f 6247 6335 6359
f 6359 6335 6225
f 6359 6225 6238
f 6347 6346 5017
f 6347 5017 5016
f 6360 6347 5016
f 6360 5016 6361
f 5831 6307 6220
f 5831 6220 5832
f 6362 6306 5893
f 6362 5893 6363
f 6362 6363 6364
f 6362 6364 6365
f 6363 6354 6357
f 6363 6357 6364
f 6366 6367 5005
f 6366 5005 4987
f 6368 6369 4986
f 6368 4986 5004
f 6369 6366 4987
f 6369 4987 4986
f 6370 6371 6372
f 6370 6372 6373
f 6374 6375 6376
f 6374 6376 6377
f 6377 6376 6314
f 6377 6314 6378
f 6378 6314 6313
f 6378 6313 6379
f 6380 4977 4976
f 6380 4976 5002
f 6381 6382 6356
f 6381 6356 6383
f 6249 6383 6356
f 6249 6356 6355
f 6384 6382 6367
f 6384 6367 6366
f 6385 6386 6369
f 6385 6369 6368
f 6386 6384 6366
f 6386 6366 6369
f 6381 5011 4977
f 6381 4977 6380
f 5002 5005 6367
f 5002 6367 6380
f 6353 6344 6347
f 6353 6347 6360
f 4962 4964 6231
f 4962 6231 6262
f 6380 6367 6382
f 6380 6382 6381
f 6364 6357 6384
f 6364 6384 6386
f 5013 5018 6245
f 5013 6245 6244
f 6365 6364 6386
f 6365 6386 6385
f 6355 4954 6250
f 6355 6250 6249
f 4959 4962 6262
f 4959 6262 6334
f 6355 6354 4951
f 6355 4951 4954
f 6387 4959 6334
f 6387 6334 6388
f 6357 6356 6382
f 6357 6382 6384
f 4963 6228 6251
f 4963 6251 4965
f 6235 6234 6246
f 6235 6246 6243
f 4989 4992 6345
f 4989 6345 6344
f 5007 5013 6244
f 5007 6244 6243
f 6228 6227 6255
f 6228 6255 6251
f 6383 6230 5011
f 6383 5011 6381
f 5130 5902 6358
f 5130 6358 6349
f 5902 4957 5871
f 5902 5871 6358
f 4992 4991 4999
f 4992 4999 4998
f 4995 4980 4979
f 4995 4979 5000
f 4957 4956 5872
f 4957 5872 5871
f 6389 6269 6264
f 6389 6264 6263
f 5146 5147 6204
f 5146 6204 6390
f 6256 6259 6391
f 6256 6391 6348
f 6392 6389 6263
f 6392 6263 6267
f 6393 5872 4956
f 6393 4956 6394
f 6361 6393 6394
f 6361 6394 6395
f 6360 6361 6395
f 6360 6395 6396
f 4575 6397 6398
f 4575 6398 4576
f 4575 4579 6399
f 4575 6399 6397
f 4579 4581 4600
f 4579 4600 6399
f 6252 6393 6361
f 6252 6361 5016
f 5873 5872 6393
f 5873 6393 6252
f 6396 6400 6353
f 6396 6353 6360
f 6359 6388 6334
f 6359 6334 6247
f 6392 4960 6401
f 6392 6401 6389
f 6248 6230 6383
f 6248 6383 6249
f 6363 5893 4951
f 6363 4951 6354
f 6343 6342 6402
f 6343 6402 6403
f 6404 6379 6313
f 6404 6313 6405
f 6238 6375 6388
f 6238 6388 6359
f 6405 6313 6316
f 6405 6316 6406
f 6315 6314 6376
f 6315 6376 6237
f 6270 6374 6377
f 6270 6377 6271
f 6407 6392 6267
f 6407 6267 6293
f 6377 6378 6289
f 6377 6289 6271
f 6389 6401 6270
f 6389 6270 6269
f 6407 6232 4963
f 6407 4963 4961
f 6286 6289 6378
f 6286 6378 6379
f 6374 6387 6388
f 6374 6388 6375
f 6290 6286 6379
f 6290 6379 6404
f 6408 6403 6402
f 6408 6402 6409
f 6400 6373 4996
f 6400 4996 6353
f 6352 6260 6349
f 6352 6349 6358
f 6260 6352 6351
f 6260 6351 6261
f 6293 6295 6232
f 6293 6232 6407
f 6376 6375 6238
f 6376 6238 6237
f 6410 6411 6191
f 6410 6191 6190
f 6190 6196 6412
f 6190 6412 6410
f 5881 5845 6302
f 5881 6302 6304
f 6413 6414 6170
f 6413 6170 6169
f 6064 6063 6415
f 6064 6415 6416
f 6071 6087 6417
f 6071 6417 6418
f 5175 5169 6197
f 5175 6197 6419
f 6409 6420 6275
f 6409 6275 6408
f 6421 6273 6275
f 6421 6275 6420
f 6295 6297 6229
f 6295 6229 6232
f 6226 6229 6297
f 6226 6297 6308
f 6289 6288 6272
f 6289 6272 6271
f 6139 6159 6165
f 6139 6165 6152
f 6226 6308 6319
f 6226 6319 6242
f 6276 6273 6421
f 6276 6421 6422
f 6422 6423 6278
f 6422 6278 6276
f 5122 5121 6176
f 5122 6176 6424
f 4960 6392 6407
f 4960 6407 4961
f 4952 5833 5900
f 4952 5900 4953
f 6065 6048 6069
f 6065 6069 6068
f 6094 6069 6048
f 6094 6048 6047
f 6040 6039 6093
f 6040 6093 6092
f 6098 6093 6039
f 6098 6039 6055
f 6073 6110 6103
f 6073 6103 6085
f 6136 6133 6131
f 6136 6131 6135
f 6133 6127 6125
f 6133 6125 6131
f 6127 6130 6126
f 6127 6126 6125
f 6130 6129 6141
f 6130 6141 6140
f 6082 6087 6071
f 6082 6071 6046
f 6083 6082 6046
f 6083 6046 6045
f 6054 6053 6079
f 6054 6079 6078
f 6085 6079 6053
f 6085 6053 6073
f 6107 6110 6073
f 6107 6073 6072
f 6072 6097 6138
f 6072 6138 6107
f 6425 6426 6138
f 6425 6138 6097
f 6110 6109 6104
f 6110 6104 6103
f 6109 6117 6114
f 6109 6114 6104
f 6117 6116 6111
f 6117 6111 6114
f 6130 6140 6151
f 6130 6151 6126
f 6121 6126 6151
f 6121 6151 6147
f 6140 6139 6152
f 6140 6152 6151
f 6291 6290 6427
f 6291 6427 6301
f 4956 4955 6428
f 4956 6428 6394
f 6394 6428 6429
f 6394 6429 6395
f 6395 6429 6430
f 6395 6430 6396
f 6396 6430 6431
f 6396 6431 6400
f 6400 6431 6370
f 6400 6370 6373
f 4960 4959 6387
f 4960 6387 6401
f 6401 6387 6374
f 6401 6374 6270
f 6239 6242 6319
f 6239 6319 6320
f 6320 6323 6236
f 6320 6236 6239
f 6233 6236 6323
f 6233 6323 6324
f 6327 5014 6233
f 6327 6233 6324
f 6423 6432 6280
f 6423 6280 6278
f 6282 6280 6432
f 6282 6432 6433
f 6433 6434 6284
f 6433 6284 6282
f 6434 6435 6298
f 6434 6298 6284
f 5015 5014 6327
f 5015 6327 6328
f 6328 6331 6253
f 6328 6253 5015
f 6436 6274 6277
f 6436 6277 6437
f 6279 6438 6437
f 6279 6437 6277
f 6438 6279 6281
f 6438 6281 6439
f 6440 6285 6299
f 6440 6299 6441
f 6442 6283 6285
f 6442 6285 6440
f 6283 6442 6439
f 6283 6439 6281
f 6441 6299 6301
f 6441 6301 6427
f 6259 6258 6274
f 6259 6274 6436
f 6443 5861 5860
f 6443 5860 6444
f 5148 6391 6445
f 5148 6445 6446
f 6447 6333 5864
f 6447 5864 6448
f 5861 6443 6448
f 5861 6448 5864
f 6444 5860 6341
f 6444 6341 6449
f 6391 6259 6436
f 6391 6436 6445
f 6406 6316 6333
f 6406 6333 6447
f 6450 6451 6452
f 6450 6452 6453
f 6454 6455 6456
f 6454 6456 6457
f 6458 6440 6441
f 6458 6441 6453
f 6459 6438 6439
f 6459 6439 6457
f 6454 6442 6440
f 6454 6440 6458
f 5148 5131 6348
f 5148 6348 6391
f 6427 6450 6453
f 6427 6453 6441
f 6442 6454 6457
f 6442 6457 6439
f 6460 6458 6453
f 6460 6453 6452
f 6455 6454 6458
f 6455 6458 6460
f 6438 6459 6461
f 6438 6461 6437
f 6447 6448 6452
f 6447 6452 6451
f 6349 6348 5131
f 6349 5131 5130
f 6404 6450 6427
f 6404 6427 6290
f 6447 6451 6405
f 6447 6405 6406
f 6436 6437 6461
f 6436 6461 6445
f 6404 6405 6451
f 6404 6451 6450
f 6444 6449 6456
f 6444 6456 6455
f 6443 6444 6455
f 6443 6455 6460
f 5149 5148 6446
f 5149 6446 6462
f 5149 6462 6449
f 5149 6449 6341
f 6460 6452 6448
f 6460 6448 6443
f 5874 5873 6254
f 5874 6254 6350
f 6254 6253 6331
f 6254 6331 6337
f 6254 6337 6340
f 6254 6340 6350
f 6435 6463 6300
f 6435 6300 6298
f 6310 6300 6463
f 6310 6463 6464
f 6146 6145 6465
f 6146 6465 6466
f 5107 5066 6467
f 5107 6467 6468
f 5066 5065 6469
f 5066 6469 6467
f 6470 6471 5807
f 6470 5807 5815
f 6471 5788 5808
f 6471 5808 5807
f 5803 5102 5076
f 5803 5076 5790
f 5055 5102 5803
f 5055 5803 5799
f 6472 5787 5075
f 6472 5075 5074
f 6473 6472 5074
f 6473 5074 5086
f 6473 5110 5050
f 6473 5050 5044
f 5023 5026 5088
f 5023 5088 5089
f 5101 5105 5023
f 5101 5023 5089
f 6474 5109 5026
f 6474 5026 5025
f 6475 6476 5083
f 6475 5083 5082
f 6476 6477 5090
f 6476 5090 5083
f 6478 6477 5068
f 6478 5068 5067
f 6479 6480 5070
f 6479 5070 5069
f 6479 6468 5108
f 6479 5108 5072
f 6478 5067 5070
f 6478 5070 6480
f 5084 5091 5073
f 5084 5073 5030
f 5085 5084 5030
f 5085 5030 5029
f 5038 5037 5081
f 5038 5081 5080
f 5060 5105 5101
f 5060 5101 5054
f 5054 5053 5061
f 5054 5061 5060
f 5043 5049 5041
f 5043 5041 5040
f 5040 5047 5019
f 5040 5019 5043
f 5047 5046 5020
f 5047 5020 5019
f 5799 5802 5056
f 5799 5056 5055
f 6481 6482 5056
f 6481 5056 5802
f 5794 5793 5806
f 5794 5806 5805
f 5814 5806 5793
f 5814 5793 5816
f 5062 5061 6483
f 5062 6483 6484
f 6485 6486 5801
f 6485 5801 5812
f 6486 6481 5802
f 6486 5802 5801
f 5045 5098 5797
f 5045 5797 5791
f 5791 5794 5046
f 5791 5046 5045
f 6487 6482 5098
f 6487 5098 5099
f 6488 6487 5099
f 6488 5099 5096
f 6489 6488 5096
f 6489 5096 5097
f 6489 6483 5061
f 6489 5061 5053
f 5036 5095 5097
f 5036 5097 5042
f 6484 6483 5095
f 6484 5095 5094
f 6467 6469 5093
f 6467 5093 5092
f 6468 6467 5092
f 6468 5092 5108
f 5097 5095 6483
f 5097 6483 6489
f 5053 5052 6488
f 5053 6488 6489
f 6490 6305 5885
f 6490 5885 5904
f 6305 6304 5886
f 6305 5886 5885
f 5880 5895 5841
f 5880 5841 5840
f 6303 6302 5845
f 6303 5845 5844
f 6491 6303 5844
f 6491 5844 5857
f 6492 6491 5857
f 6492 5857 5870
f 5127 5128 5869
f 5127 5869 5868
f 6419 6197 5135
f 6419 5135 5153
f 6198 6197 5169
f 6198 5169 5168
f 6215 6214 5167
f 6215 5167 5166
f 6493 6215 5166
f 6493 5166 5174
f 6390 6493 5174
f 6390 5174 5146
f 6390 6204 5144
f 6390 5144 5143
f 5141 5120 5145
f 5141 5145 5144
f 5160 5165 5147
f 5160 5147 5118
f 6203 5141 5144
f 6203 5144 6204
f 6203 6175 5142
f 6203 5142 5141
f 6176 6175 5164
f 6176 5164 5159
f 6424 6176 5159
f 6424 5159 5158
f 6219 6212 5114
f 6219 5114 5113
f 6200 6212 5154
f 6200 5154 5162
f 5867 5176 5127
f 5867 5127 5868
f 5152 5176 5867
f 5152 5867 5819
f 5819 5822 5153
f 5819 5153 5152
f 6199 6205 5863
f 6199 5863 5869
f 6205 6494 5853
f 6205 5853 5863
f 6494 6218 5854
f 6494 5854 5853
f 5840 5845 5881
f 5840 5881 5880
f 6304 6302 5847
f 6304 5847 5886
f 5883 5886 5847
f 5883 5847 5846
f 6211 6210 5892
f 6211 5892 5891
f 6213 6211 5891
f 6213 5891 5907
f 5052 5057 6487
f 5052 6487 6488
f 5057 5056 6482
f 5057 6482 6487
f 5798 5797 6481
f 5798 6481 6486
f 6464 6495 6311
f 6464 6311 6310
f 6495 6496 6312
f 6495 6312 6311
f 6340 6343 6351
f 6340 6351 6350
f 6261 6351 6343
f 6261 6343 6403
f 6234 6233 5014
f 6234 5014 5017
f 6246 6234 5017
f 6246 5017 6346
f 6346 6345 5008
f 6346 5008 6246
f 4998 5008 6345
f 4998 6345 4992
f 5000 5010 5018
f 5000 5018 4995
f 6245 5018 5010
f 6245 5010 6255
f 6255 6227 6241
f 6255 6241 6245
f 6227 6226 6242
f 6227 6242 6241
f 6257 6261 6403
f 6257 6403 6408
f 6408 6275 6258
f 6408 6258 6257
f 6496 6497 6317
f 6496 6317 6312
f 6264 6317 6497
f 6264 6497 6265
f 5810 5798 6486
f 5810 6486 6485
f 5797 5098 6482
f 5797 6482 6481
f 5091 6478 6480
f 5091 6480 5073
f 6498 6499 6025
f 6498 6025 6037
f 6499 6500 6026
f 6499 6026 6025
f 6023 6026 5982
f 6023 5982 5981
f 6207 6206 5999
f 6207 5999 5998
f 6501 6207 5998
f 6501 5998 6004
f 6502 6501 6004
f 6502 6004 6007
f 5943 5980 5973
f 5943 5973 5955
f 6223 6222 5946
f 6223 5946 5954
f 6503 6222 5912
f 6503 5912 5911
f 6209 6208 5951
f 6209 5951 5950
f 6208 6504 5956
f 6208 5956 5951
f 6505 6504 5936
f 6505 5936 5935
f 6506 6507 5938
f 6506 5938 5937
f 6506 6508 5966
f 6506 5966 5940
f 6508 6509 5958
f 6508 5958 5966
f 6509 6510 5959
f 6509 5959 5958
f 6507 5941 5957
f 6507 5957 6505
f 5952 5957 5941
f 5952 5941 5916
f 5953 5952 5916
f 5953 5916 5915
f 5924 5923 5949
f 5924 5949 5948
f 5955 5949 5923
f 5955 5923 5943
f 5977 5980 5943
f 5977 5943 5942
f 5942 5967 6008
f 5942 6008 5977
f 6511 6217 6008
f 6511 6008 5967
f 5980 5979 5974
f 5980 5974 5973
f 5979 5987 5984
f 5979 5984 5974
f 5987 5986 5981
f 5987 5981 5984
f 5986 6028 6023
f 5986 6023 5981
f 6014 6028 5986
f 6014 5986 5985
f 5985 5990 6015
f 5985 6015 6014
f 6024 6023 6028
f 6024 6028 6027
f 6027 6038 6036
f 6027 6036 6024
f 5896 6036 6038
f 5896 6038 5905
f 5875 5896 5905
f 5875 5905 5888
f 5876 5875 5888
f 5876 5888 5887
f 5846 5851 5887
f 5846 5887 5883
f 5887 5851 5855
f 5887 5855 5876
f 5855 5854 5877
f 5855 5877 5876
f 5852 5855 5851
f 5852 5851 5850
f 5862 5852 5850
f 5862 5850 5856
f 5868 5862 5856
f 5868 5856 5867
f 6492 5870 5175
f 6492 5175 6419
f 5150 5175 5870
f 5150 5870 5827
f 5827 5830 5151
f 5827 5151 5150
f 5176 5171 5111
f 5176 5111 5127
f 5112 5111 5171
f 5112 5171 5170
f 5172 5145 5120
f 5172 5120 5119
f 5161 5160 5118
f 5161 5118 5117
f 5126 5125 5157
f 5126 5157 5156
f 5163 5157 5125
f 5163 5125 5151
f 5151 5830 5823
f 5151 5823 5163
f 5823 5826 5162
f 5823 5162 5163
f 6199 5869 5128
f 6199 5128 6200
f 5830 5829 5824
f 5830 5824 5823
f 5829 5842 5839
f 5829 5839 5824
f 5842 5841 5836
f 5842 5836 5839
f 5841 5895 5889
f 5841 5889 5836
f 5889 5892 5837
f 5889 5837 5836
f 6210 5877 5854
f 6210 5854 6218
f 5890 5889 5895
f 5890 5895 5894
f 5894 5908 5906
f 5894 5906 5890
f 5817 5906 5908
f 5817 5908 5813
f 5813 5804 5795
f 5813 5795 5817
f 5790 5795 5804
f 5790 5804 5803
f 5794 5805 5020
f 5794 5020 5046
f 5805 5808 5021
f 5805 5021 5020
f 5077 5076 5102
f 5077 5102 5103
f 5087 5077 5103
f 5087 5103 5100
f 5100 5101 5089
f 5100 5089 5087
f 5042 5041 5037
f 5042 5037 5036
f 5041 5049 5081
f 5041 5081 5037
f 5024 5023 5105
f 5024 5105 5104
f 5106 5071 5032
f 5106 5032 5031
f 5067 5032 5071
f 5067 5071 5070
f 5935 5918 5939
f 5935 5939 5938
f 5964 5939 5918
f 5964 5918 5917
f 5910 5909 5963
f 5910 5963 5962
f 5968 5963 5909
f 5968 5909 5925
f 5969 5972 5945
f 5969 5945 5944
f 5944 5968 6005
f 5944 6005 5969
f 5925 6006 6005
f 5925 6005 5968
f 6006 6003 6001
f 6006 6001 6005
f 6003 5997 5995
f 6003 5995 6001
f 5997 6000 5996
f 5997 5996 5995
f 6512 6513 6015
f 6512 6015 5990
f 6017 6020 5992
f 6017 5992 5991
f 5991 5996 6021
f 5991 6021 6017
f 6010 6009 6022
f 6010 6022 6021
f 6009 6029 6035
f 6009 6035 6022
f 6168 6035 6029
f 6168 6029 6166
f 6157 6168 6166
f 6157 6166 6154
f 6154 6153 6158
f 6154 6158 6157
f 6147 6150 6122
f 6147 6122 6121
f 6514 6515 6155
f 6514 6155 6167
f 6515 6516 6156
f 6515 6156 6155
f 6517 6465 6145
f 6517 6145 6120
f 6115 6120 6145
f 6115 6145 6144
f 6144 6158 6116
f 6144 6116 6115
f 6201 6518 6129
f 6201 6129 6128
f 6202 6201 6128
f 6202 6128 6134
f 6519 6202 6134
f 6519 6134 6137
f 6099 6102 6075
f 6099 6075 6074
f 6074 6098 6135
f 6074 6135 6099
f 6098 6055 6136
f 6098 6136 6135
f 6520 6521 6076
f 6520 6076 6084
f 6522 6521 6042
f 6522 6042 6041
f 6523 6524 6081
f 6523 6081 6080
f 6524 6525 6086
f 6524 6086 6081
f 6417 6525 6066
f 6417 6066 6065
f 6418 6417 6065
f 6418 6065 6068
f 6526 6418 6068
f 6526 6068 6067
f 6526 6527 6096
f 6526 6096 6070
f 6527 6416 6088
f 6527 6088 6096
f 6416 6415 6089
f 6416 6089 6088
f 6528 6529 6091
f 6528 6091 6090
f 6425 6529 6059
f 6425 6059 6075
f 6103 6106 6084
f 6103 6084 6085
f 6055 6056 6137
f 6055 6137 6136
f 6520 6084 6106
f 6520 6106 6519
f 6426 6530 6132
f 6426 6132 6138
f 6530 6531 6119
f 6530 6119 6132
f 6531 6517 6120
f 6531 6120 6119
f 6111 6116 6158
f 6111 6158 6153
f 6153 6156 6112
f 6153 6112 6111
f 6518 6112 6156
f 6518 6156 6516
f 6466 6465 6150
f 6466 6150 6149
f 6532 6466 6149
f 6532 6149 6164
f 6533 6534 5961
f 6533 5961 5960
f 6511 6534 5929
f 6511 5929 5945
f 5925 5926 6007
f 5925 6007 6006
f 5973 5976 5954
f 5973 5954 5955
f 6223 5954 5976
f 6223 5976 6502
f 6217 6216 6002
f 6217 6002 6008
f 6216 6535 5989
f 6216 5989 6002
f 6535 6512 5990
f 6535 5990 5989
f 5996 6000 6010
f 5996 6010 6021
f 6000 5999 6011
f 6000 6011 6010
f 6206 5982 6026
f 6206 6026 6500
f 6536 6513 6020
f 6536 6020 6019
f 6537 6536 6019
f 6537 6019 6034
f 5069 5107 6468
f 5069 6468 6479
f 5072 5073 6480
f 5072 6480 6479
f 4934 4925 4932
f 4934 4932 4945
f 6538 6539 6540
f 6538 6540 6541
f 6542 6540 6539
f 6542 6539 6543
f 4908 4932 4925
f 4908 4925 4914
f 4896 4908 4914
f 4896 4914 4889
f 4868 4896 4889
f 4868 4889 4878
f 6544 6542 6543
f 6544 6543 6545
f 6546 6544 6545
f 6546 6545 6547
f 4859 4868 4878
f 4859 4878 4852
f 6548 6546 6547
f 6548 6547 6549
f 6549 6550 6551
f 6549 6551 6548
f 4832 4859 4852
f 4832 4852 4842
f 4821 4832 4842
f 4821 4842 4814
f 6552 6551 6550
f 6552 6550 6553
f 6553 6554 6555
f 6553 6555 6552
f 4790 4821 4814
f 4790 4814 4805
f 4785 4790 4805
f 4785 4805 4778
f 4770 4785 4778
f 4770 4778 4768
f 6554 6556 6557
f 6554 6557 6555
f 6556 6558 6559
f 6556 6559 6557
f 6558 6560 6561
f 6558 6561 6559
f 6560 6562 6563
f 6560 6563 6561
f 6562 6564 6565
f 6562 6565 6563
f 4749 4770 4768
f 4749 4768 4742
f 4734 4749 4742
f 4734 4742 4732
f 4709 4734 4732
f 4709 4732 4692
f 4692 4691 4710
f 4692 4710 4709
f 6564 6566 6567
f 6564 6567 6565
f 4678 6568 6569
f 4678 6569 4679
f 6570 6568 6571
f 6570 6571 6572
f 6570 6573 6574
f 6570 6574 6575
f 6573 6576 6577
f 6573 6577 6574
f 4629 4649 4642
f 4629 4642 4632
f 4517 4629 4632
f 4517 4632 4608
f 4518 4517 4608
f 4518 4608 4605
f 4591 4518 4605
f 4591 4605 4602
f 4567 4591 4602
f 4567 4602 4580
f 4570 4567 4580
f 4570 4580 4578
f 4568 4570 4578
f 4568 4578 4574
f 4574 4577 4569
f 4574 4569 4568
f 6578 6579 6580
f 6578 6580 6581
f 6582 6578 6581
f 6582 6581 6583
f 6583 6584 6585
f 6583 6585 6582
f 6584 6586 6587
f 6584 6587 6585
f 6586 6588 6589
f 6586 6589 6587
f 6590 6589 6588
f 6590 6588 6591
f 6592 6590 6591
f 6592 6591 6593
f 6593 6594 6595
f 6593 6595 6592
f 5091 5090 6477
f 5091 6477 6478
f 5033 5068 6477
f 5033 6477 6476
f 5034 5033 6476
f 5034 6476 6475
f 5079 5078 5109
f 5079 5109 6474
f 5086 5088 5110
f 5086 5110 6473
f 5044 5022 6472
f 5044 6472 6473
f 5022 5021 5787
f 5022 5787 6472
f 5796 5789 5788
f 5796 5788 6471
f 5818 5796 6471
f 5818 6471 6470
f 5021 5808 5788
f 5021 5788 5787
f 5078 5050 5110
f 5078 5110 5109
f 5822 6492 6419
f 5822 6419 5153
f 5822 5821 6491
f 5822 6491 6492
f 5945 5972 6217
f 5945 6217 6511
f 5957 5956 6504
f 5957 6504 6505
f 5825 5838 6494
f 5825 6494 6205
f 5838 5837 6218
f 5838 6218 6494
f 5143 5173 6493
f 5143 6493 6390
f 5821 5848 6303
f 5821 6303 6491
f 5899 5882 6305
f 5899 6305 6490
f 5173 5140 6215
f 5173 6215 6493
f 5934 5933 6510
f 5934 6510 6509
f 5971 5993 6535
f 5971 6535 6216
f 5926 6223 6502
f 5926 6502 6007
f 6095 6064 6416
f 6095 6416 6527
f 6077 6076 6521
f 6077 6521 6522
f 6030 6012 6499
f 6030 6499 6498
f 5947 5946 6222
f 5947 6222 6503
f 6050 6049 6524
f 6050 6524 6523
f 6032 6016 6536
f 6032 6536 6537
f 5930 5929 6534
f 5930 6534 6533
f 5976 5975 6501
f 5976 6501 6502
f 5999 6206 6500
f 5999 6500 6011
f 5940 5941 6507
f 5940 6507 6506
f 6012 6011 6500
f 6012 6500 6499
f 6067 6095 6527
f 6067 6527 6526
f 5938 6507 6505
f 5938 6505 5935
f 6102 6101 6530
f 6102 6530 6426
f 5937 5965 6508
f 5937 6508 6506
f 6056 6042 6521
f 6056 6521 6520
f 6162 6146 6466
f 6162 6466 6532
f 6101 6123 6531
f 6101 6531 6530
f 5967 5961 6534
f 5967 6534 6511
f 6123 6122 6517
f 6123 6517 6531
f 5965 5934 6509
f 5965 6509 6508
f 5993 5992 6512
f 5993 6512 6535
f 6016 6015 6513
f 6016 6513 6536
f 5992 6020 6513
f 5992 6513 6512
f 5919 5936 6504
f 5919 6504 6208
f 5975 5983 6207
f 5975 6207 6501
f 6113 6112 6518
f 6113 6518 6201
f 6106 6105 6202
f 6106 6202 6519
f 6060 6059 6529
f 6060 6529 6528
f 6122 6150 6465
f 6122 6465 6517
f 6056 6520 6519
f 6056 6519 6137
f 6160 6142 6515
f 6160 6515 6514
f 6075 6102 6426
f 6075 6426 6425
f 6142 6141 6516
f 6142 6516 6515
f 6070 6071 6418
f 6070 6418 6526
f 6596 6597 6186
f 6596 6186 6598
f 6049 6066 6525
f 6049 6525 6524
f 6097 6091 6529
f 6097 6529 6425
f 6129 6518 6516
f 6129 6516 6141
f 6087 6086 6525
f 6087 6525 6417
f 6411 6410 6414
f 6411 6414 6413
f 6599 6600 6597
f 6599 6597 6596
f 6029 6030 6167
f 6029 6167 6166
f 5896 5897 6037
f 5896 6037 6036
f 5817 5818 5907
f 5817 5907 5906
f 6601 6602 5814
f 6601 5814 5816
f 6603 6179 6268
f 6603 6268 6266
f 6602 6604 5815
f 6602 5815 5814
f 6605 6604 6342
f 6605 6342 6339
f 6605 6606 5818
f 6605 5818 6470
f 6606 6607 5907
f 6606 5907 5818
f 6608 6607 6330
f 6608 6330 6329
f 6608 6609 5897
f 6608 5897 6213
f 6610 6609 6326
f 6610 6326 6325
f 6610 6611 6498
f 6610 6498 6037
f 6612 6611 6322
f 6612 6322 6321
f 6612 6613 6167
f 6612 6167 6030
f 6613 6614 6514
f 6613 6514 6167
f 6614 6615 6160
f 6614 6160 6514
f 6616 6617 6265
f 6616 6265 6497
f 6618 6601 5816
f 6618 5816 5809
f 6618 6619 6421
f 6618 6421 6420
f 6620 6619 5810
f 6620 5810 6485
f 6620 6621 6423
f 6620 6423 6422
f 6621 6622 6432
f 6621 6432 6423
f 6623 6624 6496
f 6623 6496 6495
f 6625 6623 6495
f 6625 6495 6464
f 6625 6626 6162
f 6625 6162 6532
f 6627 6626 6463
f 6627 6463 6435
f 5904 6032 6537
f 5904 6537 6490
f 6628 6627 6435
f 6628 6435 6434
f 6629 6628 6434
f 6629 6434 6433
f 6629 6622 5899
f 6629 5899 6490
f 6630 6631 6632
f 6630 6632 6633
f 5156 5155 5158
f 5156 5158 5161
f 6634 6635 6636
f 6634 6636 6637
f 5126 5156 5161
f 5126 5161 5117
f 6638 6639 6640
f 6638 6640 6641
f 5123 5126 5117
f 5123 5117 5116
f 5116 5167 5168
f 5116 5168 5123
f 6642 6643 6644
f 6642 6644 6645
f 6646 6630 6633
f 6646 6633 6647
f 6198 5168 5167
f 6198 5167 6214
f 6648 6649 6650
f 6648 6650 6651
f 6214 5139 5136
f 6214 5136 6198
f 6652 6653 6654
f 6652 6654 6655
f 6639 6656 6657
f 6639 6657 6640
f 6652 6658 6659
f 6652 6659 6660
f 6661 6634 6637
f 6661 6637 6662
f 6643 6663 6664
f 6643 6664 6644
f 6649 6665 6666
f 6649 6666 6650
f 6667 6668 6669
f 6667 6669 6670
f 5133 5136 5139
f 5133 5139 5138
f 6671 6672 6673
f 6671 6673 6674
f 5138 5172 5170
f 5138 5170 5133
f 6675 6667 6670
f 6675 6670 6676
f 6672 6677 6678
f 6672 6678 6673
f 5172 5119 5112
f 5172 5112 5170
f 6679 6680 6635
f 6679 6635 6634
f 5119 5122 5113
f 5119 5113 5112
f 6681 6682 6643
f 6681 6643 6642
f 6219 5113 5122
f 6219 5122 6424
f 6683 6684 6649
f 6683 6649 6648
f 6424 5158 5155
f 6424 5155 6219
f 6660 6685 6653
f 6660 6653 6652
f 6655 6686 6658
f 6655 6658 6652
f 6687 6679 6634
f 6687 6634 6661
f 6682 6688 6663
f 6682 6663 6643
f 6684 6689 6665
f 6684 6665 6649
f 6690 6691 6692
f 6690 6692 6693
f 6694 6695 6696
f 6694 6696 6697
f 6698 6699 6700
f 6698 6700 6701
f 6702 6703 6704
f 6702 6704 6705
f 6706 6707 6708
f 6706 6708 6709
f 6709 6710 6711
f 6709 6711 6706
f 6712 6713 6714
f 6712 6714 6715
f 6715 6716 6717
f 6715 6717 6712
f 6718 6719 6720
f 6718 6720 6721
f 6691 6722 6716
f 6691 6716 6715
f 6715 6714 6692
f 6715 6692 6691
f 6699 6723 6710
f 6699 6710 6709
f 6709 6708 6700
f 6709 6700 6699
f 6705 6704 6696
f 6705 6696 6695
f 6724 6725 6719
f 6724 6719 6718
f 6691 6690 6726
f 6691 6726 6722
f 6724 6727 6728
f 6724 6728 6725
f 6699 6698 6729
f 6699 6729 6723
f 6696 6704 6730
f 6696 6730 6731
f 6475 5082 5079
f 6475 5079 6474
f 6655 6654 6732
f 6655 6732 6733
f 6662 6678 6734
f 6662 6734 6735
f 6656 6639 6660
f 6656 6660 6659
f 6685 6660 6639
f 6685 6639 6638
f 5080 5079 5082
f 5080 5082 5085
f 5038 5080 5085
f 5038 5085 5029
f 6631 6630 6684
f 6631 6684 6683
f 6689 6684 6630
f 6689 6630 6646
f 6664 6701 6694
f 6664 6694 6676
f 6727 6724 6722
f 6727 6722 6726
f 6724 6718 6716
f 6724 6716 6722
f 6718 6721 6717
f 6718 6717 6716
f 6721 6720 6736
f 6721 6736 6737
f 6673 6678 6662
f 6673 6662 6637
f 6674 6673 6637
f 6674 6637 6636
f 5035 5038 5029
f 5035 5029 5028
f 5028 5093 5094
f 5028 5094 5035
f 6645 6644 6670
f 6645 6670 6669
f 6676 6670 6644
f 6676 6644 6664
f 6698 6701 6664
f 6698 6664 6663
f 6663 6688 6729
f 6663 6729 6698
f 6738 6739 6729
f 6738 6729 6688
f 6701 6700 6695
f 6701 6695 6694
f 6700 6708 6705
f 6700 6705 6695
f 6708 6707 6702
f 6708 6702 6705
f 6721 6737 6740
f 6721 6740 6717
f 6712 6717 6740
f 6712 6740 6741
f 6741 6742 6713
f 6741 6713 6712
f 6743 6599 6596
f 6743 6596 6711
f 6706 6711 6596
f 6706 6596 6598
f 6598 6744 6707
f 6598 6707 6706
f 6730 6745 6720
f 6730 6720 6719
f 6731 6730 6719
f 6731 6719 6725
f 6746 6731 6725
f 6746 6725 6728
f 6690 6693 6666
f 6690 6666 6665
f 6665 6689 6726
f 6665 6726 6690
f 6689 6646 6727
f 6689 6727 6726
f 6747 6748 6667
f 6747 6667 6675
f 6749 6748 6633
f 6749 6633 6632
f 6484 5094 5093
f 6484 5093 6469
f 6469 5065 5062
f 6469 5062 6484
f 6750 6751 6672
f 6750 6672 6671
f 6751 6752 6677
f 6751 6677 6672
f 6734 6752 6657
f 6734 6657 6656
f 6735 6734 6656
f 6735 6656 6659
f 6753 6735 6659
f 6753 6659 6658
f 6753 6754 6687
f 6753 6687 6661
f 6754 6733 6679
f 6754 6679 6687
f 6733 6732 6680
f 6733 6680 6679
f 5059 5062 5065
f 5059 5065 5064
f 5064 5106 5104
f 5064 5104 5059
f 6755 6756 6682
f 6755 6682 6681
f 6738 6756 6650
f 6738 6650 6666
f 6694 6697 6675
f 6694 6675 6676
f 6646 6647 6728
f 6646 6728 6727
f 6747 6675 6697
f 6747 6697 6746
f 6739 6757 6723
f 6739 6723 6729
f 6757 6758 6710
f 6757 6710 6723
f 6758 6743 6711
f 6758 6711 6710
f 6702 6707 6744
f 6702 6744 6759
f 6759 6760 6703
f 6759 6703 6702
f 6745 6703 6760
f 6745 6760 6761
f 6686 6655 6733
f 6686 6733 6754
f 6668 6667 6748
f 6668 6748 6749
f 6641 6640 6751
f 6641 6751 6750
f 6658 6686 6754
f 6658 6754 6753
f 6693 6692 6757
f 6693 6757 6739
f 6647 6633 6748
f 6647 6748 6747
f 6692 6714 6758
f 6692 6758 6757
f 6714 6713 6743
f 6714 6743 6758
f 6704 6703 6745
f 6704 6745 6730
f 6697 6696 6731
f 6697 6731 6746
f 6651 6650 6756
f 6651 6756 6755
f 6713 6742 6599
f 6713 6599 6743
f 6647 6747 6746
f 6647 6746 6728
f 6666 6693 6739
f 6666 6739 6738
f 6661 6662 6735
f 6661 6735 6753
f 5106 5031 5024
f 5106 5024 5104
f 5031 5034 5025
f 5031 5025 5024
f 6640 6657 6752
f 6640 6752 6751
f 6474 5025 5034
f 6474 5034 6475
f 6688 6682 6756
f 6688 6756 6738
f 6720 6745 6761
f 6720 6761 6736
f 6678 6677 6752
f 6678 6752 6734
f 6761 6760 6411
f 6761 6411 6413
f 6413 6169 6736
f 6413 6736 6761
f 6760 6759 6191
f 6760 6191 6411
f 6185 6191 6759
f 6185 6759 6744
f 6744 6598 6186
f 6744 6186 6185
f 6169 6172 6737
f 6169 6737 6736
f 6740 6737 6172
f 6740 6172 6188
f 6188 6182 6741
f 6188 6741 6740
f 6742 6741 6182
f 6742 6182 6181
f 6414 6177 6173
f 6414 6173 6170
f 6410 6412 6177
f 6410 6177 6414
f 6762 6615 6296
f 6762 6296 6294
f 6178 6762 6294
f 6178 6294 6292
f 6179 6178 6292
f 6179 6292 6268
f 6600 6599 6742
f 6600 6742 6181
f 6181 6186 6597
f 6181 6597 6600
f 6187 6186 6181
f 6187 6181 6180
f 6412 6762 6178
f 6412 6178 6177
f 6624 6616 6497
f 6624 6497 6496
f 6409 6402 6602
f 6409 6602 6601
f 6402 6342 6604
f 6402 6604 6602
f 6470 5815 6604
f 6470 6604 6605
f 6339 6338 6606
f 6339 6606 6605
f 6338 6330 6607
f 6338 6607 6606
f 6213 5907 6607
f 6213 6607 6608
f 6329 6326 6609
f 6329 6609 6608
f 6037 5897 6609
f 6037 6609 6610
f 6325 6322 6611
f 6325 6611 6610
f 6030 6498 6611
f 6030 6611 6612
f 6321 6318 6613
f 6321 6613 6612
f 6318 6309 6614
f 6318 6614 6613
f 6309 6296 6615
f 6309 6615 6614
f 6266 6265 6617
f 6266 6617 6603
f 6420 6409 6601
f 6420 6601 6618
f 5809 5810 6619
f 5809 6619 6618
f 6422 6421 6619
f 6422 6619 6620
f 6485 5812 6621
f 6485 6621 6620
f 5812 5899 6622
f 5812 6622 6621
f 6193 6763 6164
f 6193 6164 6163
f 6532 6164 6623
f 6532 6623 6625
f 6464 6463 6626
f 6464 6626 6625
f 6034 6162 6626
f 6034 6626 6627
f 6537 6034 6627
f 6537 6627 6628
f 6490 6537 6628
f 6490 6628 6629
f 6433 6432 6622
f 6433 6622 6629
f 6159 6160 6412
f 6159 6412 6196
f 6762 6412 6160
f 6762 6160 6615
f 6174 6173 6179
f 6174 6179 6603
f 6194 6174 6603
f 6194 6603 6617
f 6617 6616 6195
f 6617 6195 6194
f 6193 6187 6180
f 6193 6180 6763
f 6183 6195 6763
f 6183 6763 6180
f 6164 6763 6624
f 6164 6624 6623
f 6763 6195 6616
f 6763 6616 6624
f 6449 6462 6764
f 6449 6764 6456
f 6445 6461 6459
f 6445 6459 6446
f 6457 6456 6764
f 6457 6764 6459
f 6446 6459 6764
f 6446 6764 6462
f 6341 6336 5132
f 6341 5132 5149
f 6336 6221 5129
f 6336 5129 5132
f 6221 6220 5901
f 6221 5901 5129
f 6220 6307 4958
f 6220 4958 5901
f 6307 6306 4955
f 6307 4955 4958
f 6428 4955 6306
f 6428 6306 6362
f 6429 6428 6362
f 6429 6362 6365
f 6430 6429 6365
f 6430 6365 6385
f 6385 6368 6431
f 6385 6431 6430
f 6368 5004 6370
f 6368 6370 6431
f 5004 5003 6371
f 5004 6371 6370
f 4997 4996 6373
f 4997 6373 6372
f 4930 4941 6541
f 4930 6541 6540
f 4947 4915 6539
f 4947 6539 6538
f 4915 4910 6543
f 4915 6543 6539
f 4903 4930 6540
f 4903 6540 6542
f 4894 4903 6542
f 4894 6542 6544
f 4910 4879 6545
f 4910 6545 6543
f 4879 4872 6547
f 4879 6547 6545
f 4872 4860 6549
f 4872 6549 6547
f 6550 6549 4860
f 6550 4860 4836
f 4836 4823 6553
f 4836 6553 6550
f 6554 6553 4823
f 6554 4823 4797
f 4797 4787 6556
f 4797 6556 6554
f 4787 4759 6558
f 4787 6558 6556
f 4759 4751 6560
f 4759 6560 6558
f 6562 6560 4751
f 6562 4751 4723
f 4723 4714 6564
f 4723 6564 6562
f 4714 4713 6566
f 4714 6566 6564
f 6765 6576 6766
f 6765 6766 6767
f 6765 6768 6769
f 6765 6769 6770
f 4645 4646 6577
f 4645 6577 6770
f 6770 6769 4644
f 6770 4644 4645
f 6581 6580 4650
f 6581 4650 4621
f 4621 4614 6583
f 4621 6583 6581
f 6584 6583 4614
f 6584 4614 4613
f 6586 6584 4613
f 6586 4613 4612
f 4612 4461 6588
f 4612 6588 6586
f 6591 6588 4461
f 6591 4461 4460
f 6593 6591 4460
f 6593 4460 4462
f 6594 6593 4462
f 6594 4462 4463
f 6592 6595 6398
f 6592 6398 6397
f 6397 6399 6590
f 6397 6590 6592
f 6399 4600 6589
f 6399 6589 6590
f 6587 6589 4600
f 6587 4600 4599
f 6585 6587 4599
f 6585 4599 4606
f 6582 6585 4606
f 6582 4606 4609
f 4609 4615 6578
f 4609 6578 6582
f 4615 4647 6579
f 4615 6579 6578
f 4637 4644 6769
f 4637 6769 6771
f 4636 4637 6771
f 4636 6771 4654
f 6772 6768 6773
f 6772 6773 6774
f 4651 6772 6774
f 4651 6774 6775
f 4704 4703 6565
f 4704 6565 6567
f 6563 6565 4703
f 6563 4703 4733
f 4733 4747 6561
f 4733 6561 6563
f 6559 6561 4747
f 6559 4747 4769
f 4769 4783 6557
f 4769 6557 6559
f 6555 6557 4783
f 6555 4783 4806
f 4806 4819 6552
f 4806 6552 6555
f 4819 4827 6551
f 4819 6551 6552
f 4827 4857 6548
f 4827 6548 6551
f 4857 4863 6546
f 4857 6546 6548
f 4863 4894 6544
f 4863 6544 6546
f 6209 5950 5947
f 6209 5947 6503
f 6503 5911 5920
f 6503 5920 6209
f 5917 5920 5911
f 5917 5911 5910
f 5948 5947 5950
f 5948 5950 5953
f 5924 5948 5953
f 5924 5953 5915
f 5921 5924 5915
f 5921 5915 5914
f 5914 5959 5960
f 5914 5960 5921
f 6533 5960 5959
f 6533 5959 6510
f 6510 5933 5930
f 6510 5930 6533
f 5927 5930 5933
f 5927 5933 5932
f 5932 5964 5962
f 5932 5962 5927
f 5964 5917 5910
f 5964 5910 5962
f 6523 6080 6077
f 6523 6077 6522
f 6522 6041 6050
f 6522 6050 6523
f 6047 6050 6041
f 6047 6041 6040
f 6094 6047 6040
f 6094 6040 6092
f 6062 6094 6092
f 6062 6092 6057
f 6057 6060 6063
f 6057 6063 6062
f 6415 6063 6060
f 6415 6060 6528
f 6528 6090 6089
f 6528 6089 6415
f 6044 6089 6090
f 6044 6090 6051
f 6051 6054 6045
f 6051 6045 6044
f 6054 6078 6083
f 6054 6083 6045
f 6078 6077 6080
f 6078 6080 6083
f 6669 6668 6671
f 6669 6671 6674
f 6645 6669 6674
f 6645 6674 6636
f 6642 6645 6636
f 6642 6636 6635
f 6635 6680 6681
f 6635 6681 6642
f 6755 6681 6680
f 6755 6680 6732
f 6732 6654 6651
f 6732 6651 6755
f 6648 6651 6654
f 6648 6654 6653
f 6653 6685 6683
f 6653 6683 6648
f 6685 6638 6631
f 6685 6631 6683
f 6638 6641 6632
f 6638 6632 6631
f 6749 6632 6641
f 6749 6641 6750
f 6750 6671 6668
f 6750 6668 6749
f 6574 6577 4646
f 6574 4646 4643
f 6575 6574 4643
f 6575 4643 4638
f 4638 4639 6569
f 4638 6569 6575
f 4679 6569 4639
f 4679 4639 4648
f 4680 4679 4648
f 4680 4648 4635
f 4635 4634 4674
f 4635 4674 4680
f 4672 4674 4634
f 4672 4634 4633
f 4670 4672 4633
f 4670 4633 4640
f 4668 4670 4640
f 4668 4640 4650
f 4650 6580 4665
f 4650 4665 4668
f 4666 4665 6580
f 4666 6580 6579
f 6579 4647 6776
f 6579 6776 4666
f 4647 4641 6777
f 4647 6777 6776
f 4641 4642 4656
f 4641 4656 6777
f 4653 4656 4642
f 4653 4642 4649
f 4654 4653 4649
f 4654 4649 4636
f 6775 6774 4696
f 6775 4696 4707
f 6774 6773 4697
f 6774 4697 4696
f 4700 4697 6773
f 4700 6773 6767
f 6767 6766 4701
f 6767 4701 4700
f 4694 4701 6766
f 4694 6766 6778
f 4682 4694 6778
f 4682 6778 6572
f 6572 6571 4683
f 6572 4683 4682
f 4705 4683 6571
f 4705 6571 6779
f 4711 4705 6779
f 4711 6779 4677
f 4677 4676 4716
f 4677 4716 4711
f 4688 4716 4676
f 4688 4676 6780
f 4685 4688 6780
f 4685 6780 6781
f 4713 4685 6781
f 4713 6781 6782
f 6566 4713 6782
f 6566 6782 6783
f 6783 4662 6567
f 6783 6567 6566
f 4662 4661 4704
f 4662 4704 6567
f 4661 4659 4690
f 4661 4690 4704
f 4659 4658 4691
f 4659 4691 4690
f 4710 4691 4658
f 4710 4658 6784
f 4707 4710 6784
f 4707 6784 6775
f 6775 6784 4652
f 6775 4652 4651
f 4658 4655 4652
f 4658 4652 6784
f 6777 4656 4655
f 6777 4655 4657
f 6776 6777 4657
f 6776 4657 4660
f 6776 4660 4663
f 6776 4663 4666
f 6783 4664 4663
f 6783 4663 4662
f 6782 4667 4664
f 6782 4664 6783
f 6782 6781 4669
f 6782 4669 4667
f 6781 6780 4671
f 6781 4671 4669
f 6780 4676 4673
f 6780 4673 4671
f 4680 4674 4673
f 4680 4673 4675
f 4677 6779 4678
f 4677 4678 4675
f 6779 6571 6568
f 6779 6568 4678
f 6575 6569 6568
f 6575 6568 6570
f 6572 6778 6573
f 6572 6573 6570
f 6778 6766 6576
f 6778 6576 6573
f 6770 6577 6576
f 6770 6576 6765
f 6767 6773 6768
f 6767 6768 6765
f 6771 6769 6768
f 6771 6768 6772
f 4654 6771 6772
f 4654 6772 4651
f 2 1148 1151
f 2 1151 3
f 1237 1152 1155
f 1237 1155 1205
f 1229 1156 1152
f 1229 1152 1237
f 1219 1158 1156
f 1219 1156 1229
f 1209 1160 1158
f 1209 1158 1219
f 1242 1162 1151
f 1242 1151 1150
f 1245 1163 1164
f 1245 1164 1240
f 69 1165 1168
f 69 1168 76
f 1240 1164 1169
f 1240 1169 1232
f 1224 1170 1173
f 1224 1173 1225
f 1232 1169 1168
f 1232 1168 1167
f 1198 1174 1177
f 1198 1177 1215
f 1166 1165 1178
f 1166 1178 1212
f 1197 1179 1174
f 1197 1174 1198
f 1212 1178 1181
f 1212 1181 1213
f 1213 1181 1162
f 1213 1162 1242
f 1201 1182 1185
f 1201 1185 1202
f 1234 1186 1189
f 1234 1189 1235
f 1217 1190 1193
f 1217 1193 1227
f 1149 1148 1160
f 1149 1160 1209
f 1206 1194 1190
f 1206 1190 1217
f 1205 1155 1194
f 1205 1194 1206
f 1183 1182 1189
f 1183 1189 1188
f 1215 1177 1170
f 1215 1170 1224
f 1227 1193 1186
f 1227 1186 1234
f 5403 5402 1185
f 5403 1185 1184
f 1180 1179 5402
f 1180 5402 5403
f 85 1163 1173
f 85 1173 1172
f 6785 6786 6787
f 6785 6787 6788
f 6789 6790 6791
f 6789 6791 6792
f 6793 6794 6792
f 6793 6792 6785
f 6794 6795 6789
f 6794 6789 6792
f 6796 6797 6795
f 6796 6795 6794
f 6798 6796 6794
f 6798 6794 6793
f 6799 6800 6797
f 6799 6797 6796
f 6801 6799 6796
f 6801 6796 6798
f 6802 6803 6800
f 6802 6800 6799
f 6804 6802 6799
f 6804 6799 6801
f 6805 6806 6803
f 6805 6803 6802
f 6807 6805 6802
f 6807 6802 6804
f 6808 6809 6806
f 6808 6806 6805
f 6810 6808 6805
f 6810 6805 6807
f 6811 6812 6809
f 6811 6809 6808
f 6813 6811 6808
f 6813 6808 6810
f 6814 6815 6812
f 6814 6812 6811
f 6816 6814 6811
f 6816 6811 6813
f 6817 6818 6815
f 6817 6815 6814
f 6819 6817 6814
f 6819 6814 6816
f 6820 6821 6822
f 6820 6822 6823
f 6824 6820 6823
f 6824 6823 6825
f 6826 6827 6828
f 6826 6828 6829
f 6827 6830 6831
f 6827 6831 6828
f 6832 6833 6827
f 6832 6827 6826
f 6833 6834 6830
f 6833 6830 6827
f 6835 6836 6833
f 6835 6833 6832
f 6836 6837 6834
f 6836 6834 6833
f 6838 6839 6787
f 6838 6787 6786
f 6840 6841 6791
f 6840 6791 6790
f 6842 6843 6841
f 6842 6841 6840
f 6844 6845 6839
f 6844 6839 6838
f 6846 6847 6843
f 6846 6843 6842
f 6848 6849 6845
f 6848 6845 6844
f 6850 6851 6847
f 6850 6847 6846
f 6852 6853 6849
f 6852 6849 6848
f 6854 6855 6856
f 6854 6856 6857
f 6858 6859 6860
f 6858 6860 6861
f 6862 6863 6855
f 6862 6855 6854
f 6864 6865 6859
f 6864 6859 6858
f 6866 6867 6863
f 6866 6863 6862
f 6868 6869 6865
f 6868 6865 6864
f 6870 6871 6822
f 6870 6822 6821
f 6872 6873 6834
f 6872 6834 6837
f 6873 6874 6830
f 6873 6830 6834
f 6874 6875 6876
f 6874 6876 6877
f 6878 6879 6815
f 6878 6815 6818
f 6879 6880 6812
f 6879 6812 6815
f 6880 6881 6809
f 6880 6809 6812
f 6881 6882 6806
f 6881 6806 6809
f 6882 6883 6803
f 6882 6803 6806
f 6883 6884 6800
f 6883 6800 6803
f 6885 6886 6795
f 6885 6795 6797
f 6887 6888 6790
f 6887 6790 6789
f 6888 6889 6840
f 6888 6840 6790
f 6886 6887 6789
f 6886 6789 6795
f 6890 6891 6846
f 6890 6846 6842
f 6889 6890 6842
f 6889 6842 6840
f 6884 6892 6893
f 6884 6893 6885
f 6894 6895 6854
f 6894 6854 6857
f 6895 6896 6862
f 6895 6862 6854
f 6896 6897 6866
f 6896 6866 6862
f 6898 6899 6900
f 6898 6900 6894
f 6857 6856 6851
f 6857 6851 6850
f 6861 6860 6853
f 6861 6853 6852
f 6891 6901 6899
f 6891 6899 6898
f 6902 6903 6900
f 6902 6900 6899
f 6903 6904 6905
f 6903 6905 6900
f 6904 6906 6907
f 6904 6907 6905
f 6906 6908 6909
f 6906 6909 6907
f 6910 6911 6912
f 6910 6912 6913
f 6914 6915 6916
f 6914 6916 6917
f 6915 6918 6919
f 6915 6919 6916
f 6911 6914 6917
f 6911 6917 6912
f 6920 6921 6911
f 6920 6911 6910
f 6921 6922 6914
f 6921 6914 6911
f 6922 6923 6915
f 6922 6915 6914
f 6923 6924 6918
f 6923 6918 6915
f 6925 6926 6921
f 6925 6921 6920
f 6927 6924 6928
f 6927 6928 6929
f 6926 6930 6922
f 6926 6922 6921
f 6930 6931 6923
f 6930 6923 6922
f 6931 6928 6924
f 6931 6924 6923
f 148 149 6926
f 148 6926 6925
f 6929 6928 151
f 6929 151 150
f 149 152 6930
f 149 6930 6926
f 152 153 6931
f 152 6931 6930
f 153 151 6928
f 153 6928 6931
f 6876 6875 6932
f 6876 6932 6933
f 6934 6932 6875
f 6934 6875 6935
f 6936 6934 6935
f 6936 6935 6937
f 6938 6939 6940
f 6938 6940 6941
f 6942 6943 6944
f 6942 6944 6945
f 6946 6947 6948
f 6946 6948 6949
f 6943 6950 6951
f 6943 6951 6944
f 6947 6942 6945
f 6947 6945 6948
f 6950 6952 6892
f 6950 6892 6951
f 6953 6954 6955
f 6953 6955 6893
f 6956 6957 6958
f 6956 6958 6959
f 6954 6960 6961
f 6954 6961 6955
f 6962 6956 6959
f 6962 6959 6963
f 6957 6964 6901
f 6957 6901 6958
f 6960 6962 6963
f 6960 6963 6961
f 6902 6899 6901
f 6902 6901 6964
f 6892 6952 6953
f 6892 6953 6893
f 6913 6965 6966
f 6913 6966 6910
f 6910 6966 6967
f 6910 6967 6920
f 6920 6967 6968
f 6920 6968 6925
f 6925 6968 191
f 6925 191 148
f 6969 6970 6971
f 6969 6971 6972
f 6973 6969 6972
f 6973 6972 6974
f 6975 6976 6977
f 6975 6977 6978
f 6979 6975 6978
f 6979 6978 6980
f 6976 6973 6974
f 6976 6974 6977
f 6965 6971 6970
f 6965 6970 6966
f 6981 6982 6983
f 6981 6983 6984
f 6982 6985 6986
f 6982 6986 6983
f 6987 6981 6984
f 6987 6984 6988
f 6985 6989 6990
f 6985 6990 6986
f 6989 6991 6992
f 6989 6992 6990
f 6980 6992 6991
f 6980 6991 6979
f 6993 6994 6975
f 6993 6975 6979
f 6979 6991 6995
f 6979 6995 6993
f 6996 6997 6969
f 6996 6969 6973
f 6997 6998 6970
f 6997 6970 6969
f 6999 7000 6982
f 6999 6982 6981
f 7000 7001 6985
f 7000 6985 6982
f 7002 6999 6981
f 7002 6981 6987
f 7001 7003 6989
f 7001 6989 6985
f 7004 6996 6973
f 7004 6973 6976
f 7005 7002 6987
f 7005 6987 7006
f 7003 6995 6991
f 7003 6991 6989
f 6994 7004 6976
f 6994 6976 6975
f 6966 6970 6998
f 6966 6998 6967
f 6967 6998 7007
f 6967 7007 6968
f 6968 7007 231
f 6968 231 191
f 7008 7009 6994
f 7008 6994 6993
f 7009 7010 7004
f 7009 7004 6994
f 7010 7011 6996
f 7010 6996 7004
f 7012 7013 7014
f 7012 7014 6997
f 7015 7016 7011
f 7015 7011 7010
f 6997 7014 7007
f 6997 7007 6998
f 7017 7018 7009
f 7017 7009 7008
f 7013 244 237
f 7013 237 7014
f 7018 7015 7010
f 7018 7010 7009
f 7019 7020 7013
f 7019 7013 7012
f 7020 247 244
f 7020 244 7013
f 7021 7022 7023
f 7021 7023 7024
f 7022 7025 7026
f 7022 7026 7023
f 7025 7027 7028
f 7025 7028 7026
f 7029 7030 6999
f 7029 6999 7002
f 7031 7032 7001
f 7031 7001 7000
f 7030 7031 7000
f 7030 7000 6999
f 7033 7034 6995
f 7033 6995 7003
f 7035 7029 7002
f 7035 7002 7005
f 7032 7033 7003
f 7032 7003 7001
f 7036 7037 7034
f 7036 7034 7033
f 7038 7036 7033
f 7038 7033 7032
f 7039 7038 7032
f 7039 7032 7031
f 7008 6993 6995
f 7008 6995 7034
f 7008 7034 7037
f 7008 7037 7017
f 7040 7041 7042
f 7040 7042 7043
f 7021 7041 7044
f 7021 7044 7045
f 7046 7047 7042
f 7046 7042 7024
f 7048 7049 7050
f 7048 7050 7040
f 7051 7052 7053
f 7051 7053 7054
f 282 7055 7056
f 282 7056 283
f 7057 7058 7059
f 7057 7059 7060
f 7061 7062 7058
f 7061 7058 7057
f 7063 7059 7058
f 7063 7058 7064
f 7062 7065 7064
f 7062 7064 7058
f 7066 7067 7056
f 7066 7056 7068
f 298 7067 7069
f 298 7069 299
f 7069 7067 7066
f 7069 7066 7070
f 7068 7056 7055
f 7068 7055 7071
f 283 7056 7067
f 283 7067 298
f 7072 7073 7074
f 7072 7074 7075
f 7070 7066 7059
f 7070 7059 7063
f 7076 7077 7078
f 7076 7078 7079
f 7080 7081 7082
f 7080 7082 7083
f 7084 7085 7086
f 7084 7086 7087
f 7079 7078 7088
f 7079 7088 7089
f 321 7086 7085
f 321 7085 322
f 7087 7086 7090
f 7087 7090 7091
f 7089 7088 7092
f 7089 7092 7093
f 327 7090 7086
f 327 7086 321
f 7091 7090 7094
f 7091 7094 7095
f 7093 7092 7096
f 7093 7096 7097
f 332 7094 7090
f 332 7090 327
f 7098 7099 7100
f 7098 7100 7101
f 7102 7103 7104
f 7102 7104 7098
f 7105 7106 7076
f 7105 7076 7107
f 7108 7109 7110
f 7108 7110 7111
f 7112 7113 7109
f 7112 7109 7108
f 7079 7114 7107
f 7079 7107 7076
f 7089 7115 7114
f 7089 7114 7079
f 7093 7116 7115
f 7093 7115 7089
f 7097 7117 7116
f 7097 7116 7093
f 7099 7118 7117
f 7099 7117 7097
f 7098 7104 7118
f 7098 7118 7099
f 7102 7113 7112
f 7102 7112 7103
f 7082 7081 7109
f 7082 7109 7113
f 7081 7119 7110
f 7081 7110 7109
f 355 358 7120
f 355 7120 7121
f 7106 7110 7119
f 7106 7119 7122
f 7123 7124 7057
f 7123 7057 7060
f 7061 7125 7126
f 7061 7126 7127
f 7127 7126 7128
f 7127 7128 7129
f 7130 7082 7113
f 7130 7113 7102
f 7131 7132 7133
f 7131 7133 7134
f 7095 7094 7135
f 7095 7135 7136
f 374 7135 7094
f 374 7094 332
f 7103 7112 7137
f 7103 7137 7138
f 7138 7139 7104
f 7138 7104 7103
f 7116 7117 7140
f 7116 7140 7141
f 7107 7114 7142
f 7107 7142 7143
f 7144 7137 7112
f 7144 7112 7108
f 7114 7115 7145
f 7114 7145 7142
f 7105 7107 7143
f 7105 7143 7146
f 7117 7118 7147
f 7117 7147 7140
f 7148 7144 7108
f 7148 7108 7111
f 7139 7147 7118
f 7139 7118 7104
f 7115 7116 7141
f 7115 7141 7145
f 387 7149 7135
f 387 7135 374
f 7150 7151 7152
f 7150 7152 7153
f 7154 7155 7156
f 7154 7156 7157
f 7099 7097 7096
f 7099 7096 7100
f 7101 7130 7102
f 7101 7102 7098
f 7111 7110 7106
f 7111 7106 7105
f 7076 7106 7122
f 7076 7122 7077
f 7111 7105 7146
f 7111 7146 7148
f 7158 7154 7157
f 7158 7157 7159
f 399 7160 7161
f 399 7161 400
f 403 7162 7149
f 403 7149 387
f 7140 7147 7163
f 7140 7163 7164
f 7165 7166 7137
f 7165 7137 7144
f 7167 7163 7147
f 7167 7147 7139
f 7138 7137 7166
f 7138 7166 7168
f 7143 7142 7169
f 7143 7169 7170
f 7142 7145 7171
f 7142 7171 7169
f 7168 7167 7139
f 7168 7139 7138
f 7172 7173 7148
f 7172 7148 7146
f 7145 7141 7174
f 7145 7174 7171
f 7146 7143 7170
f 7146 7170 7172
f 7141 7140 7164
f 7141 7164 7174
f 7173 7165 7144
f 7173 7144 7148
f 7175 7176 7173
f 7175 7173 7172
f 7176 7177 7165
f 7176 7165 7173
f 7178 7179 7176
f 7178 7176 7175
f 7179 7180 7177
f 7179 7177 7176
f 7175 7172 7170
f 7175 7170 7169
f 7165 7177 7168
f 7165 7168 7166
f 7168 7177 7180
f 7168 7180 7167
f 7180 7164 7163
f 7180 7163 7167
f 7179 7174 7164
f 7179 7164 7180
f 7178 7171 7174
f 7178 7174 7179
f 7175 7169 7171
f 7175 7171 7178
f 7159 7157 7181
f 7159 7181 7182
f 7157 7156 7183
f 7157 7183 7181
f 7151 7184 7185
f 7151 7185 7152
f 7186 7187 7149
f 7186 7149 7162
f 7184 7188 7189
f 7184 7189 7190
f 7190 7189 7191
f 7190 7191 7192
f 7193 7194 7195
f 7193 7195 7196
f 7196 7195 7197
f 7196 7197 7198
f 7198 7197 7199
f 7198 7199 7200
f 7201 7202 7203
f 7201 7203 7204
f 7205 7206 7202
f 7205 7202 7201
f 7207 7208 7209
f 7207 7209 7210
f 7211 7212 7208
f 7211 7208 7207
f 7213 7214 7215
f 7213 7215 7216
f 7217 7218 7219
f 7217 7219 7220
f 7221 7185 7184
f 7221 7184 7190
f 7192 7222 7221
f 7192 7221 7190
f 7193 7223 7222
f 7193 7222 7192
f 7198 7224 7225
f 7198 7225 7196
f 7200 7226 7224
f 7200 7224 7198
f 7227 7228 7229
f 7227 7229 7230
f 7231 7213 7216
f 7231 7216 7232
f 7218 7233 7234
f 7218 7234 7219
f 7158 7215 7214
f 7158 7214 7154
f 7235 7236 7237
f 7235 7237 7238
f 7239 7240 7241
f 7239 7241 7242
f 7243 7244 7245
f 7243 7245 7246
f 7247 7248 7249
f 7247 7249 7250
f 7251 7252 7253
f 7251 7253 7254
f 7255 7256 7257
f 7255 7257 7258
f 7259 7260 7261
f 7259 7261 7262
f 7263 7264 7256
f 7263 7256 7255
f 7265 7266 7260
f 7265 7260 7259
f 7267 7268 7264
f 7267 7264 7263
f 7269 7270 7266
f 7269 7266 7265
f 513 514 7268
f 513 7268 7267
f 515 516 7270
f 515 7270 7269
f 7271 7244 7257
f 7271 7257 7272
f 7256 7273 7272
f 7256 7272 7257
f 7264 7274 7273
f 7264 7273 7256
f 7268 7275 7274
f 7268 7274 7264
f 514 522 7275
f 514 7275 7268
f 7252 7239 7242
f 7252 7242 7253
f 7262 7276 7237
f 7262 7237 7259
f 7236 7265 7259
f 7236 7259 7237
f 7265 7236 7160
f 7265 7160 7269
f 399 515 7269
f 399 7269 7160
f 7277 7278 7214
f 7277 7214 7213
f 7279 7280 7233
f 7279 7233 7218
f 7281 7277 7213
f 7281 7213 7231
f 7154 7214 7278
f 7154 7278 7155
f 7282 7155 7278
f 7282 7278 7283
f 7277 7284 7283
f 7277 7283 7278
f 7281 7285 7284
f 7281 7284 7277
f 7285 7281 7280
f 7285 7280 7286
f 7279 7287 7286
f 7279 7286 7280
f 7288 7289 7284
f 7288 7284 7285
f 7289 7290 7283
f 7289 7283 7284
f 7291 7292 7293
f 7291 7293 7294
f 7282 7283 7290
f 7282 7290 7295
f 7296 7297 7286
f 7296 7286 7287
f 7192 7191 7194
f 7192 7194 7193
f 7210 7209 7206
f 7210 7206 7205
f 7196 7225 7223
f 7196 7223 7193
f 7233 7231 7232
f 7233 7232 7234
f 7240 7243 7246
f 7240 7246 7241
f 7260 7255 7258
f 7260 7258 7261
f 7266 7263 7255
f 7266 7255 7260
f 7270 7267 7263
f 7270 7263 7266
f 516 513 7267
f 516 7267 7270
f 7280 7281 7231
f 7280 7231 7233
f 7287 7279 7298
f 7287 7298 7299
f 7297 7288 7285
f 7297 7285 7286
f 7299 7300 7296
f 7299 7296 7287
f 7272 7273 7301
f 7272 7301 7302
f 7273 7274 7303
f 7273 7303 7301
f 7271 7272 7302
f 7271 7302 7304
f 7299 7298 7305
f 7299 7305 7306
f 7217 7298 7279
f 7217 7279 7218
f 7275 522 555
f 7275 555 7307
f 7274 7275 7307
f 7274 7307 7303
f 7308 7309 7212
f 7308 7212 7211
f 7300 679 685
f 7300 685 7296
f 7310 7311 7226
f 7310 7226 7200
f 7302 7301 7312
f 7302 7312 7313
f 7314 7315 7217
f 7314 7217 7220
f 7306 7305 7316
f 7306 7316 7317
f 7303 7307 7318
f 7303 7318 7319
f 7306 7320 7300
f 7306 7300 7299
f 7301 7303 7319
f 7301 7319 7312
f 7315 7305 7298
f 7315 7298 7217
f 7304 7302 7313
f 7304 7313 7321
f 7200 7199 7322
f 7200 7322 7310
f 7312 7319 7323
f 7312 7323 7324
f 7319 7318 7325
f 7319 7325 7323
f 7317 7326 7320
f 7317 7320 7306
f 7321 7313 7327
f 7321 7327 7328
f 7329 7330 7315
f 7329 7315 7314
f 7331 7332 7311
f 7331 7311 7310
f 7310 7322 7333
f 7310 7333 7331
f 7313 7312 7324
f 7313 7324 7327
f 7334 7335 7317
f 7334 7317 7316
f 7330 7316 7305
f 7330 7305 7315
f 7336 7337 7309
f 7336 7309 7308
f 7338 7334 7316
f 7338 7316 7330
f 7339 7340 7337
f 7339 7337 7336
f 7325 573 592
f 7325 592 7341
f 7324 7323 7342
f 7324 7342 7343
f 7323 7325 7341
f 7323 7341 7342
f 7335 7344 7326
f 7335 7326 7317
f 7328 7327 7345
f 7328 7345 7346
f 7347 7338 7330
f 7347 7330 7329
f 7348 7349 7332
f 7348 7332 7331
f 7331 7333 7350
f 7331 7350 7348
f 7327 7324 7343
f 7327 7343 7345
f 7335 7334 7351
f 7335 7351 7352
f 7353 7354 7352
f 7353 7352 7351
f 7355 7351 7334
f 7355 7334 7338
f 7356 7357 7340
f 7356 7340 7339
f 7341 592 610
f 7341 610 7358
f 7343 7342 7359
f 7343 7359 7360
f 7342 7341 7358
f 7342 7358 7359
f 7352 7361 7344
f 7352 7344 7335
f 7346 7345 7362
f 7346 7362 7363
f 7364 7355 7338
f 7364 7338 7347
f 7365 7366 7349
f 7365 7349 7348
f 7348 7350 7367
f 7348 7367 7365
f 7368 7369 622
f 7368 622 621
f 7345 7343 7360
f 7345 7360 7362
f 7370 7371 7366
f 7370 7366 7365
f 7365 7367 7372
f 7365 7372 7370
f 7373 7368 621
f 7373 621 628
f 7362 7360 7374
f 7362 7374 7375
f 7354 7353 7376
f 7354 7376 7377
f 7378 7353 7351
f 7378 7351 7355
f 628 635 7379
f 628 7379 7373
f 7380 7381 7357
f 7380 7357 7356
f 7358 610 639
f 7358 639 7382
f 635 641 7383
f 635 7383 7379
f 7360 7359 7384
f 7360 7384 7374
f 7359 7358 7382
f 7359 7382 7384
f 7354 7385 7361
f 7354 7361 7352
f 7363 7362 7375
f 7363 7375 7386
f 7387 7378 7355
f 7387 7355 7364
f 7382 639 647
f 7382 647 7388
f 7383 641 648
f 7383 648 7385
f 7374 7384 7389
f 7374 7389 7390
f 7384 7382 7388
f 7384 7388 7389
f 7377 7383 7385
f 7377 7385 7354
f 7386 7375 7391
f 7386 7391 7392
f 7393 7394 7378
f 7393 7378 7387
f 7395 7396 7371
f 7395 7371 7370
f 7370 7372 7397
f 7370 7397 7395
f 658 7361 7385
f 658 7385 648
f 7375 7374 7390
f 7375 7390 7391
f 7398 7399 7377
f 7398 7377 7376
f 7394 7376 7353
f 7394 7353 7378
f 7361 658 661
f 7361 661 7344
f 7400 7401 7381
f 7400 7381 7380
f 7402 7398 7376
f 7402 7376 7394
f 7344 661 665
f 7344 665 7326
f 7403 7404 7401
f 7403 7401 7400
f 7388 647 669
f 7388 669 7405
f 7326 665 670
f 7326 670 7320
f 7390 7389 7406
f 7390 7406 7407
f 7389 7388 7405
f 7389 7405 7406
f 7399 7379 7383
f 7399 7383 7377
f 7392 7391 7408
f 7392 7408 7409
f 7410 7402 7394
f 7410 7394 7393
f 7411 7412 7396
f 7411 7396 7395
f 7395 7397 7413
f 7395 7413 7411
f 7391 7390 7407
f 7391 7407 7408
f 7398 7414 7415
f 7398 7415 7399
f 7416 7415 7414
f 7416 7414 7417
f 7418 7414 7398
f 7418 7398 7402
f 7289 702 712
f 7289 712 7290
f 7419 7420 7404
f 7419 7404 7403
f 7405 669 689
f 7405 689 7421
f 7407 7406 7422
f 7407 7422 7423
f 7406 7405 7421
f 7406 7421 7422
f 7415 7373 7379
f 7415 7379 7399
f 7409 7408 7424
f 7409 7424 7425
f 7426 7418 7402
f 7426 7402 7410
f 7427 7428 7412
f 7427 7412 7411
f 7411 7413 7429
f 7411 7429 7427
f 699 7288 7297
f 699 7297 690
f 7408 7407 7423
f 7408 7423 7424
f 7421 689 701
f 7421 701 7430
f 7423 7422 7431
f 7423 7431 7432
f 7422 7421 7430
f 7422 7430 7431
f 7416 7368 7373
f 7416 7373 7415
f 7425 7424 7433
f 7425 7433 7434
f 7435 7436 7418
f 7435 7418 7426
f 7437 7438 7428
f 7437 7428 7427
f 7427 7429 7439
f 7427 7439 7437
f 7424 7423 7432
f 7424 7432 7433
f 7440 7416 7417
f 7440 7417 7441
f 7436 7417 7414
f 7436 7414 7418
f 7291 1123 1122
f 7291 1122 7292
f 7442 7443 7420
f 7442 7420 7419
f 7444 7445 7438
f 7444 7438 7437
f 7437 7439 7446
f 7437 7446 7444
f 7433 7432 7447
f 7433 7447 7448
f 7449 7441 7417
f 7449 7417 7436
f 7450 7451 7443
f 7450 7443 7442
f 7430 701 727
f 7430 727 7452
f 7432 7431 7453
f 7432 7453 7447
f 7431 7430 7452
f 7431 7452 7453
f 7440 7369 7368
f 7440 7368 7416
f 7434 7433 7448
f 7434 7448 7454
f 7455 7449 7436
f 7455 7436 7435
f 7456 7457 7449
f 7456 7449 7455
f 7458 7440 7441
f 7458 7441 7459
f 7369 7460 735
f 7369 735 622
f 7461 7462 7445
f 7461 7445 7444
f 7444 7446 7463
f 7444 7463 7461
f 7464 7465 7463
f 7464 7463 7446
f 7457 7459 7441
f 7457 7441 7449
f 7466 7467 7451
f 7466 7451 7450
f 7452 727 745
f 7452 745 7468
f 7447 7453 7469
f 7447 7469 7470
f 7453 7452 7468
f 7453 7468 7469
f 7440 7458 7460
f 7440 7460 7369
f 7454 7448 7471
f 7454 7471 7472
f 7471 7448 7447
f 7471 7447 7470
f 7472 7461 7463
f 7472 7463 7465
f 7456 7462 7461
f 7456 7461 7457
f 7027 7473 7474
f 7027 7474 7028
f 7475 7476 7293
f 7475 7293 7292
f 7477 7478 7479
f 7477 7479 7480
f 7182 7181 7481
f 7182 7481 7482
f 7228 7204 7203
f 7228 7203 7229
f 7481 7181 7183
f 7481 7183 7483
f 7484 7485 7486
f 7484 7486 7487
f 7488 7489 7490
f 7488 7490 7491
f 7492 7493 7494
f 7492 7494 7495
f 7496 7497 7493
f 7496 7493 7492
f 7498 7499 7497
f 7498 7497 7496
f 7500 7501 7499
f 7500 7499 7498
f 7502 7503 7501
f 7502 7501 7500
f 7504 7505 7503
f 7504 7503 7502
f 7506 7507 7508
f 7506 7508 7509
f 7510 7511 7507
f 7510 7507 7506
f 7512 7513 7511
f 7512 7511 7510
f 7514 7515 7513
f 7514 7513 7512
f 7516 7517 7515
f 7516 7515 7514
f 7518 7519 7517
f 7518 7517 7516
f 7489 7520 7521
f 7489 7521 7490
f 7522 7523 7524
f 7522 7524 7525
f 7525 7524 7526
f 7525 7526 7527
f 7527 7526 7528
f 7527 7528 7529
f 7529 7528 7530
f 7529 7530 7531
f 7532 7533 7534
f 7532 7534 7535
f 7536 7537 7535
f 7536 7535 7538
f 7531 7530 7539
f 7531 7539 7538
f 7538 7539 7540
f 7538 7540 7536
f 7541 7532 7535
f 7541 7535 7537
f 7538 7535 7534
f 7538 7534 7531
f 7536 7540 7542
f 7536 7542 7543
f 7533 7544 7545
f 7533 7545 7546
f 7539 825 824
f 7539 824 7540
f 7547 7541 7537
f 7547 7537 7548
f 7516 7549 7550
f 7516 7550 7518
f 7514 7551 7549
f 7514 7549 7516
f 7512 7552 7551
f 7512 7551 7514
f 7526 833 832
f 7526 832 7528
f 7553 7488 7491
f 7553 7491 7554
f 7045 7555 7022
f 7045 7022 7021
f 7495 7508 7507
f 7495 7507 7492
f 7492 7507 7511
f 7492 7511 7496
f 7496 7511 7513
f 7496 7513 7498
f 7498 7513 7515
f 7498 7515 7500
f 7500 7515 7517
f 7500 7517 7502
f 7502 7517 7519
f 7502 7519 7504
f 7493 7497 7556
f 7493 7556 7557
f 7503 7505 7558
f 7503 7558 7559
f 7501 7503 7559
f 7501 7559 7560
f 7499 7501 7560
f 7499 7560 7561
f 7497 7499 7561
f 7497 7561 7556
f 7557 7556 7562
f 7557 7562 7563
f 7559 7558 7564
f 7559 7564 7565
f 7556 7561 7566
f 7556 7566 7562
f 7561 7560 7567
f 7561 7567 7566
f 7560 7559 7565
f 7560 7565 7567
f 7563 7562 7568
f 7563 7568 7569
f 7565 7564 7570
f 7565 7570 7571
f 7562 7566 7572
f 7562 7572 7568
f 7566 7567 7573
f 7566 7573 7572
f 7567 7565 7571
f 7567 7571 7573
f 7569 7568 7574
f 7569 7574 7575
f 7571 7570 7576
f 7571 7576 7577
f 7568 7572 7578
f 7568 7578 7574
f 7572 7573 7579
f 7572 7579 7578
f 7573 7571 7577
f 7573 7577 7579
f 7575 7574 7580
f 7575 7580 7581
f 7577 7576 7582
f 7577 7582 7583
f 7574 7578 7584
f 7574 7584 7580
f 7578 7579 7585
f 7578 7585 7584
f 7579 7577 7583
f 7579 7583 7585
f 7581 7580 7586
f 7581 7586 7587
f 7583 7582 7588
f 7583 7588 7589
f 7580 7584 7590
f 7580 7590 7586
f 7584 7585 7591
f 7584 7591 7590
f 7585 7583 7589
f 7585 7589 7591
f 7592 7593 875
f 7592 875 874
f 7594 7595 879
f 7594 879 878
f 7593 7596 881
f 7593 881 875
f 7596 7597 883
f 7596 883 881
f 7597 7594 878
f 7597 878 883
f 7598 7599 7600
f 7598 7600 7601
f 7599 7602 7603
f 7599 7603 7600
f 7604 7605 7606
f 7604 7606 7607
f 7608 7609 7610
f 7608 7610 7611
f 7605 7598 7601
f 7605 7601 7606
f 7609 7612 7613
f 7609 7613 7610
f 7614 7615 7616
f 7614 7616 7617
f 7617 7616 7618
f 7617 7618 7619
f 7620 7621 7622
f 7620 7622 7623
f 7624 7625 7615
f 7624 7615 7614
f 7626 7627 7628
f 7626 7628 7629
f 7619 7618 7049
f 7619 7049 7048
f 7630 7051 7054
f 7630 7054 7631
f 7623 7630 7631
f 7623 7631 7620
f 7628 7627 7632
f 7628 7632 7633
f 7634 7490 7521
f 7634 7521 7635
f 7493 7557 7636
f 7493 7636 7494
f 7563 7637 7636
f 7563 7636 7557
f 7569 7638 7637
f 7569 7637 7563
f 7575 7639 7638
f 7575 7638 7569
f 7581 7640 7639
f 7581 7639 7575
f 7587 7641 7640
f 7587 7640 7581
f 7642 7643 7644
f 7642 7644 7645
f 7646 7647 6946
f 7646 6946 6949
f 6938 7648 7649
f 6938 7649 6939
f 7650 7647 7651
f 7650 7651 7652
f 7650 7006 6987
f 7650 6987 6988
f 7653 7654 7649
f 7653 7649 7648
f 7644 7654 7653
f 7644 7653 7645
f 6952 6992 6980
f 6952 6980 6953
f 6942 6983 6986
f 6942 6986 6943
f 6902 6913 6912
f 6902 6912 6903
f 6946 6988 6984
f 6946 6984 6947
f 6956 6972 6971
f 6956 6971 6957
f 6904 6917 6916
f 6904 6916 6906
f 6960 6977 6974
f 6960 6974 6962
f 6950 6990 6992
f 6950 6992 6952
f 6903 6912 6917
f 6903 6917 6904
f 6947 6984 6983
f 6947 6983 6942
f 6957 6971 6965
f 6957 6965 6964
f 6962 6974 6972
f 6962 6972 6956
f 6953 6980 6978
f 6953 6978 6954
f 6913 6902 6964
f 6913 6964 6965
f 6943 6986 6990
f 6943 6990 6950
f 6954 6978 6977
f 6954 6977 6960
f 6906 6916 6919
f 6906 6919 6908
f 7520 7655 7656
f 7520 7656 7521
f 7635 7521 7656
f 7635 7656 7657
f 7528 832 945
f 7528 945 7530
f 825 7539 7530
f 825 7530 945
f 7540 824 946
f 7540 946 7542
f 7487 7658 7659
f 7487 7659 7484
f 7660 7661 7662
f 7660 7662 7663
f 7664 7662 7661
f 7664 7661 7665
f 7666 7667 7663
f 7666 7663 7662
f 7666 7662 7664
f 7666 7664 7668
f 7669 7670 7671
f 7669 7671 7672
f 7534 7533 7546
f 7534 7546 7673
f 7531 7534 7673
f 7531 7673 7529
f 7536 7543 7548
f 7536 7548 7537
f 7674 7541 7547
f 7674 7547 7675
f 7676 7532 7541
f 7676 7541 7674
f 7532 7676 7544
f 7532 7544 7533
f 7670 7677 7678
f 7670 7678 7671
f 7679 7664 7665
f 7679 7665 7680
f 7679 7670 7669
f 7679 7669 7681
f 7682 7554 7491
f 7682 7491 7683
f 7684 7685 7686
f 7684 7686 7687
f 7552 7688 7689
f 7552 7689 7551
f 7551 7689 7690
f 7551 7690 7549
f 7549 7690 7691
f 7549 7691 7550
f 7692 7686 7509
f 7692 7509 7693
f 7694 7495 7494
f 7694 7494 7695
f 7696 7687 7686
f 7696 7686 7692
f 7694 7655 7520
f 7694 7520 7697
f 7693 7509 7508
f 7693 7508 7697
f 7698 7695 7494
f 7698 7494 7636
f 7699 7608 7611
f 7699 7611 7700
f 7701 7699 7700
f 7701 7700 7702
f 7703 7704 7615
f 7703 7615 7625
f 7602 995 994
f 7602 994 7603
f 7612 7604 7607
f 7612 7607 7613
f 7655 7705 7706
f 7655 7706 7656
f 7707 7708 7709
f 7707 7709 7710
f 7711 7698 7636
f 7711 7636 7637
f 7712 7713 1005
f 7712 1005 1004
f 7714 7715 7716
f 7714 7716 7717
f 7718 7714 7717
f 7718 7717 7719
f 7720 7640 7641
f 7720 7641 7721
f 7722 7639 7640
f 7722 7640 7720
f 7723 7638 7639
f 7723 7639 7722
f 7724 7637 7638
f 7724 7638 7723
f 7725 7726 7641
f 7725 7641 7587
f 7628 7633 7727
f 7628 7727 7728
f 7729 1025 1024
f 7729 1024 7730
f 7629 7628 7728
f 7629 7728 7731
f 7732 7733 7734
f 7732 7734 7735
f 7736 7629 7731
f 7736 7731 7737
f 7633 7732 7735
f 7633 7735 7727
f 7738 7739 7740
f 7738 7740 7741
f 7742 7743 7708
f 7742 7708 7707
f 7744 7742 7707
f 7744 7707 7745
f 7746 1044 1043
f 7746 1043 7747
f 7739 7744 7745
f 7739 7745 7740
f 7743 7748 7749
f 7743 7749 7708
f 7709 7750 7598
f 7709 7598 7605
f 7751 7752 7609
f 7751 7609 7608
f 7710 7709 7605
f 7710 7605 7604
f 7753 7710 7604
f 7753 7604 7612
f 7754 1052 995
f 7754 995 7602
f 7752 7753 7612
f 7752 7612 7609
f 7755 7756 1055
f 7755 1055 1054
f 7757 7054 7053
f 7757 7053 7758
f 7555 7759 7760
f 7555 7760 7761
f 7762 7045 7044
f 7762 7044 7763
f 7762 7759 7555
f 7762 7555 7045
f 7764 7053 7052
f 7764 7052 7765
f 7633 7632 7766
f 7633 7766 7732
f 7732 7766 7719
f 7732 7719 7733
f 7767 1070 1069
f 7767 1069 7768
f 7760 7769 7770
f 7760 7770 7761
f 7473 7767 7768
f 7473 7768 7474
f 7771 7772 7759
f 7771 7759 7762
f 7771 7762 7763
f 7771 7763 7773
f 7719 7717 7774
f 7719 7774 7733
f 7775 7621 7620
f 7775 7620 7776
f 7776 7620 7631
f 7776 7631 7777
f 7772 7778 7760
f 7772 7760 7759
f 7486 7485 7523
f 7486 7523 7522
f 7717 7716 7729
f 7717 7729 7774
f 7670 7679 7680
f 7670 7680 7677
f 7664 7679 7681
f 7664 7681 7668
f 7488 7692 7693
f 7488 7693 7489
f 7655 7694 7695
f 7655 7695 7779
f 7553 7696 7692
f 7553 7692 7488
f 7495 7694 7697
f 7495 7697 7508
f 7489 7693 7697
f 7489 7697 7520
f 7780 7779 7695
f 7780 7695 7698
f 7781 7780 7698
f 7781 7698 7711
f 7782 7711 7637
f 7782 7637 7724
f 7783 7736 7737
f 7783 7737 7784
f 7785 7738 7741
f 7785 7741 7786
f 7787 7751 7608
f 7787 7608 7699
f 7776 7777 7788
f 7776 7788 7789
f 7776 7789 7790
f 7776 7790 7775
f 7716 1093 1025
f 7716 1025 7729
f 7777 7757 7791
f 7777 7791 7788
f 7792 1098 1097
f 7792 1097 7793
f 7794 7795 7597
f 7794 7597 7596
f 1055 7756 7796
f 1055 7796 1101
f 7797 7798 7799
f 7797 7799 7800
f 7801 7802 7803
f 7801 7803 7758
f 7016 7019 7012
f 7016 7012 7011
f 7793 1097 1111
f 7793 1111 7804
f 7774 7729 7730
f 7774 7730 7805
f 7758 7803 7791
f 7758 7791 7757
f 7806 7794 7596
f 7806 7596 7593
f 7807 7754 7602
f 7807 7602 7599
f 7777 7631 7054
f 7777 7054 7757
f 7808 7755 1054
f 7808 1054 1116
f 7809 7810 7595
f 7809 7595 7594
f 7725 7806 7593
f 7725 7593 7592
f 7811 7746 7747
f 7811 7747 7812
f 874 1005 7713
f 874 7713 7592
f 7795 7809 7594
f 7795 7594 7597
f 7801 7764 7756
f 7801 7756 7755
f 7778 7791 7803
f 7778 7803 7813
f 6996 7011 7012
f 6996 7012 6997
f 7156 7294 7293
f 7156 7293 7183
f 7476 7483 7183
f 7476 7183 7293
f 7814 7475 1124
f 7814 1124 5224
f 7660 7658 7487
f 7660 7487 7661
f 7661 7487 7486
f 7661 7486 7665
f 7522 7680 7665
f 7522 7665 7486
f 7680 7522 7525
f 7680 7525 7677
f 7527 7678 7677
f 7527 7677 7525
f 7524 1125 833
f 7524 833 7526
f 7523 1126 1125
f 7523 1125 7524
f 1126 7523 7485
f 1126 7485 1127
f 1127 7485 7484
f 1127 7484 1128
f 7659 1129 1128
f 7659 1128 7484
f 7815 7816 7817
f 7815 7817 7818
f 7819 7820 7663
f 7819 7663 7667
f 7820 7821 7660
f 7820 7660 7663
f 7821 7822 7658
f 7821 7658 7660
f 7822 7823 7659
f 7822 7659 7658
f 7127 7129 7074
f 7127 7074 7073
f 7824 7825 7685
f 7824 7685 7684
f 7509 7686 7685
f 7509 7685 7506
f 7506 7685 7825
f 7506 7825 7510
f 7671 7546 7545
f 7671 7545 7672
f 7678 7673 7546
f 7678 7546 7671
f 7529 7673 7678
f 7529 7678 7527
f 7824 7688 7552
f 7824 7552 7825
f 7510 7825 7552
f 7510 7552 7512
f 7784 7826 7827
f 7784 7827 7783
f 7828 7785 7786
f 7828 7786 7829
f 7741 7740 7752
f 7741 7752 7751
f 7804 7830 7831
f 7804 7831 7793
f 7830 7770 7769
f 7830 7769 7831
f 7592 7713 7726
f 7592 7726 7725
f 7756 7764 7765
f 7756 7765 7796
f 7590 7591 7795
f 7590 7795 7794
f 7755 7808 7802
f 7755 7802 7801
f 7733 7774 7805
f 7733 7805 7734
f 7586 7590 7794
f 7586 7794 7806
f 7750 7807 7599
f 7750 7599 7598
f 7589 7588 7810
f 7589 7810 7809
f 7587 7586 7806
f 7587 7806 7725
f 7748 7811 7812
f 7748 7812 7749
f 7591 7589 7809
f 7591 7809 7795
f 7758 7053 7764
f 7758 7764 7801
f 7792 7832 7802
f 7792 7802 7808
f 7832 7813 7803
f 7832 7803 7802
f 7833 7834 7835
f 7833 7835 7836
f 7837 7838 7839
f 7837 7839 7840
f 7841 7837 7840
f 7841 7840 7842
f 7843 7841 7842
f 7843 7842 7844
f 7845 7843 7844
f 7845 7844 7846
f 7847 7834 6787
f 7847 6787 6839
f 7848 7849 6865
f 7848 6865 6869
f 7850 7851 7852
f 7850 7852 7853
f 7849 7854 6859
f 7849 6859 6865
f 7855 7856 7857
f 7855 7857 7858
f 7854 7851 6860
f 7854 6860 6859
f 7859 7860 7861
f 7859 7861 7862
f 7850 7863 6849
f 7850 6849 6853
f 7864 7859 7862
f 7864 7862 7865
f 7863 7866 6845
f 7863 6845 6849
f 7866 7847 6839
f 7866 6839 6845
f 7867 7868 7869
f 7867 7869 7870
f 7871 7872 7873
f 7871 7873 7874
f 7875 7876 7877
f 7875 7877 7878
f 7833 7845 7846
f 7833 7846 6788
f 7879 7875 7878
f 7879 7878 7880
f 7838 7879 7880
f 7838 7880 7839
f 7881 7882 7883
f 7881 7883 7884
f 7885 7886 7887
f 7885 7887 7888
f 7889 7890 7891
f 7889 7891 7892
f 7893 7894 7895
f 7893 7895 7836
f 7896 7897 7898
f 7896 7898 7899
f 7882 7900 7901
f 7882 7901 7883
f 7890 7902 7903
f 7890 7903 7891
f 7894 7904 7905
f 7894 7905 7895
f 7853 7852 7906
f 7853 7906 7907
f 7907 7896 7899
f 7907 7899 7853
f 7908 7909 7910
f 7908 7910 7911
f 7902 7912 7913
f 7902 7913 7903
f 7904 7914 7915
f 7904 7915 7905
f 7916 7906 7852
f 7916 7852 7917
f 7918 7919 7920
f 7918 7920 7921
f 7914 7922 7923
f 7914 7923 7915
f 7924 7916 7917
f 7924 7917 7925
f 7926 7927 7835
f 7926 7835 7928
f 7922 7889 7892
f 7922 7892 7923
f 7836 7835 7927
f 7836 7927 7893
f 7929 7924 7925
f 7929 7925 7930
f 7897 7926 7928
f 7897 7928 7898
f 7931 7932 7926
f 7931 7926 7897
f 7933 7934 7882
f 7933 7882 7881
f 7935 7936 7886
f 7935 7886 7885
f 7937 7938 7890
f 7937 7890 7889
f 7939 7940 7894
f 7939 7894 7893
f 7941 7931 7897
f 7941 7897 7896
f 7934 7942 7900
f 7934 7900 7882
f 7938 7943 7902
f 7938 7902 7890
f 7940 7944 7904
f 7940 7904 7894
f 7907 7906 7945
f 7907 7945 7946
f 7946 7941 7896
f 7946 7896 7907
f 7947 7948 7909
f 7947 7909 7908
f 7943 7949 7912
f 7943 7912 7902
f 7944 7950 7914
f 7944 7914 7904
f 7951 7945 7906
f 7951 7906 7916
f 7952 7953 7919
f 7952 7919 7918
f 7950 7954 7922
f 7950 7922 7914
f 7955 7951 7916
f 7955 7916 7924
f 7932 7956 7927
f 7932 7927 7926
f 7954 7937 7889
f 7954 7889 7922
f 7893 7927 7956
f 7893 7956 7939
f 7957 7955 7924
f 7957 7924 7929
f 7958 7959 7951
f 7958 7951 7955
f 7960 7961 7956
f 7960 7956 7932
f 7962 7963 7937
f 7962 7937 7954
f 7939 7956 7961
f 7939 7961 7964
f 7965 7958 7955
f 7965 7955 7957
f 7966 7960 7932
f 7966 7932 7931
f 7967 7968 7934
f 7967 7934 7933
f 7969 7970 7936
f 7969 7936 7935
f 7963 7971 7938
f 7963 7938 7937
f 7964 7972 7940
f 7964 7940 7939
f 7973 7966 7931
f 7973 7931 7941
f 7968 7974 7942
f 7968 7942 7934
f 7971 7975 7943
f 7971 7943 7938
f 7972 7976 7944
f 7972 7944 7940
f 7946 7945 7977
f 7946 7977 7978
f 7978 7973 7941
f 7978 7941 7946
f 7979 7980 7948
f 7979 7948 7947
f 7975 7981 7949
f 7975 7949 7943
f 7976 7982 7950
f 7976 7950 7944
f 7959 7977 7945
f 7959 7945 7951
f 7983 7984 7953
f 7983 7953 7952
f 7982 7962 7954
f 7982 7954 7950
f 7985 7986 7972
f 7985 7972 7964
f 7987 7988 7966
f 7987 7966 7973
f 7989 7990 7974
f 7989 7974 7968
f 7991 7992 7975
f 7991 7975 7971
f 7986 7993 7976
f 7986 7976 7972
f 7978 7977 7994
f 7978 7994 7995
f 7995 7987 7973
f 7995 7973 7978
f 7996 7997 7980
f 7996 7980 7979
f 7992 7998 7981
f 7992 7981 7975
f 7993 7999 7982
f 7993 7982 7976
f 8000 7994 7977
f 8000 7977 7959
f 8001 8002 7984
f 8001 7984 7983
f 7999 8003 7962
f 7999 7962 7982
f 8004 8000 7959
f 8004 7959 7958
f 8005 8006 7961
f 8005 7961 7960
f 8003 8007 7963
f 8003 7963 7962
f 7964 7961 8006
f 7964 8006 7985
f 8008 8004 7958
f 8008 7958 7965
f 7988 8005 7960
f 7988 7960 7966
f 8009 7989 7968
f 8009 7968 7967
f 8010 8011 7970
f 8010 7970 7969
f 8007 7991 7971
f 8007 7971 7963
f 7985 8006 8012
f 7985 8012 8013
f 8014 8015 8004
f 8014 8004 8008
f 8016 8017 8005
f 8016 8005 7988
f 8018 8019 7989
f 8018 7989 8009
f 8020 8021 8011
f 8020 8011 8010
f 8022 8023 7991
f 8022 7991 8007
f 8013 8024 7986
f 8013 7986 7985
f 8025 8016 7988
f 8025 7988 7987
f 8019 8026 7990
f 8019 7990 7989
f 8023 8027 7992
f 8023 7992 7991
f 8024 8028 7993
f 8024 7993 7986
f 7995 7994 8029
f 7995 8029 8030
f 8030 8025 7987
f 8030 7987 7995
f 8031 8032 7997
f 8031 7997 7996
f 8027 8033 7998
f 8027 7998 7992
f 8028 8034 7999
f 8028 7999 7993
f 8035 8029 7994
f 8035 7994 8000
f 8036 8037 8002
f 8036 8002 8001
f 8034 8038 8003
f 8034 8003 7999
f 8015 8035 8000
f 8015 8000 8004
f 8017 8012 8006
f 8017 8006 8005
f 8038 8022 8007
f 8038 8007 8003
f 8039 8040 8038
f 8039 8038 8034
f 8038 8040 8041
f 8038 8041 8022
f 8022 8041 8042
f 8022 8042 8023
f 8027 8043 8044
f 8027 8044 8033
f 8045 8046 8015
f 8045 8015 8014
f 8036 8047 8048
f 8036 8048 8037
f 8020 8049 8050
f 8020 8050 8021
f 8018 8051 8052
f 8018 8052 8019
f 8053 8054 8024
f 8053 8024 8013
f 8019 8052 8055
f 8019 8055 8026
f 8017 8016 8056
f 8017 8056 8057
f 8042 8043 8027
f 8042 8027 8023
f 8015 8046 8058
f 8015 8058 8035
f 8030 8029 8059
f 8030 8059 8060
f 8035 8058 8059
f 8035 8059 8029
f 8061 8062 8032
f 8061 8032 8031
f 8030 8060 8063
f 8030 8063 8025
f 8025 8063 8056
f 8025 8056 8016
f 8017 8057 8064
f 8017 8064 8012
f 8053 8013 8012
f 8053 8012 8064
f 8024 8054 8065
f 8024 8065 8028
f 8028 8065 8039
f 8028 8039 8034
f 8037 8048 8049
f 8037 8049 8020
f 8010 8002 8037
f 8010 8037 8020
f 7969 7984 8002
f 7969 8002 8010
f 7984 7969 7935
f 7984 7935 7953
f 8039 8065 8066
f 8039 8066 8067
f 8060 8059 8068
f 8060 8068 8069
f 8063 8060 8069
f 8063 8069 8070
f 8061 8055 8071
f 8061 8071 8072
f 8052 8051 8073
f 8052 8073 8074
f 8057 8056 8075
f 8057 8075 8076
f 8044 8043 8077
f 8044 8077 8078
f 8054 8053 8079
f 8054 8079 8080
f 8056 8063 8070
f 8056 8070 8075
f 8047 8044 8078
f 8047 8078 8081
f 8040 8039 8067
f 8040 8067 8082
f 8065 8054 8080
f 8065 8080 8066
f 8064 8057 8076
f 8064 8076 8083
f 8058 8046 8084
f 8058 8084 8085
f 8050 8049 8086
f 8050 8086 8087
f 8041 8040 8082
f 8041 8082 8088
f 8046 8045 8089
f 8046 8089 8084
f 8059 8058 8085
f 8059 8085 8068
f 8055 8052 8074
f 8055 8074 8071
f 8042 8041 8088
f 8042 8088 8090
f 8053 8064 8083
f 8053 8083 8079
f 8049 8048 8091
f 8049 8091 8086
f 8043 8042 8090
f 8043 8090 8077
f 8081 8078 8092
f 8081 8092 8093
f 8082 8067 8094
f 8082 8094 8095
f 8076 8075 8096
f 8076 8096 8097
f 8084 8089 8098
f 8084 8098 8099
f 8085 8084 8099
f 8085 8099 8100
f 8087 8086 8101
f 8087 8101 8102
f 8088 8082 8095
f 8088 8095 8103
f 8079 8083 8104
f 8079 8104 8105
f 8068 8085 8100
f 8068 8100 8106
f 8071 8074 8107
f 8071 8107 8108
f 8090 8088 8103
f 8090 8103 8109
f 8069 8068 8106
f 8069 8106 8110
f 8070 8069 8110
f 8070 8110 8111
f 8086 8091 8112
f 8086 8112 8101
f 8077 8090 8109
f 8077 8109 8113
f 8066 8080 8114
f 8066 8114 8115
f 8075 8070 8111
f 8075 8111 8096
f 8072 8071 8108
f 8072 8108 8116
f 8074 8073 8117
f 8074 8117 8107
f 8078 8077 8113
f 8078 8113 8092
f 8080 8079 8105
f 8080 8105 8114
f 8067 8066 8115
f 8067 8115 8094
f 8083 8076 8097
f 8083 8097 8104
f 8100 8099 8118
f 8100 8118 8119
f 8102 8101 8120
f 8102 8120 8121
f 8103 8095 8122
f 8103 8122 8123
f 8105 8104 8124
f 8105 8124 8125
f 8106 8100 8119
f 8106 8119 8126
f 8108 8107 8127
f 8108 8127 8128
f 8109 8103 8123
f 8109 8123 8129
f 8110 8106 8126
f 8110 8126 8130
f 8111 8110 8130
f 8111 8130 8131
f 8101 8112 8132
f 8101 8132 8120
f 8113 8109 8129
f 8113 8129 8133
f 8115 8114 8134
f 8115 8134 8135
f 8096 8111 8131
f 8096 8131 8136
f 8116 8108 8128
f 8116 8128 8137
f 8107 8117 8138
f 8107 8138 8127
f 8092 8113 8133
f 8092 8133 8139
f 8114 8105 8125
f 8114 8125 8134
f 8094 8115 8135
f 8094 8135 8140
f 8104 8097 8141
f 8104 8141 8124
f 8093 8092 8139
f 8093 8139 8142
f 8095 8094 8140
f 8095 8140 8122
f 8097 8096 8136
f 8097 8136 8141
f 8099 8098 8143
f 8099 8143 8118
f 8144 8145 8146
f 8144 8146 8147
f 8148 8149 8150
f 8148 8150 8151
f 8152 8153 8154
f 8152 8154 8155
f 8156 8157 8158
f 8156 8158 8159
f 8160 8161 8162
f 8160 8162 8163
f 8159 8164 8165
f 8159 8165 8156
f 8163 8166 8167
f 8163 8167 8160
f 8145 8168 8169
f 8145 8169 8146
f 8170 8171 8172
f 8170 8172 8173
f 8157 8174 8175
f 8157 8175 8158
f 8176 8177 8178
f 8176 8178 8179
f 8180 8181 8182
f 8180 8182 8183
f 8155 8170 8173
f 8155 8173 8152
f 8166 8184 8185
f 8166 8185 8167
f 8181 8186 8187
f 8181 8187 8182
f 8188 8175 8174
f 8188 8174 8189
f 8190 8180 8183
f 8190 8183 8191
f 8151 8144 8147
f 8151 8147 8148
f 8179 8172 8171
f 8179 8171 8176
f 8189 8192 8193
f 8189 8193 8188
f 8191 8185 8184
f 8191 8184 8190
f 8186 8194 8195
f 8186 8195 8187
f 8196 8197 8198
f 8196 8198 8199
f 8149 8193 8192
f 8149 8192 8150
f 8153 8196 8199
f 8153 8199 8154
f 8168 8162 8161
f 8168 8161 8169
f 8194 8198 8197
f 8194 8197 8195
f 8179 8178 8134
f 8179 8134 8125
f 8139 8133 8193
f 8139 8193 8149
f 8167 8185 8128
f 8167 8128 8127
f 8136 8131 8153
f 8136 8153 8152
f 8178 8164 8135
f 8178 8135 8134
f 8137 8128 8185
f 8137 8185 8191
f 8188 8193 8133
f 8188 8133 8129
f 8160 8167 8127
f 8160 8127 8138
f 8131 8130 8196
f 8131 8196 8153
f 8130 8126 8197
f 8130 8197 8196
f 8148 8147 8132
f 8148 8132 8142
f 8129 8123 8175
f 8129 8175 8188
f 8147 8146 8120
f 8147 8120 8132
f 8195 8197 8126
f 8195 8126 8119
f 8125 8124 8172
f 8125 8172 8179
f 8138 8200 8161
f 8138 8161 8160
f 8158 8175 8123
f 8158 8123 8122
f 8146 8169 8121
f 8146 8121 8120
f 8187 8195 8119
f 8187 8119 8118
f 8201 7644 7643
f 8201 7643 8202
f 8203 7657 7656
f 8203 7656 7706
f 7705 7655 7779
f 7705 7779 8204
f 8205 7654 7644
f 8205 7644 8201
f 7654 8205 7652
f 7654 7652 7649
f 7649 7652 7651
f 7649 7651 6939
f 8206 6940 6939
f 8206 6939 7651
f 6871 8207 8208
f 6871 8208 6822
f 8209 6823 6822
f 8209 6822 8208
f 8210 6825 6823
f 8210 6823 8209
f 7867 7872 7920
f 7867 7920 7888
f 7888 7920 7919
f 7888 7919 7885
f 7885 7919 7953
f 7885 7953 7935
f 8211 8212 8213
f 8211 8213 8214
f 8214 8213 8215
f 8214 8215 8216
f 8216 8215 8217
f 8216 8217 8218
f 8218 8217 8219
f 8218 8219 8220
f 8220 8219 8221
f 8220 8221 8222
f 8223 8224 8225
f 8223 8225 8226
f 8226 8225 8227
f 8226 8227 8228
f 8228 8227 8229
f 8228 8229 8230
f 8230 8229 8231
f 8230 8231 8232
f 8212 8233 8234
f 8212 8234 8213
f 8213 8234 8235
f 8213 8235 8215
f 8215 8235 8236
f 8215 8236 8217
f 8217 8236 8237
f 8217 8237 8219
f 8219 8237 8238
f 8219 8238 8221
f 8224 8239 8240
f 8224 8240 8225
f 8225 8240 8241
f 8225 8241 8227
f 8227 8241 8242
f 8227 8242 8229
f 8229 8242 8243
f 8229 8243 8231
f 8244 8245 8246
f 8244 8246 8247
f 8247 8246 8248
f 8247 8248 8249
f 8249 8248 8250
f 8249 8250 8251
f 8251 8250 8252
f 8251 8252 8253
f 8254 8255 8256
f 8254 8256 8257
f 8257 8256 8258
f 8257 8258 8259
f 8259 8258 8260
f 8259 8260 8261
f 8261 8260 8262
f 8261 8262 8263
f 8264 8265 8266
f 8264 8266 8267
f 8245 8268 8269
f 8245 8269 8246
f 8246 8269 8270
f 8246 8270 8248
f 8248 8270 8271
f 8248 8271 8250
f 8250 8271 8272
f 8250 8272 8252
f 8255 8273 8274
f 8255 8274 8256
f 8256 8274 8275
f 8256 8275 8258
f 8258 8275 8276
f 8258 8276 8277
f 8260 8278 8279
f 8260 8279 8262
f 1595 8280 8281
f 1595 8281 1596
f 8268 8282 8283
f 8268 8283 8269
f 8269 8283 8284
f 8269 8284 8270
f 8270 8284 8285
f 8270 8285 8271
f 8271 8285 8286
f 8271 8286 8272
f 8273 8287 8288
f 8273 8288 8274
f 8274 8288 8289
f 8274 8289 8275
f 8278 8277 8290
f 8278 8290 8291
f 8280 8266 8265
f 8280 8265 8281
f 8282 8292 8293
f 8282 8293 8283
f 8283 8293 8294
f 8283 8294 8284
f 8284 8294 8295
f 8284 8295 8285
f 8285 8295 8296
f 8285 8296 8286
f 8287 8297 8298
f 8287 8298 8288
f 8288 8298 8299
f 8288 8299 8289
f 8289 8299 8300
f 8289 8300 8301
f 8245 8264 8267
f 8245 8267 8268
f 8292 8302 8303
f 8292 8303 8293
f 8293 8303 8304
f 8293 8304 8294
f 8294 8304 8305
f 8294 8305 8295
f 8295 8305 8306
f 8295 8306 8296
f 8297 8307 8308
f 8297 8308 8298
f 8298 8308 8309
f 8298 8309 8299
f 8299 8309 8310
f 8299 8310 8300
f 1628 1631 8311
f 1628 8311 8312
f 8302 8313 8314
f 8302 8314 8303
f 8303 8314 8315
f 8303 8315 8304
f 8304 8315 8316
f 8304 8316 8305
f 8305 8316 8317
f 8305 8317 8306
f 8307 8318 8319
f 8307 8319 8308
f 8308 8319 8320
f 8308 8320 8309
f 8309 8320 8321
f 8309 8321 8310
f 1631 1642 8322
f 1631 8322 8311
f 1643 1628 8312
f 1643 8312 8323
f 1595 1643 8323
f 1595 8323 8280
f 8324 8325 7550
f 8324 7550 7691
f 8326 8211 8214
f 8326 8214 8327
f 8327 8214 8216
f 8327 8216 8328
f 8328 8216 8218
f 8328 8218 8329
f 8329 8218 8220
f 8329 8220 8330
f 8330 8220 8222
f 8330 8222 8331
f 8332 8223 8226
f 8332 8226 8333
f 8333 8226 8228
f 8333 8228 8334
f 8334 8228 8230
f 8334 8230 8335
f 8335 8230 8232
f 8335 8232 8336
f 8280 8323 8337
f 8280 8337 8266
f 8311 8322 8338
f 8311 8338 8339
f 8340 8341 8264
f 8340 8264 8245
f 8312 8311 8339
f 8312 8339 8342
f 8323 8312 8342
f 8323 8342 8337
f 8341 8343 8265
f 8341 8265 8264
f 8344 8340 8245
f 8344 8245 8244
f 8345 8346 7547
f 8345 7547 7548
f 8347 8345 7548
f 8347 7548 7543
f 8346 8348 7675
f 8346 7675 7547
f 8349 8350 8212
f 8349 8212 8211
f 8351 8352 7519
f 8351 7519 7518
f 8353 8354 7576
f 8353 7576 7570
f 8355 8356 7595
f 8355 7595 7810
f 8357 8353 7570
f 8357 7570 7564
f 8356 1679 879
f 8356 879 7595
f 7810 7588 8358
f 7810 8358 8355
f 8359 8357 7564
f 8359 7564 7558
f 8360 8361 7505
f 8360 7505 7504
f 8362 8358 7588
f 8362 7588 7582
f 8361 8359 7558
f 8361 7558 7505
f 8354 8362 7582
f 8354 7582 7576
f 8363 8364 8359
f 8363 8359 8361
f 8365 8366 8358
f 8365 8358 8362
f 8367 8363 8361
f 8367 8361 8360
f 8368 8365 8362
f 8368 8362 8354
f 8369 8368 8354
f 8369 8354 8353
f 8370 8369 8353
f 8370 8353 8357
f 8371 8372 8356
f 8371 8356 8355
f 8364 8370 8357
f 8364 8357 8359
f 8355 8358 8366
f 8355 8366 8371
f 8372 1695 1679
f 8372 1679 8356
f 8373 8374 8368
f 8373 8368 8369
f 8374 8375 8365
f 8374 8365 8368
f 8375 8376 8366
f 8375 8366 8365
f 8377 8378 8363
f 8377 8363 8367
f 8371 8366 8376
f 8371 8376 8379
f 8378 8380 8364
f 8378 8364 8363
f 8379 8381 8372
f 8379 8372 8371
f 8380 8382 8370
f 8380 8370 8364
f 8382 8373 8369
f 8382 8369 8370
f 8383 8350 8325
f 8383 8325 8324
f 8384 8385 8346
f 8384 8346 8345
f 8386 8384 8345
f 8386 8345 8347
f 8385 8387 8348
f 8385 8348 8346
f 7518 7550 8325
f 7518 8325 8351
f 8349 8388 8352
f 8349 8352 8351
f 8233 8212 8350
f 8233 8350 8383
f 8360 8352 8388
f 8360 8388 8367
f 8211 8326 8388
f 8211 8388 8349
f 8340 8344 8387
f 8340 8387 8385
f 8351 8325 8350
f 8351 8350 8349
f 8343 8341 8384
f 8343 8384 8386
f 8341 8340 8385
f 8341 8385 8384
f 8367 8388 8326
f 8367 8326 8377
f 8360 7504 7519
f 8360 7519 8352
f 7542 946 1714
f 7542 1714 8389
f 8389 1714 1716
f 8389 1716 8390
f 8391 1718 1596
f 8391 1596 8281
f 8337 8342 8392
f 8337 8392 8393
f 8342 8339 8394
f 8342 8394 8392
f 8339 8338 8395
f 8339 8395 8394
f 8266 8337 8393
f 8266 8393 8267
f 8347 7543 7542
f 8347 7542 8389
f 8390 8386 8347
f 8390 8347 8389
f 8386 8390 8391
f 8386 8391 8343
f 8343 8391 8281
f 8343 8281 8265
f 8267 8393 8282
f 8267 8282 8268
f 8394 8395 8313
f 8394 8313 8302
f 8392 8394 8302
f 8392 8302 8292
f 8393 8392 8292
f 8393 8292 8282
f 8396 1724 1697
f 8396 1697 8381
f 8397 8398 8380
f 8397 8380 8378
f 8379 8376 8399
f 8379 8399 8400
f 8398 8401 8382
f 8398 8382 8380
f 8400 8396 8381
f 8400 8381 8379
f 8401 8402 8373
f 8401 8373 8382
f 8402 8403 8374
f 8402 8374 8373
f 8403 8404 8375
f 8403 8375 8374
f 8404 8399 8376
f 8404 8376 8375
f 8405 8397 8378
f 8405 8378 8377
f 8406 8407 8403
f 8406 8403 8402
f 8407 8408 8404
f 8407 8404 8403
f 8408 8409 8399
f 8408 8399 8404
f 8410 8411 8397
f 8410 8397 8405
f 8412 1741 1724
f 8412 1724 8396
f 8411 8413 8398
f 8411 8398 8397
f 8400 8399 8409
f 8400 8409 8414
f 8413 8415 8401
f 8413 8401 8398
f 8414 8412 8396
f 8414 8396 8400
f 8415 8406 8402
f 8415 8402 8401
f 8416 8417 8418
f 8416 8418 8419
f 8420 8421 8422
f 8420 8422 8423
f 8419 8418 8424
f 8419 8424 8425
f 8426 8427 8428
f 8426 8428 8429
f 8429 8428 8421
f 8429 8421 8420
f 8430 8416 8419
f 8430 8419 8431
f 8432 8420 8423
f 8432 8423 8433
f 8431 8419 8425
f 8431 8425 8434
f 8435 8426 8429
f 8435 8429 8436
f 8436 8429 8420
f 8436 8420 8432
f 8437 8430 8431
f 8437 8431 8438
f 8439 8432 8433
f 8439 8433 8440
f 8438 8431 8434
f 8438 8434 8441
f 8442 8435 8436
f 8442 8436 8443
f 8443 8436 8432
f 8443 8432 8439
f 8444 8437 8438
f 8444 8438 8445
f 8446 8439 8440
f 8446 8440 8447
f 8445 8438 8441
f 8445 8441 8448
f 8449 8442 8443
f 8449 8443 8450
f 8450 8443 8439
f 8450 8439 8446
f 8451 8444 8445
f 8451 8445 8452
f 8453 8446 8447
f 8453 8447 8454
f 8452 8445 8448
f 8452 8448 8455
f 8456 8449 8450
f 8456 8450 8457
f 8457 8450 8446
f 8457 8446 8453
f 1787 8451 8452
f 1787 8452 1788
f 1789 8453 8454
f 1789 8454 1790
f 1788 8452 8455
f 1788 8455 1791
f 1792 8456 8457
f 1792 8457 1793
f 1793 8457 8453
f 1793 8453 1789
f 8417 8416 8407
f 8417 8407 8406
f 8416 8430 8408
f 8416 8408 8407
f 8430 8437 8409
f 8430 8409 8408
f 8414 8409 8437
f 8414 8437 8444
f 8444 8451 8412
f 8444 8412 8414
f 8451 1787 1741
f 8451 1741 8412
f 8328 8410 8405
f 8328 8405 8327
f 8327 8405 8377
f 8327 8377 8326
f 8458 8459 8411
f 8458 8411 8410
f 8459 8460 8413
f 8459 8413 8411
f 8460 8461 8415
f 8460 8415 8413
f 8462 8463 8464
f 8462 8464 8465
f 8466 8467 8459
f 8466 8459 8458
f 8468 8469 8470
f 8468 8470 8471
f 8467 8472 8460
f 8467 8460 8459
f 8471 8470 8473
f 8471 8473 8474
f 8472 8475 8461
f 8472 8461 8460
f 8476 8462 8465
f 8476 8465 8477
f 8469 8478 8479
f 8469 8479 8480
f 8481 8482 8478
f 8481 8478 8469
f 8483 8484 8467
f 8483 8467 8466
f 8469 8480 8485
f 8469 8485 8470
f 8484 8486 8472
f 8484 8472 8467
f 8470 8485 8487
f 8470 8487 8473
f 8486 8488 8475
f 8486 8475 8472
f 8488 8489 8490
f 8488 8490 8475
f 8489 8491 8492
f 8489 8492 8490
f 8482 8493 8494
f 8482 8494 8478
f 8478 8494 8495
f 8478 8495 8479
f 8496 8497 8484
f 8496 8484 8483
f 8497 8498 8486
f 8497 8486 8484
f 8498 8499 8488
f 8498 8488 8486
f 8499 8500 8489
f 8499 8489 8488
f 8500 8476 8491
f 8500 8491 8489
f 8501 8463 8462
f 8501 8462 8502
f 8493 8503 8504
f 8493 8504 8494
f 8494 8504 8505
f 8494 8505 8495
f 8506 8507 8508
f 8506 8508 8509
f 8510 8511 8276
f 8510 8276 8301
f 8507 8512 8513
f 8507 8513 8508
f 8505 8290 8511
f 8505 8511 8495
f 8512 8514 8515
f 8512 8515 8513
f 8514 8501 8502
f 8514 8502 8515
f 8516 8517 8463
f 8516 8463 8501
f 8503 8518 8519
f 8503 8519 8504
f 8504 8519 8520
f 8504 8520 8505
f 8521 8522 8507
f 8521 8507 8506
f 8505 8520 8291
f 8505 8291 8290
f 8522 8523 8512
f 8522 8512 8507
f 8260 8258 8277
f 8260 8277 8278
f 8523 8524 8514
f 8523 8514 8512
f 8524 8516 8501
f 8524 8501 8514
f 8525 8526 8516
f 8525 8516 8524
f 8526 8527 8517
f 8526 8517 8516
f 8518 8528 8529
f 8518 8529 8519
f 8519 8529 8530
f 8519 8530 8520
f 8531 8532 8522
f 8531 8522 8521
f 8520 8530 8533
f 8520 8533 8291
f 8532 8534 8523
f 8532 8523 8522
f 8291 8533 8279
f 8291 8279 8278
f 8534 8525 8524
f 8534 8524 8523
f 8300 8310 8535
f 8300 8535 8536
f 8276 8511 8290
f 8276 8290 8277
f 8276 8275 8289
f 8276 8289 8301
f 8510 8301 8300
f 8510 8300 8536
f 8491 8476 8477
f 8491 8477 8537
f 8509 8508 8497
f 8509 8497 8496
f 8508 8513 8498
f 8508 8498 8497
f 8479 8495 8511
f 8479 8511 8510
f 8513 8515 8499
f 8513 8499 8498
f 8515 8502 8500
f 8515 8500 8499
f 8502 8462 8476
f 8502 8476 8500
f 8286 8296 8297
f 8286 8297 8287
f 8252 8272 8273
f 8252 8273 8255
f 8222 8221 8224
f 8222 8224 8223
f 8331 8222 8223
f 8331 8223 8332
f 8272 8286 8287
f 8272 8287 8273
f 8221 8238 8239
f 8221 8239 8224
f 8253 8252 8255
f 8253 8255 8254
f 8306 8317 8318
f 8306 8318 8307
f 8296 8306 8307
f 8296 8307 8297
f 8480 8479 8510
f 8480 8510 8536
f 8329 8458 8410
f 8329 8410 8328
f 8330 8466 8458
f 8330 8458 8329
f 8466 8330 8331
f 8466 8331 8483
f 8332 8496 8483
f 8332 8483 8331
f 8496 8332 8333
f 8496 8333 8509
f 8509 8333 8334
f 8509 8334 8506
f 8335 8521 8506
f 8335 8506 8334
f 8521 8335 8336
f 8521 8336 8531
f 8536 8535 8485
f 8536 8485 8480
f 8463 8517 8538
f 8463 8538 8464
f 8517 8527 8539
f 8517 8539 8538
f 8540 8481 8469
f 8540 8469 8468
f 8535 8541 8487
f 8535 8487 8485
f 8535 8310 8321
f 8535 8321 8541
f 8542 8492 8491
f 8542 8491 8537
f 8529 8543 8544
f 8529 8544 8530
f 8545 8546 8532
f 8545 8532 8531
f 8232 8231 8547
f 8232 8547 8548
f 8530 8544 8549
f 8530 8549 8533
f 8550 8539 8527
f 8550 8527 8551
f 8546 8552 8534
f 8546 8534 8532
f 8231 8243 8553
f 8231 8553 8547
f 8552 8554 8525
f 8552 8525 8534
f 8548 8555 8336
f 8548 8336 8232
f 8554 8556 8526
f 8554 8526 8525
f 8556 8551 8527
f 8556 8527 8526
f 8555 8545 8531
f 8555 8531 8336
f 8263 8262 8557
f 8263 8557 8558
f 8528 8559 8543
f 8528 8543 8529
f 8262 8279 8560
f 8262 8560 8557
f 8533 8549 8560
f 8533 8560 8279
f 8543 8561 8562
f 8543 8562 8544
f 8563 8564 8546
f 8563 8546 8545
f 8547 8553 8565
f 8547 8565 8566
f 8544 8562 8567
f 8544 8567 8549
f 8564 8568 8552
f 8564 8552 8546
f 8549 8567 8569
f 8549 8569 8560
f 8568 8570 8554
f 8568 8554 8552
f 8571 8563 8545
f 8571 8545 8555
f 8570 8572 8556
f 8570 8556 8554
f 8558 8557 8573
f 8558 8573 8574
f 8575 8550 8551
f 8575 8551 8576
f 8572 8576 8551
f 8572 8551 8556
f 8557 8560 8569
f 8557 8569 8573
f 8559 8577 8561
f 8559 8561 8543
f 8578 8571 8555
f 8578 8555 8548
f 8548 8547 8566
f 8548 8566 8578
f 8562 8579 8580
f 8562 8580 8567
f 8581 8582 8568
f 8581 8568 8564
f 8567 8580 8583
f 8567 8583 8569
f 8582 8584 8570
f 8582 8570 8568
f 8585 8586 8563
f 8585 8563 8571
f 8584 8587 8572
f 8584 8572 8570
f 8574 8573 8588
f 8574 8588 8589
f 8590 8575 8576
f 8590 8576 8591
f 8587 8591 8576
f 8587 8576 8572
f 8573 8569 8583
f 8573 8583 8588
f 8577 8592 8593
f 8577 8593 8561
f 8594 8585 8571
f 8594 8571 8578
f 8578 8566 8595
f 8578 8595 8594
f 8561 8593 8579
f 8561 8579 8562
f 8586 8581 8564
f 8586 8564 8563
f 8566 8565 8596
f 8566 8596 8595
f 8580 8597 8598
f 8580 8598 8583
f 8599 8600 8584
f 8599 8584 8582
f 8601 8602 8586
f 8601 8586 8585
f 8600 8603 8587
f 8600 8587 8584
f 8589 8588 8604
f 8589 8604 8605
f 8606 8590 8591
f 8606 8591 8607
f 8603 8607 8591
f 8603 8591 8587
f 8588 8583 8598
f 8588 8598 8604
f 8592 8608 8609
f 8592 8609 8593
f 8610 8601 8585
f 8610 8585 8594
f 8594 8595 8611
f 8594 8611 8610
f 8593 8609 8612
f 8593 8612 8579
f 8602 8613 8581
f 8602 8581 8586
f 8595 8596 8614
f 8595 8614 8611
f 8579 8612 8597
f 8579 8597 8580
f 8613 8599 8582
f 8613 8582 8581
f 8615 8616 8617
f 8615 8617 8618
f 8619 8620 8621
f 8619 8621 8622
f 8618 8617 8623
f 8618 8623 8624
f 8625 8622 8621
f 8625 8621 8626
f 8624 8623 8627
f 8624 8627 8628
f 8625 8626 8629
f 8625 8629 8630
f 8628 8627 8631
f 8628 8631 8632
f 8633 8634 8635
f 8633 8635 8636
f 8630 8629 8637
f 8630 8637 8638
f 8632 8631 8639
f 8632 8639 8640
f 8636 8635 8641
f 8636 8641 8642
f 8643 8644 8634
f 8643 8634 8633
f 8640 8639 8645
f 8640 8645 8646
f 8642 8641 8616
f 8642 8616 8615
f 8638 8637 8644
f 8638 8644 8643
f 8646 8645 8620
f 8646 8620 8619
f 8619 8622 8625
f 8619 8625 8630
f 8646 8619 8630
f 8646 8630 8638
f 8640 8646 8638
f 8640 8638 8643
f 8632 8640 8643
f 8632 8643 8633
f 8633 8636 8628
f 8633 8628 8632
f 8636 8642 8624
f 8636 8624 8628
f 8642 8615 8618
f 8642 8618 8624
f 8616 8647 8648
f 8616 8648 8617
f 8620 8649 8650
f 8620 8650 8621
f 8617 8648 8651
f 8617 8651 8623
f 8626 8621 8650
f 8626 8650 8652
f 8623 8651 8653
f 8623 8653 8627
f 8626 8652 8654
f 8626 8654 8629
f 8627 8653 8655
f 8627 8655 8631
f 8634 8656 8657
f 8634 8657 8635
f 8629 8654 8658
f 8629 8658 8637
f 8631 8655 8659
f 8631 8659 8639
f 8635 8657 8660
f 8635 8660 8641
f 8644 8661 8656
f 8644 8656 8634
f 8639 8659 8662
f 8639 8662 8645
f 8641 8660 8647
f 8641 8647 8616
f 8637 8658 8661
f 8637 8661 8644
f 8645 8662 8649
f 8645 8649 8620
f 8652 8650 8663
f 8652 8663 8664
f 8651 8665 8666
f 8651 8666 8653
f 8652 8664 8667
f 8652 8667 8654
f 8653 8666 8668
f 8653 8668 8655
f 8656 8669 8670
f 8656 8670 8657
f 8654 8667 8671
f 8654 8671 8658
f 8655 8668 8672
f 8655 8672 8659
f 8657 8670 8673
f 8657 8673 8660
f 8661 8674 8669
f 8661 8669 8656
f 8659 8672 8675
f 8659 8675 8662
f 8660 8673 8676
f 8660 8676 8647
f 8658 8671 8674
f 8658 8674 8661
f 8662 8675 8677
f 8662 8677 8649
f 8647 8676 8678
f 8647 8678 8648
f 8649 8677 8663
f 8649 8663 8650
f 8648 8678 8665
f 8648 8665 8651
f 8679 8680 8681
f 8679 8681 8682
f 8683 8684 8685
f 8683 8685 8686
f 8687 8682 8681
f 8687 8681 8688
f 8686 8685 8689
f 8686 8689 8690
f 8687 8688 8691
f 8687 8691 8692
f 8690 8689 8693
f 8690 8693 8694
f 8695 8696 8697
f 8695 8697 8698
f 8692 8691 8699
f 8692 8699 8700
f 8694 8693 8701
f 8694 8701 8702
f 8698 8697 8703
f 8698 8703 8704
f 8705 8706 8696
f 8705 8696 8695
f 8702 8701 8707
f 8702 8707 8708
f 8704 8703 8709
f 8704 8709 8710
f 8700 8699 8706
f 8700 8706 8705
f 8708 8707 8680
f 8708 8680 8679
f 8710 8709 8684
f 8710 8684 8683
f 8688 8681 8711
f 8688 8711 8712
f 8685 8713 8714
f 8685 8714 8689
f 8688 8712 8715
f 8688 8715 8691
f 8689 8714 8716
f 8689 8716 8693
f 8696 8717 8718
f 8696 8718 8697
f 8691 8715 8719
f 8691 8719 8699
f 8693 8716 8720
f 8693 8720 8701
f 8697 8718 8721
f 8697 8721 8703
f 8706 8722 8717
f 8706 8717 8696
f 8701 8720 8723
f 8701 8723 8707
f 8703 8721 8724
f 8703 8724 8709
f 8699 8719 8722
f 8699 8722 8706
f 8707 8723 8725
f 8707 8725 8680
f 8709 8724 8726
f 8709 8726 8684
f 8680 8725 8711
f 8680 8711 8681
f 8684 8726 8713
f 8684 8713 8685
f 8725 8727 8728
f 8725 8728 8711
f 8726 8729 8730
f 8726 8730 8713
f 8712 8711 8728
f 8712 8728 8731
f 8713 8730 8732
f 8713 8732 8714
f 8712 8731 8733
f 8712 8733 8715
f 8714 8732 8734
f 8714 8734 8716
f 8717 8735 8736
f 8717 8736 8718
f 8715 8733 8737
f 8715 8737 8719
f 8716 8734 8738
f 8716 8738 8720
f 8718 8736 8739
f 8718 8739 8721
f 8722 8740 8735
f 8722 8735 8717
f 8720 8738 8741
f 8720 8741 8723
f 8721 8739 8742
f 8721 8742 8724
f 8719 8737 8740
f 8719 8740 8722
f 8723 8741 8727
f 8723 8727 8725
f 8724 8742 8729
f 8724 8729 8726
f 8677 8679 8682
f 8677 8682 8663
f 8678 8683 8686
f 8678 8686 8665
f 8664 8663 8682
f 8664 8682 8687
f 8665 8686 8690
f 8665 8690 8666
f 8664 8687 8692
f 8664 8692 8667
f 8666 8690 8694
f 8666 8694 8668
f 8669 8695 8698
f 8669 8698 8670
f 8667 8692 8700
f 8667 8700 8671
f 8668 8694 8702
f 8668 8702 8672
f 8670 8698 8704
f 8670 8704 8673
f 8674 8705 8695
f 8674 8695 8669
f 8672 8702 8708
f 8672 8708 8675
f 8673 8704 8710
f 8673 8710 8676
f 8671 8700 8705
f 8671 8705 8674
f 8675 8708 8679
f 8675 8679 8677
f 8676 8710 8683
f 8676 8683 8678
f 8728 8315 8314
f 8728 8314 8731
f 8727 8316 8315
f 8727 8315 8728
f 8731 8314 8313
f 8731 8313 8733
f 8395 8737 8733
f 8395 8733 8313
f 8338 8740 8737
f 8338 8737 8395
f 8743 8744 8735
f 8743 8735 8740
f 8744 8745 8736
f 8744 8736 8735
f 8745 8746 8739
f 8745 8739 8736
f 2083 2084 8744
f 2083 8744 8743
f 2084 2085 8745
f 2084 8745 8744
f 2085 2086 8746
f 2085 8746 8745
f 1642 2083 8743
f 1642 8743 8322
f 8322 8743 8740
f 8322 8740 8338
f 8316 8727 8741
f 8316 8741 8317
f 8318 8747 8748
f 8318 8748 8319
f 8749 8750 8751
f 8749 8751 8752
f 8753 8754 8755
f 8753 8755 8756
f 8757 8758 8759
f 8757 8759 8760
f 8761 8762 8763
f 8761 8763 8764
f 8765 8766 8767
f 8765 8767 8768
f 8769 8770 8771
f 8769 8771 8772
f 8773 8774 8775
f 8773 8775 8776
f 8777 8778 8779
f 8777 8779 8780
f 8781 8782 8783
f 8781 8783 8784
f 8785 8786 8787
f 8785 8787 8788
f 8789 8760 8759
f 8789 8759 8790
f 8791 8792 8793
f 8791 8793 8794
f 8795 8796 8797
f 8795 8797 8798
f 8799 8800 8801
f 8799 8801 8802
f 8803 8804 8779
f 8803 8779 8778
f 8805 8806 8771
f 8805 8771 8770
f 8807 8808 8755
f 8807 8755 8754
f 8788 8787 8809
f 8788 8809 8810
f 8798 8797 8811
f 8798 8811 8812
f 8813 8811 8797
f 8813 8797 8814
f 8815 8752 8751
f 8815 8751 8816
f 8817 8756 8755
f 8817 8755 8818
f 8819 8820 8821
f 8819 8821 8822
f 8823 8824 8825
f 8823 8825 8826
f 8827 8828 8829
f 8827 8829 8830
f 8831 8832 8833
f 8831 8833 8834
f 8820 8823 8826
f 8820 8826 8821
f 8835 8836 8837
f 8835 8837 8838
f 8839 8840 8837
f 8839 8837 8841
f 8842 8843 8844
f 8842 8844 8845
f 8846 8839 8841
f 8846 8841 8847
f 8848 8849 8850
f 8848 8850 8851
f 8852 8853 8854
f 8852 8854 8855
f 8856 8857 8858
f 8856 8858 8859
f 8849 8856 8859
f 8849 8859 8850
f 8850 8859 8860
f 8850 8860 8861
f 8859 8858 8862
f 8859 8862 8860
f 8750 8757 8760
f 8750 8760 8751
f 8766 8761 8764
f 8766 8764 8767
f 8774 8781 8784
f 8774 8784 8775
f 8863 8864 8865
f 8863 8865 8866
f 8816 8751 8760
f 8816 8760 8789
f 8867 8868 8869
f 8867 8869 8870
f 8871 8872 8873
f 8871 8873 8874
f 8855 8854 8875
f 8855 8875 8876
f 8851 8850 8861
f 8851 8861 8877
f 8847 8841 8828
f 8847 8828 8827
f 8845 8844 8878
f 8845 8878 8879
f 8841 8837 8836
f 8841 8836 8828
f 8838 8837 8840
f 8838 8840 8880
f 8881 8882 8883
f 8881 8883 8884
f 8829 8833 8832
f 8829 8832 8885
f 8822 8821 8849
f 8822 8849 8848
f 8830 8829 8885
f 8830 8885 8886
f 8821 8826 8856
f 8821 8856 8849
f 8887 8888 8843
f 8887 8843 8842
f 8826 8825 8857
f 8826 8857 8856
f 8834 8833 8836
f 8834 8836 8835
f 8889 8890 8820
f 8889 8820 8819
f 8891 8892 8824
f 8891 8824 8823
f 8893 8894 8895
f 8893 8895 8896
f 8897 8898 8899
f 8897 8899 8900
f 8796 8901 8814
f 8796 8814 8797
f 8902 8799 8802
f 8902 8802 8818
f 8903 8813 8814
f 8903 8814 8794
f 8904 8905 8906
f 8904 8906 8907
f 8908 8909 8802
f 8908 8802 8801
f 8907 8906 8898
f 8907 8898 8897
f 8872 8910 8911
f 8872 8911 8873
f 8912 8913 8914
f 8912 8914 8915
f 8916 8917 8918
f 8916 8918 8919
f 8920 8921 8922
f 8920 8922 8923
f 8924 8925 8926
f 8924 8926 8927
f 8928 8926 8929
f 8928 8929 8930
f 8931 8932 8933
f 8931 8933 8934
f 8935 8936 8937
f 8935 8937 8938
f 8780 8779 8921
f 8780 8921 8920
f 8939 8912 8915
f 8939 8915 8940
f 8941 8939 8940
f 8941 8940 8942
f 8906 8816 8789
f 8906 8789 8898
f 8943 8944 8922
f 8943 8922 8921
f 8936 8863 8866
f 8936 8866 8937
f 8934 8933 8945
f 8934 8945 8946
f 8947 8948 8832
f 8947 8832 8831
f 8905 8815 8816
f 8905 8816 8906
f 8890 8891 8823
f 8890 8823 8820
f 8915 8914 8758
f 8915 8758 8757
f 8949 8896 8895
f 8949 8895 8950
f 8776 8775 8939
f 8776 8939 8941
f 8784 8783 8913
f 8784 8913 8912
f 8804 8943 8921
f 8804 8921 8779
f 8951 8927 8926
f 8951 8926 8928
f 8925 8948 8929
f 8925 8929 8926
f 8923 8922 8754
f 8923 8754 8753
f 8933 8788 8810
f 8933 8810 8945
f 8932 8785 8788
f 8932 8788 8933
f 8775 8784 8912
f 8775 8912 8939
f 8808 8902 8818
f 8808 8818 8755
f 8901 8791 8794
f 8901 8794 8814
f 8898 8789 8790
f 8898 8790 8899
f 8868 8935 8938
f 8868 8938 8869
f 8793 8934 8946
f 8793 8946 8952
f 8909 8817 8818
f 8909 8818 8802
f 8952 8903 8794
f 8952 8794 8793
f 8910 8867 8870
f 8910 8870 8911
f 8792 8931 8934
f 8792 8934 8793
f 8942 8940 8750
f 8942 8750 8749
f 8940 8915 8757
f 8940 8757 8750
f 8944 8807 8754
f 8944 8754 8922
f 8953 8954 8774
f 8953 8774 8773
f 8955 8956 8778
f 8955 8778 8777
f 8957 8958 8782
f 8957 8782 8781
f 8959 8803 8778
f 8959 8778 8956
f 8954 8957 8781
f 8954 8781 8774
f 8787 8960 8961
f 8787 8961 8809
f 8864 8962 8963
f 8864 8963 8865
f 8786 8964 8960
f 8786 8960 8787
f 8960 8928 8930
f 8960 8930 8961
f 8962 8949 8950
f 8962 8950 8963
f 8964 8951 8928
f 8964 8928 8960
f 8965 8966 8954
f 8965 8954 8953
f 8967 8968 8956
f 8967 8956 8955
f 8969 8970 8958
f 8969 8958 8957
f 8971 8959 8956
f 8971 8956 8968
f 8966 8969 8957
f 8966 8957 8954
f 8919 8918 8888
f 8919 8888 8887
f 8876 8875 8882
f 8876 8882 8881
f 8828 8836 8833
f 8828 8833 8829
f 8866 8865 8972
f 8866 8972 8973
f 8870 8869 8974
f 8870 8974 8975
f 8874 8873 8976
f 8874 8976 8977
f 8875 8978 8979
f 8875 8979 8882
f 8853 8980 8981
f 8853 8981 8854
f 8854 8981 8978
f 8854 8978 8875
f 8882 8979 8982
f 8882 8982 8883
f 8873 8911 8983
f 8873 8983 8976
f 8894 8984 8985
f 8894 8985 8895
f 8938 8937 8986
f 8938 8986 8987
f 8950 8895 8985
f 8950 8985 8988
f 8937 8866 8973
f 8937 8973 8986
f 8911 8870 8975
f 8911 8975 8983
f 8869 8938 8987
f 8869 8987 8974
f 8865 8963 8989
f 8865 8989 8972
f 8963 8950 8988
f 8963 8988 8989
f 8990 8991 8867
f 8990 8867 8910
f 8992 8993 8872
f 8992 8872 8871
f 8993 8990 8910
f 8993 8910 8872
f 8994 8995 8896
f 8994 8896 8949
f 8996 8855 8876
f 8996 8876 8997
f 8998 8999 8935
f 8998 8935 8868
f 9000 9001 8962
f 9000 8962 8864
f 9002 8881 8884
f 9002 8884 9003
f 9004 9000 8864
f 9004 8864 8863
f 8991 8998 8868
f 8991 8868 8867
f 9005 9004 8863
f 9005 8863 8936
f 8997 8876 8881
f 8997 8881 9002
f 9006 8852 8855
f 9006 8855 8996
f 9001 8994 8949
f 9001 8949 8962
f 9007 8893 8896
f 9007 8896 8995
f 8999 9005 8936
f 8999 8936 8935
f 9008 9009 8853
f 9008 8853 8852
f 8861 8860 9010
f 8861 9010 9011
f 8980 8853 9009
f 8980 9009 9012
f 8877 8861 9011
f 8877 9011 9013
f 9014 9015 8840
f 9014 8840 8839
f 8879 8878 9016
f 8879 9016 9017
f 9006 8879 9017
f 9006 9017 9018
f 8880 8840 9015
f 8880 9015 9019
f 9020 9014 8839
f 9020 8839 8846
f 8860 8862 9021
f 8860 9021 9010
f 9018 9017 9022
f 9018 9022 9023
f 9020 9023 9022
f 9020 9022 9014
f 9014 9022 9024
f 9014 9024 9015
f 9022 9017 9016
f 9022 9016 9024
f 9025 9013 9011
f 9025 9011 9010
f 9025 9019 9015
f 9025 9015 9024
f 8967 8970 8890
f 8967 8890 8889
f 8969 8966 8892
f 8969 8892 8891
f 8884 8883 8894
f 8884 8894 8893
f 8971 8968 8917
f 8971 8917 8916
f 8886 8885 8925
f 8886 8925 8924
f 8965 8929 8948
f 8965 8948 8947
f 8970 8969 8891
f 8970 8891 8890
f 8885 8832 8948
f 8885 8948 8925
f 8883 8982 8984
f 8883 8984 8894
f 9003 8884 8893
f 9003 8893 9007
f 9026 9027 9028
f 9026 9028 9029
f 9030 9031 9032
f 9030 9032 9033
f 9034 9035 9036
f 9034 9036 9037
f 9038 9039 9040
f 9038 9040 9041
f 9042 9043 9044
f 9042 9044 9045
f 9046 9047 9048
f 9046 9048 9049
f 9050 9051 9052
f 9050 9052 9053
f 9054 9055 9056
f 9054 9056 9057
f 9058 9059 9060
f 9058 9060 9061
f 9062 9063 9064
f 9062 9064 9065
f 9066 9037 9036
f 9066 9036 9067
f 9068 9069 9070
f 9068 9070 9071
f 9072 9073 9074
f 9072 9074 9075
f 9076 9077 9078
f 9076 9078 9079
f 9080 9081 9056
f 9080 9056 9055
f 9082 9083 9048
f 9082 9048 9047
f 9084 9085 9032
f 9084 9032 9031
f 9065 9064 9086
f 9065 9086 9087
f 9075 9074 9088
f 9075 9088 9089
f 9090 9088 9074
f 9090 9074 9091
f 9092 9029 9028
f 9092 9028 9093
f 9094 9033 9032
f 9094 9032 9095
f 9096 9097 9098
f 9096 9098 9099
f 9100 9101 9102
f 9100 9102 9103
f 9104 9105 9106
f 9104 9106 9107
f 9108 9109 9110
f 9108 9110 9111
f 9097 9100 9103
f 9097 9103 9098
f 9112 9113 9114
f 9112 9114 9115
f 9116 9117 9114
f 9116 9114 9118
f 9119 9120 9121
f 9119 9121 9122
f 9123 9116 9118
f 9123 9118 9124
f 9125 9126 9127
f 9125 9127 9128
f 9129 9130 9131
f 9129 9131 9132
f 9133 9134 9135
f 9133 9135 9136
f 9126 9133 9136
f 9126 9136 9127
f 9127 9136 9137
f 9127 9137 9138
f 9136 9135 9139
f 9136 9139 9137
f 9027 9034 9037
f 9027 9037 9028
f 9043 9038 9041
f 9043 9041 9044
f 9051 9058 9061
f 9051 9061 9052
f 9140 9141 9142
f 9140 9142 9143
f 9093 9028 9037
f 9093 9037 9066
f 9144 9145 9146
f 9144 9146 9147
f 9148 9149 9150
f 9148 9150 9151
f 9132 9131 9152
f 9132 9152 9153
f 9128 9127 9138
f 9128 9138 9154
f 9124 9118 9105
f 9124 9105 9104
f 9122 9121 9155
f 9122 9155 9156
f 9118 9114 9113
f 9118 9113 9105
f 9115 9114 9117
f 9115 9117 9157
f 9158 9159 9160
f 9158 9160 9161
f 9106 9110 9109
f 9106 9109 9162
f 9099 9098 9126
f 9099 9126 9125
f 9107 9106 9162
f 9107 9162 9163
f 9098 9103 9133
f 9098 9133 9126
f 9164 9165 9120
f 9164 9120 9119
f 9103 9102 9134
f 9103 9134 9133
f 9111 9110 9113
f 9111 9113 9112
f 9166 9167 9097
f 9166 9097 9096
f 9168 9169 9101
f 9168 9101 9100
f 9170 9171 9172
f 9170 9172 9173
f 9174 9175 9176
f 9174 9176 9177
f 9073 9178 9091
f 9073 9091 9074
f 9179 9076 9079
f 9179 9079 9095
f 9180 9090 9091
f 9180 9091 9071
f 9181 9182 9183
f 9181 9183 9184
f 9185 9186 9079
f 9185 9079 9078
f 9184 9183 9175
f 9184 9175 9174
f 9149 9187 9188
f 9149 9188 9150
f 9189 9190 9191
f 9189 9191 9192
f 9193 9194 9195
f 9193 9195 9196
f 9197 9198 9199
f 9197 9199 9200
f 9201 9202 9203
f 9201 9203 9204
f 9205 9203 9206
f 9205 9206 9207
f 9208 9209 9210
f 9208 9210 9211
f 9212 9213 9214
f 9212 9214 9215
f 9057 9056 9198
f 9057 9198 9197
f 9216 9189 9192
f 9216 9192 9217
f 9218 9216 9217
f 9218 9217 9219
f 9183 9093 9066
f 9183 9066 9175
f 9220 9221 9199
f 9220 9199 9198
f 9213 9140 9143
f 9213 9143 9214
f 9211 9210 9222
f 9211 9222 9223
f 9224 9225 9109
f 9224 9109 9108
f 9182 9092 9093
f 9182 9093 9183
f 9167 9168 9100
f 9167 9100 9097
f 9192 9191 9035
f 9192 9035 9034
f 9226 9173 9172
f 9226 9172 9227
f 9053 9052 9216
f 9053 9216 9218
f 9061 9060 9190
f 9061 9190 9189
f 9081 9220 9198
f 9081 9198 9056
f 9228 9204 9203
f 9228 9203 9205
f 9202 9225 9206
f 9202 9206 9203
f 9200 9199 9031
f 9200 9031 9030
f 9210 9065 9087
f 9210 9087 9222
f 9209 9062 9065
f 9209 9065 9210
f 9052 9061 9189
f 9052 9189 9216
f 9085 9179 9095
f 9085 9095 9032
f 9178 9068 9071
f 9178 9071 9091
f 9175 9066 9067
f 9175 9067 9176
f 9145 9212 9215
f 9145 9215 9146
f 9070 9211 9223
f 9070 9223 9229
f 9186 9094 9095
f 9186 9095 9079
f 9229 9180 9071
f 9229 9071 9070
f 9187 9144 9147
f 9187 9147 9188
f 9069 9208 9211
f 9069 9211 9070
f 9219 9217 9027
f 9219 9027 9026
f 9217 9192 9034
f 9217 9034 9027
f 9221 9084 9031
f 9221 9031 9199
f 9230 9231 9051
f 9230 9051 9050
f 9232 9233 9055
f 9232 9055 9054
f 9234 9235 9059
f 9234 9059 9058
f 9236 9080 9055
f 9236 9055 9233
f 9231 9234 9058
f 9231 9058 9051
f 9064 9237 9238
f 9064 9238 9086
f 9141 9239 9240
f 9141 9240 9142
f 9063 9241 9237
f 9063 9237 9064
f 9237 9205 9207
f 9237 9207 9238
f 9239 9226 9227
f 9239 9227 9240
f 9241 9228 9205
f 9241 9205 9237
f 9242 9243 9231
f 9242 9231 9230
f 9244 9245 9233
f 9244 9233 9232
f 9246 9247 9235
f 9246 9235 9234
f 9248 9236 9233
f 9248 9233 9245
f 9243 9246 9234
f 9243 9234 9231
f 9196 9195 9165
f 9196 9165 9164
f 9153 9152 9159
f 9153 9159 9158
f 9105 9113 9110
f 9105 9110 9106
f 9143 9142 9249
f 9143 9249 9250
f 9147 9146 9251
f 9147 9251 9252
f 9151 9150 9253
f 9151 9253 9254
f 9152 9255 9256
f 9152 9256 9159
f 9130 9257 9258
f 9130 9258 9131
f 9131 9258 9255
f 9131 9255 9152
f 9159 9256 9259
f 9159 9259 9160
f 9150 9188 9260
f 9150 9260 9253
f 9171 9261 9262
f 9171 9262 9172
f 9215 9214 9263
f 9215 9263 9264
f 9227 9172 9262
f 9227 9262 9265
f 9214 9143 9250
f 9214 9250 9263
f 9188 9147 9252
f 9188 9252 9260
f 9146 9215 9264
f 9146 9264 9251
f 9142 9240 9266
f 9142 9266 9249
f 9240 9227 9265
f 9240 9265 9266
f 9267 9268 9144
f 9267 9144 9187
f 9269 9270 9149
f 9269 9149 9148
f 9270 9267 9187
f 9270 9187 9149
f 9271 9272 9173
f 9271 9173 9226
f 9273 9132 9153
f 9273 9153 9274
f 9275 9276 9212
f 9275 9212 9145
f 9277 9278 9239
f 9277 9239 9141
f 9279 9158 9161
f 9279 9161 9280
f 9281 9277 9141
f 9281 9141 9140
f 9268 9275 9145
f 9268 9145 9144
f 9282 9281 9140
f 9282 9140 9213
f 9274 9153 9158
f 9274 9158 9279
f 9283 9129 9132
f 9283 9132 9273
f 9278 9271 9226
f 9278 9226 9239
f 9284 9170 9173
f 9284 9173 9272
f 9276 9282 9213
f 9276 9213 9212
f 9285 9286 9130
f 9285 9130 9129
f 9138 9137 9287
f 9138 9287 9288
f 9257 9130 9286
f 9257 9286 9289
f 9154 9138 9288
f 9154 9288 9290
f 9291 9292 9117
f 9291 9117 9116
f 9156 9155 9293
f 9156 9293 9294
f 9283 9156 9294
f 9283 9294 9295
f 9157 9117 9292
f 9157 9292 9296
f 9297 9291 9116
f 9297 9116 9123
f 9137 9139 9298
f 9137 9298 9287
f 9295 9294 9299
f 9295 9299 9300
f 9297 9300 9299
f 9297 9299 9291
f 9291 9299 9301
f 9291 9301 9292
f 9299 9294 9293
f 9299 9293 9301
f 9302 9290 9288
f 9302 9288 9287
f 9302 9296 9292
f 9302 9292 9301
f 9244 9247 9167
f 9244 9167 9166
f 9246 9243 9169
f 9246 9169 9168
f 9161 9160 9171
f 9161 9171 9170
f 9248 9245 9194
f 9248 9194 9193
f 9163 9162 9202
f 9163 9202 9201
f 9242 9206 9225
f 9242 9225 9224
f 9247 9246 9168
f 9247 9168 9167
f 9162 9109 9225
f 9162 9225 9202
f 9160 9259 9261
f 9160 9261 9171
f 9280 9161 9170
f 9280 9170 9284
f 9303 9304 9305
f 9303 9305 9306
f 9307 9308 9309
f 9307 9309 9310
f 9311 9312 9313
f 9311 9313 9314
f 9315 9316 9317
f 9315 9317 9318
f 9319 9320 9321
f 9319 9321 9322
f 9323 9324 9325
f 9323 9325 9326
f 9327 9328 9329
f 9327 9329 9330
f 9331 9332 9333
f 9331 9333 9334
f 9335 9336 9337
f 9335 9337 9338
f 9339 9340 9341
f 9339 9341 9342
f 9343 9314 9313
f 9343 9313 9344
f 9345 9346 9347
f 9345 9347 9348
f 9349 9350 9351
f 9349 9351 9352
f 9353 9354 9355
f 9353 9355 9356
f 9357 9358 9333
f 9357 9333 9332
f 9359 9360 9325
f 9359 9325 9324
f 9361 9362 9309
f 9361 9309 9308
f 9342 9341 9363
f 9342 9363 9364
f 9352 9351 9365
f 9352 9365 9366
f 9367 9365 9351
f 9367 9351 9368
f 9369 9306 9305
f 9369 9305 9370
f 9371 9310 9309
f 9371 9309 9372
f 9373 9374 9375
f 9373 9375 9376
f 9377 9378 9379
f 9377 9379 9380
f 9381 9382 9383
f 9381 9383 9384
f 9385 9386 9387
f 9385 9387 9388
f 9374 9377 9380
f 9374 9380 9375
f 9389 9390 9391
f 9389 9391 9392
f 9393 9394 9391
f 9393 9391 9395
f 9396 9397 9398
f 9396 9398 9399
f 9400 9393 9395
f 9400 9395 9401
f 9402 9403 9404
f 9402 9404 9405
f 9406 9407 9408
f 9406 9408 9409
f 9410 9411 9412
f 9410 9412 9413
f 9403 9410 9413
f 9403 9413 9404
f 9404 9413 9414
f 9404 9414 9415
f 9413 9412 9416
f 9413 9416 9414
f 9304 9311 9314
f 9304 9314 9305
f 9320 9315 9318
f 9320 9318 9321
f 9328 9335 9338
f 9328 9338 9329
f 9417 9418 9419
f 9417 9419 9420
f 9370 9305 9314
f 9370 9314 9343
f 9421 9422 9423
f 9421 9423 9424
f 9425 9426 9427
f 9425 9427 9428
f 9409 9408 9429
f 9409 9429 9430
f 9405 9404 9415
f 9405 9415 9431
f 9401 9395 9382
f 9401 9382 9381
f 9399 9398 9432
f 9399 9432 9433
f 9395 9391 9390
f 9395 9390 9382
f 9392 9391 9394
f 9392 9394 9434
f 9435 9436 9437
f 9435 9437 9438
f 9383 9387 9386
f 9383 9386 9439
f 9376 9375 9403
f 9376 9403 9402
f 9384 9383 9439
f 9384 9439 9440
f 9375 9380 9410
f 9375 9410 9403
f 9441 9442 9397
f 9441 9397 9396
f 9380 9379 9411
f 9380 9411 9410
f 9388 9387 9390
f 9388 9390 9389
f 9443 9444 9374
f 9443 9374 9373
f 9445 9446 9378
f 9445 9378 9377
f 9447 9448 9449
f 9447 9449 9450
f 9451 9452 9453
f 9451 9453 9454
f 9350 9455 9368
f 9350 9368 9351
f 9456 9353 9356
f 9456 9356 9372
f 9457 9367 9368
f 9457 9368 9348
f 9458 9459 9460
f 9458 9460 9461
f 9462 9463 9356
f 9462 9356 9355
f 9461 9460 9452
f 9461 9452 9451
f 9426 9464 9465
f 9426 9465 9427
f 9466 9467 9468
f 9466 9468 9469
f 9470 9471 9472
f 9470 9472 9473
f 9474 9475 9476
f 9474 9476 9477
f 9478 9479 9480
f 9478 9480 9481
f 9482 9480 9483
f 9482 9483 9484
f 9485 9486 9487
f 9485 9487 9488
f 9489 9490 9491
f 9489 9491 9492
f 9334 9333 9475
f 9334 9475 9474
f 9493 9466 9469
f 9493 9469 9494
f 9495 9493 9494
f 9495 9494 9496
f 9460 9370 9343
f 9460 9343 9452
f 9497 9498 9476
f 9497 9476 9475
f 9490 9417 9420
f 9490 9420 9491
f 9488 9487 9499
f 9488 9499 9500
f 9501 9502 9386
f 9501 9386 9385
f 9459 9369 9370
f 9459 9370 9460
f 9444 9445 9377
f 9444 9377 9374
f 9469 9468 9312
f 9469 9312 9311
f 9503 9450 9449
f 9503 9449 9504
f 9330 9329 9493
f 9330 9493 9495
f 9338 9337 9467
f 9338 9467 9466
f 9358 9497 9475
f 9358 9475 9333
f 9505 9481 9480
f 9505 9480 9482
f 9479 9502 9483
f 9479 9483 9480
f 9477 9476 9308
f 9477 9308 9307
f 9487 9342 9364
f 9487 9364 9499
f 9486 9339 9342
f 9486 9342 9487
f 9329 9338 9466
f 9329 9466 9493
f 9362 9456 9372
f 9362 9372 9309
f 9455 9345 9348
f 9455 9348 9368
f 9452 9343 9344
f 9452 9344 9453
f 9422 9489 9492
f 9422 9492 9423
f 9347 9488 9500
f 9347 9500 9506
f 9463 9371 9372
f 9463 9372 9356
f 9506 9457 9348
f 9506 9348 9347
f 9464 9421 9424
f 9464 9424 9465
f 9346 9485 9488
f 9346 9488 9347
f 9496 9494 9304
f 9496 9304 9303
f 9494 9469 9311
f 9494 9311 9304
f 9498 9361 9308
f 9498 9308 9476
f 9507 9508 9328
f 9507 9328 9327
f 9509 9510 9332
f 9509 9332 9331
f 9511 9512 9336
f 9511 9336 9335
f 9513 9357 9332
f 9513 9332 9510
f 9508 9511 9335
f 9508 9335 9328
f 9341 9514 9515
f 9341 9515 9363
f 9418 9516 9517
f 9418 9517 9419
f 9340 9518 9514
f 9340 9514 9341
f 9514 9482 9484
f 9514 9484 9515
f 9516 9503 9504
f 9516 9504 9517
f 9518 9505 9482
f 9518 9482 9514
f 9519 9520 9508
f 9519 9508 9507
f 9521 9522 9510
f 9521 9510 9509
f 9523 9524 9512
f 9523 9512 9511
f 9525 9513 9510
f 9525 9510 9522
f 9520 9523 9511
f 9520 9511 9508
f 9473 9472 9442
f 9473 9442 9441
f 9430 9429 9436
f 9430 9436 9435
f 9382 9390 9387
f 9382 9387 9383
f 9420 9419 9526
f 9420 9526 9527
f 9424 9423 9528
f 9424 9528 9529
f 9428 9427 9530
f 9428 9530 9531
f 9429 9532 9533
f 9429 9533 9436
f 9407 9534 9535
f 9407 9535 9408
f 9408 9535 9532
f 9408 9532 9429
f 9436 9533 9536
f 9436 9536 9437
f 9427 9465 9537
f 9427 9537 9530
f 9448 9538 9539
f 9448 9539 9449
f 9492 9491 9540
f 9492 9540 9541
f 9504 9449 9539
f 9504 9539 9542
f 9491 9420 9527
f 9491 9527 9540
f 9465 9424 9529
f 9465 9529 9537
f 9423 9492 9541
f 9423 9541 9528
f 9419 9517 9543
f 9419 9543 9526
f 9517 9504 9542
f 9517 9542 9543
f 9544 9545 9421
f 9544 9421 9464
f 9546 9547 9426
f 9546 9426 9425
f 9547 9544 9464
f 9547 9464 9426
f 9548 9549 9450
f 9548 9450 9503
f 9550 9409 9430
f 9550 9430 9551
f 9552 9553 9489
f 9552 9489 9422
f 9554 9555 9516
f 9554 9516 9418
f 9556 9435 9438
f 9556 9438 9557
f 9558 9554 9418
f 9558 9418 9417
f 9545 9552 9422
f 9545 9422 9421
f 9559 9558 9417
f 9559 9417 9490
f 9551 9430 9435
f 9551 9435 9556
f 9560 9406 9409
f 9560 9409 9550
f 9555 9548 9503
f 9555 9503 9516
f 9561 9447 9450
f 9561 9450 9549
f 9553 9559 9490
f 9553 9490 9489
f 9562 9563 9407
f 9562 9407 9406
f 9415 9414 9564
f 9415 9564 9565
f 9534 9407 9563
f 9534 9563 9566
f 9431 9415 9565
f 9431 9565 9567
f 9568 9569 9394
f 9568 9394 9393
f 9433 9432 9570
f 9433 9570 9571
f 9560 9433 9571
f 9560 9571 9572
f 9434 9394 9569
f 9434 9569 9573
f 9574 9568 9393
f 9574 9393 9400
f 9414 9416 9575
f 9414 9575 9564
f 9572 9571 9576
f 9572 9576 9577
f 9574 9577 9576
f 9574 9576 9568
f 9568 9576 9578
f 9568 9578 9569
f 9576 9571 9570
f 9576 9570 9578
f 9579 9567 9565
f 9579 9565 9564
f 9579 9573 9569
f 9579 9569 9578
f 9521 9524 9444
f 9521 9444 9443
f 9523 9520 9446
f 9523 9446 9445
f 9438 9437 9448
f 9438 9448 9447
f 9525 9522 9471
f 9525 9471 9470
f 9440 9439 9479
f 9440 9479 9478
f 9519 9483 9502
f 9519 9502 9501
f 9524 9523 9445
f 9524 9445 9444
f 9439 9386 9502
f 9439 9502 9479
f 9437 9536 9538
f 9437 9538 9448
f 9557 9438 9447
f 9557 9447 9561
f 9580 9581 9582
f 9580 9582 9583
f 9584 9585 9586
f 9584 9586 9587
f 9588 9589 9590
f 9588 9590 9591
f 9592 9593 9594
f 9592 9594 9595
f 9596 9597 9598
f 9596 9598 9599
f 9600 9601 9602
f 9600 9602 9603
f 9604 9605 9606
f 9604 9606 9607
f 9608 9609 9610
f 9608 9610 9611
f 9612 9613 9614
f 9612 9614 9615
f 9616 9617 9618
f 9616 9618 9619
f 9620 9591 9590
f 9620 9590 9621
f 9622 9623 9624
f 9622 9624 9625
f 9626 9627 9628
f 9626 9628 9629
f 9630 9631 9632
f 9630 9632 9633
f 9634 9635 9610
f 9634 9610 9609
f 9636 9637 9602
f 9636 9602 9601
f 9638 9639 9586
f 9638 9586 9585
f 9619 9618 9640
f 9619 9640 9641
f 9629 9628 9642
f 9629 9642 9643
f 9644 9642 9628
f 9644 9628 9645
f 9646 9583 9582
f 9646 9582 9647
f 9648 9587 9586
f 9648 9586 9649
f 9650 9651 9652
f 9650 9652 9653
f 9654 9655 9656
f 9654 9656 9657
f 9658 9659 9660
f 9658 9660 9661
f 9662 9663 9664
f 9662 9664 9665
f 9651 9654 9657
f 9651 9657 9652
f 9666 9667 9668
f 9666 9668 9669
f 9670 9671 9668
f 9670 9668 9672
f 9673 9674 9675
f 9673 9675 9676
f 9677 9670 9672
f 9677 9672 9678
f 9679 9680 9681
f 9679 9681 9682
f 9683 9684 9685
f 9683 9685 9686
f 9687 9688 9689
f 9687 9689 9690
f 9680 9687 9690
f 9680 9690 9681
f 9681 9690 9691
f 9681 9691 9692
f 9690 9689 9693
f 9690 9693 9691
f 9581 9588 9591
f 9581 9591 9582
f 9597 9592 9595
f 9597 9595 9598
f 9605 9612 9615
f 9605 9615 9606
f 9694 9695 9696
f 9694 9696 9697
f 9647 9582 9591
f 9647 9591 9620
f 9698 9699 9700
f 9698 9700 9701
f 9702 9703 9704
f 9702 9704 9705
f 9686 9685 9706
f 9686 9706 9707
f 9682 9681 9692
f 9682 9692 9708
f 9678 9672 9659
f 9678 9659 9658
f 9676 9675 9709
f 9676 9709 9710
f 9672 9668 9667
f 9672 9667 9659
f 9669 9668 9671
f 9669 9671 9711
f 9712 9713 9714
f 9712 9714 9715
f 9660 9664 9663
f 9660 9663 9716
f 9653 9652 9680
f 9653 9680 9679
f 9661 9660 9716
f 9661 9716 9717
f 9652 9657 9687
f 9652 9687 9680
f 9718 9719 9674
f 9718 9674 9673
f 9657 9656 9688
f 9657 9688 9687
f 9665 9664 9667
f 9665 9667 9666
f 9720 9721 9651
f 9720 9651 9650
f 9722 9723 9655
f 9722 9655 9654
f 9724 9725 9726
f 9724 9726 9727
f 9728 9729 9730
f 9728 9730 9731
f 9627 9732 9645
f 9627 9645 9628
f 9733 9630 9633
f 9733 9633 9649
f 9734 9644 9645
f 9734 9645 9625
f 9735 9736 9737
f 9735 9737 9738
f 9739 9740 9633
f 9739 9633 9632
f 9738 9737 9729
f 9738 9729 9728
f 9703 9741 9742
f 9703 9742 9704
f 9743 9744 9745
f 9743 9745 9746
f 9747 9748 9749
f 9747 9749 9750
f 9751 9752 9753
f 9751 9753 9754
f 9755 9756 9757
f 9755 9757 9758
f 9759 9757 9760
f 9759 9760 9761
f 9762 9763 9764
f 9762 9764 9765
f 9766 9767 9768
f 9766 9768 9769
f 9611 9610 9752
f 9611 9752 9751
f 9770 9743 9746
f 9770 9746 9771
f 9772 9770 9771
f 9772 9771 9773
f 9737 9647 9620
f 9737 9620 9729
f 9774 9775 9753
f 9774 9753 9752
f 9767 9694 9697
f 9767 9697 9768
f 9765 9764 9776
f 9765 9776 9777
f 9778 9779 9663
f 9778 9663 9662
f 9736 9646 9647
f 9736 9647 9737
f 9721 9722 9654
f 9721 9654 9651
f 9746 9745 9589
f 9746 9589 9588
f 9780 9727 9726
f 9780 9726 9781
f 9607 9606 9770
f 9607 9770 9772
f 9615 9614 9744
f 9615 9744 9743
f 9635 9774 9752
f 9635 9752 9610
f 9782 9758 9757
f 9782 9757 9759
f 9756 9779 9760
f 9756 9760 9757
f 9754 9753 9585
f 9754 9585 9584
f 9764 9619 9641
f 9764 9641 9776
f 9763 9616 9619
f 9763 9619 9764
f 9606 9615 9743
f 9606 9743 9770
f 9639 9733 9649
f 9639 9649 9586
f 9732 9622 9625
f 9732 9625 9645
f 9729 9620 9621
f 9729 9621 9730
f 9699 9766 9769
f 9699 9769 9700
f 9624 9765 9777
f 9624 9777 9783
f 9740 9648 9649
f 9740 9649 9633
f 9783 9734 9625
f 9783 9625 9624
f 9741 9698 9701
f 9741 9701 9742
f 9623 9762 9765
f 9623 9765 9624
f 9773 9771 9581
f 9773 9581 9580
f 9771 9746 9588
f 9771 9588 9581
f 9775 9638 9585
f 9775 9585 9753
f 9784 9785 9605
f 9784 9605 9604
f 9786 9787 9609
f 9786 9609 9608
f 9788 9789 9613
f 9788 9613 9612
f 9790 9634 9609
f 9790 9609 9787
f 9785 9788 9612
f 9785 9612 9605
f 9618 9791 9792
f 9618 9792 9640
f 9695 9793 9794
f 9695 9794 9696
f 9617 9795 9791
f 9617 9791 9618
f 9791 9759 9761
f 9791 9761 9792
f 9793 9780 9781
f 9793 9781 9794
f 9795 9782 9759
f 9795 9759 9791
f 9796 9797 9785
f 9796 9785 9784
f 9798 9799 9787
f 9798 9787 9786
f 9800 9801 9789
f 9800 9789 9788
f 9802 9790 9787
f 9802 9787 9799
f 9797 9800 9788
f 9797 9788 9785
f 9750 9749 9719
f 9750 9719 9718
f 9707 9706 9713
f 9707 9713 9712
f 9659 9667 9664
f 9659 9664 9660
f 9697 9696 9803
f 9697 9803 9804
f 9701 9700 9805
f 9701 9805 9806
f 9705 9704 9807
f 9705 9807 9808
f 9706 9809 9810
f 9706 9810 9713
f 9684 9811 9812
f 9684 9812 9685
f 9685 9812 9809
f 9685 9809 9706
f 9713 9810 9813
f 9713 9813 9714
f 9704 9742 9814
f 9704 9814 9807
f 9725 9815 9816
f 9725 9816 9726
f 9769 9768 9817
f 9769 9817 9818
f 9781 9726 9816
f 9781 9816 9819
f 9768 9697 9804
f 9768 9804 9817
f 9742 9701 9806
f 9742 9806 9814
f 9700 9769 9818
f 9700 9818 9805
f 9696 9794 9820
f 9696 9820 9803
f 9794 9781 9819
f 9794 9819 9820
f 9821 9822 9698
f 9821 9698 9741
f 9823 9824 9703
f 9823 9703 9702
f 9824 9821 9741
f 9824 9741 9703
f 9825 9826 9727
f 9825 9727 9780
f 9827 9686 9707
f 9827 9707 9828
f 9829 9830 9766
f 9829 9766 9699
f 9831 9832 9793
f 9831 9793 9695
f 9833 9712 9715
f 9833 9715 9834
f 9835 9831 9695
f 9835 9695 9694
f 9822 9829 9699
f 9822 9699 9698
f 9836 9835 9694
f 9836 9694 9767
f 9828 9707 9712
f 9828 9712 9833
f 9837 9683 9686
f 9837 9686 9827
f 9832 9825 9780
f 9832 9780 9793
f 9838 9724 9727
f 9838 9727 9826
f 9830 9836 9767
f 9830 9767 9766
f 9839 9840 9684
f 9839 9684 9683
f 9692 9691 9841
f 9692 9841 9842
f 9811 9684 9840
f 9811 9840 9843
f 9708 9692 9842
f 9708 9842 9844
f 9845 9846 9671
f 9845 9671 9670
f 9710 9709 9847
f 9710 9847 9848
f 9837 9710 9848
f 9837 9848 9849
f 9711 9671 9846
f 9711 9846 9850
f 9851 9845 9670
f 9851 9670 9677
f 9691 9693 9852
f 9691 9852 9841
f 9849 9848 9853
f 9849 9853 9854
f 9851 9854 9853
f 9851 9853 9845
f 9845 9853 9855
f 9845 9855 9846
f 9853 9848 9847
f 9853 9847 9855
f 9856 9844 9842
f 9856 9842 9841
f 9856 9850 9846
f 9856 9846 9855
f 9798 9801 9721
f 9798 9721 9720
f 9800 9797 9723
f 9800 9723 9722
f 9715 9714 9725
f 9715 9725 9724
f 9802 9799 9748
f 9802 9748 9747
f 9717 9716 9756
f 9717 9756 9755
f 9796 9760 9779
f 9796 9779 9778
f 9801 9800 9722
f 9801 9722 9721
f 9716 9663 9779
f 9716 9779 9756
f 9714 9813 9815
f 9714 9815 9725
f 9834 9715 9724
f 9834 9724 9838
f 9857 9858 9859
f 9857 9859 9860
f 9861 9862 9863
f 9861 9863 9864
f 9865 9861 9864
f 9865 9864 9866
f 9867 9868 9869
f 9867 9869 9870
f 9871 9872 9863
f 9871 9863 9862
f 9870 9869 9860
f 9870 9860 9873
f 9874 9875 9876
f 9874 9876 9877
f 9878 9879 9880
f 9878 9880 9881
f 9882 9883 9884
f 9882 9884 9885
f 9879 9886 9887
f 9879 9887 9880
f 9875 9878 9881
f 9875 9881 9876
f 9888 9889 9890
f 9888 9890 9891
f 9892 9893 9890
f 9892 9890 9894
f 9895 9896 9897
f 9895 9897 9898
f 9899 9892 9894
f 9899 9894 9900
f 9896 9901 9902
f 9896 9902 9897
f 9903 9904 9905
f 9903 9905 9906
f 9907 9888 9891
f 9907 9891 9908
f 9901 9907 9908
f 9901 9908 9902
f 9902 9908 9909
f 9902 9909 9910
f 9908 9891 9911
f 9908 9911 9909
f 9858 9865 9866
f 9858 9866 9859
f 9912 9913 9914
f 9912 9914 9915
f 9906 9905 9916
f 9906 9916 9917
f 9897 9902 9910
f 9897 9910 9918
f 9900 9894 9883
f 9900 9883 9882
f 9898 9897 9918
f 9898 9918 9919
f 9894 9890 9889
f 9894 9889 9883
f 9891 9890 9893
f 9891 9893 9911
f 9920 9921 9922
f 9920 9922 9923
f 9884 9887 9886
f 9884 9886 9924
f 9877 9876 9901
f 9877 9901 9896
f 9885 9884 9924
f 9885 9924 9925
f 9876 9881 9907
f 9876 9907 9901
f 9926 9877 9896
f 9926 9896 9895
f 9881 9880 9888
f 9881 9888 9907
f 9880 9887 9889
f 9880 9889 9888
f 9927 9928 9875
f 9927 9875 9874
f 9929 9930 9879
f 9929 9879 9878
f 9931 9932 9933
f 9931 9933 9934
f 9935 9927 9874
f 9935 9874 9936
f 9937 9938 9939
f 9937 9939 9940
f 9941 9939 9942
f 9941 9942 9943
f 9864 9863 9944
f 9864 9944 9945
f 9930 9946 9886
f 9930 9886 9879
f 9928 9929 9878
f 9928 9878 9875
f 9947 9934 9933
f 9947 9933 9948
f 9860 9859 9949
f 9860 9949 9873
f 9866 9864 9945
f 9866 9945 9950
f 9872 9951 9944
f 9872 9944 9863
f 9952 9940 9939
f 9952 9939 9941
f 9938 9946 9942
f 9938 9942 9939
f 9859 9866 9950
f 9859 9950 9949
f 9943 9953 9858
f 9943 9858 9857
f 9954 9955 9862
f 9954 9862 9861
f 9956 9954 9861
f 9956 9861 9865
f 9957 9871 9862
f 9957 9862 9955
f 9953 9956 9865
f 9953 9865 9858
f 9869 9958 9857
f 9869 9857 9860
f 9913 9959 9960
f 9913 9960 9914
f 9868 9961 9958
f 9868 9958 9869
f 9958 9941 9943
f 9958 9943 9857
f 9959 9947 9948
f 9959 9948 9960
f 9961 9952 9941
f 9961 9941 9958
f 9942 9962 9953
f 9942 9953 9943
f 9963 9964 9955
f 9963 9955 9954
f 9965 9963 9954
f 9965 9954 9956
f 9966 9957 9955
f 9966 9955 9964
f 9962 9965 9956
f 9962 9956 9953
f 9936 9874 9877
f 9936 9877 9926
f 9917 9916 9921
f 9917 9921 9920
f 9883 9889 9887
f 9883 9887 9884
f 9915 9914 9868
f 9915 9868 9867
f 9916 9882 9885
f 9916 9885 9921
f 9904 9899 9900
f 9904 9900 9905
f 9905 9900 9882
f 9905 9882 9916
f 9921 9885 9925
f 9921 9925 9922
f 9932 9937 9940
f 9932 9940 9933
f 9948 9933 9940
f 9948 9940 9952
f 9914 9960 9961
f 9914 9961 9868
f 9960 9948 9952
f 9960 9952 9961
f 9957 9966 9934
f 9957 9934 9947
f 9898 9906 9917
f 9898 9917 9895
f 9872 9871 9959
f 9872 9959 9913
f 9926 9920 9923
f 9926 9923 9936
f 9951 9872 9913
f 9951 9913 9912
f 9895 9917 9920
f 9895 9920 9926
f 9919 9903 9906
f 9919 9906 9898
f 9871 9957 9947
f 9871 9947 9959
f 9935 9931 9934
f 9935 9934 9966
f 9967 9968 9904
f 9967 9904 9903
f 9910 9909 9969
f 9910 9969 9970
f 9899 9904 9968
f 9899 9968 9971
f 9918 9910 9970
f 9918 9970 9972
f 9973 9974 9893
f 9973 9893 9892
f 9919 9918 9972
f 9919 9972 9975
f 9903 9919 9975
f 9903 9975 9967
f 9911 9893 9974
f 9911 9974 9976
f 9971 9973 9892
f 9971 9892 9899
f 9909 9911 9976
f 9909 9976 9969
f 9967 9975 9977
f 9967 9977 9968
f 9971 9968 9977
f 9971 9977 9973
f 9973 9977 9978
f 9973 9978 9974
f 9977 9975 9972
f 9977 9972 9978
f 9978 9972 9970
f 9978 9970 9969
f 9969 9976 9974
f 9969 9974 9978
f 9964 9963 9928
f 9964 9928 9927
f 9965 9962 9930
f 9965 9930 9929
f 9923 9922 9932
f 9923 9932 9931
f 9966 9964 9927
f 9966 9927 9935
f 9925 9924 9938
f 9925 9938 9937
f 9962 9942 9946
f 9962 9946 9930
f 9963 9965 9929
f 9963 9929 9928
f 9924 9886 9946
f 9924 9946 9938
f 9922 9925 9937
f 9922 9937 9932
f 9936 9923 9931
f 9936 9931 9935
f 8946 8749 8752
f 8946 8752 8952
f 8758 8753 8756
f 8758 8756 8759
f 8812 8765 8768
f 8812 8768 9979
f 8762 8769 8772
f 8762 8772 8763
f 8961 8773 8776
f 8961 8776 8809
f 8782 8777 8780
f 8782 8780 8783
f 8903 8952 8752
f 8903 8752 8815
f 8790 8759 8756
f 8790 8756 8817
f 8918 8819 8822
f 8918 8822 8888
f 8824 8831 8834
f 8824 8834 8825
f 8857 8835 8838
f 8857 8838 8858
f 8843 8848 8851
f 8843 8851 8844
f 8844 8851 8877
f 8844 8877 8878
f 8858 8838 8880
f 8858 8880 8862
f 8888 8822 8848
f 8888 8848 8843
f 8825 8834 8835
f 8825 8835 8857
f 8917 8889 8819
f 8917 8819 8918
f 8811 8813 8905
f 8811 8905 8904
f 8900 8899 8909
f 8900 8909 8908
f 8913 8920 8923
f 8913 8923 8914
f 8783 8780 8920
f 8783 8920 8913
f 8810 8941 8942
f 8810 8942 8945
f 8892 8947 8831
f 8892 8831 8824
f 8813 8903 8815
f 8813 8815 8905
f 8809 8776 8941
f 8809 8941 8810
f 8914 8923 8753
f 8914 8753 8758
f 8899 8790 8817
f 8899 8817 8909
f 8945 8942 8749
f 8945 8749 8946
f 8930 8953 8773
f 8930 8773 8961
f 8958 8955 8777
f 8958 8777 8782
f 8929 8965 8953
f 8929 8953 8930
f 8970 8967 8955
f 8970 8955 8958
f 8878 8877 9013
f 8878 9013 9016
f 8862 8880 9019
f 8862 9019 9021
f 9024 9016 9013
f 9024 9013 9025
f 9010 9021 9019
f 9010 9019 9025
f 8968 8967 8889
f 8968 8889 8917
f 8966 8965 8947
f 8966 8947 8892
f 9223 9026 9029
f 9223 9029 9229
f 9035 9030 9033
f 9035 9033 9036
f 9089 9042 9045
f 9089 9045 9980
f 9039 9046 9049
f 9039 9049 9040
f 9238 9050 9053
f 9238 9053 9086
f 9059 9054 9057
f 9059 9057 9060
f 9180 9229 9029
f 9180 9029 9092
f 9067 9036 9033
f 9067 9033 9094
f 9195 9096 9099
f 9195 9099 9165
f 9101 9108 9111
f 9101 9111 9102
f 9134 9112 9115
f 9134 9115 9135
f 9120 9125 9128
f 9120 9128 9121
f 9121 9128 9154
f 9121 9154 9155
f 9135 9115 9157
f 9135 9157 9139
f 9165 9099 9125
f 9165 9125 9120
f 9102 9111 9112
f 9102 9112 9134
f 9194 9166 9096
f 9194 9096 9195
f 9088 9090 9182
f 9088 9182 9181
f 9177 9176 9186
f 9177 9186 9185
f 9190 9197 9200
f 9190 9200 9191
f 9060 9057 9197
f 9060 9197 9190
f 9087 9218 9219
f 9087 9219 9222
f 9169 9224 9108
f 9169 9108 9101
f 9090 9180 9092
f 9090 9092 9182
f 9086 9053 9218
f 9086 9218 9087
f 9191 9200 9030
f 9191 9030 9035
f 9176 9067 9094
f 9176 9094 9186
f 9222 9219 9026
f 9222 9026 9223
f 9207 9230 9050
f 9207 9050 9238
f 9235 9232 9054
f 9235 9054 9059
f 9206 9242 9230
f 9206 9230 9207
f 9247 9244 9232
f 9247 9232 9235
f 9155 9154 9290
f 9155 9290 9293
f 9139 9157 9296
f 9139 9296 9298
f 9301 9293 9290
f 9301 9290 9302
f 9287 9298 9296
f 9287 9296 9302
f 9245 9244 9166
f 9245 9166 9194
f 9243 9242 9224
f 9243 9224 9169
f 9500 9303 9306
f 9500 9306 9506
f 9312 9307 9310
f 9312 9310 9313
f 9366 9319 9322
f 9366 9322 9981
f 9316 9323 9326
f 9316 9326 9317
f 9515 9327 9330
f 9515 9330 9363
f 9336 9331 9334
f 9336 9334 9337
f 9457 9506 9306
f 9457 9306 9369
f 9344 9313 9310
f 9344 9310 9371
f 9472 9373 9376
f 9472 9376 9442
f 9378 9385 9388
f 9378 9388 9379
f 9411 9389 9392
f 9411 9392 9412
f 9397 9402 9405
f 9397 9405 9398
f 9398 9405 9431
f 9398 9431 9432
f 9412 9392 9434
f 9412 9434 9416
f 9442 9376 9402
f 9442 9402 9397
f 9379 9388 9389
f 9379 9389 9411
f 9471 9443 9373
f 9471 9373 9472
f 9365 9367 9459
f 9365 9459 9458
f 9454 9453 9463
f 9454 9463 9462
f 9467 9474 9477
f 9467 9477 9468
f 9337 9334 9474
f 9337 9474 9467
f 9364 9495 9496
f 9364 9496 9499
f 9446 9501 9385
f 9446 9385 9378
f 9367 9457 9369
f 9367 9369 9459
f 9363 9330 9495
f 9363 9495 9364
f 9468 9477 9307
f 9468 9307 9312
f 9453 9344 9371
f 9453 9371 9463
f 9499 9496 9303
f 9499 9303 9500
f 9484 9507 9327
f 9484 9327 9515
f 9512 9509 9331
f 9512 9331 9336
f 9483 9519 9507
f 9483 9507 9484
f 9524 9521 9509
f 9524 9509 9512
f 9432 9431 9567
f 9432 9567 9570
f 9416 9434 9573
f 9416 9573 9575
f 9578 9570 9567
f 9578 9567 9579
f 9564 9575 9573
f 9564 9573 9579
f 9522 9521 9443
f 9522 9443 9471
f 9520 9519 9501
f 9520 9501 9446
f 9777 9580 9583
f 9777 9583 9783
f 9589 9584 9587
f 9589 9587 9590
f 9643 9596 9599
f 9643 9599 9982
f 9593 9600 9603
f 9593 9603 9594
f 9792 9604 9607
f 9792 9607 9640
f 9613 9608 9611
f 9613 9611 9614
f 9734 9783 9583
f 9734 9583 9646
f 9621 9590 9587
f 9621 9587 9648
f 9749 9650 9653
f 9749 9653 9719
f 9655 9662 9665
f 9655 9665 9656
f 9688 9666 9669
f 9688 9669 9689
f 9674 9679 9682
f 9674 9682 9675
f 9675 9682 9708
f 9675 9708 9709
f 9689 9669 9711
f 9689 9711 9693
f 9719 9653 9679
f 9719 9679 9674
f 9656 9665 9666
f 9656 9666 9688
f 9748 9720 9650
f 9748 9650 9749
f 9642 9644 9736
f 9642 9736 9735
f 9731 9730 9740
f 9731 9740 9739
f 9744 9751 9754
f 9744 9754 9745
f 9614 9611 9751
f 9614 9751 9744
f 9641 9772 9773
f 9641 9773 9776
f 9723 9778 9662
f 9723 9662 9655
f 9644 9734 9646
f 9644 9646 9736
f 9640 9607 9772
f 9640 9772 9641
f 9745 9754 9584
f 9745 9584 9589
f 9730 9621 9648
f 9730 9648 9740
f 9776 9773 9580
f 9776 9580 9777
f 9761 9784 9604
f 9761 9604 9792
f 9789 9786 9608
f 9789 9608 9613
f 9760 9796 9784
f 9760 9784 9761
f 9801 9798 9786
f 9801 9786 9789
f 9709 9708 9844
f 9709 9844 9847
f 9693 9711 9850
f 9693 9850 9852
f 9855 9847 9844
f 9855 9844 9856
f 9841 9852 9850
f 9841 9850 9856
f 9799 9798 9720
f 9799 9720 9748
f 9797 9796 9778
f 9797 9778 9723
f 8973 8972 8786
f 8973 8786 8785
f 8975 8974 8792
f 8975 8792 8791
f 8977 8976 8796
f 8977 8796 8795
f 8978 8827 8830
f 8978 8830 8979
f 8980 8846 8847
f 8980 8847 8981
f 8981 8847 8827
f 8981 8827 8978
f 8979 8830 8886
f 8979 8886 8982
f 8976 8983 8901
f 8976 8901 8796
f 8984 8924 8927
f 8984 8927 8985
f 8987 8986 8932
f 8987 8932 8931
f 8988 8985 8927
f 8988 8927 8951
f 8986 8973 8785
f 8986 8785 8932
f 8983 8975 8791
f 8983 8791 8901
f 8974 8987 8931
f 8974 8931 8792
f 8972 8989 8964
f 8972 8964 8786
f 8989 8988 8951
f 8989 8951 8964
f 8799 8902 8991
f 8799 8991 8990
f 8805 8800 8993
f 8805 8993 8992
f 8800 8799 8990
f 8800 8990 8993
f 8959 8971 8995
f 8959 8995 8994
f 8845 8996 8997
f 8845 8997 8842
f 8808 8807 8999
f 8808 8999 8998
f 8804 8803 9001
f 8804 9001 9000
f 8887 9002 9003
f 8887 9003 8919
f 8943 8804 9000
f 8943 9000 9004
f 8902 8808 8998
f 8902 8998 8991
f 8944 8943 9004
f 8944 9004 9005
f 8842 8997 9002
f 8842 9002 8887
f 8879 9006 8996
f 8879 8996 8845
f 8803 8959 8994
f 8803 8994 9001
f 8916 9007 8995
f 8916 8995 8971
f 8807 8944 9005
f 8807 9005 8999
f 8852 9006 9018
f 8852 9018 9008
f 9012 9020 8846
f 9012 8846 8980
f 9008 9018 9023
f 9008 9023 9009
f 9012 9009 9023
f 9012 9023 9020
f 8982 8886 8924
f 8982 8924 8984
f 8919 9003 9007
f 8919 9007 8916
f 9250 9249 9063
f 9250 9063 9062
f 9252 9251 9069
f 9252 9069 9068
f 9254 9253 9073
f 9254 9073 9072
f 9255 9104 9107
f 9255 9107 9256
f 9257 9123 9124
f 9257 9124 9258
f 9258 9124 9104
f 9258 9104 9255
f 9256 9107 9163
f 9256 9163 9259
f 9253 9260 9178
f 9253 9178 9073
f 9261 9201 9204
f 9261 9204 9262
f 9264 9263 9209
f 9264 9209 9208
f 9265 9262 9204
f 9265 9204 9228
f 9263 9250 9062
f 9263 9062 9209
f 9260 9252 9068
f 9260 9068 9178
f 9251 9264 9208
f 9251 9208 9069
f 9249 9266 9241
f 9249 9241 9063
f 9266 9265 9228
f 9266 9228 9241
f 9076 9179 9268
f 9076 9268 9267
f 9082 9077 9270
f 9082 9270 9269
f 9077 9076 9267
f 9077 9267 9270
f 9236 9248 9272
f 9236 9272 9271
f 9122 9273 9274
f 9122 9274 9119
f 9085 9084 9276
f 9085 9276 9275
f 9081 9080 9278
f 9081 9278 9277
f 9164 9279 9280
f 9164 9280 9196
f 9220 9081 9277
f 9220 9277 9281
f 9179 9085 9275
f 9179 9275 9268
f 9221 9220 9281
f 9221 9281 9282
f 9119 9274 9279
f 9119 9279 9164
f 9156 9283 9273
f 9156 9273 9122
f 9080 9236 9271
f 9080 9271 9278
f 9193 9284 9272
f 9193 9272 9248
f 9084 9221 9282
f 9084 9282 9276
f 9129 9283 9295
f 9129 9295 9285
f 9289 9297 9123
f 9289 9123 9257
f 9285 9295 9300
f 9285 9300 9286
f 9289 9286 9300
f 9289 9300 9297
f 9259 9163 9201
f 9259 9201 9261
f 9196 9280 9284
f 9196 9284 9193
f 9527 9526 9340
f 9527 9340 9339
f 9529 9528 9346
f 9529 9346 9345
f 9531 9530 9350
f 9531 9350 9349
f 9532 9381 9384
f 9532 9384 9533
f 9534 9400 9401
f 9534 9401 9535
f 9535 9401 9381
f 9535 9381 9532
f 9533 9384 9440
f 9533 9440 9536
f 9530 9537 9455
f 9530 9455 9350
f 9538 9478 9481
f 9538 9481 9539
f 9541 9540 9486
f 9541 9486 9485
f 9542 9539 9481
f 9542 9481 9505
f 9540 9527 9339
f 9540 9339 9486
f 9537 9529 9345
f 9537 9345 9455
f 9528 9541 9485
f 9528 9485 9346
f 9526 9543 9518
f 9526 9518 9340
f 9543 9542 9505
f 9543 9505 9518
f 9353 9456 9545
f 9353 9545 9544
f 9359 9354 9547
f 9359 9547 9546
f 9354 9353 9544
f 9354 9544 9547
f 9513 9525 9549
f 9513 9549 9548
f 9399 9550 9551
f 9399 9551 9396
f 9362 9361 9553
f 9362 9553 9552
f 9358 9357 9555
f 9358 9555 9554
f 9441 9556 9557
f 9441 9557 9473
f 9497 9358 9554
f 9497 9554 9558
f 9456 9362 9552
f 9456 9552 9545
f 9498 9497 9558
f 9498 9558 9559
f 9396 9551 9556
f 9396 9556 9441
f 9433 9560 9550
f 9433 9550 9399
f 9357 9513 9548
f 9357 9548 9555
f 9470 9561 9549
f 9470 9549 9525
f 9361 9498 9559
f 9361 9559 9553
f 9406 9560 9572
f 9406 9572 9562
f 9566 9574 9400
f 9566 9400 9534
f 9562 9572 9577
f 9562 9577 9563
f 9566 9563 9577
f 9566 9577 9574
f 9536 9440 9478
f 9536 9478 9538
f 9473 9557 9561
f 9473 9561 9470
f 9804 9803 9617
f 9804 9617 9616
f 9806 9805 9623
f 9806 9623 9622
f 9808 9807 9627
f 9808 9627 9626
f 9809 9658 9661
f 9809 9661 9810
f 9811 9677 9678
f 9811 9678 9812
f 9812 9678 9658
f 9812 9658 9809
f 9810 9661 9717
f 9810 9717 9813
f 9807 9814 9732
f 9807 9732 9627
f 9815 9755 9758
f 9815 9758 9816
f 9818 9817 9763
f 9818 9763 9762
f 9819 9816 9758
f 9819 9758 9782
f 9817 9804 9616
f 9817 9616 9763
f 9814 9806 9622
f 9814 9622 9732
f 9805 9818 9762
f 9805 9762 9623
f 9803 9820 9795
f 9803 9795 9617
f 9820 9819 9782
f 9820 9782 9795
f 9630 9733 9822
f 9630 9822 9821
f 9636 9631 9824
f 9636 9824 9823
f 9631 9630 9821
f 9631 9821 9824
f 9790 9802 9826
f 9790 9826 9825
f 9676 9827 9828
f 9676 9828 9673
f 9639 9638 9830
f 9639 9830 9829
f 9635 9634 9832
f 9635 9832 9831
f 9718 9833 9834
f 9718 9834 9750
f 9774 9635 9831
f 9774 9831 9835
f 9733 9639 9829
f 9733 9829 9822
f 9775 9774 9835
f 9775 9835 9836
f 9673 9828 9833
f 9673 9833 9718
f 9710 9837 9827
f 9710 9827 9676
f 9634 9790 9825
f 9634 9825 9832
f 9747 9838 9826
f 9747 9826 9802
f 9638 9775 9836
f 9638 9836 9830
f 9683 9837 9849
f 9683 9849 9839
f 9843 9851 9677
f 9843 9677 9811
f 9839 9849 9854
f 9839 9854 9840
f 9843 9840 9854
f 9843 9854 9851
f 9813 9717 9755
f 9813 9755 9815
f 9750 9834 9838
f 9750 9838 9747
f 9318 9317 9983
f 9318 9983 9984
f 9985 9986 9987
f 9985 9987 9988
f 9989 9990 9598
f 9989 9598 9595
f 9991 9992 9637
f 9991 9637 9993
f 8768 8767 9994
f 8768 9994 9995
f 9996 9997 9998
f 9996 9998 9999
f 9595 9594 10000
f 9595 10000 9989
f 10001 10000 9594
f 10001 9594 9603
f 10002 10003 10004
f 10002 10004 10005
f 9993 10002 10005
f 9993 10005 9991
f 10006 10007 10008
f 10006 10008 10009
f 9995 10010 9979
f 9995 9979 8768
f 10011 9987 9986
f 10011 9986 10012
f 10013 10014 9044
f 10013 9044 9041
f 9997 10015 10016
f 9997 10016 9998
f 10017 10004 10003
f 10017 10003 10018
f 9999 10019 10020
f 9999 10020 9996
f 10021 10008 10007
f 10021 10007 10022
f 9041 9040 10023
f 9041 10023 10013
f 10024 9994 8767
f 10024 8767 8764
f 10010 10020 10019
f 10010 10019 9979
f 9992 10025 9602
f 9992 9602 9637
f 9603 9602 10025
f 9603 10025 10001
f 10026 10016 10015
f 10026 10015 10027
f 9984 10028 9321
f 9984 9321 9318
f 8764 8763 10029
f 8764 10029 10024
f 10030 10031 10008
f 10030 10008 10021
f 10032 10033 10034
f 10032 10034 10035
f 10036 10037 10004
f 10036 10004 10017
f 10038 10039 10040
f 10038 10040 10041
f 10042 10033 9987
f 10042 9987 10011
f 10043 10031 10044
f 10043 10044 10045
f 10046 10047 10048
f 10046 10048 10049
f 10050 10051 10052
f 10050 10052 10049
f 10045 10053 10054
f 10045 10054 10055
f 9326 10056 9983
f 9326 9983 9317
f 10050 10049 10048
f 10050 10048 10057
f 10050 10057 10058
f 10050 10058 10059
f 10035 10034 10060
f 10035 10060 10061
f 10062 10063 10064
f 10062 10064 10065
f 10051 10060 10034
f 10051 10034 10052
f 10066 9322 9321
f 10066 9321 10028
f 10067 10053 10068
f 10067 10068 10069
f 10070 10071 10060
f 10070 10060 10051
f 10053 10045 10044
f 10053 10044 10068
f 10061 10060 10071
f 10061 10071 10072
f 10073 10074 10075
f 10073 10075 10076
f 10077 10078 10079
f 10077 10079 10080
f 10076 10081 10082
f 10076 10082 10073
f 10078 10083 10084
f 10078 10084 10079
f 10085 10084 10083
f 10085 10083 10086
f 10087 10088 10089
f 10087 10089 10090
f 10091 10085 10086
f 10091 10086 10092
f 10090 10089 10093
f 10090 10093 10094
f 10080 10095 10096
f 10080 10096 10077
f 10097 10098 10099
f 10097 10099 10100
f 10101 10102 10103
f 10101 10103 10104
f 10105 10106 10107
f 10105 10107 10108
f 10098 10109 10110
f 10098 10110 10099
f 10096 10111 10112
f 10096 10112 10113
f 9049 10114 10023
f 9049 10023 9040
f 10102 10106 10115
f 10102 10115 10103
f 10116 10105 10108
f 10116 10108 10117
f 10101 10097 10100
f 10101 10100 10118
f 10119 10120 10083
f 10119 10083 10078
f 10111 10121 10122
f 10111 10122 10112
f 10123 10076 10075
f 10123 10075 10124
f 10095 10125 10111
f 10095 10111 10096
f 10075 10092 10126
f 10075 10126 10124
f 8897 8900 8762
f 8897 8762 8761
f 8904 8907 8766
f 8904 8766 8765
f 8908 8801 8770
f 8908 8770 8769
f 9999 8795 8798
f 9999 8798 10019
f 8800 8805 8770
f 8800 8770 8801
f 10019 8798 8812
f 10019 8812 9979
f 8907 8897 8761
f 8907 8761 8766
f 10026 8871 8874
f 10026 8874 10016
f 10016 8874 8977
f 10016 8977 9998
f 10127 8992 8871
f 10127 8871 10026
f 8811 8904 8765
f 8811 8765 8812
f 8900 8908 8769
f 8900 8769 8762
f 9998 8977 8795
f 9998 8795 9999
f 8806 8805 8992
f 8806 8992 10127
f 10128 9269 9148
f 10128 9148 9985
f 9181 9184 9043
f 9181 9043 9042
f 9185 9078 9047
f 9185 9047 9046
f 9077 9082 9047
f 9077 9047 9078
f 9354 9359 9324
f 9354 9324 9355
f 10129 9072 9075
f 10129 9075 10130
f 10131 9546 9425
f 10131 9425 10006
f 10007 9428 9531
f 10007 9531 10022
f 9985 9148 9151
f 9985 9151 9986
f 9461 9451 9315
f 9461 9315 9320
f 10012 9254 9072
f 10012 9072 10129
f 9177 9185 9046
f 9177 9046 9039
f 9462 9355 9324
f 9462 9324 9323
f 9088 9181 9042
f 9088 9042 9089
f 9458 9461 9320
f 9458 9320 9319
f 9083 9082 9269
f 9083 9269 10128
f 9986 9151 9254
f 9986 9254 10012
f 10003 9705 9808
f 10003 9808 10018
f 9184 9174 9038
f 9184 9038 9043
f 10130 9075 9089
f 10130 9089 9980
f 10022 9531 9349
f 10022 9349 10132
f 9174 9177 9039
f 9174 9039 9038
f 9360 9359 9546
f 9360 9546 10131
f 10002 9702 9705
f 10002 9705 10003
f 10132 9349 9352
f 10132 9352 10133
f 9728 9731 9593
f 9728 9593 9592
f 10134 9626 9629
f 10134 9629 10135
f 9735 9738 9597
f 9735 9597 9596
f 9454 9462 9323
f 9454 9323 9316
f 10133 9352 9366
f 10133 9366 9981
f 9451 9454 9316
f 9451 9316 9315
f 9365 9458 9319
f 9365 9319 9366
f 10006 9425 9428
f 10006 9428 10007
f 9731 9739 9600
f 9731 9600 9593
f 9738 9728 9592
f 9738 9592 9597
f 10018 9808 9626
f 10018 9626 10134
f 9993 9823 9702
f 9993 9702 10002
f 9642 9735 9596
f 9642 9596 9643
f 9637 9636 9823
f 9637 9823 9993
f 10135 9629 9643
f 10135 9643 9982
f 9739 9632 9601
f 9739 9601 9600
f 9631 9636 9601
f 9631 9601 9632
f 10136 10137 8598
f 10136 8598 8597
f 10138 10139 8600
f 10138 8600 8599
f 10140 10141 8602
f 10140 8602 8601
f 10139 10142 8603
f 10139 8603 8600
f 8605 8604 10143
f 8605 10143 10144
f 8606 8607 10145
f 8606 10145 10146
f 10142 10145 8607
f 10142 8607 8603
f 8604 8598 10137
f 8604 10137 10143
f 10147 10148 8609
f 10147 8609 8608
f 10149 10140 8601
f 10149 8601 8610
f 8610 8611 10150
f 8610 10150 10149
f 10148 10151 8612
f 10148 8612 8609
f 10141 10152 8613
f 10141 8613 8602
f 8611 8614 10153
f 8611 10153 10150
f 10151 10136 8597
f 10151 8597 8612
f 10152 10138 8599
f 10152 8599 8613
f 10154 10155 10145
f 10154 10145 10142
f 10143 10137 10156
f 10143 10156 10157
f 10158 10159 10148
f 10158 10148 10147
f 10160 10161 10140
f 10160 10140 10149
f 10149 10150 10162
f 10149 10162 10160
f 10159 10163 10151
f 10159 10151 10148
f 10164 10165 10152
f 10164 10152 10141
f 10150 10153 10166
f 10150 10166 10162
f 10163 10167 10136
f 10163 10136 10151
f 10165 10168 10138
f 10165 10138 10152
f 10167 10156 10137
f 10167 10137 10136
f 10168 10169 10139
f 10168 10139 10138
f 10161 10164 10141
f 10161 10141 10140
f 10169 10154 10142
f 10169 10142 10139
f 10144 10143 10157
f 10144 10157 10170
f 10146 10145 10155
f 10146 10155 10171
f 10172 10173 10159
f 10172 10159 10158
f 10174 10175 10161
f 10174 10161 10160
f 10160 10162 10176
f 10160 10176 10174
f 10173 10177 10163
f 10173 10163 10159
f 10178 10179 10165
f 10178 10165 10164
f 10162 10166 10180
f 10162 10180 10176
f 10177 10181 10167
f 10177 10167 10163
f 10179 10182 10168
f 10179 10168 10165
f 10181 10183 10156
f 10181 10156 10167
f 10182 10184 10169
f 10182 10169 10168
f 10175 10178 10164
f 10175 10164 10161
f 10184 10185 10154
f 10184 10154 10169
f 10170 10157 10186
f 10170 10186 10187
f 10171 10155 10188
f 10171 10188 10189
f 10185 10188 10155
f 10185 10155 10154
f 10157 10156 10183
f 10157 10183 10186
f 10190 10191 10177
f 10190 10177 10173
f 10192 10193 10179
f 10192 10179 10178
f 10176 10180 10194
f 10176 10194 10195
f 10191 10196 10181
f 10191 10181 10177
f 10193 10197 10182
f 10193 10182 10179
f 10196 10198 10183
f 10196 10183 10181
f 10197 10199 10184
f 10197 10184 10182
f 10200 10192 10178
f 10200 10178 10175
f 10199 10201 10185
f 10199 10185 10184
f 10187 10186 10202
f 10187 10202 10203
f 10189 10188 10204
f 10189 10204 10205
f 10201 10204 10188
f 10201 10188 10185
f 10186 10183 10198
f 10186 10198 10202
f 10206 10190 10173
f 10206 10173 10172
f 10207 10200 10175
f 10207 10175 10174
f 10174 10176 10195
f 10174 10195 10207
f 10208 10209 10190
f 10208 10190 10206
f 10210 10211 10200
f 10210 10200 10207
f 10207 10195 10212
f 10207 10212 10210
f 10209 10213 10191
f 10209 10191 10190
f 10214 10215 10193
f 10214 10193 10192
f 10195 10194 10216
f 10195 10216 10212
f 10213 10217 10196
f 10213 10196 10191
f 10215 10218 10197
f 10215 10197 10193
f 10217 10219 10198
f 10217 10198 10196
f 10218 10220 10199
f 10218 10199 10197
f 10211 10214 10192
f 10211 10192 10200
f 10220 10221 10201
f 10220 10201 10199
f 10203 10202 10222
f 10203 10222 10223
f 10205 10204 10224
f 10205 10224 10225
f 10221 10224 10204
f 10221 10204 10201
f 10202 10198 10219
f 10202 10219 10222
f 10226 10227 10213
f 10226 10213 10209
f 10228 10229 10215
f 10228 10215 10214
f 10212 10216 10230
f 10212 10230 10231
f 10227 10232 10217
f 10227 10217 10213
f 10229 10233 10218
f 10229 10218 10215
f 10232 10234 10219
f 10232 10219 10217
f 10233 10235 10220
f 10233 10220 10218
f 10236 10228 10214
f 10236 10214 10211
f 10235 10237 10221
f 10235 10221 10220
f 10223 10222 10238
f 10223 10238 10239
f 10225 10224 10240
f 10225 10240 10241
f 10237 10240 10224
f 10237 10224 10221
f 10222 10219 10234
f 10222 10234 10238
f 10242 10226 10209
f 10242 10209 10208
f 10243 10236 10211
f 10243 10211 10210
f 10210 10212 10231
f 10210 10231 10243
f 10244 10245 10232
f 10244 10232 10227
f 10246 10247 10233
f 10246 10233 10229
f 10245 10248 10234
f 10245 10234 10232
f 10247 10249 10235
f 10247 10235 10233
f 10250 10251 10228
f 10250 10228 10236
f 10249 10252 10237
f 10249 10237 10235
f 10239 10238 10253
f 10239 10253 10254
f 10241 10240 10255
f 10241 10255 10256
f 10252 10255 10240
f 10252 10240 10237
f 10238 10234 10248
f 10238 10248 10253
f 10257 10258 10226
f 10257 10226 10242
f 10259 10250 10236
f 10259 10236 10243
f 10243 10231 10260
f 10243 10260 10259
f 10258 10244 10227
f 10258 10227 10226
f 10251 10246 10229
f 10251 10229 10228
f 10231 10230 10261
f 10231 10261 10260
f 10262 10263 10248
f 10262 10248 10245
f 10264 10265 10249
f 10264 10249 10247
f 10266 10267 10251
f 10266 10251 10250
f 10265 10268 10252
f 10265 10252 10249
f 10254 10253 10269
f 10254 10269 10270
f 10256 10255 10271
f 10256 10271 10272
f 10268 10271 10255
f 10268 10255 10252
f 10253 10248 10263
f 10253 10263 10269
f 10273 10274 10258
f 10273 10258 10257
f 10275 10266 10250
f 10275 10250 10259
f 10259 10260 10276
f 10259 10276 10275
f 10274 10277 10244
f 10274 10244 10258
f 10267 10278 10246
f 10267 10246 10251
f 10260 10261 10279
f 10260 10279 10276
f 10277 10262 10245
f 10277 10245 10244
f 10278 10264 10247
f 10278 10247 10246
f 10280 10281 10267
f 10280 10267 10266
f 10282 10283 10268
f 10282 10268 10265
f 10270 10269 10284
f 10270 10284 10285
f 10272 10271 10286
f 10272 10286 10287
f 10283 10286 10271
f 10283 10271 10268
f 10269 10263 10288
f 10269 10288 10284
f 10289 10290 10274
f 10289 10274 10273
f 10291 10280 10266
f 10291 10266 10275
f 10275 10276 10292
f 10275 10292 10291
f 10290 10293 10277
f 10290 10277 10274
f 10281 10294 10278
f 10281 10278 10267
f 10276 10279 10295
f 10276 10295 10292
f 10293 10296 10262
f 10293 10262 10277
f 10294 10297 10264
f 10294 10264 10278
f 10296 10288 10263
f 10296 10263 10262
f 10297 10282 10265
f 10297 10265 10264
f 10287 10286 10298
f 10287 10298 10299
f 10300 10298 10286
f 10300 10286 10283
f 10284 10288 10301
f 10284 10301 10302
f 10303 10304 10290
f 10303 10290 10289
f 10305 10306 10280
f 10305 10280 10291
f 10291 10292 10307
f 10291 10307 10305
f 10304 10308 10293
f 10304 10293 10290
f 10309 10310 10294
f 10309 10294 10281
f 10292 10295 10311
f 10292 10311 10307
f 10308 10312 10296
f 10308 10296 10293
f 10310 10313 10297
f 10310 10297 10294
f 10312 10301 10288
f 10312 10288 10296
f 10313 10314 10282
f 10313 10282 10297
f 10306 10309 10281
f 10306 10281 10280
f 10314 10300 10283
f 10314 10283 10282
f 10285 10284 10302
f 10285 10302 10315
f 10316 10317 10304
f 10316 10304 10303
f 10318 10319 10306
f 10318 10306 10305
f 10305 10307 10320
f 10305 10320 10318
f 10317 10321 10308
f 10317 10308 10304
f 10322 10323 10310
f 10322 10310 10309
f 10307 10311 10324
f 10307 10324 10320
f 10321 10325 10312
f 10321 10312 10308
f 10323 10326 10313
f 10323 10313 10310
f 10325 10327 10301
f 10325 10301 10312
f 10326 10328 10314
f 10326 10314 10313
f 10319 10322 10309
f 10319 10309 10306
f 10328 10329 10300
f 10328 10300 10314
f 10315 10302 10330
f 10315 10330 10331
f 10299 10298 10332
f 10299 10332 10333
f 10329 10332 10298
f 10329 10298 10300
f 10302 10301 10327
f 10302 10327 10330
f 10334 10335 10321
f 10334 10321 10317
f 10336 10337 10323
f 10336 10323 10322
f 10320 10324 10338
f 10320 10338 10339
f 10335 10340 10325
f 10335 10325 10321
f 10337 10341 10326
f 10337 10326 10323
f 10340 10342 10327
f 10340 10327 10325
f 10341 10343 10328
f 10341 10328 10326
f 10344 10336 10322
f 10344 10322 10319
f 10343 10345 10329
f 10343 10329 10328
f 10331 10330 10346
f 10331 10346 10347
f 10333 10332 10348
f 10333 10348 10349
f 10345 10348 10332
f 10345 10332 10329
f 10330 10327 10342
f 10330 10342 10346
f 10350 10334 10317
f 10350 10317 10316
f 10351 10344 10319
f 10351 10319 10318
f 10318 10320 10339
f 10318 10339 10351
f 10352 10353 10340
f 10352 10340 10335
f 10354 10355 10341
f 10354 10341 10337
f 10353 10356 10342
f 10353 10342 10340
f 10355 10357 10343
f 10355 10343 10341
f 10358 10359 10336
f 10358 10336 10344
f 10357 10360 10345
f 10357 10345 10343
f 10347 10346 10361
f 10347 10361 10362
f 10349 10348 10363
f 10349 10363 10364
f 10360 10363 10348
f 10360 10348 10345
f 10346 10342 10356
f 10346 10356 10361
f 10365 10366 10334
f 10365 10334 10350
f 10367 10358 10344
f 10367 10344 10351
f 10351 10339 10368
f 10351 10368 10367
f 10366 10352 10335
f 10366 10335 10334
f 10359 10354 10337
f 10359 10337 10336
f 10339 10338 10369
f 10339 10369 10368
f 10370 10371 10356
f 10370 10356 10353
f 10372 10373 10357
f 10372 10357 10355
f 10374 10375 10359
f 10374 10359 10358
f 10373 10376 10360
f 10373 10360 10357
f 10362 10361 10377
f 10362 10377 10378
f 10364 10363 10379
f 10364 10379 10380
f 10376 10379 10363
f 10376 10363 10360
f 10361 10356 10371
f 10361 10371 10377
f 10381 10382 10366
f 10381 10366 10365
f 10383 10374 10358
f 10383 10358 10367
f 10367 10368 10384
f 10367 10384 10383
f 10382 10385 10352
f 10382 10352 10366
f 10375 10386 10354
f 10375 10354 10359
f 10368 10369 10387
f 10368 10387 10384
f 10385 10370 10353
f 10385 10353 10352
f 10386 10372 10355
f 10386 10355 10354
f 10388 10389 10375
f 10388 10375 10374
f 10390 10391 10376
f 10390 10376 10373
f 10392 10393 10394
f 10392 10394 10395
f 10396 10397 10398
f 10396 10398 10399
f 10391 10397 10379
f 10391 10379 10376
f 10393 10400 10401
f 10393 10401 10394
f 10402 10403 10382
f 10402 10382 10381
f 10404 10388 10374
f 10404 10374 10383
f 10404 10405 10406
f 10404 10406 10407
f 10403 10408 10385
f 10403 10385 10382
f 10389 10409 10386
f 10389 10386 10375
f 10405 10410 10411
f 10405 10411 10406
f 10408 10412 10370
f 10408 10370 10385
f 10409 10413 10372
f 10409 10372 10386
f 10412 10400 10371
f 10412 10371 10370
f 10413 10390 10373
f 10413 10373 10372
f 10092 10086 10414
f 10092 10414 10126
f 10077 10096 10113
f 10077 10113 10415
f 10065 10122 10121
f 10065 10121 10062
f 10415 10119 10078
f 10415 10078 10077
f 10416 10414 10120
f 10416 10120 10417
f 10418 10415 10113
f 10418 10113 10419
f 10086 10083 10120
f 10086 10120 10414
f 10420 9989 10000
f 10420 10000 10421
f 10422 9045 9044
f 10422 9044 10014
f 8772 10423 10029
f 8772 10029 8763
f 9045 8772 8771
f 9045 8771 9980
f 8772 9045 10422
f 8772 10422 10423
f 9989 10420 10424
f 9989 10424 9990
f 10124 10425 9990
f 10124 9990 10424
f 9322 9049 9048
f 9322 9048 9981
f 10414 10416 10426
f 10414 10426 10126
f 9049 9322 10066
f 9049 10066 10114
f 10126 10056 10425
f 10126 10425 10124
f 10123 10420 10421
f 10123 10421 10427
f 10076 10123 10427
f 10076 10427 10081
f 10425 9599 9598
f 10425 9598 9990
f 9326 9599 10425
f 9326 10425 10056
f 9599 9326 9325
f 9599 9325 9982
f 10420 10123 10124
f 10420 10124 10424
f 10428 10429 10069
f 10428 10069 10068
f 10430 10406 10411
f 10430 10411 10431
f 10432 10407 10406
f 10432 10406 10430
f 9870 9873 10433
f 9870 10433 10434
f 10435 10436 9944
f 10435 9944 9951
f 10437 10438 9915
f 10437 9915 9867
f 9912 9915 10438
f 9912 10438 10439
f 10440 10441 9950
f 10440 9950 9945
f 10436 10440 9945
f 10436 9945 9944
f 10439 10435 9951
f 10439 9951 9912
f 10441 10442 9949
f 10441 9949 9950
f 9867 9870 10434
f 9867 10434 10437
f 10442 10433 9873
f 10442 9873 9949
f 10443 10444 10442
f 10443 10442 10441
f 10444 10445 10433
f 10444 10433 10442
f 10437 10434 10446
f 10437 10446 10447
f 10448 10449 10436
f 10448 10436 10435
f 10434 10433 10445
f 10434 10445 10446
f 10447 10450 10438
f 10447 10438 10437
f 10439 10438 10450
f 10439 10450 10451
f 10451 10448 10435
f 10451 10435 10439
f 10452 10443 10441
f 10452 10441 10440
f 10449 10452 10440
f 10449 10440 10436
f 10453 10454 10443
f 10453 10443 10452
f 10455 10453 10452
f 10455 10452 10449
f 10454 10456 10444
f 10454 10444 10443
f 10456 10457 10445
f 10456 10445 10444
f 10447 10446 10458
f 10447 10458 10459
f 10460 10455 10449
f 10460 10449 10448
f 10446 10445 10457
f 10446 10457 10458
f 10459 10461 10450
f 10459 10450 10447
f 10451 10450 10461
f 10451 10461 10462
f 10462 10460 10448
f 10462 10448 10451
f 10463 10464 10461
f 10463 10461 10459
f 10462 10461 10464
f 10462 10464 10465
f 10465 10466 10460
f 10465 10460 10462
f 10467 10468 10454
f 10467 10454 10453
f 10469 10467 10453
f 10469 10453 10455
f 10468 10470 10456
f 10468 10456 10454
f 10470 10471 10457
f 10470 10457 10456
f 10459 10458 10472
f 10459 10472 10463
f 10466 10469 10455
f 10466 10455 10460
f 10458 10457 10471
f 10458 10471 10472
f 10463 10472 10473
f 10463 10473 10474
f 10475 10476 10469
f 10475 10469 10466
f 10472 10471 10477
f 10472 10477 10473
f 10474 10478 10464
f 10474 10464 10463
f 10465 10464 10478
f 10465 10478 10479
f 10479 10475 10466
f 10479 10466 10465
f 10480 10481 10468
f 10480 10468 10467
f 10476 10480 10467
f 10476 10467 10469
f 10481 10482 10470
f 10481 10470 10468
f 10482 10477 10471
f 10482 10471 10470
f 10483 10484 10482
f 10483 10482 10481
f 10484 10485 10477
f 10484 10477 10482
f 10474 10473 10486
f 10474 10486 10487
f 10488 10489 10476
f 10488 10476 10475
f 10473 10477 10485
f 10473 10485 10486
f 10487 10490 10478
f 10487 10478 10474
f 10479 10478 10490
f 10479 10490 10491
f 10491 10488 10475
f 10491 10475 10479
f 10492 10483 10481
f 10492 10481 10480
f 10489 10492 10480
f 10489 10480 10476
f 10493 10485 10484
f 10493 10484 10494
f 10495 10486 10485
f 10495 10485 10493
f 10496 10497 10498
f 10496 10498 10499
f 10497 10500 10501
f 10497 10501 10498
f 10500 10502 10503
f 10500 10503 10501
f 10499 10498 10504
f 10499 10504 10505
f 10505 10504 10506
f 10505 10506 10507
f 10507 10506 10508
f 10507 10508 10509
f 10510 10511 10512
f 10510 10512 10513
f 10509 10508 10514
f 10509 10514 10515
f 10515 10514 10516
f 10515 10516 10517
f 10518 10516 10519
f 10518 10519 10520
f 10521 10517 10516
f 10521 10516 10518
f 8806 10130 9980
f 8806 9980 8771
f 9083 10133 9981
f 9083 9981 9048
f 10127 10129 10130
f 10127 10130 8806
f 10129 10127 10026
f 10129 10026 10012
f 10012 10026 10027
f 10012 10027 10011
f 10046 10042 10011
f 10046 10011 10027
f 10058 10522 10496
f 10058 10496 10059
f 10051 10050 10059
f 10051 10059 10070
f 10523 10487 10486
f 10523 10486 10495
f 10128 10132 10133
f 10128 10133 9083
f 10132 10128 9985
f 10132 9985 10022
f 9360 10135 9982
f 9360 9982 9325
f 10131 10134 10135
f 10131 10135 9360
f 10134 10131 10006
f 10134 10006 10018
f 10018 10006 10009
f 10018 10009 10017
f 10043 10036 10017
f 10043 10017 10009
f 10428 10524 10035
f 10428 10035 10061
f 10429 10428 10061
f 10429 10061 10072
f 10068 10044 10524
f 10068 10524 10428
f 10030 10032 10035
f 10030 10035 10524
f 9988 10021 10022
f 9988 10022 9985
f 10055 10054 10040
f 10055 10040 10039
f 10116 10094 10093
f 10116 10093 10525
f 10092 10075 10074
f 10092 10074 10091
f 10122 10526 10527
f 10122 10527 10112
f 10122 10065 10528
f 10122 10528 10526
f 10415 10418 10529
f 10415 10529 10119
f 10081 10427 10038
f 10081 10038 10041
f 10530 10490 10487
f 10530 10487 10523
f 10531 10090 10094
f 10531 10094 10532
f 10533 10534 10098
f 10533 10098 10097
f 10117 10532 10094
f 10117 10094 10116
f 10525 10535 10105
f 10525 10105 10116
f 10534 10536 10109
f 10534 10109 10098
f 10118 10537 10102
f 10118 10102 10101
f 10535 10115 10106
f 10535 10106 10105
f 10104 10533 10097
f 10104 10097 10101
f 10537 10107 10106
f 10537 10106 10102
f 10040 10054 10538
f 10040 10538 10539
f 10514 10540 10519
f 10514 10519 10516
f 10053 10067 10538
f 10053 10538 10054
f 10508 10541 10540
f 10508 10540 10514
f 10542 10491 10490
f 10542 10490 10530
f 10491 10542 10543
f 10491 10543 10488
f 10544 10489 10488
f 10544 10488 10543
f 10545 10492 10489
f 10545 10489 10544
f 10492 10545 10546
f 10492 10546 10483
f 10109 10536 10512
f 10109 10512 10511
f 10547 10548 10549
f 10547 10549 10550
f 10548 10547 10551
f 10548 10551 10552
f 10082 10081 10041
f 10082 10041 10553
f 10554 10510 10513
f 10554 10513 10555
f 10432 10556 10557
f 10432 10557 10558
f 10558 10557 10559
f 10558 10559 10560
f 10560 10559 10561
f 10560 10561 10562
f 10562 10561 10563
f 10562 10563 10564
f 10564 10563 10565
f 10564 10565 10566
f 10567 10568 10378
f 10567 10378 10392
f 10569 10362 10378
f 10569 10378 10568
f 10570 10331 10347
f 10570 10347 10571
f 10572 8324 7691
f 10572 7691 10573
f 10573 7691 7690
f 10573 7690 10574
f 10574 7690 7689
f 10574 7689 10575
f 10575 7689 7688
f 10575 7688 10576
f 10576 7688 7824
f 10576 7824 10577
f 10577 7824 7684
f 10577 7684 10578
f 10578 7684 7687
f 10578 7687 10579
f 10580 7681 7669
f 10580 7669 10579
f 10580 7696 7553
f 10580 7553 10581
f 10582 7666 7668
f 10582 7668 10581
f 10582 7554 7682
f 10582 7682 10583
f 10584 7819 7667
f 10584 7667 10583
f 282 355 7121
f 282 7121 7055
f 10585 7071 7055
f 10585 7055 7121
f 10586 7182 7482
f 10586 7482 10587
f 10588 7159 7182
f 10588 7182 10586
f 10589 7215 7158
f 10589 7158 10590
f 10591 7216 7215
f 10591 7215 10589
f 10592 7232 7216
f 10592 7216 10591
f 10592 7206 7209
f 10592 7209 10593
f 10594 7219 7234
f 10594 7234 10593
f 10595 7220 7219
f 10595 7219 10594
f 10596 7314 7220
f 10596 7220 10595
f 10596 7309 7337
f 10596 7337 10597
f 10598 7347 7329
f 10598 7329 10597
f 10599 7364 7347
f 10599 7347 10598
f 10599 7357 7381
f 10599 7381 10600
f 10600 7381 7401
f 10600 7401 10601
f 10602 7410 7393
f 10602 7393 10601
f 10603 7426 7410
f 10603 7410 10602
f 10603 7420 7443
f 10603 7443 10604
f 10604 7443 7451
f 10604 7451 10605
f 10605 7451 7467
f 10605 7467 10606
f 10607 7462 7456
f 10607 7456 10606
f 10607 7466 7450
f 10607 7450 10608
f 10608 7450 7442
f 10608 7442 10609
f 10610 7428 7438
f 10610 7438 10609
f 10610 7419 7403
f 10610 7403 10611
f 10612 7396 7412
f 10612 7412 10611
f 10613 7371 7396
f 10613 7396 10612
f 10613 7380 7356
f 10613 7356 10614
f 10614 7356 7339
f 10614 7339 10615
f 10616 7332 7349
f 10616 7349 10615
f 10617 7311 7332
f 10617 7332 10616
f 10617 7308 7211
f 10617 7211 10618
f 10619 7224 7226
f 10619 7226 10618
f 10620 7225 7224
f 10620 7224 10619
f 10621 7223 7225
f 10621 7225 10620
f 10621 7205 7201
f 10621 7201 10622
f 10623 7221 7222
f 10623 7222 10622
f 10623 7204 7228
f 10623 7228 10624
f 10625 7227 7478
f 10625 7478 10626
f 10626 7478 7477
f 10626 7477 10627
f 7123 7071 10585
f 7123 10585 10628
f 7123 10628 10629
f 7123 10629 7124
f 10630 8383 8324
f 10630 8324 10572
f 10630 8387 8344
f 10630 8344 10631
f 10632 8234 8233
f 10632 8233 10631
f 10633 8235 8234
f 10633 8234 10632
f 10634 8236 8235
f 10634 8235 10633
f 10635 8237 8236
f 10635 8236 10634
f 10635 8251 8253
f 10635 8253 10636
f 10637 8239 8238
f 10637 8238 10636
f 10637 8254 8257
f 10637 8257 10638
f 10638 8257 8259
f 10638 8259 10639
f 10640 8242 8241
f 10640 8241 10639
f 10640 8261 8263
f 10640 8263 10641
f 10641 8263 8558
f 10641 8558 10642
f 10642 8558 8574
f 10642 8574 10643
f 10644 8596 8565
f 10644 8565 10643
f 10644 8589 8605
f 10644 8605 10645
f 10645 8605 10144
f 10645 10144 10646
f 10566 10565 10647
f 10566 10647 10648
f 10648 10647 10649
f 10648 10649 10650
f 8348 10572 10573
f 8348 10573 7675
f 7675 10573 10574
f 7675 10574 7674
f 7674 10574 10575
f 7674 10575 7676
f 7676 10575 10576
f 7676 10576 7544
f 7544 10576 10577
f 7544 10577 7545
f 7545 10577 10578
f 7545 10578 7672
f 7672 10578 10579
f 7672 10579 7669
f 7696 10580 10579
f 7696 10579 7687
f 7681 10580 10581
f 7681 10581 7668
f 7554 10582 10581
f 7554 10581 7553
f 7666 10582 10583
f 7666 10583 7667
f 10651 7077 7122
f 10651 7122 10652
f 10653 7125 7124
f 10653 7124 10629
f 10653 10654 7126
f 10653 7126 7125
f 7479 10586 10587
f 7479 10587 7480
f 7230 10588 10586
f 7230 10586 7479
f 7203 10589 10590
f 7203 10590 7229
f 7202 10591 10589
f 7202 10589 7203
f 7206 10592 10591
f 7206 10591 7202
f 7232 10592 10593
f 7232 10593 7234
f 7208 10594 10593
f 7208 10593 7209
f 7212 10595 10594
f 7212 10594 7208
f 7309 10596 10595
f 7309 10595 7212
f 7314 10596 10597
f 7314 10597 7329
f 7340 10598 10597
f 7340 10597 7337
f 7357 10599 10598
f 7357 10598 7340
f 7364 10599 10600
f 7364 10600 7387
f 7387 10600 10601
f 7387 10601 7393
f 7404 10602 10601
f 7404 10601 7401
f 7420 10603 10602
f 7420 10602 7404
f 7426 10603 10604
f 7426 10604 7435
f 7435 10604 10605
f 7435 10605 7455
f 7455 10605 10606
f 7455 10606 7456
f 7466 10607 10606
f 7466 10606 7467
f 7462 10607 10608
f 7462 10608 7445
f 7445 10608 10609
f 7445 10609 7438
f 7419 10610 10609
f 7419 10609 7442
f 7428 10610 10611
f 7428 10611 7412
f 7400 10612 10611
f 7400 10611 7403
f 7380 10613 10612
f 7380 10612 7400
f 7371 10613 10614
f 7371 10614 7366
f 7366 10614 10615
f 7366 10615 7349
f 7336 10616 10615
f 7336 10615 7339
f 7308 10617 10616
f 7308 10616 7336
f 7311 10617 10618
f 7311 10618 7226
f 7207 10619 10618
f 7207 10618 7211
f 7210 10620 10619
f 7210 10619 7207
f 7205 10621 10620
f 7205 10620 7210
f 7223 10621 10622
f 7223 10622 7222
f 7204 10623 10622
f 7204 10622 7201
f 7221 10623 10624
f 7221 10624 7185
f 7152 10625 10626
f 7152 10626 7153
f 7153 10626 10627
f 7153 10627 10655
f 10656 7128 7126
f 10656 7126 10654
f 10657 10658 10659
f 10657 10659 10660
f 10660 10659 10661
f 10660 10661 10662
f 10662 10661 10663
f 10662 10663 10664
f 10665 10666 10667
f 10665 10667 10668
f 10668 10667 10669
f 10668 10669 10670
f 10670 10669 10671
f 10670 10671 10672
f 10672 10671 10673
f 10672 10673 10674
f 10674 10673 10675
f 10674 10675 10676
f 8387 10630 10572
f 8387 10572 8348
f 8383 10630 10631
f 8383 10631 8233
f 8244 10632 10631
f 8244 10631 8344
f 8247 10633 10632
f 8247 10632 8244
f 8249 10634 10633
f 8249 10633 8247
f 8251 10635 10634
f 8251 10634 8249
f 8237 10635 10636
f 8237 10636 8238
f 8254 10637 10636
f 8254 10636 8253
f 8239 10637 10638
f 8239 10638 8240
f 8240 10638 10639
f 8240 10639 8241
f 8261 10640 10639
f 8261 10639 8259
f 8242 10640 10641
f 8242 10641 8243
f 8243 10641 10642
f 8243 10642 8553
f 8553 10642 10643
f 8553 10643 8565
f 8589 10644 10643
f 8589 10643 8574
f 8596 10644 10645
f 8596 10645 8614
f 8614 10645 10646
f 8614 10646 10153
f 10533 10556 10677
f 10533 10677 10534
f 10104 10557 10556
f 10104 10556 10533
f 10557 10104 10103
f 10557 10103 10559
f 10559 10103 10115
f 10559 10115 10561
f 10535 10563 10561
f 10535 10561 10115
f 10362 10569 10571
f 10362 10571 10347
f 10525 10565 10563
f 10525 10563 10535
f 10565 10525 10093
f 10565 10093 10647
f 10678 10399 10398
f 10678 10398 10650
f 10410 10567 10679
f 10410 10679 10411
f 10369 10569 10568
f 10369 10568 10387
f 8425 8424 10680
f 8425 10680 10681
f 8434 8425 10681
f 8434 10681 10682
f 8441 8434 10682
f 8441 10682 10683
f 8448 8441 10683
f 8448 10683 10684
f 8455 8448 10684
f 8455 10684 10685
f 1791 8455 10685
f 1791 10685 4028
f 8537 8477 10686
f 8537 10686 10687
f 8477 8465 10688
f 8477 10688 10686
f 8465 8464 10689
f 8465 10689 10688
f 8464 8538 10690
f 8464 10690 10689
f 8538 8539 10691
f 8538 10691 10690
f 8542 8537 10687
f 8542 10687 10692
f 8539 8550 10693
f 8539 10693 10691
f 8550 8575 10694
f 8550 10694 10693
f 8575 8590 10695
f 8575 10695 10694
f 8590 8606 10696
f 8590 10696 10695
f 10146 10697 10696
f 10146 10696 8606
f 10171 10698 10697
f 10171 10697 10146
f 10189 10699 10698
f 10189 10698 10171
f 10205 10700 10699
f 10205 10699 10189
f 10225 10701 10700
f 10225 10700 10205
f 10241 10702 10701
f 10241 10701 10225
f 10256 10703 10702
f 10256 10702 10241
f 10272 10704 10703
f 10272 10703 10256
f 10287 10705 10704
f 10287 10704 10272
f 10299 10706 10705
f 10299 10705 10287
f 10333 10707 10706
f 10333 10706 10299
f 10349 10708 10707
f 10349 10707 10333
f 10364 10709 10708
f 10364 10708 10349
f 10380 10710 10709
f 10380 10709 10364
f 10396 10711 10710
f 10396 10710 10380
f 10712 10713 10399
f 10712 10399 10678
f 10089 10649 10647
f 10089 10647 10093
f 10426 9983 10056
f 10426 10056 10126
f 10524 10044 10031
f 10524 10031 10030
f 10714 10048 10047
f 10714 10047 9996
f 10416 9984 9983
f 10416 9983 10426
f 9984 10416 10417
f 9984 10417 10028
f 9988 9987 10033
f 9988 10033 10032
f 10120 10066 10028
f 10120 10028 10417
f 10055 10039 10037
f 10055 10037 10036
f 9996 10047 10015
f 9996 10015 9997
f 10066 10120 10119
f 10066 10119 10114
f 10529 10023 10114
f 10529 10114 10119
f 10418 10013 10023
f 10418 10023 10529
f 10013 10418 10419
f 10013 10419 10014
f 10052 10034 10033
f 10052 10033 10042
f 10009 10008 10031
f 10009 10031 10043
f 9991 10037 10039
f 9991 10039 9992
f 10113 10422 10014
f 10113 10014 10419
f 10027 10015 10047
f 10027 10047 10046
f 10422 10113 10112
f 10422 10112 10423
f 10527 10029 10423
f 10527 10423 10112
f 10526 10024 10029
f 10526 10029 10527
f 9991 10005 10004
f 9991 10004 10037
f 10024 10526 10528
f 10024 10528 9994
f 10065 9995 9994
f 10065 9994 10528
f 9995 10065 10064
f 9995 10064 10010
f 10063 10715 10716
f 10063 10716 10064
f 10714 10716 10715
f 10714 10715 10717
f 9992 10039 10038
f 9992 10038 10025
f 10427 10001 10025
f 10427 10025 10038
f 10001 10427 10421
f 10001 10421 10000
f 10010 10064 10716
f 10010 10716 10020
f 10049 10052 10042
f 10049 10042 10046
f 10045 10055 10036
f 10045 10036 10043
f 10021 9988 10032
f 10021 10032 10030
f 10483 10546 10494
f 10483 10494 10484
f 10718 10544 10543
f 10718 10543 10719
f 10720 10545 10544
f 10720 10544 10718
f 10121 10111 10125
f 10121 10125 10721
f 10511 10722 10110
f 10511 10110 10109
f 10088 10723 10649
f 10088 10649 10089
f 10510 10546 10545
f 10510 10545 10720
f 10088 10550 10724
f 10088 10724 10723
f 10725 10062 10121
f 10725 10121 10721
f 10721 10110 10722
f 10721 10722 10725
f 10722 10720 10718
f 10722 10718 10725
f 10062 10725 10718
f 10062 10718 10063
f 10125 10099 10110
f 10125 10110 10721
f 10095 10100 10099
f 10095 10099 10125
f 10518 10548 10552
f 10518 10552 10521
f 10548 10518 10520
f 10548 10520 10549
f 10726 10727 10724
f 10726 10724 10550
f 10728 10729 10727
f 10728 10727 10726
f 10730 10731 10729
f 10730 10729 10728
f 10732 10733 10731
f 10732 10731 10730
f 10734 10735 10733
f 10734 10733 10732
f 10555 10736 10735
f 10555 10735 10734
f 10513 10737 10736
f 10513 10736 10555
f 10512 10738 10737
f 10512 10737 10513
f 10726 10550 10549
f 10726 10549 10739
f 10503 10502 10554
f 10503 10554 10555
f 10728 10726 10739
f 10728 10739 10740
f 10549 10520 10519
f 10549 10519 10739
f 10506 10741 10541
f 10506 10541 10508
f 10741 10506 10504
f 10741 10504 10742
f 10540 10740 10739
f 10540 10739 10519
f 10740 10540 10541
f 10740 10541 10743
f 10743 10541 10741
f 10743 10741 10744
f 10744 10741 10742
f 10744 10742 10745
f 10730 10728 10740
f 10730 10740 10743
f 10744 10732 10730
f 10744 10730 10743
f 10732 10744 10745
f 10732 10745 10734
f 10504 10498 10501
f 10504 10501 10742
f 10742 10501 10503
f 10742 10503 10745
f 10503 10555 10734
f 10503 10734 10745
f 10041 10040 10539
f 10041 10539 10553
f 10080 10118 10100
f 10080 10100 10095
f 10118 10080 10079
f 10118 10079 10537
f 10537 10079 10084
f 10537 10084 10107
f 10085 10108 10107
f 10085 10107 10084
f 10091 10117 10108
f 10091 10108 10085
f 10074 10532 10117
f 10074 10117 10091
f 10073 10531 10532
f 10073 10532 10074
f 10539 10552 10551
f 10539 10551 10553
f 10552 10539 10538
f 10552 10538 10521
f 10067 10517 10521
f 10067 10521 10538
f 10517 10067 10069
f 10517 10069 10515
f 10429 10509 10515
f 10429 10515 10069
f 10509 10429 10072
f 10509 10072 10507
f 10507 10072 10071
f 10507 10071 10505
f 10070 10499 10505
f 10070 10505 10071
f 10499 10070 10059
f 10499 10059 10496
f 10714 9996 10020
f 10714 10020 10716
f 10057 10717 10715
f 10057 10715 10058
f 10714 10717 10057
f 10714 10057 10048
f 10063 10718 10719
f 10063 10719 10715
f 10681 10680 8427
f 10681 8427 8426
f 10682 10681 8426
f 10682 8426 8435
f 10683 10682 8435
f 10683 8435 8442
f 10684 10683 8442
f 10684 8442 8449
f 10685 10684 8449
f 10685 8449 8456
f 4028 10685 8456
f 4028 8456 1792
f 10687 10686 8482
f 10687 8482 8481
f 10686 10688 8493
f 10686 8493 8482
f 10688 10689 8503
f 10688 8503 8493
f 10689 10690 8518
f 10689 8518 8503
f 10690 10691 8528
f 10690 8528 8518
f 10692 10687 8481
f 10692 8481 8540
f 10691 10693 8559
f 10691 8559 8528
f 10693 10694 8577
f 10693 8577 8559
f 10694 10695 8592
f 10694 8592 8577
f 10695 10696 8608
f 10695 8608 8592
f 10547 10550 10088
f 10547 10088 10087
f 10697 10147 8608
f 10697 8608 10696
f 10698 10158 10147
f 10698 10147 10697
f 10699 10172 10158
f 10699 10158 10698
f 10700 10206 10172
f 10700 10172 10699
f 10701 10208 10206
f 10701 10206 10700
f 10702 10242 10208
f 10702 10208 10701
f 10703 10257 10242
f 10703 10242 10702
f 10704 10273 10257
f 10704 10257 10703
f 10705 10289 10273
f 10705 10273 10704
f 10706 10303 10289
f 10706 10289 10705
f 10707 10316 10303
f 10707 10303 10706
f 10708 10350 10316
f 10708 10316 10707
f 10709 10365 10350
f 10709 10350 10708
f 10710 10381 10365
f 10710 10365 10709
f 10711 10402 10381
f 10711 10381 10710
f 10536 10746 10738
f 10536 10738 10512
f 10534 10677 10746
f 10534 10746 10536
f 10553 10551 10747
f 10553 10747 10082
f 10547 10087 10747
f 10547 10747 10551
f 10531 10073 10082
f 10531 10082 10747
f 10087 10090 10531
f 10087 10531 10747
f 10748 10285 10315
f 10748 10315 10749
f 10748 10295 10279
f 10748 10279 10750
f 10751 10254 10270
f 10751 10270 10750
f 10751 10261 10230
f 10751 10230 10752
f 10753 10223 10239
f 10753 10239 10752
f 10754 10203 10223
f 10754 10223 10753
f 10755 10187 10203
f 10755 10203 10754
f 10756 10170 10187
f 10756 10187 10755
f 10295 10748 10749
f 10295 10749 10311
f 10285 10748 10750
f 10285 10750 10270
f 10261 10751 10750
f 10261 10750 10279
f 10254 10751 10752
f 10254 10752 10239
f 10216 10753 10752
f 10216 10752 10230
f 10194 10754 10753
f 10194 10753 10216
f 10180 10755 10754
f 10180 10754 10194
f 10166 10756 10755
f 10166 10755 10180
f 10749 10315 10331
f 10749 10331 10570
f 10569 10369 10338
f 10569 10338 10571
f 10646 10144 10170
f 10646 10170 10756
f 10311 10749 10570
f 10311 10570 10324
f 10153 10646 10756
f 10153 10756 10166
f 10324 10570 10571
f 10324 10571 10338
f 10720 10722 10511
f 10720 10511 10510
f 10542 10522 10719
f 10542 10719 10543
f 10522 10542 10530
f 10522 10530 10496
f 10496 10530 10523
f 10496 10523 10497
f 10497 10523 10495
f 10497 10495 10500
f 10500 10495 10493
f 10500 10493 10502
f 10502 10493 10494
f 10502 10494 10554
f 10554 10494 10546
f 10554 10546 10510
f 10757 10679 10395
f 10757 10395 10758
f 10758 10395 10394
f 10758 10394 10759
f 10759 10394 10401
f 10759 10401 10760
f 10761 10733 10735
f 10761 10735 10760
f 10762 10731 10733
f 10762 10733 10761
f 10763 10729 10731
f 10763 10731 10762
f 10764 10727 10729
f 10764 10729 10763
f 10764 10765 10713
f 10764 10713 10712
f 10431 10411 10679
f 10431 10679 10757
f 10766 10767 10389
f 10766 10389 10388
f 10768 10769 10391
f 10768 10391 10390
f 10378 10377 10393
f 10378 10393 10392
f 10380 10379 10397
f 10380 10397 10396
f 10769 10398 10397
f 10769 10397 10391
f 10377 10371 10400
f 10377 10400 10393
f 10765 10770 10403
f 10765 10403 10402
f 10407 10766 10388
f 10407 10388 10404
f 10383 10384 10405
f 10383 10405 10404
f 10770 10771 10408
f 10770 10408 10403
f 10767 10772 10409
f 10767 10409 10389
f 10384 10387 10410
f 10384 10410 10405
f 10771 10773 10412
f 10771 10412 10408
f 10772 10774 10413
f 10772 10413 10409
f 10773 10401 10400
f 10773 10400 10412
f 10774 10768 10390
f 10774 10390 10413
f 10679 10567 10392
f 10679 10392 10395
f 10387 10568 10567
f 10387 10567 10410
f 10399 10713 10711
f 10399 10711 10396
f 10713 10765 10402
f 10713 10402 10711
f 10724 10712 10678
f 10724 10678 10723
f 10407 10432 10558
f 10407 10558 10766
f 10771 10762 10761
f 10771 10761 10773
f 10556 10432 10430
f 10556 10430 10677
f 10736 10759 10760
f 10736 10760 10735
f 10677 10430 10431
f 10677 10431 10746
f 10769 10648 10650
f 10769 10650 10398
f 10746 10431 10757
f 10746 10757 10738
f 10772 10562 10564
f 10772 10564 10774
f 10768 10566 10648
f 10768 10648 10769
f 10737 10758 10759
f 10737 10759 10736
f 10765 10764 10763
f 10765 10763 10770
f 10767 10560 10562
f 10767 10562 10772
f 10774 10564 10566
f 10774 10566 10768
f 10727 10764 10712
f 10727 10712 10724
f 10773 10761 10760
f 10773 10760 10401
f 10766 10558 10560
f 10766 10560 10767
f 10723 10678 10650
f 10723 10650 10649
f 10770 10763 10762
f 10770 10762 10771
f 10738 10757 10758
f 10738 10758 10737
f 10715 10719 10522
f 10715 10522 10058
f 8447 8440 10775
f 8447 10775 10776
f 8474 8473 10777
f 8474 10777 10778
f 8440 8433 10779
f 8440 10779 10775
f 8320 8319 8748
f 8320 8748 10780
f 8487 8541 10781
f 8487 10781 10782
f 8321 8320 10780
f 8321 10780 10783
f 8473 8487 10782
f 8473 10782 10777
f 8433 8423 10784
f 8433 10784 10779
f 8541 8321 10783
f 8541 10783 10781
f 1790 8454 10785
f 1790 10785 4128
f 8423 8422 10786
f 8423 10786 10784
f 8454 8447 10776
f 8454 10776 10785
f 10785 10776 10787
f 10785 10787 10788
f 10783 10780 10789
f 10783 10789 10790
f 4128 10785 10788
f 4128 10788 4135
f 10784 10786 10791
f 10784 10791 10792
f 10778 10777 10793
f 10778 10793 10794
f 10779 10784 10792
f 10779 10792 10795
f 10777 10782 10796
f 10777 10796 10793
f 10775 10779 10795
f 10775 10795 10797
f 10782 10781 10798
f 10782 10798 10796
f 10776 10775 10797
f 10776 10797 10787
f 10780 8748 10799
f 10780 10799 10789
f 10781 10783 10790
f 10781 10790 10798
f 10798 10790 10800
f 10798 10800 10801
f 10788 10787 10802
f 10788 10802 10803
f 10790 10789 10804
f 10790 10804 10800
f 4135 10788 10803
f 4135 10803 4150
f 10792 10791 10805
f 10792 10805 10806
f 10794 10793 10807
f 10794 10807 10808
f 10795 10792 10806
f 10795 10806 10809
f 10793 10796 10810
f 10793 10810 10807
f 10797 10795 10809
f 10797 10809 10811
f 10796 10798 10801
f 10796 10801 10810
f 10787 10797 10811
f 10787 10811 10802
f 10789 10799 10812
f 10789 10812 10804
f 10801 10800 10813
f 10801 10813 10814
f 10803 10802 10815
f 10803 10815 10816
f 10800 10804 10817
f 10800 10817 10813
f 4150 10803 10816
f 4150 10816 4164
f 10806 10805 10818
f 10806 10818 10819
f 10808 10807 10820
f 10808 10820 10821
f 10809 10806 10819
f 10809 10819 10822
f 10807 10810 10823
f 10807 10823 10820
f 10811 10809 10822
f 10811 10822 10824
f 10810 10801 10814
f 10810 10814 10823
f 10802 10811 10824
f 10802 10824 10815
f 10804 10812 10825
f 10804 10825 10817
f 10814 10813 10826
f 10814 10826 10827
f 10816 10815 10828
f 10816 10828 10829
f 10813 10817 10830
f 10813 10830 10826
f 4164 10816 10829
f 4164 10829 4178
f 10819 10818 10831
f 10819 10831 10832
f 10821 10820 10833
f 10821 10833 10834
f 10822 10819 10832
f 10822 10832 10835
f 10820 10823 10836
f 10820 10836 10833
f 10824 10822 10835
f 10824 10835 10837
f 10823 10814 10827
f 10823 10827 10836
f 10815 10824 10837
f 10815 10837 10828
f 10817 10825 10838
f 10817 10838 10830
f 10827 10826 10839
f 10827 10839 10840
f 10829 10828 10841
f 10829 10841 10842
f 10826 10830 10843
f 10826 10843 10839
f 4178 10829 10842
f 4178 10842 4192
f 10832 10831 10844
f 10832 10844 10845
f 10834 10833 10846
f 10834 10846 10847
f 10835 10832 10845
f 10835 10845 10848
f 10833 10836 10849
f 10833 10849 10846
f 10837 10835 10848
f 10837 10848 10850
f 10836 10827 10840
f 10836 10840 10849
f 10828 10837 10850
f 10828 10850 10841
f 10830 10838 10851
f 10830 10851 10843
f 10843 10851 10852
f 10843 10852 10853
f 10840 10839 10854
f 10840 10854 10855
f 10842 10841 10856
f 10842 10856 10857
f 10839 10843 10853
f 10839 10853 10854
f 10845 10844 10858
f 10845 10858 10859
f 10847 10846 10860
f 10847 10860 10861
f 10848 10845 10859
f 10848 10859 10862
f 10846 10849 10863
f 10846 10863 10860
f 10850 10848 10862
f 10850 10862 10864
f 10849 10840 10855
f 10849 10855 10863
f 10841 10850 10864
f 10841 10864 10856
f 10856 10864 10865
f 10856 10865 10866
f 10853 10852 10867
f 10853 10867 10868
f 10855 10854 10869
f 10855 10869 10870
f 10857 10856 10866
f 10857 10866 10871
f 10854 10853 10868
f 10854 10868 10869
f 4207 10857 10871
f 4207 10871 4222
f 10859 10858 10872
f 10859 10872 10873
f 10861 10860 10874
f 10861 10874 10875
f 10862 10859 10873
f 10862 10873 10876
f 10860 10863 10877
f 10860 10877 10874
f 10864 10862 10876
f 10864 10876 10865
f 10863 10855 10870
f 10863 10870 10877
f 10878 10879 10880
f 10878 10880 10881
f 10866 10865 10882
f 10866 10882 10883
f 10884 10885 10886
f 10884 10886 10887
f 10879 10888 10889
f 10879 10889 10880
f 10871 10866 10883
f 10871 10883 10890
f 10888 10884 10887
f 10888 10887 10889
f 4222 10871 10890
f 4222 10890 4242
f 10873 10872 10891
f 10873 10891 10892
f 10876 10873 10892
f 10876 10892 10893
f 10865 10876 10893
f 10865 10893 10882
f 10881 10880 10894
f 10881 10894 10895
f 10896 10897 10898
f 10896 10898 10899
f 10887 10886 10900
f 10887 10900 10901
f 10880 10889 10902
f 10880 10902 10894
f 10903 10896 10899
f 10903 10899 10904
f 10889 10887 10901
f 10889 10901 10902
f 4257 10903 10904
f 4257 10904 4258
f 8415 8461 8417
f 8415 8417 8406
f 10905 10906 10907
f 10905 10907 10908
f 10909 10905 10908
f 10909 10908 10910
f 10897 10909 10910
f 10897 10910 10898
f 8747 8318 8317
f 8747 8317 8741
f 8738 10911 8747
f 8738 8747 8741
f 8748 8747 10911
f 8748 10911 10799
f 10799 10911 10912
f 10799 10912 10812
f 8734 10912 10911
f 8734 10911 8738
f 10913 10914 10915
f 10913 10915 10916
f 10851 10917 10913
f 10851 10913 10852
f 10913 10917 10918
f 10913 10918 10914
f 10838 10919 10917
f 10838 10917 10851
f 10920 10921 10922
f 10920 10922 10923
f 10917 10919 10924
f 10917 10924 10918
f 10921 4280 4279
f 10921 4279 10922
f 8730 8729 10925
f 8730 10925 10926
f 10927 10920 10923
f 10927 10923 10928
f 10825 10929 10919
f 10825 10919 10838
f 10930 10931 10932
f 10930 10932 10933
f 10926 10925 10934
f 10926 10934 10935
f 10919 10929 8732
f 10919 8732 10924
f 10931 4293 4292
f 10931 4292 10932
f 10936 10930 10933
f 10936 10933 10937
f 10938 10939 10931
f 10938 10931 10930
f 10939 4298 4293
f 10939 4293 10931
f 10940 10938 10930
f 10940 10930 10936
f 10935 10934 10941
f 10935 10941 10942
f 10812 10912 10929
f 10812 10929 10825
f 10943 10944 10938
f 10943 10938 10940
f 10945 4305 4298
f 10945 4298 10939
f 10944 10945 10939
f 10944 10939 10938
f 10942 10941 10946
f 10942 10946 10947
f 8732 10929 10912
f 8732 10912 8734
f 8742 8739 10944
f 8742 10944 10943
f 8739 8746 10945
f 8739 10945 10944
f 10948 10949 10950
f 10948 10950 10951
f 8730 10926 10924
f 8730 10924 8732
f 10935 10918 10924
f 10935 10924 10926
f 10942 10914 10918
f 10942 10918 10935
f 10942 10947 10915
f 10942 10915 10914
f 10948 10951 10952
f 10948 10952 10953
f 10852 10913 10916
f 10852 10916 10867
f 10954 10953 10952
f 10954 10952 10955
f 10885 10954 10955
f 10885 10955 10886
f 8742 10943 10925
f 8742 10925 8729
f 10925 10943 10940
f 10925 10940 10934
f 10936 10941 10934
f 10936 10934 10940
f 10937 10946 10941
f 10937 10941 10936
f 10927 10949 10946
f 10927 10946 10937
f 10956 10874 10877
f 10956 10877 10878
f 10957 10875 10874
f 10957 10874 10956
f 10958 4321 4320
f 10958 4320 10959
f 10960 10958 10959
f 10960 10959 10961
f 10962 10960 10961
f 10962 10961 10963
f 4326 10962 10963
f 4326 10963 4327
f 10961 10959 10964
f 10961 10964 10965
f 10963 10961 10965
f 10963 10965 10966
f 4327 10963 10966
f 4327 10966 4332
f 4329 4333 10965
f 4329 10965 10964
f 10965 4333 4332
f 10965 4332 10966
f 10958 10922 4279
f 10958 4279 4321
f 10950 10928 10967
f 10950 10967 10968
f 10951 10950 10968
f 10951 10968 10969
f 10955 10952 10970
f 10955 10970 10971
f 10952 10951 10969
f 10952 10969 10970
f 10928 10923 10972
f 10928 10972 10967
f 10886 10955 10971
f 10886 10971 10900
f 10922 10958 10972
f 10922 10972 10923
f 10969 10968 10973
f 10969 10973 10974
f 10970 10969 10974
f 10970 10974 10975
f 10895 10894 10976
f 10895 10976 10977
f 10971 10970 10975
f 10971 10975 10978
f 10894 10902 10979
f 10894 10979 10976
f 10968 10967 10980
f 10968 10980 10973
f 10900 10971 10978
f 10900 10978 10981
f 10901 10900 10981
f 10901 10981 10982
f 10902 10901 10982
f 10902 10982 10979
f 10967 10972 10983
f 10967 10983 10980
f 10972 10958 10960
f 10972 10960 10983
f 10877 10870 10879
f 10877 10879 10878
f 10868 10867 10885
f 10868 10885 10884
f 10870 10869 10888
f 10870 10888 10879
f 10869 10868 10884
f 10869 10884 10888
f 10883 10882 10897
f 10883 10897 10896
f 10890 10883 10896
f 10890 10896 10903
f 4242 10890 10903
f 4242 10903 4257
f 10892 10891 10906
f 10892 10906 10905
f 10893 10892 10905
f 10893 10905 10909
f 10882 10893 10909
f 10882 10909 10897
f 10933 10932 10921
f 10933 10921 10920
f 10932 4292 4280
f 10932 4280 10921
f 10937 10933 10920
f 10937 10920 10927
f 10947 10946 10949
f 10947 10949 10948
f 10947 10948 10953
f 10947 10953 10915
f 10916 10915 10953
f 10916 10953 10954
f 10867 10916 10954
f 10867 10954 10885
f 10928 10950 10949
f 10928 10949 10927
f 10984 10956 10878
f 10984 10878 10881
f 10985 10957 10956
f 10985 10956 10984
f 10981 10978 10986
f 10981 10986 10987
f 10975 10974 10988
f 10975 10988 10989
f 10979 10982 10990
f 10979 10990 10991
f 10980 10983 10992
f 10980 10992 10993
f 10983 10960 10962
f 10983 10962 10992
f 10974 10973 10994
f 10974 10994 10988
f 10977 10976 10995
f 10977 10995 10996
f 10978 10975 10989
f 10978 10989 10986
f 10973 10980 10993
f 10973 10993 10994
f 10982 10981 10987
f 10982 10987 10990
f 10976 10979 10991
f 10976 10991 10995
f 4324 4582 4583
f 4324 4583 4326
f 4582 4324 4360
f 4582 4360 4534
f 4534 4360 4359
f 4534 4359 4533
f 4533 4359 4361
f 4533 4361 4531
f 4531 4361 4356
f 4531 4356 4528
f 4528 4356 4355
f 4528 4355 4535
f 4354 4471 4535
f 4354 4535 4355
f 4353 4468 4471
f 4353 4471 4354
f 4468 4353 4358
f 4468 4358 4473
f 4357 4467 4473
f 4357 4473 4358
f 4385 4416 4414
f 4385 4414 4386
f 4467 4357 4363
f 4467 4363 4464
f 10996 10997 10998
f 10996 10998 10977
f 10977 10998 10999
f 10977 10999 10895
f 10895 10999 10984
f 10895 10984 10881
f 10985 10984 10999
f 10985 10999 11000
f 10904 10899 11001
f 10904 11001 11002
f 10908 10907 11003
f 10908 11003 11004
f 10899 10898 11005
f 10899 11005 11001
f 10898 10910 11006
f 10898 11006 11005
f 4258 10904 11002
f 4258 11002 4374
f 10910 10908 11004
f 10910 11004 11006
f 11006 11004 11007
f 11006 11007 11008
f 11002 11001 11009
f 11002 11009 11010
f 11004 11003 11011
f 11004 11011 11007
f 11001 11005 11012
f 11001 11012 11009
f 11005 11006 11008
f 11005 11008 11012
f 4374 11002 11010
f 4374 11010 4381
f 4362 4474 4464
f 4362 4464 4363
f 4474 4362 4365
f 4474 4365 4401
f 4401 4365 4383
f 4401 4383 4398
f 4379 4587 4398
f 4379 4398 4383
f 4376 4586 4587
f 4376 4587 4379
f 4375 4588 4586
f 4375 4586 4376
f 4380 4589 4588
f 4380 4588 4375
f 4378 4590 4589
f 4378 4589 4380
f 4377 4585 4590
f 4377 4590 4378
f 4381 4584 4585
f 4381 4585 4377
f 4381 11010 11013
f 4381 11013 4584
f 11013 11010 11009
f 11013 11009 11014
f 11000 10999 10998
f 11000 10998 11015
f 11015 10998 10997
f 11015 10997 11016
f 11014 11009 11012
f 11014 11012 11017
f 4384 11018 11019
f 4384 11019 4385
f 11020 11021 11022
f 11020 11022 11023
f 11024 11020 11023
f 11024 11023 11025
f 11026 11024 11025
f 11026 11025 11027
f 11028 11026 11027
f 11028 11027 11029
f 11030 11031 11032
f 11030 11032 11033
f 11018 11028 11029
f 11018 11029 11019
f 4385 11019 11034
f 4385 11034 4416
f 11033 11032 11035
f 11033 11035 11036
f 11034 11019 11029
f 11034 11029 11037
f 4386 4414 4412
f 4386 4412 4397
f 4397 4412 4410
f 4397 4410 4395
f 4395 4410 4408
f 4395 4408 4393
f 4393 4408 4404
f 4393 4404 4389
f 4389 4404 4407
f 4389 4407 4390
f 4390 4407 4421
f 4390 4421 4402
f 4424 4403 4402
f 4424 4402 4421
f 4403 4424 4482
f 4403 4482 4476
f 4476 4482 4485
f 4476 4485 4477
f 4487 4478 4477
f 4487 4477 4485
f 4478 4487 4493
f 4478 4493 4481
f 11038 11039 11040
f 11038 11040 11041
f 11042 11038 11041
f 11042 11041 11043
f 4488 4479 4481
f 4488 4481 4493
f 11044 11042 11043
f 11044 11043 11045
f 11037 11044 11045
f 11037 11045 11046
f 11034 11037 11046
f 11034 11046 11047
f 4416 11034 11047
f 4416 11047 4417
f 11041 11040 11048
f 11041 11048 11049
f 11043 11041 11049
f 11043 11049 11050
f 11051 11052 11053
f 11051 11053 11054
f 11045 11043 11050
f 11045 11050 11055
f 11046 11045 11055
f 11046 11055 11056
f 11047 11046 11056
f 11047 11056 11057
f 4417 11047 11057
f 4417 11057 4428
f 4428 11057 11058
f 4428 11058 4429
f 11049 11048 11059
f 11049 11059 11060
f 11050 11049 11060
f 11050 11060 11061
f 11054 11053 11062
f 11054 11062 11063
f 11055 11050 11061
f 11055 11061 11064
f 11056 11055 11064
f 11056 11064 11065
f 11057 11056 11065
f 11057 11065 11058
f 4429 11058 11066
f 4429 11066 4438
f 11060 11059 11067
f 11060 11067 11068
f 11061 11060 11068
f 11061 11068 11069
f 11063 11062 11070
f 11063 11070 11071
f 11064 11061 11069
f 11064 11069 11072
f 11065 11064 11072
f 11065 11072 11073
f 11058 11065 11073
f 11058 11073 11066
f 11069 11068 11074
f 11069 11074 11075
f 11071 11070 11076
f 11071 11076 11077
f 11072 11069 11075
f 11072 11075 11078
f 11073 11072 11078
f 11073 11078 11079
f 11066 11073 11079
f 11066 11079 11080
f 4438 11066 11080
f 4438 11080 4454
f 11068 11067 11081
f 11068 11081 11074
f 11074 11081 11082
f 11074 11082 11083
f 11077 11076 11084
f 11077 11084 11085
f 11079 11078 11086
f 11079 11086 11087
f 11080 11079 11087
f 11080 11087 11088
f 4454 11080 11088
f 4454 11088 4463
f 11089 11090 11091
f 11089 11091 11092
f 11093 11094 11095
f 11093 11095 11096
f 11090 11097 11098
f 11090 11098 11091
f 11097 11093 11096
f 11097 11096 11098
f 11099 11089 11092
f 11099 11092 11100
f 11100 11092 11101
f 11100 11101 11102
f 11092 11091 11103
f 11092 11103 11101
f 11096 11095 11104
f 11096 11104 11105
f 11091 11098 11106
f 11091 11106 11103
f 11098 11096 11105
f 11098 11105 11106
f 4479 4488 4491
f 4479 4491 4480
f 4480 4491 4543
f 4480 4543 4537
f 4546 4538 4537
f 4546 4537 4543
f 4547 4539 4538
f 4547 4538 4546
f 4550 4540 4539
f 4550 4539 4547
f 4556 4525 4540
f 4556 4540 4550
f 4551 4526 4525
f 4551 4525 4556
f 4526 4551 4554
f 4526 4554 4541
f 11107 11108 4541
f 11107 4541 4554
f 11108 11107 11109
f 11108 11109 11110
f 11111 11112 11113
f 11111 11113 11114
f 11112 11115 11116
f 11112 11116 11113
f 11117 11118 11119
f 11117 11119 11120
f 11115 11121 11122
f 11115 11122 11116
f 11121 11117 11120
f 11121 11120 11122
f 11114 11113 11123
f 11114 11123 11124
f 11113 11116 11125
f 11113 11125 11123
f 11120 11119 11126
f 11120 11126 11127
f 11116 11122 11128
f 11116 11128 11125
f 11122 11120 11127
f 11122 11127 11128
f 11124 11123 11129
f 11124 11129 11130
f 11123 11125 11131
f 11123 11131 11129
f 11127 11126 11132
f 11127 11132 11133
f 11125 11128 11134
f 11125 11134 11131
f 11128 11127 11133
f 11128 11133 11134
f 11130 11129 11135
f 11130 11135 11136
f 11129 11131 11137
f 11129 11137 11135
f 11133 11132 11138
f 11133 11138 11139
f 11131 11134 11140
f 11131 11140 11137
f 11134 11133 11139
f 11134 11139 11140
f 11136 11135 11141
f 11136 11141 11142
f 11135 11137 11143
f 11135 11143 11141
f 11144 11145 11146
f 11144 11146 11147
f 11137 11140 11148
f 11137 11148 11143
f 11149 11150 11151
f 11149 11151 11152
f 11099 11100 11032
f 11099 11032 11031
f 11032 11100 11102
f 11032 11102 11035
f 11110 11109 11153
f 11110 11153 11154
f 11154 11153 11155
f 11154 11155 11156
f 11052 11111 11114
f 11052 11114 11053
f 11053 11114 11124
f 11053 11124 11062
f 11062 11124 11130
f 11062 11130 11070
f 11070 11130 11136
f 11070 11136 11076
f 11076 11136 11142
f 11076 11142 11084
f 11157 11158 11108
f 11157 11108 11110
f 11159 11160 11161
f 11159 11161 11162
f 11160 11163 11164
f 11160 11164 11161
f 11163 11165 11157
f 11163 11157 11164
f 11166 11159 11162
f 11166 11162 11167
f 11167 11162 11168
f 11167 11168 11169
f 11161 11164 11154
f 11161 11154 11156
f 11162 11161 11156
f 11162 11156 11168
f 11158 4542 4541
f 11158 4541 11108
f 11164 11157 11110
f 11164 11110 11154
f 11156 11155 11170
f 11156 11170 11168
f 11168 11170 11171
f 11168 11171 11169
f 11171 11118 11104
f 11171 11104 11169
f 11117 11105 11104
f 11117 11104 11118
f 11105 11117 11121
f 11105 11121 11106
f 11115 11103 11106
f 11115 11106 11121
f 11103 11115 11112
f 11103 11112 11101
f 11111 11102 11101
f 11111 11101 11112
f 11052 11035 11102
f 11052 11102 11111
f 11035 11052 11051
f 11035 11051 11036
f 11171 11170 11172
f 11171 11172 11173
f 11155 11153 11174
f 11155 11174 11175
f 11170 11155 11175
f 11170 11175 11172
f 11107 4554 4553
f 11107 4553 11176
f 11153 11109 11177
f 11153 11177 11174
f 11173 11172 11178
f 11173 11178 11179
f 11175 11174 11180
f 11175 11180 11181
f 11172 11175 11181
f 11172 11181 11178
f 11176 4553 4562
f 11176 4562 11182
f 11174 11177 11183
f 11174 11183 11180
f 11179 11178 11184
f 11179 11184 11185
f 11181 11180 11186
f 11181 11186 11187
f 11178 11181 11187
f 11178 11187 11184
f 11182 4562 4569
f 11182 4569 11188
f 11180 11183 11189
f 11180 11189 11186
f 11185 11184 11190
f 11185 11190 11191
f 11184 11187 11192
f 11184 11192 11190
f 11022 11036 11051
f 11022 11051 11039
f 11109 11107 11176
f 11109 11176 11177
f 11177 11176 11182
f 11177 11182 11183
f 11183 11182 11188
f 11183 11188 11189
f 11017 11012 11008
f 11017 11008 11193
f 11193 11008 11007
f 11193 11007 11194
f 11194 11007 11011
f 11194 11011 11195
f 11011 11016 11030
f 11011 11030 11195
f 10997 11031 11030
f 10997 11030 11016
f 10996 11099 11031
f 10996 11031 10997
f 11099 10996 10995
f 11099 10995 11089
f 10991 11090 11089
f 10991 11089 10995
f 11196 4577 4576
f 11196 4576 11197
f 11196 11197 11198
f 11196 11198 11199
f 11199 11198 11200
f 11199 11200 11201
f 11202 11158 11157
f 11202 11157 11165
f 11158 11202 4583
f 11158 4583 4542
f 4584 11013 11018
f 4584 11018 4384
f 11194 11195 11021
f 11194 11021 11020
f 11193 11194 11020
f 11193 11020 11024
f 11017 11193 11024
f 11017 11024 11026
f 8461 8475 8490
f 8461 8490 8417
f 11014 11017 11026
f 11014 11026 11028
f 11090 10991 10990
f 11090 10990 11097
f 11013 11014 11028
f 11013 11028 11018
f 10987 11093 11097
f 10987 11097 10990
f 11093 10987 10986
f 11093 10986 11094
f 11094 10986 10989
f 11094 10989 11166
f 10988 11159 11166
f 10988 11166 10989
f 10994 11160 11159
f 10994 11159 10988
f 10993 11163 11160
f 10993 11160 10994
f 11119 11173 11179
f 11119 11179 11126
f 11038 11023 11022
f 11038 11022 11039
f 11095 11167 11169
f 11095 11169 11104
f 11094 11166 11167
f 11094 11167 11095
f 11132 11185 11191
f 11132 11191 11138
f 10992 11165 11163
f 10992 11163 10993
f 11042 11025 11023
f 11042 11023 11038
f 11118 11171 11173
f 11118 11173 11119
f 11126 11179 11185
f 11126 11185 11132
f 8417 8490 8492
f 8417 8492 8418
f 8418 8492 8542
f 8418 8542 8424
f 10692 10680 8424
f 10692 8424 8542
f 8540 8427 10680
f 8540 10680 10692
f 8427 8540 8468
f 8427 8468 8428
f 8428 8468 8471
f 8428 8471 8421
f 8421 8471 8474
f 8421 8474 8422
f 10778 10786 8422
f 10778 8422 8474
f 10786 10778 10794
f 10786 10794 10791
f 10791 10794 10808
f 10791 10808 10805
f 10805 10808 10821
f 10805 10821 10818
f 10818 10821 10834
f 10818 10834 10831
f 10831 10834 10847
f 10831 10847 10844
f 10844 10847 10861
f 10844 10861 10858
f 10858 10861 10875
f 10858 10875 10872
f 10957 10891 10872
f 10957 10872 10875
f 10891 10957 10985
f 10891 10985 10906
f 10906 10985 11000
f 10906 11000 10907
f 10907 11000 11015
f 10907 11015 11003
f 11003 11015 11016
f 11003 11016 11011
f 10962 11202 11165
f 10962 11165 10992
f 11202 10962 4326
f 11202 4326 4583
f 11195 11030 11033
f 11195 11033 11021
f 11021 11033 11036
f 11021 11036 11022
f 11044 11027 11025
f 11044 11025 11042
f 11037 11029 11027
f 11037 11027 11044
f 11039 11051 11054
f 11039 11054 11040
f 11040 11054 11063
f 11040 11063 11048
f 11048 11063 11071
f 11048 11071 11059
f 11059 11071 11077
f 11059 11077 11067
f 11085 11081 11067
f 11085 11067 11077
f 11186 11203 11192
f 11186 11192 11187
f 11204 11205 11141
f 11204 11141 11143
f 11142 11141 11205
f 11142 11205 11206
f 11084 11142 11206
f 11084 11206 11207
f 11144 11208 11190
f 11144 11190 11192
f 11143 11148 11209
f 11143 11209 11204
f 11207 11210 11085
f 11207 11085 11084
f 11192 11203 11145
f 11192 11145 11144
f 11138 11191 11150
f 11138 11150 11149
f 11208 11150 11191
f 11208 11191 11190
f 11081 11085 11210
f 11081 11210 11082
f 11211 11212 11200
f 11211 11200 11213
f 11212 11214 11201
f 11212 11201 11200
f 11215 11151 11150
f 11215 11150 11208
f 11147 11215 11208
f 11147 11208 11144
f 11216 11217 11214
f 11216 11214 11212
f 11218 11216 11212
f 11218 11212 11211
f 11219 11220 11217
f 11219 11217 11216
f 11221 11219 11216
f 11221 11216 11218
f 11152 11222 11223
f 11152 11223 11149
f 11223 11139 11138
f 11223 11138 11149
f 11139 11223 11148
f 11139 11148 11140
f 11222 11209 11148
f 11222 11148 11223
f 11086 11078 11075
f 11086 11075 11224
f 11224 11075 11074
f 11224 11074 11225
f 11225 11074 11083
f 11225 11083 11226
f 11227 11228 11219
f 11227 11219 11221
f 11229 11230 11151
f 11229 11151 11215
f 11082 11210 11231
f 11082 11231 11232
f 11226 11083 11233
f 11226 11233 11234
f 11206 11205 11235
f 11206 11235 11236
f 11152 11151 11230
f 11152 11230 11237
f 11207 11206 11236
f 11207 11236 11238
f 11237 11239 11222
f 11237 11222 11152
f 11238 11231 11210
f 11238 11210 11207
f 11147 11146 11240
f 11147 11240 11241
f 11242 11235 11205
f 11242 11205 11204
f 11204 11209 11243
f 11204 11243 11242
f 11228 11244 11220
f 11228 11220 11219
f 11083 11082 11232
f 11083 11232 11233
f 11209 11222 11239
f 11209 11239 11243
f 11241 11229 11215
f 11241 11215 11147
f 11232 11231 11245
f 11232 11245 11246
f 11247 11245 11231
f 11247 11231 11238
f 11248 11249 11229
f 11248 11229 11241
f 11250 11251 11235
f 11250 11235 11242
f 11233 11232 11246
f 11233 11246 11252
f 11253 11254 11244
f 11253 11244 11228
f 11242 11243 11255
f 11242 11255 11250
f 11249 11256 11230
f 11249 11230 11229
f 11257 11258 11239
f 11257 11239 11237
f 11259 11253 11228
f 11259 11228 11227
f 11236 11235 11251
f 11236 11251 11260
f 11241 11240 11261
f 11241 11261 11248
f 11243 11239 11258
f 11243 11258 11255
f 11238 11236 11260
f 11238 11260 11247
f 11237 11230 11256
f 11237 11256 11257
f 11234 11233 11252
f 11234 11252 11262
f 11263 11264 11265
f 11263 11265 11266
f 11267 11266 11265
f 11267 11265 11268
f 11269 11270 11271
f 11269 11271 11267
f 11272 11273 11270
f 11272 11270 11269
f 11272 11274 11275
f 11272 11275 11273
f 11276 11274 11277
f 11276 11277 11278
f 11279 11276 11278
f 11279 11278 11280
f 11279 11280 11281
f 11279 11281 11282
f 11282 11281 11283
f 11282 11283 11284
f 11284 11283 11285
f 11284 11285 11286
f 11287 11288 11289
f 11287 11289 11286
f 11287 11290 11291
f 11287 11291 11292
f 11293 11294 11295
f 11293 11295 11296
f 11297 11298 11299
f 11297 11299 11300
f 11301 11302 11303
f 11301 11303 11304
f 11296 11305 11306
f 11296 11306 11293
f 11307 11308 11309
f 11307 11309 11310
f 11311 11312 11313
f 11311 11313 11314
f 11315 11301 11304
f 11315 11304 11316
f 11317 11295 11294
f 11317 11294 11318
f 11319 11320 11321
f 11319 11321 11322
f 11305 11313 11312
f 11305 11312 11306
f 11323 11317 11318
f 11323 11318 11324
f 11314 11309 11308
f 11314 11308 11311
f 11325 11297 11300
f 11325 11300 11326
f 11298 11327 11328
f 11298 11328 11299
f 11324 11328 11327
f 11324 11327 11323
f 11322 11307 11310
f 11322 11310 11319
f 11306 11312 11329
f 11306 11329 11330
f 11324 11318 11331
f 11324 11331 11332
f 11311 11308 11333
f 11311 11333 11334
f 11326 11300 11335
f 11326 11335 11336
f 11299 11328 11337
f 11299 11337 11338
f 11332 11337 11328
f 11332 11328 11324
f 11339 11340 11307
f 11339 11307 11322
f 11341 11342 11294
f 11341 11294 11293
f 11300 11299 11338
f 11300 11338 11335
f 11343 11344 11302
f 11343 11302 11301
f 11293 11306 11330
f 11293 11330 11341
f 11340 11333 11308
f 11340 11308 11307
f 11334 11329 11312
f 11334 11312 11311
f 11345 11343 11301
f 11345 11301 11315
f 11318 11294 11342
f 11318 11342 11331
f 11322 11321 11346
f 11322 11346 11339
f 11347 11348 11340
f 11347 11340 11339
f 11349 11350 11342
f 11349 11342 11341
f 11335 11338 11351
f 11335 11351 11352
f 11353 11354 11344
f 11353 11344 11343
f 11341 11330 11355
f 11341 11355 11349
f 11348 11356 11333
f 11348 11333 11340
f 11357 11358 11329
f 11357 11329 11334
f 11359 11353 11343
f 11359 11343 11345
f 11331 11342 11350
f 11331 11350 11360
f 11339 11346 11361
f 11339 11361 11347
f 11330 11329 11358
f 11330 11358 11355
f 11332 11331 11360
f 11332 11360 11362
f 11334 11333 11356
f 11334 11356 11357
f 11336 11335 11352
f 11336 11352 11363
f 11338 11337 11364
f 11338 11364 11351
f 11362 11364 11337
f 11362 11337 11332
f 11355 11358 11365
f 11355 11365 11366
f 11362 11360 11367
f 11362 11367 11368
f 11357 11356 11369
f 11357 11369 11370
f 11363 11352 11371
f 11363 11371 11372
f 11351 11364 11373
f 11351 11373 11374
f 11368 11373 11364
f 11368 11364 11362
f 11375 11376 11348
f 11375 11348 11347
f 11377 11378 11350
f 11377 11350 11349
f 11352 11351 11374
f 11352 11374 11371
f 11379 11380 11354
f 11379 11354 11353
f 11349 11355 11366
f 11349 11366 11377
f 11376 11369 11356
f 11376 11356 11348
f 11370 11365 11358
f 11370 11358 11357
f 11381 11379 11353
f 11381 11353 11359
f 11360 11350 11378
f 11360 11378 11367
f 11347 11361 11382
f 11347 11382 11375
f 11383 11384 11376
f 11383 11376 11375
f 11385 11386 11378
f 11385 11378 11377
f 11371 11374 11387
f 11371 11387 11388
f 11389 11390 11380
f 11389 11380 11379
f 11377 11366 11391
f 11377 11391 11385
f 11384 11392 11369
f 11384 11369 11376
f 11393 11394 11365
f 11393 11365 11370
f 11395 11389 11379
f 11395 11379 11381
f 11367 11378 11386
f 11367 11386 11396
f 11375 11382 11397
f 11375 11397 11383
f 11366 11365 11394
f 11366 11394 11391
f 11368 11367 11396
f 11368 11396 11398
f 11370 11369 11392
f 11370 11392 11393
f 11372 11371 11388
f 11372 11388 11399
f 11374 11373 11400
f 11374 11400 11387
f 11398 11400 11373
f 11398 11373 11368
f 11383 11397 11401
f 11383 11401 11402
f 11391 11394 11403
f 11391 11403 11404
f 11398 11396 11405
f 11398 11405 11406
f 11393 11392 11407
f 11393 11407 11408
f 11399 11388 11409
f 11399 11409 11410
f 11387 11400 11411
f 11387 11411 11412
f 11406 11411 11400
f 11406 11400 11398
f 11402 11413 11384
f 11402 11384 11383
f 11414 11415 11386
f 11414 11386 11385
f 11388 11387 11412
f 11388 11412 11409
f 11416 11417 11390
f 11416 11390 11389
f 11385 11391 11404
f 11385 11404 11414
f 11413 11407 11392
f 11413 11392 11384
f 11408 11403 11394
f 11408 11394 11393
f 11418 11416 11389
f 11418 11389 11395
f 11396 11386 11415
f 11396 11415 11405
f 11419 11420 11413
f 11419 11413 11402
f 11421 11422 11415
f 11421 11415 11414
f 11409 11412 11423
f 11409 11423 11424
f 11425 11426 11417
f 11425 11417 11416
f 11414 11404 11427
f 11414 11427 11421
f 11420 11428 11407
f 11420 11407 11413
f 11429 11430 11403
f 11429 11403 11408
f 11431 11425 11416
f 11431 11416 11418
f 11405 11415 11422
f 11405 11422 11432
f 11402 11401 11433
f 11402 11433 11419
f 11404 11403 11430
f 11404 11430 11427
f 11406 11405 11432
f 11406 11432 11434
f 11408 11407 11428
f 11408 11428 11429
f 11410 11409 11424
f 11410 11424 11435
f 11412 11411 11436
f 11412 11436 11423
f 11434 11436 11411
f 11434 11411 11406
f 11437 11438 11430
f 11437 11430 11429
f 11439 11440 11425
f 11439 11425 11431
f 11432 11422 11441
f 11432 11441 11442
f 11419 11433 11443
f 11419 11443 11444
f 11427 11430 11438
f 11427 11438 11445
f 11434 11432 11442
f 11434 11442 11446
f 11429 11428 11447
f 11429 11447 11437
f 11435 11424 11448
f 11435 11448 11449
f 11423 11436 11450
f 11423 11450 11451
f 11446 11450 11436
f 11446 11436 11434
f 11444 11452 11420
f 11444 11420 11419
f 11453 11441 11422
f 11453 11422 11421
f 11424 11423 11451
f 11424 11451 11448
f 11440 11454 11426
f 11440 11426 11425
f 11421 11427 11445
f 11421 11445 11453
f 11452 11447 11428
f 11452 11428 11420
f 11455 11456 11450
f 11455 11450 11446
f 11457 11458 11452
f 11457 11452 11444
f 11459 11460 11441
f 11459 11441 11453
f 11448 11451 11461
f 11448 11461 11462
f 11463 11464 11454
f 11463 11454 11440
f 11453 11445 11465
f 11453 11465 11459
f 11458 11466 11447
f 11458 11447 11452
f 11467 11468 11438
f 11467 11438 11437
f 11469 11463 11440
f 11469 11440 11439
f 11442 11441 11460
f 11442 11460 11470
f 11444 11443 11471
f 11444 11471 11457
f 11445 11438 11468
f 11445 11468 11465
f 11446 11442 11470
f 11446 11470 11455
f 11437 11447 11466
f 11437 11466 11467
f 11449 11448 11462
f 11449 11462 11472
f 11451 11450 11456
f 11451 11456 11461
f 11473 11474 11468
f 11473 11468 11467
f 11475 11476 11463
f 11475 11463 11469
f 11470 11460 11477
f 11470 11477 11478
f 11457 11471 11479
f 11457 11479 11480
f 11465 11468 11474
f 11465 11474 11481
f 11455 11470 11478
f 11455 11478 11482
f 11467 11466 11483
f 11467 11483 11473
f 11472 11462 11484
f 11472 11484 11485
f 11461 11456 11486
f 11461 11486 11487
f 11482 11486 11456
f 11482 11456 11455
f 11480 11488 11458
f 11480 11458 11457
f 11489 11477 11460
f 11489 11460 11459
f 11462 11461 11487
f 11462 11487 11484
f 11476 11490 11464
f 11476 11464 11463
f 11459 11465 11481
f 11459 11481 11489
f 11488 11483 11466
f 11488 11466 11458
f 11485 11484 11491
f 11485 11491 11492
f 11487 11486 11493
f 11487 11493 11494
f 11495 11493 11486
f 11495 11486 11482
f 11496 11497 11488
f 11496 11488 11480
f 11498 11499 11477
f 11498 11477 11489
f 11484 11487 11494
f 11484 11494 11491
f 11500 11501 11490
f 11500 11490 11476
f 11489 11481 11502
f 11489 11502 11498
f 11497 11503 11483
f 11497 11483 11488
f 11504 11505 11474
f 11504 11474 11473
f 11506 11500 11476
f 11506 11476 11475
f 11478 11477 11499
f 11478 11499 11507
f 11480 11479 11508
f 11480 11508 11496
f 11481 11474 11505
f 11481 11505 11502
f 11482 11478 11507
f 11482 11507 11495
f 11473 11483 11503
f 11473 11503 11504
f 11498 11502 11509
f 11498 11509 11510
f 11511 11512 11503
f 11511 11503 11497
f 11513 11514 11505
f 11513 11505 11504
f 11515 11516 11500
f 11515 11500 11506
f 11507 11499 11517
f 11507 11517 11518
f 11496 11508 11519
f 11496 11519 11520
f 11502 11505 11514
f 11502 11514 11509
f 11495 11507 11518
f 11495 11518 11521
f 11504 11503 11512
f 11504 11512 11513
f 11492 11491 11522
f 11492 11522 11523
f 11494 11493 11524
f 11494 11524 11525
f 11521 11524 11493
f 11521 11493 11495
f 11520 11511 11497
f 11520 11497 11496
f 11510 11517 11499
f 11510 11499 11498
f 11491 11494 11525
f 11491 11525 11522
f 11516 11526 11501
f 11516 11501 11500
f 11523 11522 11527
f 11523 11527 11528
f 11525 11524 11529
f 11525 11529 11530
f 11531 11529 11524
f 11531 11524 11521
f 11532 11533 11511
f 11532 11511 11520
f 11534 11535 11517
f 11534 11517 11510
f 11522 11525 11530
f 11522 11530 11527
f 11536 11537 11526
f 11536 11526 11516
f 11510 11509 11538
f 11510 11538 11534
f 11533 11539 11512
f 11533 11512 11511
f 11540 11541 11514
f 11540 11514 11513
f 11542 11536 11516
f 11542 11516 11515
f 11518 11517 11535
f 11518 11535 11543
f 11520 11519 11544
f 11520 11544 11532
f 11509 11514 11541
f 11509 11541 11538
f 11521 11518 11543
f 11521 11543 11531
f 11513 11512 11539
f 11513 11539 11540
f 11545 11546 11537
f 11545 11537 11536
f 11534 11538 11547
f 11534 11547 11548
f 11549 11550 11539
f 11549 11539 11533
f 11551 11552 11541
f 11551 11541 11540
f 11553 11545 11536
f 11553 11536 11542
f 11543 11535 11554
f 11543 11554 11555
f 11532 11544 11556
f 11532 11556 11557
f 11538 11541 11552
f 11538 11552 11547
f 11531 11543 11555
f 11531 11555 11558
f 11540 11539 11550
f 11540 11550 11551
f 11528 11527 11559
f 11528 11559 11560
f 11530 11529 11561
f 11530 11561 11562
f 11558 11561 11529
f 11558 11529 11531
f 11557 11549 11533
f 11557 11533 11532
f 11548 11554 11535
f 11548 11535 11534
f 11527 11530 11562
f 11527 11562 11559
f 4942 4975 4973
f 4942 4973 4943
f 4946 5001 4975
f 4946 4975 4942
f 5001 4946 4950
f 5001 4950 5006
f 4949 4988 5006
f 4949 5006 4950
f 4948 4985 4988
f 4948 4988 4949
f 4947 5003 4985
f 4947 4985 4948
f 6538 6371 5003
f 6538 5003 4947
f 6371 6538 6541
f 6371 6541 6372
f 6372 6541 4941
f 6372 4941 4997
f 4979 4939 4940
f 4979 4940 4994
f 4936 4971 4994
f 4936 4994 4940
f 4997 4941 4933
f 4997 4933 4990
f 4990 4933 4934
f 4990 4934 4991
f 4991 4934 4945
f 4991 4945 4999
f 4944 4982 4999
f 4944 4999 4945
f 11563 11564 11565
f 11563 11565 11566
f 11567 11568 11569
f 11567 11569 11570
f 11571 11572 11573
f 11571 11573 11574
f 11572 11575 11576
f 11572 11576 11573
f 11577 11576 11575
f 11577 11575 11578
f 11579 11577 11578
f 11579 11578 11580
f 11581 11579 11580
f 11581 11580 11582
f 11582 11583 11584
f 11582 11584 11581
f 11585 11583 11582
f 11585 11582 11586
f 11586 11587 11588
f 11586 11588 11585
f 11586 11589 11590
f 11586 11590 11587
f 4982 4944 4937
f 4982 4937 4983
f 4983 4937 4938
f 4983 4938 4980
f 11549 11591 11592
f 11549 11592 11550
f 11557 11593 11591
f 11557 11591 11549
f 11593 11557 11556
f 11593 11556 11594
f 11556 11546 11595
f 11556 11595 11594
f 11545 11596 11595
f 11545 11595 11546
f 11553 11597 11596
f 11553 11596 11545
f 11598 11597 11553
f 11598 11553 11599
f 11599 11600 11601
f 11599 11601 11598
f 11602 11601 11600
f 11602 11600 11560
f 4935 4972 4971
f 4935 4971 4936
f 4972 4935 4943
f 4972 4943 4973
f 11603 11551 11550
f 11603 11550 11592
f 11602 11560 11559
f 11602 11559 11604
f 11605 11606 11591
f 11605 11591 11593
f 11604 11607 11608
f 11604 11608 11609
f 11610 11611 11595
f 11610 11595 11596
f 11584 11612 11613
f 11584 11613 11581
f 11606 11614 11592
f 11606 11592 11591
f 11615 11610 11596
f 11615 11596 11597
f 11580 11589 11586
f 11580 11586 11582
f 11593 11594 11616
f 11593 11616 11605
f 11612 11603 11617
f 11612 11617 11613
f 11618 11588 11587
f 11618 11587 11619
f 11602 11604 11609
f 11602 11609 11620
f 11607 11621 11622
f 11607 11622 11608
f 11619 11622 11621
f 11619 11621 11618
f 11605 11616 11623
f 11605 11623 11624
f 11613 11617 11625
f 11613 11625 11626
f 11627 11590 11589
f 11627 11589 11628
f 11624 11629 11606
f 11624 11606 11605
f 11630 11631 11632
f 11630 11632 11633
f 11581 11613 11626
f 11581 11626 11579
f 11629 11634 11614
f 11629 11614 11606
f 6792 6791 6786
f 6792 6786 6785
f 7846 6793 6785
f 7846 6785 6788
f 7844 6798 6793
f 7844 6793 7846
f 7842 6801 6798
f 7842 6798 7844
f 7840 6804 6801
f 7840 6801 7842
f 7839 6807 6804
f 7839 6804 7840
f 7880 6810 6807
f 7880 6807 7839
f 7878 6813 6810
f 7878 6810 7880
f 7877 6816 6813
f 7877 6813 7878
f 7874 6819 6816
f 7874 6816 7877
f 7869 6824 6825
f 7869 6825 7870
f 7862 6826 6829
f 7862 6829 7865
f 7861 6832 6826
f 7861 6826 7862
f 7858 6835 6832
f 7858 6832 7861
f 6841 6838 6786
f 6841 6786 6791
f 6843 6844 6838
f 6843 6838 6841
f 6847 6848 6844
f 6847 6844 6843
f 6851 6852 6848
f 6851 6848 6847
f 6855 6858 6861
f 6855 6861 6856
f 6863 6864 6858
f 6863 6858 6855
f 6867 6868 6864
f 6867 6864 6863
f 6856 6861 6852
f 6856 6852 6851
f 7873 7870 6825
f 7873 6825 8210
f 6963 6959 6889
f 6963 6889 6888
f 6951 6892 6884
f 6951 6884 6883
f 6935 6875 6874
f 6935 6874 6873
f 6941 6940 6871
f 6941 6871 6870
f 6893 6955 6886
f 6893 6886 6885
f 6905 6907 6896
f 6905 6896 6895
f 6907 6909 6897
f 6907 6897 6896
f 6800 6884 6885
f 6800 6885 6797
f 6945 6944 6882
f 6945 6882 6881
f 6846 6891 6898
f 6846 6898 6850
f 6948 6945 6881
f 6948 6881 6880
f 6940 8206 8207
f 6940 8207 6871
f 7646 6949 6879
f 7646 6879 6878
f 6900 6905 6895
f 6900 6895 6894
f 6955 6961 6887
f 6955 6887 6886
f 6961 6963 6888
f 6961 6888 6887
f 6850 6898 6894
f 6850 6894 6857
f 6958 6901 6891
f 6958 6891 6890
f 6944 6951 6883
f 6944 6883 6882
f 6830 6874 6877
f 6830 6877 6831
f 6959 6958 6890
f 6959 6890 6889
f 6937 6935 6873
f 6937 6873 6872
f 6949 6948 6880
f 6949 6880 6879
f 11635 11636 11637
f 11635 11637 11638
f 11639 11640 11641
f 11639 11641 11642
f 11643 11644 11645
f 11643 11645 11646
f 11647 11648 11649
f 11647 11649 11650
f 11651 11652 11653
f 11651 11653 11654
f 11655 11656 11657
f 11655 11657 11658
f 11659 11660 11636
f 11659 11636 11635
f 11661 11662 11663
f 11661 11663 11664
f 11662 11655 11658
f 11662 11658 11663
f 11665 11666 11660
f 11665 11660 11659
f 11667 11668 11669
f 11667 11669 11670
f 11671 11672 11673
f 11671 11673 11674
f 11675 11676 11677
f 11675 11677 11678
f 11679 11680 11681
f 11679 11681 11682
f 11672 11667 11670
f 11672 11670 11673
f 11650 11649 11683
f 11650 11683 11684
f 11679 11685 11686
f 11679 11686 11687
f 11688 11689 11644
f 11688 11644 11643
f 11690 11691 11692
f 11690 11692 11693
f 11694 11695 11696
f 11694 11696 11697
f 11698 11699 11700
f 11698 11700 11701
f 11702 11703 11691
f 11702 11691 11690
f 11704 11705 11703
f 11704 11703 11702
f 11701 11700 11706
f 11701 11706 11707
f 11708 11643 11646
f 11708 11646 11709
f 11710 11651 11654
f 11710 11654 11711
f 11712 11713 11656
f 11712 11656 11655
f 11714 11715 11662
f 11714 11662 11661
f 11715 11712 11655
f 11715 11655 11662
f 11716 11717 11668
f 11716 11668 11667
f 11718 11719 11672
f 11718 11672 11671
f 11720 11675 11678
f 11720 11678 11721
f 11685 11679 11682
f 11685 11682 11722
f 11719 11716 11667
f 11719 11667 11672
f 11680 11679 11687
f 11680 11687 11723
f 11724 11688 11643
f 11724 11643 11708
f 11665 11695 11694
f 11665 11694 11666
f 11725 11640 11704
f 11725 11704 11726
f 11727 11728 11729
f 11727 11729 11730
f 11731 11732 11733
f 11731 11733 11734
f 11735 11736 11737
f 11735 11737 11738
f 11739 11740 11741
f 11739 11741 11742
f 11743 11744 11728
f 11743 11728 11727
f 11745 11746 11747
f 11745 11747 11748
f 11749 11750 11751
f 11749 11751 11752
f 11753 11754 11755
f 11753 11755 11756
f 11738 11737 11757
f 11738 11757 11758
f 11753 11759 11760
f 11753 11760 11761
f 11762 11763 11732
f 11762 11732 11731
f 11746 11764 11765
f 11746 11765 11747
f 11742 11741 11766
f 11742 11766 11767
f 11752 11751 11768
f 11752 11768 11769
f 11770 11771 11772
f 11770 11772 11773
f 11774 11775 11776
f 11774 11776 11777
f 11778 11779 11771
f 11778 11771 11770
f 11777 11776 11780
f 11777 11780 11781
f 11604 11559 11562
f 11604 11562 11607
f 11782 11731 11734
f 11782 11734 11783
f 11784 11739 11742
f 11784 11742 11785
f 11786 11749 11752
f 11786 11752 11787
f 11759 11753 11756
f 11759 11756 11788
f 11754 11753 11761
f 11754 11761 11789
f 11790 11762 11731
f 11790 11731 11782
f 11785 11742 11767
f 11785 11767 11791
f 11787 11752 11769
f 11787 11769 11792
f 8209 8208 6818
f 8209 6818 6817
f 11793 7129 7128
f 11793 7128 10656
f 7074 7129 11793
f 7074 11793 11794
f 11795 11796 11797
f 11795 11797 11798
f 11799 11800 11801
f 11799 11801 11802
f 11803 11804 11805
f 11803 11805 11806
f 11807 11799 11802
f 11807 11802 11808
f 11803 7069 7070
f 11803 7070 11804
f 7083 10656 10654
f 7083 10654 7080
f 5193 11803 11806
f 5193 11806 5194
f 5193 299 7069
f 5193 7069 11803
f 11796 11807 11808
f 11796 11808 11797
f 7083 7082 7130
f 7083 7130 11809
f 11810 11811 11812
f 11810 11812 11813
f 10675 11814 5200
f 10675 5200 4018
f 10673 11815 11814
f 10673 11814 10675
f 10671 11816 11815
f 10671 11815 10673
f 11816 10671 10669
f 11816 10669 11817
f 7096 7250 7249
f 7096 7249 7100
f 11818 7101 7100
f 11818 7100 7249
f 11819 11809 7130
f 11819 7130 11820
f 7092 7095 7136
f 7092 7136 7096
f 7088 7091 7095
f 7088 7095 7092
f 7078 7087 7091
f 7078 7091 7088
f 7087 7078 7077
f 7087 7077 7084
f 7077 10651 11821
f 7077 11821 7084
f 7071 7123 7060
f 7071 7060 7068
f 7150 7153 10655
f 7150 10655 11822
f 7084 11821 7120
f 7084 7120 7085
f 358 322 7085
f 358 7085 7120
f 8210 8209 6817
f 8210 6817 6819
f 11823 11824 6836
f 11823 6836 6835
f 11824 11825 6837
f 11824 6837 6836
f 11826 6872 6837
f 11826 6837 11825
f 8207 6878 6818
f 8207 6818 8208
f 11827 6936 6937
f 11827 6937 11828
f 8201 7005 7006
f 8201 7006 8205
f 8202 7035 7005
f 8202 7005 8201
f 7127 7073 7062
f 7127 7062 7061
f 7073 7072 7065
f 7073 7065 7062
f 11817 10669 10667
f 11817 10667 11829
f 7075 7074 11794
f 7075 11794 11830
f 7057 7124 7125
f 7057 7125 7061
f 8203 7706 7625
f 8203 7625 7624
f 8206 7651 7647
f 8206 7647 7646
f 6988 6946 7647
f 6988 7647 7650
f 7652 8205 7006
f 7652 7006 7650
f 11831 11810 11796
f 11831 11796 11795
f 7705 7703 7625
f 7705 7625 7706
f 6934 11812 11811
f 6934 11811 6932
f 7860 7855 7858
f 7860 7858 7861
f 7876 7871 7874
f 7876 7874 7877
f 7900 7908 7911
f 7900 7911 7901
f 7912 7918 7921
f 7912 7921 7913
f 7942 7947 7908
f 7942 7908 7900
f 7949 7952 7918
f 7949 7918 7912
f 7974 7979 7947
f 7974 7947 7942
f 7981 7983 7952
f 7981 7952 7949
f 7990 7996 7979
f 7990 7979 7974
f 7998 8001 7983
f 7998 7983 7981
f 8026 8031 7996
f 8026 7996 7990
f 8033 8036 8001
f 8033 8001 7998
f 8033 8044 8047
f 8033 8047 8036
f 8055 8061 8031
f 8055 8031 8026
f 8062 8061 8072
f 8062 8072 11832
f 8048 8047 8081
f 8048 8081 8091
f 8091 8081 8093
f 8091 8093 8112
f 11832 8072 8116
f 11832 8116 11833
f 11833 8116 8137
f 11833 8137 11834
f 8112 8093 8142
f 8112 8142 8132
f 8182 8187 8118
f 8182 8118 8143
f 8152 8173 8141
f 8152 8141 8136
f 8159 8158 8122
f 8159 8122 8140
f 8142 8139 8149
f 8142 8149 8148
f 8169 8161 8200
f 8169 8200 8121
f 8183 8182 8143
f 8183 8143 11834
f 8191 8183 11834
f 8191 11834 8137
f 11829 10667 10666
f 11829 10666 11835
f 7873 8210 6819
f 7873 6819 7874
f 7857 11823 6835
f 7857 6835 7858
f 8206 7646 6878
f 8206 6878 8207
f 11828 6937 6872
f 11828 6872 11826
f 11836 11837 5266
f 11836 5266 5265
f 11838 11811 11810
f 11838 11810 11831
f 11839 7119 7081
f 11839 7081 7080
f 7068 7060 7059
f 7068 7059 7066
f 7119 11839 10652
f 7119 10652 7122
f 7187 7250 7096
f 7187 7096 7136
f 11840 10658 10657
f 11840 10657 11841
f 11819 11794 11793
f 11819 11793 11809
f 7136 7135 7149
f 7136 7149 7187
f 7475 7814 11842
f 7475 11842 7476
f 11794 11819 11843
f 11794 11843 11830
f 11844 7483 7476
f 11844 7476 11842
f 7483 11844 11845
f 7483 11845 7481
f 11846 7482 7481
f 11846 7481 11845
f 11821 10585 7121
f 11821 7121 7120
f 10651 10628 10585
f 10651 10585 11821
f 10628 10651 10652
f 10628 10652 10629
f 11839 10653 10629
f 11839 10629 10652
f 10653 11839 7080
f 10653 7080 10654
f 11847 7072 7075
f 11847 7075 11848
f 11809 11793 10656
f 11809 10656 7083
f 11849 10587 7482
f 11849 7482 11846
f 10587 11849 11850
f 10587 11850 7480
f 11851 7477 7480
f 11851 7480 11850
f 11852 10627 7477
f 11852 7477 11851
f 10627 11852 11853
f 10627 11853 10655
f 10655 11853 11854
f 10655 11854 11822
f 11830 11843 7132
f 11830 7132 7131
f 11855 11856 11857
f 11855 11857 11858
f 11830 7131 11848
f 11830 11848 7075
f 7817 6918 6924
f 7817 6924 11800
f 10663 11859 11835
f 10663 11835 10666
f 11859 10663 10661
f 11859 10661 11860
f 7818 7817 11800
f 7818 11800 11799
f 11860 10661 10659
f 11860 10659 11861
f 11861 10659 10658
f 11861 10658 11862
f 11813 7818 11799
f 11813 11799 11807
f 11863 11864 11865
f 11863 11865 11866
f 10658 11840 11867
f 10658 11867 11862
f 11868 11867 11840
f 11868 11840 11869
f 11869 11870 11871
f 11869 11871 11868
f 11870 11872 11873
f 11870 11873 11871
f 11863 11873 11872
f 11863 11872 11874
f 11875 11864 11863
f 11875 11863 11874
f 10584 10583 7682
f 10584 7682 11876
f 11877 11878 5289
f 11877 5289 5288
f 150 5194 11806
f 150 11806 6929
f 6929 11806 11805
f 6929 11805 6927
f 11879 11880 11881
f 11879 11881 11882
f 11883 11801 6927
f 11883 6927 11805
f 11884 11836 11878
f 11884 11878 11885
f 11882 11881 11886
f 11882 11886 11887
f 11888 11889 11890
f 11888 11890 11891
f 11892 11884 11885
f 11892 11885 11893
f 11889 11892 11893
f 11889 11893 11890
f 11894 11895 11896
f 11894 11896 11887
f 7659 7823 5345
f 7659 5345 1129
f 11894 11888 11891
f 11894 11891 11895
f 11885 11878 11877
f 11885 11877 11897
f 11893 11885 11897
f 11893 11897 11898
f 11899 11875 11874
f 11899 11874 11900
f 11873 11863 11866
f 11873 11866 11901
f 11900 11874 11872
f 11900 11872 11902
f 11902 11872 11870
f 11902 11870 11903
f 11904 11802 11801
f 11904 11801 11883
f 11802 11904 11905
f 11802 11905 11808
f 11903 11870 11869
f 11903 11869 11906
f 11906 11869 11840
f 11906 11840 11841
f 11907 11908 11909
f 11907 11909 11910
f 11910 11909 11911
f 11910 11911 11912
f 7030 11913 7039
f 7030 7039 7031
f 7029 11914 11913
f 7029 11913 7030
f 7035 11915 11914
f 7035 11914 7029
f 11915 7035 8202
f 11915 8202 11916
f 11916 8202 7643
f 11916 7643 11917
f 11917 7643 7642
f 11917 7642 11918
f 11919 11920 11908
f 11919 11908 11907
f 7768 1069 5315
f 7768 5315 11921
f 7474 7768 11921
f 7474 11921 11922
f 7026 7028 11923
f 7026 11923 11924
f 7024 7023 11925
f 7024 11925 7046
f 7023 7026 11924
f 7023 11924 11925
f 7028 7474 11922
f 7028 11922 11923
f 11911 11926 11927
f 11911 11927 11912
f 11926 7043 11928
f 11926 11928 11927
f 7043 7042 7047
f 7043 7047 11928
f 11920 11919 11901
f 11920 11901 11929
f 11929 11901 11866
f 11929 11866 11930
f 11930 11866 11865
f 11930 11865 11931
f 6933 6932 11811
f 6933 11811 11838
f 11864 11932 11933
f 11864 11933 11865
f 11934 11879 11882
f 11934 11882 11935
f 11936 11837 11836
f 11936 11836 11884
f 11935 11882 11887
f 11935 11887 11896
f 11937 11938 11889
f 11937 11889 11888
f 11939 11936 11884
f 11939 11884 11892
f 11938 11939 11892
f 11938 11892 11889
f 11940 11894 11887
f 11940 11887 11886
f 11940 11937 11888
f 11940 11888 11894
f 11890 11893 11898
f 11890 11898 11941
f 11942 11797 11808
f 11942 11808 11905
f 11943 11798 11797
f 11943 11797 11942
f 11944 11798 11943
f 11944 11943 7134
f 11944 7134 7133
f 11944 7133 11945
f 11879 11946 11947
f 11879 11947 11880
f 11891 11890 11941
f 11891 11941 11948
f 11895 11891 11948
f 11895 11948 11949
f 11895 11949 11950
f 11895 11950 11896
f 11896 11950 11951
f 11896 11951 11935
f 11952 11951 11950
f 11952 11950 11876
f 11933 11953 11931
f 11933 11931 11865
f 7555 7761 7025
f 7555 7025 7022
f 7761 7770 7027
f 7761 7027 7025
f 7050 7044 7041
f 7050 7041 7040
f 7024 7042 7041
f 7024 7041 7021
f 11926 7048 7040
f 11926 7040 7043
f 7770 7830 7473
f 7770 7473 7027
f 11908 7614 7617
f 11908 7617 11909
f 11909 7617 7619
f 11909 7619 11911
f 11920 7624 7614
f 11920 7614 11908
f 11911 7619 7048
f 11911 7048 11926
f 11953 7634 7635
f 11953 7635 11931
f 11931 7635 7657
f 11931 7657 11930
f 7804 1111 1070
f 7804 1070 7767
f 7830 7804 7767
f 7830 7767 7473
f 11929 11930 7657
f 11929 7657 8203
f 11929 8203 7624
f 11929 7624 11920
f 7634 7683 7491
f 7634 7491 7490
f 11948 11941 7820
f 11948 7820 7819
f 6934 6936 7815
f 6934 7815 11812
f 6936 11827 7816
f 6936 7816 7815
f 11796 11810 11813
f 11796 11813 11807
f 6927 11801 11800
f 6927 11800 6924
f 11875 11954 11932
f 11875 11932 11864
f 11857 11947 11946
f 11857 11946 11858
f 7134 11943 11848
f 7134 11848 7131
f 11853 11852 11880
f 11853 11880 11947
f 11880 11852 11851
f 11880 11851 11881
f 11942 11847 11848
f 11942 11848 11943
f 11847 11942 11905
f 11847 11905 11955
f 11881 11851 11850
f 11881 11850 11886
f 11886 11850 11849
f 11886 11849 11940
f 7065 7072 11847
f 7065 11847 11955
f 11940 11849 11846
f 11940 11846 11937
f 11955 11905 11904
f 11955 11904 11956
f 11845 11938 11937
f 11845 11937 11846
f 7065 11955 11956
f 7065 11956 7064
f 11957 7063 7064
f 11957 7064 11956
f 11804 7070 7063
f 11804 7063 11957
f 11957 11956 11904
f 11957 11904 11883
f 11883 11805 11804
f 11883 11804 11957
f 11844 11939 11938
f 11844 11938 11845
f 11842 11936 11939
f 11842 11939 11844
f 11936 11842 7814
f 11936 7814 11837
f 11856 11958 11854
f 11856 11854 11857
f 10666 10665 10664
f 10666 10664 10663
f 7715 11959 5355
f 7715 5355 5354
f 11960 7712 11959
f 11960 11959 11961
f 7721 11960 11961
f 7721 11961 11962
f 11963 11964 11962
f 11963 11962 7718
f 11965 11966 11964
f 11965 11964 11963
f 11967 11968 11966
f 11967 11966 11965
f 11969 11970 11968
f 11969 11968 11967
f 7797 11971 11970
f 7797 11970 11969
f 7782 11971 11972
f 7782 11972 11973
f 11964 7720 7721
f 11964 7721 11962
f 11959 7712 1004
f 11959 1004 5355
f 11970 7724 7723
f 11970 7723 11968
f 11971 7782 7724
f 11971 7724 11970
f 7726 7713 7712
f 7726 7712 11960
f 11966 7722 7720
f 11966 7720 11964
f 11968 7723 7722
f 11968 7722 11966
f 7641 7726 11960
f 7641 11960 7721
f 7711 7782 11973
f 7711 11973 7781
f 11854 11853 11947
f 11854 11947 11857
f 11974 11975 11976
f 11974 11976 11977
f 11879 11934 11974
f 11879 11974 11946
f 11977 11858 11946
f 11977 11946 11974
f 11855 11858 11977
f 11855 11977 11978
f 11974 11934 11979
f 11974 11979 11975
f 11979 11934 11935
f 11979 11935 11951
f 11941 11898 7821
f 11941 7821 7820
f 11898 11897 7822
f 11898 7822 7821
f 11897 11877 7823
f 11897 7823 7822
f 11949 11948 7819
f 11949 7819 10584
f 11949 10584 11876
f 11949 11876 11950
f 7683 11952 11876
f 7683 11876 7682
f 11954 11980 11981
f 11954 11981 11932
f 11982 11983 11984
f 11982 11984 11985
f 11952 11986 11979
f 11952 11979 11951
f 11985 11984 11987
f 11985 11987 11795
f 11952 11953 11933
f 11952 11933 11986
f 11944 11945 11982
f 11944 11982 11985
f 11795 11798 11944
f 11795 11944 11985
f 11986 11933 11932
f 11986 11932 11981
f 7683 7634 11953
f 7683 11953 11952
f 11975 11979 11986
f 11975 11986 11981
f 11812 7815 7818
f 11812 7818 11813
f 11981 11980 11976
f 11981 11976 11975
f 11983 11918 7642
f 11983 7642 11984
f 7645 11987 11984
f 7645 11984 7642
f 11987 7645 7653
f 11987 7653 11988
f 11988 7653 7648
f 11988 7648 11989
f 6938 11990 11989
f 6938 11989 7648
f 11990 6938 6941
f 11990 6941 11991
f 6870 11992 11991
f 6870 11991 6941
f 11992 6870 6821
f 11992 6821 11993
f 6820 11994 11993
f 6820 11993 6821
f 6824 11995 11994
f 6824 11994 6820
f 11871 11873 11901
f 11871 11901 11919
f 11871 11919 11907
f 11871 11907 11868
f 11868 11907 11910
f 11868 11910 11867
f 11912 11862 11867
f 11912 11867 11910
f 11927 11861 11862
f 11927 11862 11912
f 11928 11860 11861
f 11928 11861 11927
f 7047 11859 11860
f 7047 11860 11928
f 8173 8172 8124
f 8173 8124 8141
f 8121 8200 11996
f 8121 11996 8102
f 8102 11996 11997
f 8102 11997 8087
f 11998 8050 8087
f 11998 8087 11997
f 11999 8021 8050
f 11999 8050 11998
f 8021 11999 12000
f 8021 12000 8011
f 8011 12000 12001
f 8011 12001 7970
f 7970 12001 12002
f 7970 12002 7936
f 7936 12002 12003
f 7936 12003 7886
f 7886 12003 12004
f 7886 12004 7887
f 12005 7868 7887
f 12005 7887 12004
f 11995 6824 7869
f 11995 7869 12006
f 11859 7047 7046
f 11859 7046 11835
f 11925 11829 11835
f 11925 11835 7046
f 11924 11817 11829
f 11924 11829 11925
f 11923 11816 11817
f 11923 11817 11924
f 11816 11923 11922
f 11816 11922 11815
f 11815 11922 11921
f 11815 11921 11814
f 7020 10676 4017
f 7020 4017 247
f 8140 8135 8164
f 8140 8164 8159
f 8200 8138 8117
f 8200 8117 11996
f 8098 11833 11834
f 8098 11834 8143
f 11988 11831 11795
f 11988 11795 11987
f 11831 11988 11989
f 11831 11989 11838
f 11990 6933 11838
f 11990 11838 11989
f 6933 11990 11991
f 6933 11991 6876
f 7816 6919 6918
f 7816 6918 7817
f 11827 6908 6919
f 11827 6919 7816
f 11828 6909 6908
f 11828 6908 11827
f 8177 8165 8164
f 8177 8164 8178
f 8176 8171 8170
f 8176 8170 8177
f 8177 8170 8155
f 8177 8155 8165
f 8165 8155 8154
f 8165 8154 8156
f 8156 8154 8199
f 8156 8199 8157
f 8157 8199 8198
f 8157 8198 8174
f 8194 8189 8174
f 8194 8174 8198
f 8189 8194 8186
f 8189 8186 8192
f 8181 8150 8192
f 8181 8192 8186
f 8180 8151 8150
f 8180 8150 8181
f 8190 8144 8151
f 8190 8151 8180
f 8144 8190 8184
f 8144 8184 8145
f 8145 8184 8166
f 8145 8166 8168
f 8163 8162 8168
f 8163 8168 8166
f 11996 8117 8073
f 11996 8073 11997
f 8051 11998 11997
f 8051 11997 8073
f 11998 8051 8018
f 11998 8018 11999
f 8009 12000 11999
f 8009 11999 8018
f 12000 8009 7967
f 12000 7967 12001
f 12001 7967 7933
f 12001 7933 12002
f 7881 12003 12002
f 7881 12002 7933
f 7884 12004 12003
f 7884 12003 7881
f 7864 12005 12004
f 7864 12004 7884
f 6829 11995 12006
f 6829 12006 7865
f 11995 6829 6828
f 11995 6828 11994
f 11994 6828 6831
f 11994 6831 11993
f 6877 11992 11993
f 6877 11993 6831
f 11992 6877 6876
f 11992 6876 11991
f 11826 6897 6909
f 11826 6909 11828
f 6897 11826 11825
f 6897 11825 6866
f 11824 6867 6866
f 11824 6866 11825
f 11823 6868 6867
f 11823 6867 11824
f 6868 11823 7857
f 6868 7857 6869
f 7848 7856 7910
f 7848 7910 7930
f 7909 7929 7930
f 7909 7930 7910
f 7948 7957 7929
f 7948 7929 7909
f 7957 7948 7980
f 7957 7980 7965
f 7997 8008 7965
f 7997 7965 7980
f 8008 7997 8032
f 8008 8032 8014
f 8014 8032 8062
f 8014 8062 8045
f 11832 8089 8045
f 11832 8045 8062
f 8089 11832 11833
f 8089 11833 8098
f 11954 11875 11899
f 11954 11899 12007
f 11977 11976 12008
f 11977 12008 11978
f 11980 12009 12008
f 11980 12008 11976
f 11980 11954 12007
f 11980 12007 12009
f 11958 12010 11822
f 11958 11822 11854
f 12011 7150 11822
f 12011 11822 12010
f 12012 7188 7184
f 12012 7184 7151
f 7236 7235 7161
f 7236 7161 7160
f 7478 7227 7230
f 7478 7230 7479
f 7186 7235 7238
f 7186 7238 7247
f 7237 7276 12013
f 7237 12013 7238
f 7254 12012 12011
f 7254 12011 12014
f 7295 7291 7294
f 7295 7294 7282
f 7155 7282 7294
f 7155 7294 7156
f 10590 7158 7159
f 10590 7159 10588
f 10624 7228 7227
f 10624 7227 10625
f 7229 10590 10588
f 7229 10588 7230
f 7185 10624 10625
f 7185 10625 7152
f 12011 12012 7151
f 12011 7151 7150
f 7195 7245 12015
f 7195 12015 7197
f 7194 7246 7245
f 7194 7245 7195
f 7246 7194 7191
f 7246 7191 7241
f 7189 7242 7241
f 7189 7241 7191
f 7188 7253 7242
f 7188 7242 7189
f 12012 7254 7253
f 12012 7253 7188
f 11958 11819 11820
f 11958 11820 12010
f 12011 12010 11820
f 12011 11820 12014
f 11819 11958 11856
f 11819 11856 11843
f 11843 11856 11855
f 11843 11855 7132
f 7132 11855 11978
f 7132 11978 7133
f 7133 11978 12008
f 7133 12008 11945
f 11945 12008 12009
f 11945 12009 11982
f 12007 11983 11982
f 12007 11982 12009
f 11983 12007 11899
f 11983 11899 11918
f 400 7161 7162
f 400 7162 403
f 7235 7186 7162
f 7235 7162 7161
f 7238 12013 7248
f 7238 7248 7247
f 7187 7186 7247
f 7187 7247 7250
f 12015 7271 7304
f 12015 7304 12016
f 7258 7257 7244
f 7258 7244 7243
f 12017 7248 12013
f 12017 12013 7251
f 7261 7258 7243
f 7261 7243 7240
f 7276 7262 7239
f 7276 7239 7252
f 12013 7276 7252
f 12013 7252 7251
f 7262 7261 7240
f 7262 7240 7239
f 12015 7245 7244
f 12015 7244 7271
f 12016 7304 7321
f 12016 7321 12018
f 12018 7321 7328
f 12018 7328 12019
f 12019 7328 7346
f 12019 7346 12020
f 12020 7346 7363
f 12020 7363 12021
f 12021 7363 7386
f 12021 7386 12022
f 12022 7386 7392
f 12022 7392 12023
f 12023 7392 7409
f 12023 7409 12024
f 12024 7409 7425
f 12024 7425 12025
f 12025 7425 7434
f 12025 7434 12026
f 12026 7434 7454
f 12026 7454 7464
f 7464 7454 7472
f 7464 7472 7465
f 12014 12017 7251
f 12014 7251 7254
f 11820 7130 7101
f 11820 7101 11818
f 11820 11818 12017
f 11820 12017 12014
f 7248 12017 11818
f 7248 11818 7249
f 7457 7461 7472
f 7457 7472 7459
f 7459 7472 7471
f 7459 7471 7458
f 7471 7470 7469
f 7471 7469 7468
f 7458 7471 7468
f 7458 7468 7460
f 7460 7468 745
f 7460 745 735
f 7439 12026 7464
f 7439 7464 7446
f 12026 7439 7429
f 12026 7429 12025
f 12025 7429 7413
f 12025 7413 12024
f 12024 7413 7397
f 12024 7397 12023
f 12023 7397 7372
f 12023 7372 12022
f 7367 12021 12022
f 7367 12022 7372
f 12021 7367 7350
f 12021 7350 12020
f 12020 7350 7333
f 12020 7333 12019
f 12019 7333 7322
f 12019 7322 12018
f 12018 7322 7199
f 12018 7199 12016
f 7197 12015 12016
f 7197 12016 7199
f 11900 11917 11918
f 11900 11918 11899
f 11902 11916 11917
f 11902 11917 11900
f 11903 11915 11916
f 11903 11916 11902
f 11906 11914 11915
f 11906 11915 11903
f 11841 11913 11914
f 11841 11914 11906
f 10657 7039 11913
f 10657 11913 11841
f 7039 10657 10660
f 7039 10660 7038
f 7038 10660 10662
f 7038 10662 7036
f 7036 10662 10664
f 7036 10664 7037
f 10665 7017 7037
f 10665 7037 10664
f 7017 10665 10668
f 7017 10668 7018
f 7018 10668 10670
f 7018 10670 7015
f 7015 10670 10672
f 7015 10672 7016
f 7016 10672 10674
f 7016 10674 7019
f 7019 10674 10676
f 7019 10676 7020
f 7708 7749 7750
f 7708 7750 7709
f 7745 7707 7710
f 7745 7710 7753
f 7747 1043 1052
f 7747 1052 7754
f 7740 7745 7753
f 7740 7753 7752
f 7786 7741 7751
f 7786 7751 7787
f 7812 7747 7754
f 7812 7754 7807
f 7749 7812 7807
f 7749 7807 7750
f 7701 12027 7787
f 7701 7787 7699
f 7787 12027 7829
f 7787 7829 7786
f 7798 7626 7629
f 7798 7629 7736
f 7799 7798 7736
f 7799 7736 7783
f 7773 7763 12028
f 7773 12028 12029
f 12030 12031 7775
f 12030 7775 7790
f 7621 7775 12031
f 7621 12031 12032
f 12032 12031 12033
f 12032 12033 12034
f 12029 12028 12035
f 12029 12035 12036
f 12037 12033 12031
f 12037 12031 12030
f 12034 12033 12038
f 12034 12038 12039
f 12036 12035 12040
f 12036 12040 12041
f 12042 12038 12033
f 12042 12033 12037
f 11973 11972 12043
f 11973 12043 12044
f 7800 7799 12045
f 7800 12045 12046
f 7780 7781 12047
f 7780 12047 12048
f 12044 12047 7781
f 12044 7781 11973
f 7780 12048 8204
f 7780 8204 7779
f 7827 12045 7799
f 7827 7799 7783
f 7618 12040 12035
f 7618 12035 7049
f 12028 7050 7049
f 12028 7049 12035
f 12039 12049 12050
f 12039 12050 12034
f 7621 12032 12051
f 7621 12051 7622
f 12051 12032 12034
f 12051 12034 12050
f 7050 12028 7763
f 7050 7763 7044
f 7616 12052 12040
f 7616 12040 7618
f 7704 12052 7616
f 7704 7616 7615
f 12053 12054 7701
f 12053 7701 7702
f 12055 12056 7827
f 12055 7827 7826
f 12057 12058 7704
f 12057 7704 7703
f 12059 12060 12061
f 12059 12061 12062
f 12063 12064 7705
f 12063 7705 8204
f 12065 12066 12047
f 12065 12047 12044
f 12067 12068 12069
f 12067 12069 12070
f 12071 12072 12073
f 12071 12073 12074
f 12075 12076 12038
f 12075 12038 12042
f 12058 12077 12052
f 12058 12052 7704
f 12078 12079 12080
f 12078 12080 12081
f 12082 12083 12084
f 12082 12084 12085
f 12079 12086 12087
f 12079 12087 12080
f 12056 12088 12045
f 12056 12045 7827
f 12083 12089 12090
f 12083 12090 12084
f 12091 12067 12070
f 12091 12070 12092
f 12093 12059 12062
f 12093 12062 12094
f 12054 12095 12027
f 12054 12027 7701
f 12096 12097 12098
f 12096 12098 12099
f 12100 12101 12102
f 12100 12102 12103
f 12104 12105 12087
f 12104 12087 12106
f 12107 12108 12098
f 12107 12098 12085
f 12109 12110 12069
f 12109 12069 12111
f 12074 12073 12112
f 12074 12112 12113
f 12080 12087 12105
f 12080 12105 12114
f 12115 12109 12111
f 12115 12111 12099
f 12094 12062 12116
f 12094 12116 12117
f 12085 12084 12118
f 12085 12118 12107
f 12092 12070 12119
f 12092 12119 12120
f 12121 12122 12061
f 12121 12061 12123
f 12124 12125 12126
f 12124 12126 12127
f 12125 12128 12102
f 12125 12102 12126
f 12084 12090 12129
f 12084 12129 12118
f 12062 12061 12122
f 12062 12122 12116
f 12099 12098 12108
f 12099 12108 12115
f 12081 12080 12114
f 12081 12114 12130
f 12103 12102 12128
f 12103 12128 12131
f 12132 12121 12123
f 12132 12123 12133
f 12070 12069 12110
f 12070 12110 12119
f 12113 12129 12090
f 12113 12090 12074
f 12130 12114 12134
f 12130 12134 12135
f 12131 12128 12136
f 12131 12136 12137
f 12138 12139 12121
f 12138 12121 12132
f 12119 12110 12140
f 12119 12140 12141
f 12142 12143 12129
f 12142 12129 12113
f 12144 12145 12105
f 12144 12105 12104
f 12146 12147 12108
f 12146 12108 12107
f 12148 12140 12110
f 12148 12110 12109
f 12113 12112 12149
f 12113 12149 12142
f 12114 12105 12145
f 12114 12145 12134
f 12150 12148 12109
f 12150 12109 12115
f 12117 12116 12151
f 12117 12151 12152
f 12107 12118 12153
f 12107 12153 12146
f 12120 12119 12141
f 12120 12141 12154
f 12139 12155 12122
f 12139 12122 12121
f 12156 12157 12125
f 12156 12125 12124
f 12157 12136 12128
f 12157 12128 12125
f 12118 12129 12143
f 12118 12143 12153
f 12116 12122 12155
f 12116 12155 12151
f 12115 12108 12147
f 12115 12147 12150
f 12158 12159 12160
f 12158 12160 12161
f 12162 12163 12164
f 12162 12164 12165
f 12166 12167 12168
f 12166 12168 12169
f 12170 12171 12172
f 12170 12172 12173
f 12174 12175 12176
f 12174 12176 12177
f 12178 12179 12180
f 12178 12180 12181
f 12159 12182 12183
f 12159 12183 12160
f 12184 12185 12186
f 12184 12186 12187
f 12175 12188 12189
f 12175 12189 12176
f 12190 12166 12169
f 12190 12169 12191
f 12192 12162 12165
f 12192 12165 12193
f 12194 12195 12183
f 12194 12183 12196
f 12197 12194 12196
f 12197 12196 12173
f 12198 12199 12168
f 12198 12168 12200
f 12201 12202 12203
f 12201 12203 12204
f 12202 12205 12180
f 12202 12180 12203
f 12206 12198 12200
f 12206 12200 12207
f 12208 12209 12164
f 12208 12164 12187
f 12210 12211 12189
f 12210 12189 12212
f 12213 12214 12172
f 12213 12172 12193
f 12215 12216 12217
f 12215 12217 12218
f 12219 12220 12221
f 12219 12221 12222
f 12223 12224 12225
f 12223 12225 12226
f 12218 12227 12228
f 12218 12228 12215
f 12229 12230 12231
f 12229 12231 12232
f 12233 12234 12235
f 12233 12235 12236
f 12237 12238 12239
f 12237 12239 12240
f 12216 12241 12242
f 12216 12242 12217
f 12234 12225 12224
f 12234 12224 12235
f 12243 12244 12245
f 12243 12245 12246
f 12247 12237 12240
f 12247 12240 12248
f 12249 12250 12251
f 12249 12251 12252
f 12232 12239 12238
f 12232 12238 12229
f 12240 12239 12253
f 12240 12253 12254
f 12248 12240 12254
f 12248 12254 12255
f 12226 12225 12256
f 12226 12256 12257
f 12258 12259 12220
f 12258 12220 12219
f 12219 12260 12261
f 12219 12261 12258
f 12262 12263 12216
f 12262 12216 12215
f 12264 12265 12234
f 12264 12234 12233
f 12246 12245 12266
f 12246 12266 12267
f 12268 12269 12270
f 12268 12270 12250
f 12271 12272 12231
f 12271 12231 12273
f 12245 12274 12275
f 12245 12275 12266
f 12215 12228 12276
f 12215 12276 12262
f 12260 12270 12269
f 12260 12269 12261
f 12273 12241 12277
f 12273 12277 12271
f 12259 12275 12274
f 12259 12274 12220
f 12278 12226 12257
f 12278 12257 12279
f 12280 12253 12239
f 12280 12239 12232
f 12281 12268 12250
f 12281 12250 12249
f 12174 12135 12134
f 12174 12134 12175
f 12175 12134 12145
f 12175 12145 12188
f 12144 12282 12188
f 12144 12188 12145
f 12154 12158 12282
f 12154 12282 12144
f 12158 12154 12141
f 12158 12141 12159
f 12159 12141 12140
f 12159 12140 12182
f 12148 12283 12182
f 12148 12182 12140
f 11961 11959 7715
f 11961 7715 7714
f 11962 11961 7714
f 11962 7714 7718
f 7789 7788 7772
f 7789 7772 7771
f 7789 7771 7773
f 7789 7773 7790
f 7788 7791 7778
f 7788 7778 7772
f 7808 1116 1098
f 7808 1098 7792
f 11971 7797 7800
f 11971 7800 11972
f 7760 7778 7813
f 7760 7813 7769
f 7793 7831 7832
f 7793 7832 7792
f 7831 7769 7813
f 7831 7813 7832
f 7716 7715 5354
f 7716 5354 1093
f 7766 11963 7718
f 7766 7718 7719
f 7632 11965 11963
f 7632 11963 7766
f 7627 11967 11965
f 7627 11965 7632
f 7626 11969 11967
f 7626 11967 7627
f 7798 7797 11969
f 7798 11969 7626
f 7790 7773 12029
f 7790 12029 12030
f 12030 12029 12036
f 12030 12036 12037
f 12037 12036 12041
f 12037 12041 12042
f 11972 7800 12046
f 11972 12046 12043
f 12284 12091 12092
f 12284 12092 12106
f 12072 12100 12103
f 12072 12103 12073
f 12106 12092 12120
f 12106 12120 12104
f 12073 12103 12131
f 12073 12131 12112
f 12112 12131 12137
f 12112 12137 12149
f 12104 12120 12154
f 12104 12154 12144
f 12282 12158 12161
f 12282 12161 12212
f 12185 12178 12181
f 12185 12181 12186
f 12267 12276 12228
f 12267 12228 12246
f 12265 12256 12225
f 12265 12225 12234
f 12263 12277 12241
f 12263 12241 12216
f 12232 12231 12272
f 12232 12272 12280
f 12150 12170 12283
f 12150 12283 12148
f 12170 12150 12147
f 12170 12147 12171
f 12208 12285 12286
f 12208 12286 12287
f 12288 12211 12289
f 12288 12289 12290
f 12291 12292 12293
f 12291 12293 12294
f 12213 12295 12296
f 12213 12296 12297
f 12298 12299 12300
f 12298 12300 12301
f 12295 12209 12302
f 12295 12302 12296
f 12292 12199 12303
f 12292 12303 12293
f 12197 12214 12304
f 12197 12304 12305
f 12306 12288 12290
f 12306 12290 12307
f 12308 12205 12309
f 12308 12309 12310
f 12299 12195 12311
f 12299 12311 12300
f 12210 12298 12301
f 12210 12301 12312
f 12285 12308 12310
f 12285 12310 12286
f 12193 12172 12171
f 12193 12171 12192
f 12146 12192 12171
f 12146 12171 12147
f 12192 12146 12153
f 12192 12153 12162
f 12162 12153 12143
f 12162 12143 12163
f 12142 12184 12163
f 12142 12163 12143
f 12184 12142 12149
f 12184 12149 12185
f 12203 12180 12179
f 12203 12179 12313
f 12137 12178 12185
f 12137 12185 12149
f 12250 12270 12314
f 12250 12314 12251
f 12244 12315 12274
f 12244 12274 12245
f 12187 12164 12163
f 12187 12163 12184
f 12316 12223 12226
f 12316 12226 12278
f 12173 12196 12283
f 12173 12283 12170
f 12204 12203 12313
f 12204 12313 12317
f 12178 12137 12136
f 12178 12136 12179
f 12200 12168 12167
f 12200 12167 12318
f 12157 12313 12179
f 12157 12179 12136
f 12212 12189 12188
f 12212 12188 12282
f 12196 12183 12182
f 12196 12182 12283
f 12156 12317 12313
f 12156 12313 12157
f 12207 12200 12318
f 12207 12318 12319
f 12190 12152 12151
f 12190 12151 12166
f 12166 12151 12155
f 12166 12155 12167
f 12139 12318 12167
f 12139 12167 12155
f 12138 12319 12318
f 12138 12318 12139
f 12273 12231 12230
f 12273 12230 12320
f 12222 12321 12260
f 12222 12260 12219
f 12321 12314 12270
f 12321 12270 12260
f 12246 12228 12227
f 12246 12227 12243
f 12321 12322 12323
f 12321 12323 12314
f 12220 12274 12315
f 12220 12315 12221
f 12222 12324 12322
f 12222 12322 12321
f 12324 12222 12221
f 12324 12221 12325
f 12325 12221 12315
f 12325 12315 12326
f 12244 12327 12326
f 12244 12326 12315
f 12243 12328 12327
f 12243 12327 12244
f 12328 12243 12227
f 12328 12227 12329
f 12218 12330 12329
f 12218 12329 12227
f 12330 12218 12217
f 12330 12217 12331
f 12331 12217 12242
f 12331 12242 12332
f 12320 12333 12332
f 12320 12332 12242
f 12320 12242 12241
f 12320 12241 12273
f 12333 12320 12230
f 12333 12230 12334
f 12229 12335 12334
f 12229 12334 12230
f 12335 12229 12238
f 12335 12238 12336
f 12237 12337 12336
f 12237 12336 12238
f 12247 12338 12337
f 12247 12337 12237
f 12339 12236 12235
f 12339 12235 12340
f 12340 12235 12224
f 12340 12224 12341
f 12223 12342 12341
f 12223 12341 12224
f 12316 12343 12342
f 12316 12342 12223
f 12344 12252 12251
f 12344 12251 12345
f 12345 12251 12314
f 12345 12314 12323
f 12346 12335 12336
f 12346 12336 12347
f 12348 12345 12323
f 12348 12323 12349
f 12279 12350 12307
f 12279 12307 12281
f 12351 12334 12335
f 12351 12335 12346
f 12352 12333 12334
f 12352 12334 12351
f 12279 12281 12249
f 12279 12249 12278
f 12353 12354 12355
f 12353 12355 12349
f 12356 12357 12355
f 12356 12355 12358
f 12344 12343 12316
f 12344 12316 12252
f 12359 12360 12354
f 12359 12354 12353
f 12361 12362 12360
f 12361 12360 12359
f 12363 12362 12328
f 12363 12328 12329
f 12360 12364 12365
f 12360 12365 12354
f 12278 12249 12252
f 12278 12252 12316
f 12354 12365 12358
f 12354 12358 12355
f 12364 12366 12367
f 12364 12367 12365
f 12357 12348 12349
f 12357 12349 12355
f 12322 12353 12349
f 12322 12349 12323
f 12324 12359 12353
f 12324 12353 12322
f 12325 12361 12359
f 12325 12359 12324
f 12367 12346 12347
f 12367 12347 12368
f 12369 12356 12358
f 12369 12358 12368
f 12362 12363 12364
f 12362 12364 12360
f 12343 12348 12357
f 12343 12357 12342
f 12342 12357 12356
f 12342 12356 12341
f 12365 12367 12368
f 12365 12368 12358
f 12361 12325 12326
f 12361 12326 12327
f 12338 12339 12370
f 12338 12370 12337
f 12369 12340 12341
f 12369 12341 12356
f 12370 12369 12368
f 12370 12368 12347
f 12363 12371 12366
f 12363 12366 12364
f 12337 12370 12347
f 12337 12347 12336
f 12371 12352 12351
f 12371 12351 12366
f 12366 12351 12346
f 12366 12346 12367
f 12371 12363 12329
f 12371 12329 12330
f 12362 12361 12327
f 12362 12327 12328
f 12333 12352 12331
f 12333 12331 12332
f 12352 12371 12330
f 12352 12330 12331
f 12372 12311 12195
f 12372 12195 12194
f 12305 12372 12194
f 12305 12194 12197
f 12373 12303 12199
f 12373 12199 12198
f 12374 12375 12202
f 12374 12202 12201
f 12375 12309 12205
f 12375 12205 12202
f 12350 12373 12198
f 12350 12198 12206
f 12287 12302 12209
f 12287 12209 12208
f 12312 12289 12211
f 12312 12211 12210
f 12297 12304 12214
f 12297 12214 12213
f 12187 12186 12285
f 12187 12285 12208
f 12176 12189 12211
f 12176 12211 12288
f 12191 12169 12292
f 12191 12292 12291
f 12193 12165 12295
f 12193 12295 12213
f 12161 12160 12299
f 12161 12299 12298
f 12165 12164 12209
f 12165 12209 12295
f 12169 12168 12199
f 12169 12199 12292
f 12173 12172 12214
f 12173 12214 12197
f 12177 12176 12288
f 12177 12288 12306
f 12181 12180 12205
f 12181 12205 12308
f 12160 12183 12195
f 12160 12195 12299
f 12212 12161 12298
f 12212 12298 12210
f 12186 12181 12308
f 12186 12308 12285
f 12312 12261 12269
f 12312 12269 12289
f 12301 12258 12261
f 12301 12261 12312
f 12258 12301 12300
f 12258 12300 12259
f 12259 12300 12311
f 12259 12311 12275
f 12372 12266 12275
f 12372 12275 12311
f 12305 12267 12266
f 12305 12266 12372
f 12267 12305 12304
f 12267 12304 12276
f 12297 12262 12276
f 12297 12276 12304
f 12262 12297 12296
f 12262 12296 12263
f 12263 12296 12302
f 12263 12302 12277
f 12287 12271 12277
f 12287 12277 12302
f 12271 12287 12286
f 12271 12286 12272
f 12310 12280 12272
f 12310 12272 12286
f 12280 12310 12309
f 12280 12309 12253
f 12375 12254 12253
f 12375 12253 12309
f 12374 12255 12254
f 12374 12254 12375
f 12264 12294 12293
f 12264 12293 12265
f 12265 12293 12303
f 12265 12303 12256
f 12373 12257 12256
f 12373 12256 12303
f 12350 12279 12257
f 12350 12257 12373
f 12281 12307 12290
f 12281 12290 12268
f 12268 12290 12289
f 12268 12289 12269
f 12133 12123 12376
f 12133 12376 12377
f 12127 12126 12378
f 12127 12378 12379
f 12099 12111 12380
f 12099 12380 12096
f 12381 12095 12060
f 12381 12060 12059
f 12085 12098 12097
f 12085 12097 12082
f 12074 12090 12089
f 12074 12089 12071
f 12138 12135 12174
f 12138 12174 12319
f 12382 12077 12068
f 12382 12068 12067
f 12065 12383 12072
f 12065 12072 12071
f 12106 12087 12086
f 12106 12086 12284
f 12111 12069 12068
f 12111 12068 12380
f 12384 12385 12079
f 12384 12079 12078
f 12063 12386 12083
f 12063 12083 12082
f 12385 12076 12086
f 12385 12086 12079
f 12319 12174 12177
f 12319 12177 12207
f 12126 12102 12101
f 12126 12101 12378
f 12386 12066 12089
f 12386 12089 12083
f 12387 12382 12067
f 12387 12067 12091
f 12388 12381 12059
f 12388 12059 12093
f 12123 12061 12060
f 12123 12060 12376
f 12057 12064 12097
f 12057 12097 12096
f 12389 12088 12101
f 12389 12101 12100
f 12075 12387 12091
f 12075 12091 12284
f 12383 12389 12100
f 12383 12100 12072
f 12377 12376 12054
f 12377 12054 12053
f 12379 12378 12056
f 12379 12056 12055
f 12096 12380 12058
f 12096 12058 12057
f 12082 12097 12064
f 12082 12064 12063
f 12071 12089 12066
f 12071 12066 12065
f 12284 12086 12076
f 12284 12076 12075
f 12380 12068 12077
f 12380 12077 12058
f 12378 12101 12088
f 12378 12088 12056
f 12376 12060 12095
f 12376 12095 12054
f 12339 12338 12247
f 12339 12247 12236
f 7829 12027 12095
f 7829 12095 12381
f 12306 12206 12207
f 12306 12207 12177
f 12040 12052 12077
f 12040 12077 12382
f 12044 12043 12383
f 12044 12383 12065
f 12049 12039 12385
f 12049 12385 12384
f 8204 12048 12386
f 8204 12386 12063
f 12039 12038 12076
f 12039 12076 12385
f 12306 12307 12350
f 12306 12350 12206
f 12048 12047 12066
f 12048 12066 12386
f 12041 12040 12382
f 12041 12382 12387
f 7828 7829 12381
f 7828 12381 12388
f 7703 7705 12064
f 7703 12064 12057
f 12046 12045 12088
f 12046 12088 12389
f 12042 12041 12387
f 12042 12387 12075
f 12043 12046 12389
f 12043 12389 12383
f 12370 12339 12340
f 12370 12340 12369
f 12343 12344 12345
f 12343 12345 12348
f 12248 12233 12236
f 12248 12236 12247
f 12255 12264 12233
f 12255 12233 12248
f 12264 12255 12374
f 12264 12374 12294
f 12201 12291 12294
f 12201 12294 12374
f 12291 12201 12204
f 12291 12204 12191
f 12317 12190 12191
f 12317 12191 12204
f 12156 12152 12190
f 12156 12190 12317
f 12124 12117 12152
f 12124 12152 12156
f 12117 12124 12127
f 12117 12127 12094
f 12379 12093 12094
f 12379 12094 12127
f 12055 12388 12093
f 12055 12093 12379
f 12388 12055 7826
f 12388 7826 7828
f 7828 7826 7784
f 7828 7784 7785
f 7737 7738 7785
f 7737 7785 7784
f 7738 7737 7731
f 7738 7731 7739
f 7739 7731 7728
f 7739 7728 7744
f 12135 12138 12132
f 12135 12132 12130
f 12133 12081 12130
f 12133 12130 12132
f 12377 12078 12081
f 12377 12081 12133
f 12053 12384 12078
f 12053 12078 12377
f 12384 12053 7702
f 12384 7702 12049
f 7700 12050 12049
f 7700 12049 7702
f 7611 12051 12050
f 7611 12050 7700
f 7610 7622 12051
f 7610 12051 7611
f 7613 7623 7622
f 7613 7622 7610
f 7607 7630 7623
f 7607 7623 7613
f 7606 7051 7630
f 7606 7630 7607
f 7601 7052 7051
f 7601 7051 7606
f 7600 7765 7052
f 7600 7052 7601
f 7603 7796 7765
f 7603 7765 7600
f 994 1101 7796
f 994 7796 7603
f 7744 7728 7727
f 7744 7727 7742
f 7742 7727 7735
f 7742 7735 7743
f 7743 7735 7734
f 7743 7734 7748
f 7805 7811 7748
f 7805 7748 7734
f 7811 7805 7730
f 7811 7730 7746
f 7746 7730 1024
f 7746 1024 1044
f 12390 11693 12391
f 12390 12391 12392
f 11692 12393 12391
f 11692 12391 11693
f 12394 12395 12396
f 12394 12396 12397
f 12398 12399 12391
f 12398 12391 12393
f 12397 12400 12401
f 12397 12401 12394
f 12402 12403 12404
f 12402 12404 12405
f 12405 12406 12407
f 12405 12407 12402
f 12408 12409 12410
f 12408 12410 12411
f 12412 12413 12400
f 12412 12400 12397
f 12405 12404 12414
f 12405 12414 12415
f 12415 12416 12406
f 12415 12406 12405
f 12411 12410 12417
f 12411 12417 12418
f 12397 12396 12419
f 12397 12419 12412
f 12420 12421 12399
f 12420 12399 12398
f 12422 12423 12424
f 12422 12424 12425
f 12426 12427 12428
f 12426 12428 12429
f 12430 12431 12432
f 12430 12432 12433
f 12434 11566 12435
f 12434 12435 12436
f 12437 12436 12435
f 12437 12435 12438
f 12439 12440 12441
f 12439 12441 12442
f 12443 12444 12445
f 12443 12445 12446
f 12444 12443 12447
f 12444 12447 12448
f 12449 12450 12451
f 12449 12451 12452
f 12450 12449 12453
f 12450 12453 12454
f 12455 12456 12457
f 12455 12457 12458
f 12425 12450 12454
f 12425 12454 12459
f 12450 12425 12424
f 12450 12424 12451
f 12433 12444 12448
f 12433 12448 12460
f 12444 12433 12432
f 12444 12432 12445
f 12440 12429 12428
f 12440 12428 12441
f 12461 12437 12438
f 12461 12438 12462
f 12463 12461 12462
f 12463 12462 12464
f 12465 12455 12458
f 12465 12458 12466
f 12464 12462 12467
f 12464 12467 12468
f 12462 12438 12469
f 12462 12469 12467
f 12425 12459 12470
f 12425 12470 12422
f 12465 12466 12471
f 12465 12471 12472
f 12433 12460 12473
f 12433 12473 12430
f 11607 11562 11561
f 11607 11561 11621
f 12474 12475 12476
f 12474 12476 12477
f 12478 12479 12480
f 12478 12480 12481
f 12482 12483 12484
f 12482 12484 12485
f 11558 11618 11621
f 11558 11621 11561
f 12486 12487 12488
f 12486 12488 12489
f 12489 12490 12491
f 12489 12491 12486
f 12492 12493 12494
f 12492 12494 12495
f 12496 11563 11566
f 12496 11566 12434
f 12485 12497 12498
f 12485 12498 12482
f 12499 12500 12479
f 12499 12479 12478
f 12501 12502 12483
f 12501 12483 12482
f 12438 12435 12503
f 12438 12503 12469
f 11748 12504 12505
f 11748 12505 11745
f 12489 12488 12506
f 12489 12506 12507
f 12507 12508 12490
f 12507 12490 12489
f 12495 12494 12509
f 12495 12509 12510
f 12482 12498 12511
f 12482 12511 12501
f 12512 12513 12514
f 12512 12514 12515
f 12516 12517 12518
f 12516 12518 12519
f 12520 12521 12522
f 12520 12522 12523
f 12524 12525 12526
f 12524 12526 12527
f 12528 12529 12513
f 12528 12513 12512
f 12530 12531 12532
f 12530 12532 12533
f 12534 12535 12536
f 12534 12536 12537
f 12523 12522 12538
f 12523 12538 12539
f 12534 12540 12541
f 12534 12541 12542
f 12543 12544 12517
f 12543 12517 12516
f 12527 12526 12545
f 12527 12545 12546
f 12533 12532 12547
f 12533 12547 12548
f 12549 12550 12551
f 12549 12551 12552
f 12553 12554 12555
f 12553 12555 12556
f 12557 12558 12550
f 12557 12550 12549
f 12556 12555 12559
f 12556 12559 12560
f 12561 12516 12519
f 12561 12519 12562
f 12563 12524 12527
f 12563 12527 12564
f 12565 12530 12533
f 12565 12533 12566
f 12540 12534 12537
f 12540 12537 12567
f 12535 12534 12542
f 12535 12542 12568
f 12569 12543 12516
f 12569 12516 12561
f 12564 12527 12546
f 12564 12546 12570
f 12566 12533 12548
f 12566 12548 12571
f 12572 12573 12574
f 12572 12574 12575
f 12576 12577 12578
f 12576 12578 12579
f 12580 12581 12582
f 12580 12582 12583
f 12584 12585 12586
f 12584 12586 12587
f 12588 12589 12590
f 12588 12590 12591
f 12589 12588 12592
f 12589 12592 12593
f 12594 12595 12596
f 12594 12596 12597
f 12595 12594 12598
f 12595 12598 12599
f 12600 12601 12602
f 12600 12602 12603
f 12575 12595 12599
f 12575 12599 12604
f 12595 12575 12574
f 12595 12574 12596
f 12583 12589 12593
f 12583 12593 12605
f 12589 12583 12582
f 12589 12582 12590
f 12585 12579 12578
f 12585 12578 12586
f 12606 12600 12603
f 12606 12603 12607
f 12575 12604 12608
f 12575 12608 12572
f 12606 12607 12609
f 12606 12609 12610
f 12583 12605 12611
f 12583 12611 12580
f 12612 12613 12614
f 12612 12614 12615
f 12616 12617 12618
f 12616 12618 12619
f 12620 12621 12622
f 12620 12622 12623
f 12623 12624 12625
f 12623 12625 12620
f 12626 12627 12628
f 12626 12628 12629
f 12619 12630 12631
f 12619 12631 12616
f 12632 12633 12613
f 12632 12613 12612
f 12634 12635 12617
f 12634 12617 12616
f 12623 12622 12636
f 12623 12636 12637
f 12637 12638 12624
f 12637 12624 12623
f 12629 12628 12639
f 12629 12639 12640
f 12616 12631 12641
f 12616 12641 12634
f 12642 12643 12644
f 12642 12644 12645
f 12646 12647 12648
f 12646 12648 12649
f 12650 12651 12652
f 12650 12652 12653
f 12654 12655 12656
f 12654 12656 12657
f 12658 12659 12643
f 12658 12643 12642
f 12660 12661 12662
f 12660 12662 12663
f 12664 12665 12666
f 12664 12666 12667
f 12653 12652 12668
f 12653 12668 12669
f 12664 12670 12671
f 12664 12671 12672
f 12673 12674 12647
f 12673 12647 12646
f 12657 12656 12675
f 12657 12675 12676
f 12663 12662 12677
f 12663 12677 12678
f 12679 12680 12681
f 12679 12681 12682
f 12683 12684 12685
f 12683 12685 12686
f 12687 12688 12680
f 12687 12680 12679
f 12686 12685 12689
f 12686 12689 12690
f 12691 12646 12649
f 12691 12649 12692
f 12693 12654 12657
f 12693 12657 12694
f 12695 12660 12663
f 12695 12663 12696
f 12670 12664 12667
f 12670 12667 12697
f 12665 12664 12672
f 12665 12672 12698
f 12699 12673 12646
f 12699 12646 12691
f 12694 12657 12676
f 12694 12676 12700
f 12696 12663 12678
f 12696 12678 12701
f 12702 12703 12704
f 12702 12704 12705
f 12706 12707 12708
f 12706 12708 12709
f 12710 12711 12712
f 12710 12712 12713
f 12714 12715 12716
f 12714 12716 12717
f 12718 12719 12720
f 12718 12720 12721
f 12719 12718 12722
f 12719 12722 12723
f 12724 12725 12726
f 12724 12726 12727
f 12725 12724 12728
f 12725 12728 12729
f 12730 12731 12732
f 12730 12732 12733
f 12705 12725 12729
f 12705 12729 12734
f 12725 12705 12704
f 12725 12704 12726
f 12713 12719 12723
f 12713 12723 12735
f 12719 12713 12712
f 12719 12712 12720
f 12715 12709 12708
f 12715 12708 12716
f 12736 12730 12733
f 12736 12733 12737
f 12705 12734 12738
f 12705 12738 12702
f 12736 12737 12739
f 12736 12739 12740
f 12713 12735 12741
f 12713 12741 12710
f 12742 12743 12744
f 12742 12744 12745
f 12746 12747 12748
f 12746 12748 12749
f 12750 12751 12752
f 12750 12752 12753
f 12753 12754 12755
f 12753 12755 12750
f 12756 12757 12758
f 12756 12758 12759
f 12749 12760 12761
f 12749 12761 12746
f 12762 12763 12743
f 12762 12743 12742
f 12764 12765 12747
f 12764 12747 12746
f 12753 12752 12766
f 12753 12766 12767
f 12767 12768 12754
f 12767 12754 12753
f 12759 12758 12769
f 12759 12769 12770
f 12746 12761 12771
f 12746 12771 12764
f 12772 12773 12774
f 12772 12774 12775
f 12774 12776 12777
f 12774 12777 12775
f 11737 12778 12779
f 11737 12779 11757
f 12780 12777 12781
f 12780 12781 12782
f 12783 12784 12785
f 12783 12785 12786
f 12787 12788 12789
f 12787 12789 12790
f 12791 12785 12784
f 12791 12784 12792
f 12792 12774 12773
f 12792 12773 12791
f 12790 12793 12794
f 12790 12794 12787
f 12795 12796 12788
f 12795 12788 12787
f 12792 12784 12797
f 12792 12797 12798
f 12798 12776 12774
f 12798 12774 12792
f 12787 12794 12799
f 12787 12799 12795
f 12504 11569 11568
f 12504 11568 12505
f 11750 12800 12801
f 11750 12801 11751
f 12427 11778 12802
f 12427 12802 12803
f 12708 12804 12805
f 12708 12805 12716
f 11780 11763 12806
f 11780 12806 12807
f 12427 12803 12808
f 12427 12808 12428
f 12586 12809 12810
f 12586 12810 12587
f 12521 12811 12812
f 12521 12812 12522
f 12479 12813 12814
f 12479 12814 12480
f 12415 12501 12511
f 12415 12511 12416
f 12501 12415 12414
f 12501 12414 12502
f 11744 12802 12815
f 11744 12815 11728
f 12500 12816 12813
f 12500 12813 12479
f 12507 12634 12641
f 12507 12641 12508
f 12637 12764 12771
f 12637 12771 12638
f 12764 12637 12636
f 12764 12636 12765
f 12634 12507 12506
f 12634 12506 12635
f 12768 12795 12799
f 12768 12799 12762
f 12767 12796 12795
f 12767 12795 12768
f 11754 12817 12818
f 11754 12818 11755
f 11618 11558 11555
f 11618 11555 11588
f 12573 12819 12820
f 12573 12820 12574
f 12493 12442 12821
f 12493 12821 12814
f 11773 12822 12815
f 11773 12815 11770
f 12437 12823 12824
f 12437 12824 12436
f 12529 12825 12826
f 12529 12826 12513
f 12827 12469 12503
f 12827 12503 12828
f 12829 12830 12831
f 12829 12831 12832
f 11628 12833 12834
f 11628 12834 11627
f 11576 12831 12830
f 11576 12830 12835
f 12836 12837 12838
f 12836 12838 12839
f 12840 12827 12828
f 12840 12828 12841
f 11578 11628 11589
f 11578 11589 11580
f 12842 12843 12844
f 12842 12844 12845
f 11575 12833 11628
f 11575 11628 11578
f 12845 12838 12837
f 12845 12837 12842
f 12846 12838 12845
f 12846 12845 12847
f 12847 12845 12844
f 12847 12844 12848
f 12846 11624 11623
f 12846 11623 12849
f 12850 12851 12852
f 12850 12852 12853
f 11577 11579 11626
f 11577 11626 12854
f 12476 12855 12856
f 12476 12856 12857
f 12854 11626 11625
f 12854 11625 12858
f 12859 12860 12861
f 12859 12861 12862
f 12862 12863 12864
f 12862 12864 12859
f 12833 12865 12853
f 12833 12853 12834
f 12866 12867 12868
f 12866 12868 12869
f 12870 12871 12867
f 12870 12867 12866
f 12872 12873 12874
f 12872 12874 12875
f 12876 12877 12861
f 12876 12861 12878
f 12879 12876 12878
f 12879 12878 12880
f 12881 12879 12880
f 12881 12880 12882
f 12881 12882 12883
f 12881 12883 12884
f 12883 12885 12886
f 12883 12886 12884
f 12886 12885 12887
f 12886 12887 12888
f 12889 12890 12891
f 12889 12891 12892
f 12893 12889 12892
f 12893 12892 12894
f 12871 12870 12895
f 12871 12895 12896
f 12896 12895 12897
f 12896 12897 12898
f 12898 12897 12899
f 12898 12899 12900
f 12901 12888 12887
f 12901 12887 12902
f 12902 12903 12904
f 12902 12904 12901
f 11780 12807 12779
f 11780 12779 11781
f 12451 12905 12906
f 12451 12906 12452
f 12483 12907 12908
f 12483 12908 12484
f 12434 12909 12910
f 12434 12910 12496
f 12911 12912 12900
f 12911 12900 12899
f 12894 12913 12904
f 12894 12904 12903
f 12913 12894 12892
f 12913 12892 12914
f 12914 12892 12891
f 12914 12891 12915
f 12916 12917 12918
f 12916 12918 12919
f 12920 12915 12891
f 12920 12891 12873
f 12872 12869 12920
f 12872 12920 12873
f 12911 12921 12922
f 12911 12922 12912
f 12923 12924 12922
f 12923 12922 12921
f 12924 12923 12925
f 12924 12925 12926
f 12927 12928 12926
f 12927 12926 12925
f 12929 12928 12927
f 12929 12927 12930
f 12931 12932 12929
f 12931 12929 12930
f 12932 12931 12933
f 12932 12933 12934
f 12935 12827 12840
f 12935 12840 12918
f 12936 12935 12918
f 12936 12918 12917
f 12850 12853 12865
f 12850 12865 12937
f 12938 12828 12503
f 12938 12503 11565
f 12939 12823 12437
f 12939 12437 12461
f 12940 12941 12934
f 12940 12934 12933
f 12942 12941 12940
f 12942 12940 12943
f 11633 11632 12857
f 11633 12857 12856
f 12944 12939 12461
f 12944 12461 12463
f 12942 12943 12945
f 12942 12945 12946
f 12947 12948 12949
f 12947 12949 12950
f 12467 12469 12827
f 12467 12827 12935
f 12468 12467 12935
f 12468 12935 12936
f 12951 12859 12864
f 12951 12864 12952
f 12475 12953 12954
f 12475 12954 12955
f 12851 12938 11565
f 12851 11565 11564
f 11615 12956 12947
f 11615 12947 11610
f 12957 12958 12959
f 12957 12959 12960
f 12474 12961 12953
f 12474 12953 12475
f 12850 12962 12938
f 12850 12938 12851
f 12962 12841 12828
f 12962 12828 12938
f 12948 11632 11631
f 12948 11631 12949
f 12963 12964 11632
f 12963 11632 12948
f 12434 12436 12824
f 12434 12824 12909
f 12965 12966 12496
f 12965 12496 12910
f 12965 12967 12968
f 12965 12968 12966
f 12966 12968 12958
f 12966 12958 12957
f 12969 11608 11622
f 12969 11622 12970
f 12971 11620 11609
f 12971 11609 12972
f 12972 11609 11608
f 12972 11608 12969
f 11588 11555 11554
f 11588 11554 11585
f 12973 12974 11598
f 12973 11598 11601
f 12975 12976 12977
f 12975 12977 12978
f 12976 12979 12919
f 12976 12919 12977
f 12979 12980 12916
f 12979 12916 12919
f 12981 11619 11587
f 12981 11587 11590
f 12982 12983 12959
f 12982 12959 12984
f 12852 12960 12959
f 12852 12959 12983
f 12985 12969 12970
f 12985 12970 12984
f 12986 12971 12972
f 12986 12972 12987
f 12987 12972 12969
f 12987 12969 12985
f 12982 12981 11590
f 12982 11590 11627
f 11619 12981 12970
f 11619 12970 11622
f 12956 12963 12948
f 12956 12948 12947
f 11572 12865 12833
f 11572 12833 11575
f 12981 12982 12984
f 12981 12984 12970
f 12968 12987 12985
f 12968 12985 12958
f 11629 12847 12848
f 11629 12848 11634
f 12967 12986 12987
f 12967 12987 12968
f 12960 12852 12851
f 12960 12851 11564
f 11571 12937 12865
f 11571 12865 11572
f 12960 11564 11563
f 12960 11563 12957
f 12988 12989 12937
f 12988 12937 11571
f 12958 12985 12984
f 12958 12984 12959
f 11576 11577 12854
f 11576 12854 12831
f 12838 12846 12849
f 12838 12849 12839
f 11610 12947 12950
f 11610 12950 11611
f 11624 12846 12847
f 11624 12847 11629
f 12831 12854 12858
f 12831 12858 12832
f 12983 12982 11627
f 12983 11627 12834
f 11748 12952 12961
f 11748 12961 12504
f 12504 12961 12474
f 12504 12474 11569
f 11611 11616 11594
f 11611 11594 11595
f 11614 11617 11603
f 11614 11603 11592
f 11569 12474 12477
f 11569 12477 11570
f 12990 12866 12869
f 12990 12869 12872
f 11762 12991 12806
f 11762 12806 11763
f 12859 12951 12992
f 12859 12992 12860
f 12993 12870 12866
f 12993 12866 12990
f 12994 12995 11570
f 12994 11570 12477
f 12964 12996 12995
f 12964 12995 12994
f 12963 12997 12996
f 12963 12996 12964
f 11197 4576 6398
f 11197 6398 12998
f 11197 12998 12999
f 11197 12999 11198
f 11198 12999 11213
f 11198 11213 11200
f 12857 11632 12964
f 12857 12964 12994
f 12476 12857 12994
f 12476 12994 12477
f 12997 12963 12956
f 12997 12956 13000
f 12962 12850 12937
f 12962 12937 12989
f 12993 12990 13001
f 12993 13001 11574
f 12853 12852 12983
f 12853 12983 12834
f 12966 12957 11563
f 12966 11563 12496
f 12945 13002 13003
f 12945 13003 12946
f 13004 13005 12916
f 13004 12916 12980
f 12841 12962 12989
f 12841 12989 12978
f 13005 13006 12917
f 13005 12917 12916
f 12918 12840 12977
f 12918 12977 12919
f 12875 12874 12976
f 12875 12976 12975
f 13007 12895 12870
f 13007 12870 12993
f 12976 12874 12890
f 12976 12890 12979
f 12990 12872 12875
f 12990 12875 13001
f 13007 11573 11576
f 13007 11576 12835
f 12889 12980 12979
f 12889 12979 12890
f 12975 12978 12989
f 12975 12989 12988
f 12893 13004 12980
f 12893 12980 12889
f 13008 13009 13003
f 13008 13003 13002
f 13000 12956 11615
f 13000 11615 12974
f 12953 12961 12952
f 12953 12952 12864
f 12864 12863 12954
f 12864 12954 12953
f 12895 13007 12835
f 12895 12835 12897
f 12977 12840 12841
f 12977 12841 12978
f 13010 12794 12793
f 13010 12793 13011
f 12794 13010 13012
f 12794 13012 12799
f 12484 12908 12906
f 12484 12906 12447
f 13013 12772 12775
f 13013 12775 13014
f 12665 13015 13016
f 12665 13016 12666
f 12674 13017 13018
f 12674 13018 12689
f 11791 13019 12801
f 11791 12801 11785
f 13009 13008 12877
f 13009 12877 13020
f 13021 13020 12877
f 13021 12877 12876
f 12897 12835 12830
f 12897 12830 12899
f 12829 12911 12899
f 12829 12899 12830
f 12890 12874 12873
f 12890 12873 12891
f 12742 12754 12768
f 12742 12768 12762
f 12829 12843 12921
f 12829 12921 12911
f 12879 13022 13021
f 12879 13021 12876
f 13022 12879 12881
f 13022 12881 13023
f 11736 13024 12778
f 11736 12778 11737
f 11574 11573 13007
f 11574 13007 12993
f 11566 11565 12503
f 11566 12503 12435
f 12669 12671 12670
f 12669 12670 12653
f 12697 12650 12653
f 12697 12653 12670
f 12645 12695 12696
f 12645 12696 12642
f 12701 12658 12642
f 12701 12642 12696
f 12675 12688 12706
f 12675 12706 12711
f 12740 12738 12734
f 12740 12734 12736
f 12736 12734 12729
f 12736 12729 12730
f 12730 12729 12728
f 12730 12728 12731
f 12731 12745 12744
f 12731 12744 12732
f 12685 12647 12674
f 12685 12674 12689
f 12684 12648 12647
f 12684 12647 12685
f 12655 12681 12680
f 12655 12680 12656
f 12688 12675 12656
f 12688 12656 12680
f 12710 12676 12675
f 12710 12675 12711
f 12676 12710 12741
f 12676 12741 12700
f 13025 12700 12741
f 13025 12741 13026
f 12711 12706 12709
f 12711 12709 12712
f 12712 12709 12715
f 12712 12715 12720
f 12720 12715 12714
f 12720 12714 12721
f 12731 12728 12755
f 12731 12755 12745
f 12724 12750 12755
f 12724 12755 12728
f 12745 12755 12754
f 12745 12754 12742
f 12894 12903 13027
f 12894 13027 12893
f 11570 12995 13028
f 11570 13028 11567
f 12995 12996 13029
f 12995 13029 13028
f 12996 12997 13030
f 12996 13030 13029
f 12997 13000 13031
f 12997 13031 13030
f 13000 12974 12973
f 13000 12973 13031
f 11574 13001 12988
f 11574 12988 11571
f 13001 12875 12975
f 13001 12975 12988
f 12842 12923 12921
f 12842 12921 12843
f 12923 12842 12837
f 12923 12837 12925
f 12836 12927 12925
f 12836 12925 12837
f 12930 12927 12836
f 12930 12836 11630
f 13023 12881 12884
f 13023 12884 13032
f 12886 13033 13032
f 12886 13032 12884
f 13033 12886 12888
f 13033 12888 13034
f 13034 12888 12901
f 13034 12901 13035
f 11633 12931 12930
f 11633 12930 11630
f 12931 11633 12856
f 12931 12856 12933
f 13036 13037 12880
f 13036 12880 12878
f 12882 12880 13037
f 12882 13037 13038
f 13038 13039 12883
f 13038 12883 12882
f 13040 13041 12902
f 13040 12902 12887
f 13042 13040 12887
f 13042 12887 12885
f 12885 12883 13039
f 12885 13039 13042
f 13041 13027 12903
f 13041 12903 12902
f 12860 13036 12878
f 12860 12878 12861
f 13043 13044 12463
f 13043 12463 12464
f 11765 13045 13046
f 11765 13046 12992
f 13047 13048 12468
f 13047 12468 12936
f 12464 12468 13048
f 12464 13048 13043
f 13044 13049 12944
f 13044 12944 12463
f 12992 13046 13036
f 12992 13036 12860
f 13006 13047 12936
f 13006 12936 12917
f 13050 13051 13052
f 13050 13052 13053
f 13054 13055 13056
f 13054 13056 13057
f 13058 13051 13041
f 13058 13041 13040
f 13059 13055 13039
f 13059 13039 13038
f 13054 13058 13040
f 13054 13040 13042
f 11765 12992 12951
f 11765 12951 11747
f 13027 13041 13051
f 13027 13051 13050
f 13042 13039 13055
f 13042 13055 13054
f 13060 13052 13051
f 13060 13051 13058
f 13057 13060 13058
f 13057 13058 13054
f 13038 13037 13061
f 13038 13061 13059
f 13047 13053 13052
f 13047 13052 13048
f 12952 11748 11747
f 12952 11747 12951
f 13004 12893 13027
f 13004 13027 13050
f 13047 13006 13005
f 13047 13005 13053
f 13036 13046 13061
f 13036 13061 13037
f 13004 13050 13053
f 13004 13053 13005
f 13044 13057 13056
f 13044 13056 13049
f 13043 13060 13057
f 13043 13057 13044
f 11764 13062 13045
f 11764 13045 11765
f 11764 12944 13049
f 11764 13049 13062
f 13060 13043 13048
f 13060 13048 13052
f 12475 12955 12855
f 12475 12855 12476
f 12855 12940 12933
f 12855 12933 12856
f 12855 12955 12943
f 12855 12943 12940
f 13035 12901 12904
f 13035 12904 13063
f 12913 13064 13063
f 12913 13063 12904
f 12747 13065 13066
f 12747 13066 12748
f 11723 13067 13068
f 11723 13068 11680
f 11680 13068 13069
f 11680 13069 11681
f 13070 12417 12410
f 13070 12410 13071
f 13071 12410 12409
f 13071 12409 12392
f 12407 12393 11692
f 12407 11692 11718
f 11671 12402 12407
f 11671 12407 11718
f 13072 11690 11693
f 13072 11693 12390
f 13073 11702 11690
f 13073 11690 13072
f 13073 11660 11666
f 13073 11666 11726
f 11639 11705 11704
f 11639 11704 11640
f 11717 11705 11639
f 11717 11639 11721
f 13074 11641 11640
f 13074 11640 11725
f 13075 11698 11701
f 13075 11701 13076
f 13076 11701 11707
f 13076 11707 13077
f 13078 11684 11683
f 13078 11683 13077
f 13079 11687 11686
f 13079 11686 13080
f 13079 11688 11724
f 13079 11724 13067
f 13078 13080 11686
f 13078 11686 11684
f 11700 11644 11689
f 11700 11689 11706
f 11699 11645 11644
f 11699 11644 11700
f 11652 11696 11695
f 11652 11695 11653
f 11678 11668 11717
f 11678 11717 11721
f 11668 11678 11677
f 11668 11677 11669
f 11659 11658 11657
f 11659 11657 11665
f 11658 11659 11635
f 11658 11635 11663
f 11663 11635 11638
f 11663 11638 11664
f 12402 11671 11674
f 12402 11674 12403
f 13081 12403 11674
f 13081 11674 13082
f 12395 12408 12411
f 12395 12411 12396
f 12418 12419 12396
f 12418 12396 12411
f 11676 13083 13084
f 11676 13084 11677
f 13085 12414 12404
f 13085 12404 13086
f 13086 12404 12403
f 13086 12403 13081
f 11661 12394 12401
f 11661 12401 11714
f 12394 11661 11664
f 12394 11664 12395
f 13087 11715 11714
f 13087 11714 13082
f 13088 11712 11715
f 13088 11715 13087
f 13089 11713 11712
f 13089 11712 13088
f 13089 11669 11677
f 13089 11677 13084
f 11654 11656 11713
f 11654 11713 11711
f 13083 11710 11711
f 13083 11711 13084
f 13068 11708 11709
f 13068 11709 13069
f 13067 11724 11708
f 13067 11708 13068
f 11713 13089 13084
f 11713 13084 11711
f 11669 13089 13088
f 11669 13088 11670
f 13090 12506 12488
f 13090 12488 12907
f 12907 12488 12487
f 12907 12487 12908
f 12485 12443 12446
f 12485 12446 12497
f 12905 12448 12447
f 12905 12447 12906
f 13091 12460 12448
f 13091 12448 12905
f 13092 12473 12460
f 13092 12460 13091
f 11743 12472 12471
f 11743 12471 11744
f 13019 11768 11751
f 13019 11751 12801
f 12800 11784 11785
f 12800 11785 12801
f 12817 11782 11783
f 12817 11783 12818
f 13093 11790 11782
f 13093 11782 12817
f 12991 11762 11790
f 12991 11790 13093
f 12991 11761 11760
f 12991 11760 12806
f 11758 11760 11759
f 11758 11759 11738
f 11776 11732 11763
f 11776 11763 11780
f 12807 12806 11760
f 12807 11760 11758
f 12807 11758 11757
f 12807 11757 12779
f 12778 11777 11781
f 12778 11781 12779
f 13024 11774 11777
f 13024 11777 12778
f 12822 11729 11728
f 12822 11728 12815
f 12802 11778 11770
f 12802 11770 12815
f 12470 12472 11743
f 12470 11743 11792
f 11769 12422 12470
f 11769 12470 11792
f 12422 11769 11768
f 12422 11768 12423
f 12803 12471 12466
f 12803 12466 12808
f 12808 12466 12458
f 12808 12458 13094
f 13094 12458 12457
f 13094 12457 12821
f 12443 12485 12484
f 12443 12484 12447
f 12908 12487 12452
f 12908 12452 12906
f 12486 12449 12452
f 12486 12452 12487
f 12813 12494 12493
f 12813 12493 12814
f 12816 12509 12494
f 12816 12494 12813
f 11670 13088 13087
f 11670 13087 11673
f 11673 13087 13082
f 11673 13082 11674
f 12400 13086 13081
f 12400 13081 12401
f 13064 12913 12914
f 13064 12914 13095
f 13095 12914 12915
f 13095 12915 13096
f 12943 12955 12954
f 12943 12954 12945
f 12863 13002 12945
f 12863 12945 12954
f 12839 11631 11630
f 12839 11630 12836
f 12849 12949 11631
f 12849 11631 12839
f 12949 12849 11623
f 12949 11623 12950
f 11616 11611 12950
f 11616 12950 11623
f 11617 11614 11634
f 11617 11634 11625
f 12848 12858 11625
f 12848 11625 11634
f 12858 12848 12844
f 12858 12844 12832
f 12832 12844 12843
f 12832 12843 12829
f 12862 13008 13002
f 12862 13002 12863
f 13008 12862 12861
f 13008 12861 12877
f 13096 12915 12920
f 13096 12920 13097
f 12869 12868 13097
f 12869 13097 12920
f 12413 13085 13086
f 12413 13086 12400
f 12401 13081 13082
f 12401 13082 11714
f 11706 11689 13080
f 11706 13080 13078
f 13098 12639 12628
f 13098 12628 13099
f 13099 12628 12627
f 13099 12627 13100
f 12626 12584 12587
f 12626 12587 12627
f 12809 12603 12602
f 12809 12602 12810
f 13101 12607 12603
f 13101 12603 12809
f 13102 12609 12607
f 13102 12607 13101
f 12545 12558 12576
f 12545 12576 12581
f 12825 12557 12549
f 12825 12549 12826
f 13103 12514 12513
f 13103 12513 12826
f 12811 12553 12556
f 12811 12556 12812
f 12812 12556 12560
f 12812 12560 13104
f 13105 12539 12538
f 13105 12538 13104
f 13106 12542 12541
f 13106 12541 13107
f 13106 12543 12569
f 13106 12569 13108
f 13108 12569 12561
f 13108 12561 13109
f 13109 12561 12562
f 13109 12562 13110
f 13107 13105 12559
f 13107 12559 12544
f 12555 12517 12544
f 12555 12544 12559
f 12554 12518 12517
f 12554 12517 12555
f 12525 12551 12550
f 12525 12550 12526
f 12558 12545 12526
f 12558 12526 12550
f 12580 12546 12545
f 12580 12545 12581
f 12546 12580 12611
f 12546 12611 12570
f 13111 12570 12611
f 13111 12611 12819
f 12581 12576 12579
f 12581 12579 12582
f 12582 12579 12585
f 12582 12585 12590
f 12590 12585 12584
f 12590 12584 12591
f 12591 12584 12626
f 12591 12626 12630
f 12619 12588 12591
f 12619 12591 12630
f 12588 12619 12618
f 12588 12618 12592
f 12629 12631 12630
f 12629 12630 12626
f 12631 12629 12640
f 12631 12640 12641
f 12499 12508 12641
f 12499 12641 12640
f 12478 12490 12508
f 12478 12508 12499
f 12481 12491 12490
f 12481 12490 12478
f 12449 12486 12491
f 12449 12491 12453
f 12491 12481 12456
f 12491 12456 12453
f 12456 12481 12480
f 12456 12480 12457
f 12455 12454 12453
f 12455 12453 12456
f 12465 12459 12454
f 12465 12454 12455
f 12472 12470 12459
f 12472 12459 12465
f 13092 13019 11791
f 13092 11791 12473
f 11767 12430 12473
f 11767 12473 11791
f 12430 11767 11766
f 12430 11766 12431
f 11792 11743 11727
f 11792 11727 11787
f 11730 11786 11787
f 11730 11787 11727
f 11788 11735 11738
f 11788 11738 11759
f 11775 11733 11732
f 11775 11732 11776
f 11740 11772 11771
f 11740 11771 11741
f 11779 11766 11741
f 11779 11741 11771
f 11766 11779 12426
f 11766 12426 12431
f 12426 11779 11778
f 12426 11778 12427
f 12803 12802 11744
f 12803 11744 12471
f 12431 12426 12429
f 12431 12429 12432
f 12432 12429 12440
f 12432 12440 12445
f 12445 12440 12439
f 12445 12439 12446
f 12446 12439 12492
f 12446 12492 12497
f 12492 12439 12442
f 12492 12442 12493
f 12814 12821 12457
f 12814 12457 12480
f 12495 12498 12497
f 12495 12497 12492
f 12498 12495 12510
f 12498 12510 12511
f 12420 12416 12511
f 12420 12511 12510
f 12416 12420 12398
f 12416 12398 12406
f 12393 12407 12406
f 12393 12406 12398
f 12395 11664 11638
f 12395 11638 12408
f 12408 11638 11637
f 12408 11637 12409
f 11691 11719 11718
f 11691 11718 11692
f 11703 11716 11719
f 11703 11719 11691
f 11716 11703 11705
f 11716 11705 11717
f 11656 11654 11653
f 11656 11653 11657
f 11657 11653 11695
f 11657 11695 11665
f 11642 11720 11721
f 11642 11721 11639
f 11722 11647 11650
f 11722 11650 11685
f 11684 11686 11685
f 11684 11685 11650
f 12539 12541 12540
f 12539 12540 12523
f 12567 12520 12523
f 12567 12523 12540
f 12515 12565 12566
f 12515 12566 12512
f 12571 12528 12512
f 12571 12512 12566
f 12572 12548 12547
f 12572 12547 12573
f 12548 12572 12608
f 12548 12608 12571
f 12528 12571 12608
f 12528 12608 12610
f 12610 12608 12604
f 12610 12604 12606
f 12606 12604 12599
f 12606 12599 12600
f 12600 12599 12598
f 12600 12598 12601
f 13112 12592 12618
f 13112 12618 13113
f 12620 12594 12597
f 12620 12597 12621
f 12594 12620 12625
f 12594 12625 12598
f 12615 12625 12624
f 12615 12624 12612
f 12612 12624 12638
f 12612 12638 12632
f 12771 12770 12632
f 12771 12632 12638
f 12761 12759 12770
f 12761 12770 12771
f 12759 12761 12760
f 12759 12760 12756
f 12750 12724 12727
f 12750 12727 12751
f 13114 12769 12758
f 13114 12758 13115
f 13115 12758 12757
f 13115 12757 13116
f 13117 12722 12748
f 13117 12748 13066
f 12718 12749 12748
f 12718 12748 12722
f 12749 12718 12721
f 12749 12721 12760
f 12805 12733 12732
f 12805 12732 13118
f 12804 12737 12733
f 12804 12733 12805
f 13119 12739 12737
f 13119 12737 12804
f 12702 12678 12677
f 12702 12677 12703
f 12678 12702 12738
f 12678 12738 12701
f 12701 12738 12740
f 12701 12740 12658
f 13120 12687 12679
f 13120 12679 13121
f 13122 12644 12643
f 13122 12643 13121
f 13123 12683 12686
f 13123 12686 13124
f 13124 12686 12690
f 13124 12690 13125
f 13018 12669 12668
f 13018 12668 13125
f 13017 12671 12669
f 13017 12669 13018
f 13126 12672 12671
f 13126 12671 13017
f 13126 12673 12699
f 13126 12699 13127
f 13127 12699 12691
f 13127 12691 13015
f 13015 12691 12692
f 13015 12692 13016
f 13128 12693 12694
f 13128 12694 13129
f 13025 12677 12662
f 13025 12662 13129
f 12706 12688 12687
f 12706 12687 12707
f 12658 12740 12739
f 12658 12739 12659
f 13120 13119 12707
f 13120 12707 12687
f 13026 12741 12735
f 13026 12735 13130
f 13130 12735 12723
f 13130 12723 13131
f 13131 12723 12722
f 13131 12722 13117
f 12714 12756 12760
f 12714 12760 12721
f 12756 12714 12717
f 12756 12717 12757
f 13118 13116 12757
f 13118 12757 12717
f 13065 12752 12751
f 13065 12751 13066
f 13132 12766 12752
f 13132 12752 13065
f 13133 12563 12564
f 13133 12564 13134
f 13111 12547 12532
f 13111 12532 13134
f 12528 12610 12609
f 12528 12609 12529
f 12576 12558 12557
f 12576 12557 12577
f 12825 13102 12577
f 12825 12577 12557
f 12819 12611 12605
f 12819 12605 12820
f 12820 12605 12593
f 12820 12593 13135
f 13135 12593 12592
f 13135 12592 13112
f 12598 12625 12615
f 12598 12615 12601
f 12601 12615 12614
f 12601 12614 12602
f 12810 13100 12627
f 12810 12627 12587
f 13136 12622 12621
f 13136 12621 13113
f 13137 12636 12622
f 13137 12622 13136
f 11687 13079 13067
f 11687 13067 11723
f 11688 13079 13080
f 11688 13080 11689
f 11546 11556 11544
f 11546 11544 11537
f 11600 11599 13138
f 11600 13138 13139
f 13140 13141 13139
f 13140 13139 13138
f 11519 11526 11537
f 11519 11537 11544
f 11508 11501 11526
f 11508 11526 11519
f 11479 11490 11501
f 11479 11501 11508
f 13142 13143 13141
f 13142 13141 13140
f 13144 13145 13143
f 13144 13143 13142
f 11471 11464 11490
f 11471 11490 11479
f 13146 13147 13145
f 13146 13145 13144
f 13147 13146 13148
f 13147 13148 13149
f 11443 11454 11464
f 11443 11464 11471
f 11433 11426 11454
f 11433 11454 11443
f 13150 13151 13149
f 13150 13149 13148
f 13151 13150 13152
f 13151 13152 13153
f 11401 11417 11426
f 11401 11426 11433
f 11397 11390 11417
f 11397 11417 11401
f 11382 11380 11390
f 11382 11390 11397
f 13153 13152 13154
f 13153 13154 13155
f 13155 13154 13156
f 13155 13156 13157
f 13157 13156 13158
f 13157 13158 13159
f 13159 13158 13160
f 13159 13160 13161
f 13161 13160 13162
f 13161 13162 13163
f 11361 11354 11380
f 11361 11380 11382
f 11346 11344 11354
f 11346 11354 11361
f 11321 11302 11344
f 11321 11344 11346
f 11302 11321 11320
f 11302 11320 11303
f 13163 13162 13164
f 13163 13164 13165
f 11292 11291 13166
f 11292 13166 13167
f 13168 13169 13170
f 13168 13170 13167
f 13168 13171 13172
f 13168 13172 13173
f 13173 13172 13174
f 13173 13174 13175
f 11240 11244 11254
f 11240 11254 11261
f 11146 11220 11244
f 11146 11244 11240
f 11145 11217 11220
f 11145 11220 11146
f 11203 11214 11217
f 11203 11217 11145
f 11186 11201 11214
f 11186 11214 11203
f 11189 11199 11201
f 11189 11201 11186
f 11188 11196 11199
f 11188 11199 11189
f 11196 11188 4569
f 11196 4569 4577
f 13176 13177 13178
f 13176 13178 13179
f 13180 13181 13177
f 13180 13177 13176
f 13181 13180 13182
f 13181 13182 13183
f 13183 13182 13184
f 13183 13184 13185
f 13185 13184 13186
f 13185 13186 13187
f 13188 13189 13187
f 13188 13187 13186
f 13190 13191 13189
f 13190 13189 13188
f 13191 13190 6595
f 13191 6595 6594
f 11706 13078 13077
f 11706 13077 11707
f 11649 13076 13077
f 11649 13077 11683
f 11648 13075 13076
f 11648 13076 11649
f 11697 13074 11725
f 11697 11725 11694
f 11702 13073 11726
f 11702 11726 11704
f 11660 13073 13072
f 11660 13072 11636
f 11636 13072 12390
f 11636 12390 11637
f 12399 13071 12392
f 12399 12392 12391
f 12421 13070 13071
f 12421 13071 12399
f 11637 12390 12392
f 11637 12392 12409
f 11694 11725 11726
f 11694 11726 11666
f 12423 11768 13019
f 12423 13019 13092
f 12423 13092 13091
f 12423 13091 12424
f 12547 13111 12819
f 12547 12819 12573
f 12559 13105 13104
f 12559 13104 12560
f 12428 12808 13094
f 12428 13094 12441
f 12441 13094 12821
f 12441 12821 12442
f 11761 12991 13093
f 11761 13093 11789
f 12424 13091 12905
f 12424 12905 12451
f 12502 13090 12907
f 12502 12907 12483
f 11789 13093 12817
f 11789 12817 11754
f 12535 13109 13110
f 12535 13110 12536
f 12574 12820 13135
f 12574 13135 12596
f 12529 12609 13102
f 12529 13102 12825
f 12698 13127 13015
f 12698 13015 12665
f 12682 13122 13121
f 12682 13121 12679
f 12633 13098 13099
f 12633 13099 12613
f 12552 13103 12826
f 12552 12826 12549
f 12651 13123 13124
f 12651 13124 12652
f 12635 13137 13136
f 12635 13136 12617
f 12531 13133 13134
f 12531 13134 12532
f 12577 13102 13101
f 12577 13101 12578
f 12602 12614 13100
f 12602 13100 12810
f 12543 13106 13107
f 12543 13107 12544
f 12613 13099 13100
f 12613 13100 12614
f 12672 13126 13127
f 12672 13127 12698
f 12541 12539 13105
f 12541 13105 13107
f 12703 13026 13130
f 12703 13130 12704
f 12542 13106 13108
f 12542 13108 12568
f 12659 13120 13121
f 12659 13121 12643
f 12765 13132 13065
f 12765 13065 12747
f 12704 13130 13131
f 12704 13131 12726
f 12570 13111 13134
f 12570 13134 12564
f 12726 13131 13117
f 12726 13117 12727
f 12568 13108 13109
f 12568 13109 12535
f 12596 13135 13112
f 12596 13112 12597
f 12617 13136 13113
f 12617 13113 12618
f 12597 13112 13113
f 12597 13113 12621
f 12522 12812 13104
f 12522 13104 12538
f 12578 13101 12809
f 12578 12809 12586
f 12716 12805 13118
f 12716 13118 12717
f 12707 13119 12804
f 12707 12804 12708
f 12661 13128 13129
f 12661 13129 12662
f 12727 13117 13066
f 12727 13066 12751
f 12659 12739 13119
f 12659 13119 13120
f 12763 13114 13115
f 12763 13115 12743
f 12677 13025 13026
f 12677 13026 12703
f 12743 13115 13116
f 12743 13116 12744
f 12673 13126 13017
f 12673 13017 12674
f 13192 13193 12789
f 13192 12789 13194
f 12652 13124 13125
f 12652 13125 12668
f 12700 13025 13129
f 12700 13129 12694
f 12732 12744 13116
f 12732 13116 13118
f 12689 13018 13125
f 12689 13125 12690
f 13011 13013 13014
f 13011 13014 13010
f 13195 13192 13194
f 13195 13194 13196
f 12632 12770 12769
f 12632 12769 12633
f 12499 12640 12639
f 12499 12639 12500
f 12420 12510 12509
f 12420 12509 12421
f 13197 12419 12418
f 13197 12418 13198
f 13199 12867 12871
f 13199 12871 12781
f 13198 12418 12417
f 13198 12417 13200
f 13201 12942 12946
f 13201 12946 13200
f 13201 13070 12421
f 13201 12421 13202
f 13202 12421 12509
f 13202 12509 13203
f 13204 12932 12934
f 13204 12934 13203
f 13204 12816 12500
f 13204 12500 13205
f 13206 12928 12929
f 13206 12929 13205
f 13206 12639 13098
f 13206 13098 13207
f 13208 12924 12926
f 13208 12926 13207
f 13208 12633 12769
f 13208 12769 13209
f 13209 12769 13114
f 13209 13114 13210
f 13210 13114 12763
f 13210 12763 13211
f 13212 13097 12868
f 13212 12868 13213
f 13214 12412 12419
f 13214 12419 13197
f 13214 13020 13021
f 13214 13021 13215
f 13216 13085 12413
f 13216 12413 13215
f 13216 13022 13023
f 13216 13023 13217
f 13217 13023 13032
f 13217 13032 13218
f 13219 13095 13096
f 13219 13096 13220
f 13221 13064 13095
f 13221 13095 13219
f 13221 13132 12765
f 13221 12765 13222
f 13223 13035 13063
f 13223 13063 13222
f 12506 13090 13137
f 12506 13137 12635
f 13224 13034 13035
f 13224 13035 13223
f 13225 13033 13034
f 13225 13034 13224
f 13225 13090 12502
f 13225 12502 13218
f 13226 13227 13228
f 13226 13228 13229
f 11772 11775 11774
f 11772 11774 11773
f 13230 13231 13232
f 13230 13232 13233
f 11740 11733 11775
f 11740 11775 11772
f 13234 13235 13236
f 13234 13236 13237
f 11739 11734 11733
f 11739 11733 11740
f 11734 11739 11784
f 11734 11784 11783
f 13238 13239 13240
f 13238 13240 13241
f 13242 13243 13227
f 13242 13227 13226
f 12800 12818 11783
f 12800 11783 11784
f 13244 13245 13246
f 13244 13246 13247
f 12818 12800 11750
f 12818 11750 11755
f 13248 13249 13250
f 13248 13250 13251
f 13237 13236 13252
f 13237 13252 13253
f 13248 13254 13255
f 13248 13255 13256
f 13257 13258 13231
f 13257 13231 13230
f 13241 13240 13259
f 13241 13259 13260
f 13247 13246 13261
f 13247 13261 13262
f 13263 13264 13265
f 13263 13265 13266
f 11749 11756 11755
f 11749 11755 11750
f 13267 13268 13269
f 13267 13269 13270
f 11756 11749 11786
f 11756 11786 11788
f 13271 13272 13264
f 13271 13264 13263
f 13270 13269 13273
f 13270 13273 13274
f 11788 11786 11730
f 11788 11730 11735
f 13275 13230 13233
f 13275 13233 13276
f 11735 11730 11729
f 11735 11729 11736
f 13277 13238 13241
f 13277 13241 13278
f 12822 13024 11736
f 12822 11736 11729
f 13279 13244 13247
f 13279 13247 13280
f 13024 12822 11773
f 13024 11773 11774
f 13254 13248 13251
f 13254 13251 13281
f 13249 13248 13256
f 13249 13256 13282
f 13283 13257 13230
f 13283 13230 13275
f 13278 13241 13260
f 13278 13260 13284
f 13280 13247 13262
f 13280 13262 13285
f 13286 13287 13288
f 13286 13288 13289
f 13290 13291 13292
f 13290 13292 13293
f 13294 13295 13296
f 13294 13296 13297
f 13298 13299 13300
f 13298 13300 13301
f 13302 13303 13304
f 13302 13304 13305
f 13303 13302 13306
f 13303 13306 13307
f 13308 13309 13310
f 13308 13310 13311
f 13309 13308 13312
f 13309 13312 13313
f 13314 13315 13316
f 13314 13316 13317
f 13289 13309 13313
f 13289 13313 13318
f 13309 13289 13288
f 13309 13288 13310
f 13297 13303 13307
f 13297 13307 13319
f 13303 13297 13296
f 13303 13296 13304
f 13299 13293 13292
f 13299 13292 13300
f 13320 13314 13317
f 13320 13317 13321
f 13289 13318 13322
f 13289 13322 13286
f 13320 13321 13323
f 13320 13323 13324
f 13297 13319 13325
f 13297 13325 13294
f 13292 13326 13327
f 13292 13327 13300
f 13075 13074 11697
f 13075 11697 11698
f 13249 13328 13329
f 13249 13329 13250
f 13258 13330 13331
f 13258 13331 13273
f 13253 13255 13254
f 13253 13254 13237
f 13281 13234 13237
f 13281 13237 13254
f 11696 11699 11698
f 11696 11698 11697
f 11652 11645 11699
f 11652 11699 11696
f 13229 13279 13280
f 13229 13280 13226
f 13285 13242 13226
f 13285 13226 13280
f 13259 13272 13290
f 13259 13290 13295
f 13324 13322 13318
f 13324 13318 13320
f 13320 13318 13313
f 13320 13313 13314
f 13314 13313 13312
f 13314 13312 13315
f 13315 13332 13333
f 13315 13333 13316
f 13269 13231 13258
f 13269 13258 13273
f 13268 13232 13231
f 13268 13231 13269
f 11651 11646 11645
f 11651 11645 11652
f 11646 11651 11710
f 11646 11710 11709
f 13239 13265 13264
f 13239 13264 13240
f 13272 13259 13240
f 13272 13240 13264
f 13294 13260 13259
f 13294 13259 13295
f 13260 13294 13325
f 13260 13325 13284
f 13334 13284 13325
f 13334 13325 13335
f 13295 13290 13293
f 13295 13293 13296
f 13296 13293 13299
f 13296 13299 13304
f 13304 13299 13298
f 13304 13298 13305
f 13315 13312 13336
f 13315 13336 13332
f 13308 13337 13336
f 13308 13336 13312
f 13337 13308 13311
f 13337 13311 13338
f 13339 13306 13192
f 13339 13192 13195
f 13302 13193 13192
f 13302 13192 13306
f 13193 13302 13305
f 13193 13305 13340
f 13327 13317 13316
f 13327 13316 13341
f 13326 13321 13317
f 13326 13317 13327
f 13342 13323 13321
f 13342 13321 13326
f 13286 13262 13261
f 13286 13261 13287
f 13262 13286 13322
f 13262 13322 13285
f 13285 13322 13324
f 13285 13324 13242
f 13343 13271 13263
f 13343 13263 13344
f 13345 13228 13227
f 13345 13227 13344
f 13083 13069 11709
f 13083 11709 11710
f 13069 13083 11676
f 13069 11676 11681
f 13346 13267 13270
f 13346 13270 13347
f 13347 13270 13274
f 13347 13274 13348
f 13331 13253 13252
f 13331 13252 13348
f 13330 13255 13253
f 13330 13253 13331
f 13349 13256 13255
f 13349 13255 13330
f 13349 13257 13283
f 13349 13283 13350
f 13350 13283 13275
f 13350 13275 13328
f 13328 13275 13276
f 13328 13276 13329
f 11675 11682 11681
f 11675 11681 11676
f 11682 11675 11720
f 11682 11720 11722
f 13351 13277 13278
f 13351 13278 13352
f 13334 13261 13246
f 13334 13246 13352
f 13290 13272 13271
f 13290 13271 13291
f 13242 13324 13323
f 13242 13323 13243
f 13343 13342 13291
f 13343 13291 13271
f 13335 13325 13319
f 13335 13319 13353
f 13353 13319 13307
f 13353 13307 13354
f 13354 13307 13306
f 13354 13306 13339
f 13298 13355 13340
f 13298 13340 13305
f 13355 13298 13301
f 13355 13301 13356
f 13341 13357 13356
f 13341 13356 13301
f 13282 13350 13328
f 13282 13328 13249
f 13266 13345 13344
f 13266 13344 13263
f 13235 13346 13347
f 13235 13347 13236
f 13256 13349 13350
f 13256 13350 13282
f 13287 13335 13353
f 13287 13353 13288
f 13243 13343 13344
f 13243 13344 13227
f 13288 13353 13354
f 13288 13354 13310
f 13310 13354 13339
f 13310 13339 13311
f 13300 13327 13341
f 13300 13341 13301
f 13291 13342 13326
f 13291 13326 13292
f 13245 13351 13352
f 13245 13352 13246
f 13311 13339 13195
f 13311 13195 13338
f 13243 13323 13342
f 13243 13342 13343
f 13261 13334 13335
f 13261 13335 13287
f 13257 13349 13330
f 13257 13330 13258
f 11722 11720 11642
f 11722 11642 11647
f 11647 11642 11641
f 11647 11641 11648
f 13236 13347 13348
f 13236 13348 13252
f 13074 13075 11648
f 13074 11648 11641
f 13284 13334 13352
f 13284 13352 13278
f 13316 13333 13357
f 13316 13357 13341
f 13273 13331 13348
f 13273 13348 13274
f 13357 13013 13011
f 13357 13011 13356
f 13013 13357 13333
f 13013 13333 12772
f 13356 13011 12793
f 13356 12793 13355
f 12790 13340 13355
f 12790 13355 12793
f 13340 12790 12789
f 13340 12789 13193
f 12772 13333 13332
f 12772 13332 12773
f 13336 12791 12773
f 13336 12773 13332
f 12791 13336 13337
f 12791 13337 12785
f 13338 12786 12785
f 13338 12785 13337
f 13014 12775 12777
f 13014 12777 12780
f 13010 13014 12780
f 13010 12780 13012
f 13358 12898 12900
f 13358 12900 13211
f 12782 12896 12898
f 12782 12898 13358
f 12781 12871 12896
f 12781 12896 12782
f 13196 12786 13338
f 13196 13338 13195
f 12786 13196 13194
f 12786 13194 12789
f 12788 12783 12786
f 12788 12786 12789
f 13012 12780 12782
f 13012 12782 13358
f 13220 13096 13097
f 13220 13097 13212
f 13009 13197 13198
f 13009 13198 13003
f 13003 13198 13200
f 13003 13200 12946
f 13070 13201 13200
f 13070 13200 12417
f 12942 13201 13202
f 12942 13202 12941
f 12941 13202 13203
f 12941 13203 12934
f 12816 13204 13203
f 12816 13203 12509
f 12932 13204 13205
f 12932 13205 12929
f 12639 13206 13205
f 12639 13205 12500
f 12928 13206 13207
f 12928 13207 12926
f 12633 13208 13207
f 12633 13207 13098
f 12924 13208 13209
f 12924 13209 12922
f 12922 13209 13210
f 12922 13210 12912
f 12912 13210 13211
f 12912 13211 12900
f 12867 13199 13213
f 12867 13213 12868
f 13020 13214 13197
f 13020 13197 13009
f 12412 13214 13215
f 12412 13215 12413
f 13022 13216 13215
f 13022 13215 13021
f 13085 13216 13217
f 13085 13217 12414
f 12414 13217 13218
f 12414 13218 12502
f 12796 12767 12766
f 12796 12766 13359
f 13132 13221 13219
f 13132 13219 12766
f 13064 13221 13222
f 13064 13222 13063
f 12636 13223 13222
f 12636 13222 12765
f 13137 13224 13223
f 13137 13223 12636
f 13090 13225 13224
f 13090 13224 13137
f 13033 13225 13218
f 13033 13218 13032
f 12762 12799 13012
f 12762 13012 12763
f 13358 13211 12763
f 13358 12763 13012
f 12776 13199 12781
f 12776 12781 12777
f 12798 13213 13199
f 12798 13199 12776
f 13213 12798 12797
f 13213 12797 13212
f 12796 13359 12783
f 12796 12783 12788
f 12784 12783 13359
f 12784 13359 12797
f 12766 13219 13220
f 12766 13220 13359
f 13359 13220 13212
f 13359 13212 12797
f 13049 13056 13360
f 13049 13360 13062
f 13046 13045 13059
f 13046 13059 13061
f 13055 13059 13360
f 13055 13360 13056
f 13045 13062 13360
f 13045 13360 13059
f 12944 11764 11746
f 12944 11746 12939
f 12939 11746 11745
f 12939 11745 12823
f 12823 11745 12505
f 12823 12505 12824
f 12824 12505 11568
f 12824 11568 12909
f 12909 11568 11567
f 12909 11567 12910
f 13028 12965 12910
f 13028 12910 11567
f 13029 12967 12965
f 13029 12965 13028
f 13030 12986 12967
f 13030 12967 13029
f 12986 13030 13031
f 12986 13031 12971
f 12971 13031 12973
f 12971 12973 11620
f 11620 12973 11601
f 11620 11601 11602
f 11597 11598 12974
f 11597 12974 11615
f 11548 11583 11585
f 11548 11585 11554
f 11583 11548 11547
f 11583 11547 11584
f 11584 11547 11552
f 11584 11552 11612
f 11551 11603 11612
f 11551 11612 11552
f 11542 13138 11599
f 11542 11599 11553
f 11560 11600 13139
f 11560 13139 11528
f 11528 13139 13141
f 11528 13141 11523
f 11515 13140 13138
f 11515 13138 11542
f 11506 13142 13140
f 11506 13140 11515
f 11523 13141 13143
f 11523 13143 11492
f 11492 13143 13145
f 11492 13145 11485
f 11485 13145 13147
f 11485 13147 11472
f 13149 11449 11472
f 13149 11472 13147
f 11449 13149 13151
f 11449 13151 11435
f 13153 11410 11435
f 13153 11435 13151
f 11410 13153 13155
f 11410 13155 11399
f 11399 13155 13157
f 11399 13157 11372
f 11372 13157 13159
f 11372 13159 11363
f 13161 11336 11363
f 13161 11363 13159
f 11336 13161 13163
f 11336 13163 11326
f 11326 13163 13165
f 11326 13165 11325
f 13361 13362 13363
f 13361 13363 13175
f 13361 13364 13365
f 13361 13365 13366
f 11257 13364 13174
f 11257 13174 11258
f 13364 11257 11256
f 13364 11256 13365
f 13177 11234 11262
f 13177 11262 13178
f 11234 13177 13181
f 11234 13181 11226
f 13183 11225 11226
f 13183 11226 13181
f 13185 11224 11225
f 13185 11225 13183
f 11224 13185 13187
f 11224 13187 11086
f 13189 11087 11086
f 13189 11086 13187
f 13191 11088 11087
f 13191 11087 13189
f 6594 4463 11088
f 6594 11088 13191
f 13190 12998 6398
f 13190 6398 6595
f 12998 13190 13188
f 12998 13188 12999
f 12999 13188 13186
f 12999 13186 11213
f 13184 11211 11213
f 13184 11213 13186
f 13182 11218 11211
f 13182 11211 13184
f 13180 11221 11218
f 13180 11218 13182
f 11221 13180 13176
f 11221 13176 11227
f 11227 13176 13179
f 11227 13179 11259
f 11249 13367 13365
f 11249 13365 11256
f 11248 11264 13367
f 11248 13367 11249
f 13368 13369 13370
f 13368 13370 13366
f 11263 13371 13369
f 11263 13369 13368
f 11316 13164 13162
f 11316 13162 11315
f 13160 11345 11315
f 13160 11315 13162
f 11345 13160 13158
f 11345 13158 11359
f 13156 11381 11359
f 13156 11359 13158
f 11381 13156 13154
f 11381 13154 11395
f 13152 11418 11395
f 13152 11395 13154
f 11418 13152 13150
f 11418 13150 11431
f 11431 13150 13148
f 11431 13148 11439
f 11439 13148 13146
f 11439 13146 11469
f 11469 13146 13144
f 11469 13144 11475
f 11475 13144 13142
f 11475 13142 11506
f 12811 13103 12552
f 12811 12552 12553
f 13103 12811 12521
f 13103 12521 12514
f 12520 12515 12514
f 12520 12514 12521
f 12551 12554 12553
f 12551 12553 12552
f 12525 12518 12554
f 12525 12554 12551
f 12524 12519 12518
f 12524 12518 12525
f 12519 12524 12563
f 12519 12563 12562
f 13133 13110 12562
f 13133 12562 12563
f 13110 13133 12531
f 13110 12531 12536
f 12530 12537 12536
f 12530 12536 12531
f 12537 12530 12565
f 12537 12565 12567
f 12567 12565 12515
f 12567 12515 12520
f 13123 13122 12682
f 13123 12682 12683
f 13122 13123 12651
f 13122 12651 12644
f 12650 12645 12644
f 12650 12644 12651
f 12697 12695 12645
f 12697 12645 12650
f 12667 12660 12695
f 12667 12695 12697
f 12660 12667 12666
f 12660 12666 12661
f 13016 13128 12661
f 13016 12661 12666
f 13128 13016 12692
f 13128 12692 12693
f 12649 12654 12693
f 12649 12693 12692
f 12654 12649 12648
f 12654 12648 12655
f 12655 12648 12684
f 12655 12684 12681
f 12681 12684 12683
f 12681 12683 12682
f 13265 13268 13267
f 13265 13267 13266
f 13239 13232 13268
f 13239 13268 13265
f 13238 13233 13232
f 13238 13232 13239
f 13233 13238 13277
f 13233 13277 13276
f 13351 13329 13276
f 13351 13276 13277
f 13329 13351 13245
f 13329 13245 13250
f 13244 13251 13250
f 13244 13250 13245
f 13251 13244 13279
f 13251 13279 13281
f 13281 13279 13229
f 13281 13229 13234
f 13234 13229 13228
f 13234 13228 13235
f 13345 13346 13235
f 13345 13235 13228
f 13346 13345 13266
f 13346 13266 13267
f 13172 11255 11258
f 13172 11258 13174
f 13171 11250 11255
f 13171 11255 13172
f 11250 13171 13166
f 11250 13166 11251
f 11291 11260 11251
f 11291 11251 13166
f 11290 11247 11260
f 11290 11260 11291
f 11247 11290 11285
f 11247 11285 11245
f 11283 11246 11245
f 11283 11245 11285
f 11281 11252 11246
f 11281 11246 11283
f 11280 11262 11252
f 11280 11252 11281
f 11262 11280 11278
f 11262 11278 13178
f 11277 13179 13178
f 11277 13178 11278
f 13179 11277 13372
f 13179 13372 11259
f 11259 13372 13373
f 11259 13373 11253
f 11253 13373 11268
f 11253 11268 11254
f 11265 11261 11254
f 11265 11254 11268
f 11264 11248 11261
f 11264 11261 11265
f 13371 11319 11310
f 13371 11310 13369
f 13369 11310 11309
f 13369 11309 13370
f 11314 13362 13370
f 11314 13370 11309
f 13362 11314 11313
f 13362 11313 13363
f 11305 13374 13363
f 11305 13363 11313
f 11296 13169 13374
f 11296 13374 11305
f 13169 11296 11295
f 13169 11295 13170
f 11317 13375 13170
f 11317 13170 11295
f 11323 11288 13375
f 11323 13375 11317
f 11288 11323 11327
f 11288 11327 11289
f 11298 13376 11289
f 11298 11289 11327
f 11297 13377 13376
f 11297 13376 11298
f 11325 13378 13377
f 11325 13377 11297
f 13165 13379 13378
f 13165 13378 11325
f 13379 13165 13164
f 13379 13164 11275
f 11275 13164 11316
f 11275 11316 11273
f 11273 11316 11304
f 11273 11304 11270
f 11270 11304 11303
f 11270 11303 11271
f 11320 13380 11271
f 11320 11271 11303
f 11319 13371 13380
f 11319 13380 11320
f 13371 11263 11266
f 13371 11266 13380
f 11271 13380 11266
f 11271 11266 11267
f 13373 11269 11267
f 13373 11267 11268
f 13372 11272 11269
f 13372 11269 13373
f 13372 11277 11274
f 13372 11274 11272
f 13379 11275 11274
f 13379 11274 11276
f 13378 13379 11276
f 13378 11276 11279
f 13378 11279 11282
f 13378 11282 13377
f 13377 11282 11284
f 13377 11284 13376
f 13376 11284 11286
f 13376 11286 11289
f 11290 11287 11286
f 11290 11286 11285
f 11288 11287 11292
f 11288 11292 13375
f 13375 11292 13167
f 13375 13167 13170
f 13171 13168 13167
f 13171 13167 13166
f 13169 13168 13173
f 13169 13173 13374
f 13374 13173 13175
f 13374 13175 13363
f 13364 13361 13175
f 13364 13175 13174
f 13362 13361 13366
f 13362 13366 13370
f 13367 13368 13366
f 13367 13366 13365
f 11264 11263 13368
f 11264 13368 13367
f 6788 6787 7834
f 6788 7834 7833
f 7923 7892 7838
f 7923 7838 7837
f 7915 7923 7837
f 7915 7837 7841
f 7905 7915 7841
f 7905 7841 7843
f 7895 7905 7843
f 7895 7843 7845
f 7928 7835 7834
f 7928 7834 7847
f 7930 7925 7849
f 7930 7849 7848
f 6853 6860 7851
f 6853 7851 7850
f 7925 7917 7854
f 7925 7854 7849
f 7911 7910 7856
f 7911 7856 7855
f 7917 7852 7851
f 7917 7851 7854
f 7883 7901 7860
f 7883 7860 7859
f 7853 7899 7863
f 7853 7863 7850
f 7884 7883 7859
f 7884 7859 7864
f 7899 7898 7866
f 7899 7866 7863
f 7898 7928 7847
f 7898 7847 7866
f 7888 7887 7868
f 7888 7868 7867
f 7921 7920 7872
f 7921 7872 7871
f 7903 7913 7876
f 7903 7876 7875
f 7836 7895 7845
f 7836 7845 7833
f 7891 7903 7875
f 7891 7875 7879
f 7892 7891 7879
f 7892 7879 7838
f 7870 7873 7872
f 7870 7872 7867
f 7901 7911 7855
f 7901 7855 7860
f 7913 7921 7871
f 7913 7871 7876
f 12006 7869 7868
f 12006 7868 12005
f 7865 12006 12005
f 7865 12005 7864
f 6869 7857 7856
f 6869 7856 7848
f 10676 10675 4018
f 10676 4018 4017
f 7014 237 231
f 7014 231 7007
f 7320 670 679
f 7320 679 7300
f 7296 685 690
f 7296 690 7297
f 7288 699 702
f 7288 702 7289
f 715 7295 7290
f 715 7290 712
f 7295 715 1123
f 7295 1123 7291
f 7292 1122 1124
f 7292 1124 7475
f 11837 7814 5224
f 11837 5224 5266
f 11878 11836 5265
f 11878 5265 5289
f 7823 11877 5288
f 7823 5288 5345
f 8390 1716 1718
f 8390 1718 8391
f 8746 2086 4305
f 8746 4305 10945
f 10959 4320 4329
f 10959 4329 10964
f 11814 11921 5315
f 11814 5315 5200
f 4192 10842 10857
f 4192 10857 4207
f 8381 1697 1695
f 8381 1695 8372
f 7318 559 573
f 7318 573 7325
f 7307 555 559
f 7307 559 7318
